ZIP Code,HUD Area Code,HUD Fair Market Rent Area Name,SAFMR 0BR,SAFMR 0BR - 90% Payment Standard,SAFMR 0BR - 110% Payment Standard,SAFMR 1BR,SAFMR 1BR - 90% Payment Standard,SAFMR 1BR - 110% Payment Standard,SAFMR 2BR,SAFMR 2BR - 90% Payment Standard,SAFMR 2BR - 110% Payment Standard,SAFMR 3BR,SAFMR 3BR - 90% Payment Standard,SAFMR 3BR - 110% Payment Standard,SAFMR 4BR,SAFMR 4BR - 90% Payment Standard,SAFMR 4BR - 110% Payment Standard
12007,METRO10580M10580,"Albany-Schenectady-Troy, NY MSA","$1,090",$981,"$1,199","$1,250","$1,125","$1,375","$1,510","$1,359","$1,661","$1,820","$1,638","$2,002","$2,000","$1,800","$2,200"
12008,METRO10580M10580,"Albany-Schenectady-Troy, NY MSA","$1,090",$981,"$1,199","$1,240","$1,116","$1,364","$1,500","$1,350","$1,650","$1,810","$1,629","$1,991","$1,990","$1,791","$2,189"
12009,METRO10580M10580,"Albany-Schenectady-Troy, NY MSA","$1,100",$990,"$1,210","$1,260","$1,134","$1,386","$1,520","$1,368","$1,672","$1,830","$1,647","$2,013","$2,020","$1,818","$2,222"
12010,METRO10580M10580,"Albany-Schenectady-Troy, NY MSA",$910,$819,"$1,001","$1,020",$918,"$1,122","$1,240","$1,116","$1,364","$1,500","$1,350","$1,650","$1,650","$1,485","$1,815"
12018,METRO10580M10580,"Albany-Schenectady-Troy, NY MSA","$1,190","$1,071","$1,309","$1,360","$1,224","$1,496","$1,650","$1,485","$1,815","$1,990","$1,791","$2,189","$2,190","$1,971","$2,409"
12019,METRO10580M10580,"Albany-Schenectady-Troy, NY MSA","$1,110",$999,"$1,221","$1,270","$1,143","$1,397","$1,530","$1,377","$1,683","$1,840","$1,656","$2,024","$2,030","$1,827","$2,233"
12020,METRO10580M10580,"Albany-Schenectady-Troy, NY MSA","$1,330","$1,197","$1,463","$1,520","$1,368","$1,672","$1,840","$1,656","$2,024","$2,220","$1,998","$2,442","$2,440","$2,196","$2,684"
12022,METRO10580M10580,"Albany-Schenectady-Troy, NY MSA","$1,110",$999,"$1,221","$1,270","$1,143","$1,397","$1,530","$1,377","$1,683","$1,840","$1,656","$2,024","$2,030","$1,827","$2,233"
12023,METRO10580M10580,"Albany-Schenectady-Troy, NY MSA",$920,$828,"$1,012","$1,060",$954,"$1,166","$1,280","$1,152","$1,408","$1,540","$1,386","$1,694","$1,700","$1,530","$1,870"
12024,METRO10580M10580,"Albany-Schenectady-Troy, NY MSA","$1,100",$990,"$1,210","$1,200","$1,080","$1,320","$1,430","$1,287","$1,573","$1,720","$1,548","$1,892","$1,890","$1,701","$2,079"
12025,METRO10580M10580,"Albany-Schenectady-Troy, NY MSA",$910,$819,"$1,001","$1,020",$918,"$1,122","$1,240","$1,116","$1,364","$1,500","$1,350","$1,650","$1,650","$1,485","$1,815"
12027,METRO10580M10580,"Albany-Schenectady-Troy, NY MSA","$1,570","$1,413","$1,727","$1,800","$1,620","$1,980","$2,180","$1,962","$2,398","$2,630","$2,367","$2,893","$2,890","$2,601","$3,179"
12028,METRO10580M10580,"Albany-Schenectady-Troy, NY MSA",$980,$882,"$1,078","$1,090",$981,"$1,199","$1,330","$1,197","$1,463","$1,650","$1,485","$1,815","$1,770","$1,593","$1,947"
12031,METRO10580M10580,"Albany-Schenectady-Troy, NY MSA",$910,$819,"$1,001","$1,020",$918,"$1,122","$1,240","$1,116","$1,364","$1,500","$1,350","$1,650","$1,650","$1,485","$1,815"
12033,METRO10580M10580,"Albany-Schenectady-Troy, NY MSA","$1,110",$999,"$1,221","$1,270","$1,143","$1,397","$1,540","$1,386","$1,694","$1,860","$1,674","$2,046","$2,040","$1,836","$2,244"
12035,METRO10580M10580,"Albany-Schenectady-Troy, NY MSA",$940,$846,"$1,034","$1,070",$963,"$1,177","$1,290","$1,161","$1,419","$1,560","$1,404","$1,716","$1,720","$1,548","$1,892"
12036,METRO10580M10580,"Albany-Schenectady-Troy, NY MSA",$910,$819,"$1,001","$1,020",$918,"$1,122","$1,240","$1,116","$1,364","$1,500","$1,350","$1,650","$1,650","$1,485","$1,815"
12040,METRO10580M10580,"Albany-Schenectady-Troy, NY MSA","$1,060",$954,"$1,166","$1,220","$1,098","$1,342","$1,470","$1,323","$1,617","$1,770","$1,593","$1,947","$1,950","$1,755","$2,145"
12041,METRO10580M10580,"Albany-Schenectady-Troy, NY MSA","$1,000",$900,"$1,100","$1,150","$1,035","$1,265","$1,390","$1,251","$1,529","$1,670","$1,503","$1,837","$1,840","$1,656","$2,024"
12043,METRO10580M10580,"Albany-Schenectady-Troy, NY MSA",$910,$819,"$1,001","$1,020",$918,"$1,122","$1,240","$1,116","$1,364","$1,500","$1,350","$1,650","$1,650","$1,485","$1,815"
12045,METRO10580M10580,"Albany-Schenectady-Troy, NY MSA","$1,180","$1,062","$1,298","$1,350","$1,215","$1,485","$1,630","$1,467","$1,793","$1,960","$1,764","$2,156","$2,160","$1,944","$2,376"
12046,METRO10580M10580,"Albany-Schenectady-Troy, NY MSA",$990,$891,"$1,089","$1,120","$1,008","$1,232","$1,350","$1,215","$1,485","$1,650","$1,485","$1,815","$1,810","$1,629","$1,991"
12047,METRO10580M10580,"Albany-Schenectady-Troy, NY MSA","$1,090",$981,"$1,199","$1,250","$1,125","$1,375","$1,510","$1,359","$1,661","$1,820","$1,638","$2,002","$2,000","$1,800","$2,200"
12052,METRO10580M10580,"Albany-Schenectady-Troy, NY MSA","$1,140","$1,026","$1,254","$1,310","$1,179","$1,441","$1,580","$1,422","$1,738","$1,900","$1,710","$2,090","$2,090","$1,881","$2,299"
12053,METRO10580M10580,"Albany-Schenectady-Troy, NY MSA",$910,$819,"$1,001","$1,020",$918,"$1,122","$1,240","$1,116","$1,364","$1,500","$1,350","$1,650","$1,650","$1,485","$1,815"
12054,METRO10580M10580,"Albany-Schenectady-Troy, NY MSA","$1,320","$1,188","$1,452","$1,510","$1,359","$1,661","$1,830","$1,647","$2,013","$2,200","$1,980","$2,420","$2,430","$2,187","$2,673"
12055,METRO10580M10580,"Albany-Schenectady-Troy, NY MSA","$1,090",$981,"$1,199","$1,250","$1,125","$1,375","$1,510","$1,359","$1,661","$1,820","$1,638","$2,002","$2,000","$1,800","$2,200"
12056,METRO10580M10580,"Albany-Schenectady-Troy, NY MSA","$1,080",$972,"$1,188","$1,230","$1,107","$1,353","$1,490","$1,341","$1,639","$1,800","$1,620","$1,980","$1,980","$1,782","$2,178"
12057,METRO10580M10580,"Albany-Schenectady-Troy, NY MSA","$1,000",$900,"$1,100","$1,080",$972,"$1,188","$1,330","$1,197","$1,463","$1,680","$1,512","$1,848","$1,770","$1,593","$1,947"
12059,METRO10580M10580,"Albany-Schenectady-Troy, NY MSA",$920,$828,"$1,012","$1,050",$945,"$1,155","$1,270","$1,143","$1,397","$1,530","$1,377","$1,683","$1,680","$1,512","$1,848"
12061,METRO10580M10580,"Albany-Schenectady-Troy, NY MSA","$1,380","$1,242","$1,518","$1,580","$1,422","$1,738","$1,910","$1,719","$2,101","$2,300","$2,070","$2,530","$2,530","$2,277","$2,783"
12062,METRO10580M10580,"Albany-Schenectady-Troy, NY MSA",$990,$891,"$1,089","$1,110",$999,"$1,221","$1,340","$1,206","$1,474","$1,610","$1,449","$1,771","$1,770","$1,593","$1,947"
12063,METRO10580M10580,"Albany-Schenectady-Troy, NY MSA","$1,120","$1,008","$1,232","$1,280","$1,152","$1,408","$1,550","$1,395","$1,705","$1,860","$1,674","$2,046","$2,050","$1,845","$2,255"
12064,METRO10580M10580,"Albany-Schenectady-Troy, NY MSA",$910,$819,"$1,001","$1,050",$945,"$1,155","$1,290","$1,161","$1,419","$1,560","$1,404","$1,716","$1,710","$1,539","$1,881"
12065,METRO10580M10580,"Albany-Schenectady-Troy, NY MSA","$1,140","$1,026","$1,254","$1,310","$1,179","$1,441","$1,580","$1,422","$1,738","$1,900","$1,710","$2,090","$2,090","$1,881","$2,299"
12066,METRO10580M10580,"Albany-Schenectady-Troy, NY MSA","$1,090",$981,"$1,199","$1,240","$1,116","$1,364","$1,500","$1,350","$1,650","$1,830","$1,647","$2,013","$1,990","$1,791","$2,189"
12067,METRO10580M10580,"Albany-Schenectady-Troy, NY MSA",$910,$819,"$1,001","$1,020",$918,"$1,122","$1,240","$1,116","$1,364","$1,500","$1,350","$1,650","$1,650","$1,485","$1,815"
12071,METRO10580M10580,"Albany-Schenectady-Troy, NY MSA",$910,$819,"$1,001","$1,020",$918,"$1,122","$1,240","$1,116","$1,364","$1,500","$1,350","$1,650","$1,650","$1,485","$1,815"
12073,METRO10580M10580,"Albany-Schenectady-Troy, NY MSA",$910,$819,"$1,001","$1,020",$918,"$1,122","$1,240","$1,116","$1,364","$1,500","$1,350","$1,650","$1,650","$1,485","$1,815"
12074,METRO10580M10580,"Albany-Schenectady-Troy, NY MSA","$1,130","$1,017","$1,243","$1,300","$1,170","$1,430","$1,570","$1,413","$1,727","$1,890","$1,701","$2,079","$2,080","$1,872","$2,288"
12076,METRO10580M10580,"Albany-Schenectady-Troy, NY MSA",$950,$855,"$1,045","$1,090",$981,"$1,199","$1,320","$1,188","$1,452","$1,590","$1,431","$1,749","$1,750","$1,575","$1,925"
12077,METRO10580M10580,"Albany-Schenectady-Troy, NY MSA","$1,220","$1,098","$1,342","$1,400","$1,260","$1,540","$1,690","$1,521","$1,859","$2,040","$1,836","$2,244","$2,240","$2,016","$2,464"
12082,METRO10580M10580,"Albany-Schenectady-Troy, NY MSA","$1,140","$1,026","$1,254","$1,310","$1,179","$1,441","$1,580","$1,422","$1,738","$1,900","$1,710","$2,090","$2,090","$1,881","$2,299"
12083,METRO10580M10580,"Albany-Schenectady-Troy, NY MSA",$940,$846,"$1,034","$1,020",$918,"$1,122","$1,240","$1,116","$1,364","$1,580","$1,422","$1,738","$1,730","$1,557","$1,903"
12084,METRO10580M10580,"Albany-Schenectady-Troy, NY MSA","$1,310","$1,179","$1,441","$1,500","$1,350","$1,650","$1,810","$1,629","$1,991","$2,180","$1,962","$2,398","$2,400","$2,160","$2,640"
12085,METRO10580M10580,"Albany-Schenectady-Troy, NY MSA",$910,$819,"$1,001","$1,020",$918,"$1,122","$1,240","$1,116","$1,364","$1,500","$1,350","$1,650","$1,650","$1,485","$1,815"
12086,METRO10580M10580,"Albany-Schenectady-Troy, NY MSA",$910,$819,"$1,001","$1,020",$918,"$1,122","$1,240","$1,116","$1,364","$1,500","$1,350","$1,650","$1,650","$1,485","$1,815"
12087,METRO10580M10580,"Albany-Schenectady-Troy, NY MSA","$1,010",$909,"$1,111","$1,060",$954,"$1,166","$1,260","$1,134","$1,386","$1,720","$1,548","$1,892","$1,870","$1,683","$2,057"
12089,METRO10580M10580,"Albany-Schenectady-Troy, NY MSA","$1,040",$936,"$1,144","$1,190","$1,071","$1,309","$1,440","$1,296","$1,584","$1,730","$1,557","$1,903","$1,910","$1,719","$2,101"
12090,METRO10580M10580,"Albany-Schenectady-Troy, NY MSA",$910,$819,"$1,001","$1,020",$918,"$1,122","$1,240","$1,116","$1,364","$1,500","$1,350","$1,650","$1,650","$1,485","$1,815"
12092,METRO10580M10580,"Albany-Schenectady-Troy, NY MSA",$920,$828,"$1,012","$1,060",$954,"$1,166","$1,280","$1,152","$1,408","$1,540","$1,386","$1,694","$1,700","$1,530","$1,870"
12093,METRO10580M10580,"Albany-Schenectady-Troy, NY MSA",$910,$819,"$1,001","$1,020",$918,"$1,122","$1,240","$1,116","$1,364","$1,500","$1,350","$1,650","$1,650","$1,485","$1,815"
12094,METRO10580M10580,"Albany-Schenectady-Troy, NY MSA",$980,$882,"$1,078","$1,110",$999,"$1,221","$1,350","$1,215","$1,485","$1,640","$1,476","$1,804","$1,780","$1,602","$1,958"
12107,METRO10580M10580,"Albany-Schenectady-Troy, NY MSA","$1,090",$981,"$1,199","$1,250","$1,125","$1,375","$1,510","$1,359","$1,661","$1,820","$1,638","$2,002","$2,000","$1,800","$2,200"
12110,METRO10580M10580,"Albany-Schenectady-Troy, NY MSA","$1,260","$1,134","$1,386","$1,450","$1,305","$1,595","$1,750","$1,575","$1,925","$2,110","$1,899","$2,321","$2,320","$2,088","$2,552"
12118,METRO10580M10580,"Albany-Schenectady-Troy, NY MSA",$940,$846,"$1,034","$1,080",$972,"$1,188","$1,300","$1,170","$1,430","$1,570","$1,413","$1,727","$1,720","$1,548","$1,892"
12120,METRO10580M10580,"Albany-Schenectady-Troy, NY MSA",$910,$819,"$1,001","$1,030",$927,"$1,133","$1,240","$1,116","$1,364","$1,510","$1,359","$1,661","$1,660","$1,494","$1,826"
12121,METRO10580M10580,"Albany-Schenectady-Troy, NY MSA",$950,$855,"$1,045","$1,090",$981,"$1,199","$1,320","$1,188","$1,452","$1,600","$1,440","$1,760","$1,750","$1,575","$1,925"
12122,METRO10580M10580,"Albany-Schenectady-Troy, NY MSA",$910,$819,"$1,001","$1,020",$918,"$1,122","$1,240","$1,116","$1,364","$1,500","$1,350","$1,650","$1,650","$1,485","$1,815"
12123,METRO10580M10580,"Albany-Schenectady-Troy, NY MSA",$930,$837,"$1,023","$1,020",$918,"$1,122","$1,240","$1,116","$1,364","$1,500","$1,350","$1,650","$1,650","$1,485","$1,815"
12128,METRO10580M10580,"Albany-Schenectady-Troy, NY MSA","$1,090",$981,"$1,199","$1,250","$1,125","$1,375","$1,510","$1,359","$1,661","$1,820","$1,638","$2,002","$2,000","$1,800","$2,200"
12131,METRO10580M10580,"Albany-Schenectady-Troy, NY MSA",$910,$819,"$1,001","$1,020",$918,"$1,122","$1,240","$1,116","$1,364","$1,500","$1,350","$1,650","$1,650","$1,485","$1,815"
12133,METRO10580M10580,"Albany-Schenectady-Troy, NY MSA","$1,040",$936,"$1,144","$1,190","$1,071","$1,309","$1,440","$1,296","$1,584","$1,730","$1,557","$1,903","$1,910","$1,719","$2,101"
12134,METRO10580M10580,"Albany-Schenectady-Troy, NY MSA",$910,$819,"$1,001","$1,020",$918,"$1,122","$1,240","$1,116","$1,364","$1,500","$1,350","$1,650","$1,650","$1,485","$1,815"
12137,METRO10580M10580,"Albany-Schenectady-Troy, NY MSA",$910,$819,"$1,001","$1,020",$918,"$1,122","$1,240","$1,116","$1,364","$1,500","$1,350","$1,650","$1,650","$1,485","$1,815"
12138,METRO10580M10580,"Albany-Schenectady-Troy, NY MSA","$1,000",$900,"$1,100","$1,150","$1,035","$1,265","$1,390","$1,251","$1,529","$1,670","$1,503","$1,837","$1,840","$1,656","$2,024"
12140,METRO10580M10580,"Albany-Schenectady-Troy, NY MSA",$910,$819,"$1,001","$1,020",$918,"$1,122","$1,240","$1,116","$1,364","$1,500","$1,350","$1,650","$1,650","$1,485","$1,815"
12141,METRO10580M10580,"Albany-Schenectady-Troy, NY MSA","$1,000",$900,"$1,100","$1,150","$1,035","$1,265","$1,390","$1,251","$1,529","$1,670","$1,503","$1,837","$1,840","$1,656","$2,024"
12143,METRO10580M10580,"Albany-Schenectady-Troy, NY MSA",$930,$837,"$1,023","$1,070",$963,"$1,177","$1,290","$1,161","$1,419","$1,560","$1,404","$1,716","$1,710","$1,539","$1,881"
12144,METRO10580M10580,"Albany-Schenectady-Troy, NY MSA","$1,160","$1,044","$1,276","$1,320","$1,188","$1,452","$1,600","$1,440","$1,760","$1,930","$1,737","$2,123","$2,120","$1,908","$2,332"
12147,METRO10580M10580,"Albany-Schenectady-Troy, NY MSA",$910,$819,"$1,001","$1,020",$918,"$1,122","$1,240","$1,116","$1,364","$1,500","$1,350","$1,650","$1,650","$1,485","$1,815"
12148,METRO10580M10580,"Albany-Schenectady-Troy, NY MSA",$950,$855,"$1,045","$1,080",$972,"$1,188","$1,310","$1,179","$1,441","$1,580","$1,422","$1,738","$1,740","$1,566","$1,914"
12149,METRO10580M10580,"Albany-Schenectady-Troy, NY MSA",$910,$819,"$1,001","$1,020",$918,"$1,122","$1,240","$1,116","$1,364","$1,500","$1,350","$1,650","$1,650","$1,485","$1,815"
12150,METRO10580M10580,"Albany-Schenectady-Troy, NY MSA","$1,050",$945,"$1,155","$1,190","$1,071","$1,309","$1,450","$1,305","$1,595","$1,750","$1,575","$1,925","$1,920","$1,728","$2,112"
12151,METRO10580M10580,"Albany-Schenectady-Troy, NY MSA","$1,420","$1,278","$1,562","$1,630","$1,467","$1,793","$1,970","$1,773","$2,167","$2,370","$2,133","$2,607","$2,610","$2,349","$2,871"
12153,METRO10580M10580,"Albany-Schenectady-Troy, NY MSA","$1,110",$999,"$1,221","$1,280","$1,152","$1,408","$1,550","$1,395","$1,705","$1,860","$1,674","$2,046","$2,050","$1,845","$2,255"
12154,METRO10580M10580,"Albany-Schenectady-Troy, NY MSA",$940,$846,"$1,034","$1,050",$945,"$1,155","$1,280","$1,152","$1,408","$1,570","$1,413","$1,727","$1,700","$1,530","$1,870"
12156,METRO10580M10580,"Albany-Schenectady-Troy, NY MSA","$1,210","$1,089","$1,331","$1,290","$1,161","$1,419","$1,520","$1,368","$1,672","$1,830","$1,647","$2,013","$2,010","$1,809","$2,211"
12157,METRO10580M10580,"Albany-Schenectady-Troy, NY MSA",$910,$819,"$1,001","$1,020",$918,"$1,122","$1,240","$1,116","$1,364","$1,500","$1,350","$1,650","$1,650","$1,485","$1,815"
12158,METRO10580M10580,"Albany-Schenectady-Troy, NY MSA","$1,480","$1,332","$1,628","$1,700","$1,530","$1,870","$2,050","$1,845","$2,255","$2,470","$2,223","$2,717","$2,720","$2,448","$2,992"
12159,METRO10580M10580,"Albany-Schenectady-Troy, NY MSA","$1,220","$1,098","$1,342","$1,400","$1,260","$1,540","$1,690","$1,521","$1,859","$2,040","$1,836","$2,244","$2,240","$2,016","$2,464"
12160,METRO10580M10580,"Albany-Schenectady-Troy, NY MSA",$940,$846,"$1,034","$1,070",$963,"$1,177","$1,300","$1,170","$1,430","$1,570","$1,413","$1,727","$1,720","$1,548","$1,892"
12161,METRO10580M10580,"Albany-Schenectady-Troy, NY MSA","$1,480","$1,332","$1,628","$1,700","$1,530","$1,870","$2,050","$1,845","$2,255","$2,470","$2,223","$2,717","$2,720","$2,448","$2,992"
12166,METRO10580M10580,"Albany-Schenectady-Troy, NY MSA",$910,$819,"$1,001","$1,020",$918,"$1,122","$1,240","$1,116","$1,364","$1,500","$1,350","$1,650","$1,650","$1,485","$1,815"
12167,METRO10580M10580,"Albany-Schenectady-Troy, NY MSA",$910,$819,"$1,001","$1,020",$918,"$1,122","$1,240","$1,116","$1,364","$1,500","$1,350","$1,650","$1,650","$1,485","$1,815"
12168,METRO10580M10580,"Albany-Schenectady-Troy, NY MSA",$930,$837,"$1,023","$1,040",$936,"$1,144","$1,260","$1,134","$1,386","$1,520","$1,368","$1,672","$1,670","$1,503","$1,837"
12169,METRO10580M10580,"Albany-Schenectady-Troy, NY MSA","$1,010",$909,"$1,111","$1,150","$1,035","$1,265","$1,390","$1,251","$1,529","$1,680","$1,512","$1,848","$1,850","$1,665","$2,035"
12170,METRO10580M10580,"Albany-Schenectady-Troy, NY MSA","$1,170","$1,053","$1,287","$1,340","$1,206","$1,474","$1,620","$1,458","$1,782","$1,950","$1,755","$2,145","$2,150","$1,935","$2,365"
12175,METRO10580M10580,"Albany-Schenectady-Troy, NY MSA",$970,$873,"$1,067","$1,080",$972,"$1,188","$1,310","$1,179","$1,441","$1,580","$1,422","$1,738","$1,740","$1,566","$1,914"
12180,METRO10580M10580,"Albany-Schenectady-Troy, NY MSA","$1,040",$936,"$1,144","$1,190","$1,071","$1,309","$1,440","$1,296","$1,584","$1,730","$1,557","$1,903","$1,910","$1,719","$2,101"
12181,METRO10580M10580,"Albany-Schenectady-Troy, NY MSA","$1,040",$936,"$1,144","$1,190","$1,071","$1,309","$1,440","$1,296","$1,584","$1,730","$1,557","$1,903","$1,910","$1,719","$2,101"
12182,METRO10580M10580,"Albany-Schenectady-Troy, NY MSA",$910,$819,"$1,001","$1,030",$927,"$1,133","$1,250","$1,125","$1,375","$1,510","$1,359","$1,661","$1,660","$1,494","$1,826"
12183,METRO10580M10580,"Albany-Schenectady-Troy, NY MSA",$910,$819,"$1,001","$1,020",$918,"$1,122","$1,240","$1,116","$1,364","$1,500","$1,350","$1,650","$1,650","$1,485","$1,815"
12184,METRO10580M10580,"Albany-Schenectady-Troy, NY MSA","$1,100",$990,"$1,210","$1,100",$990,"$1,210","$1,260","$1,134","$1,386","$1,520","$1,368","$1,672","$1,670","$1,503","$1,837"
12185,METRO10580M10580,"Albany-Schenectady-Troy, NY MSA",$980,$882,"$1,078","$1,120","$1,008","$1,232","$1,360","$1,224","$1,496","$1,640","$1,476","$1,804","$1,800","$1,620","$1,980"
12186,METRO10580M10580,"Albany-Schenectady-Troy, NY MSA","$1,050",$945,"$1,155","$1,210","$1,089","$1,331","$1,460","$1,314","$1,606","$1,760","$1,584","$1,936","$1,940","$1,746","$2,134"
12187,METRO10580M10580,"Albany-Schenectady-Troy, NY MSA",$910,$819,"$1,001","$1,020",$918,"$1,122","$1,240","$1,116","$1,364","$1,500","$1,350","$1,650","$1,650","$1,485","$1,815"
12188,METRO10580M10580,"Albany-Schenectady-Troy, NY MSA","$1,040",$936,"$1,144","$1,190","$1,071","$1,309","$1,440","$1,296","$1,584","$1,730","$1,557","$1,903","$1,910","$1,719","$2,101"
12189,METRO10580M10580,"Albany-Schenectady-Troy, NY MSA",$950,$855,"$1,045","$1,080",$972,"$1,188","$1,310","$1,179","$1,441","$1,580","$1,422","$1,738","$1,740","$1,566","$1,914"
12193,METRO10580M10580,"Albany-Schenectady-Troy, NY MSA",$940,$846,"$1,034","$1,050",$945,"$1,155","$1,260","$1,134","$1,386","$1,570","$1,413","$1,727","$1,720","$1,548","$1,892"
12194,METRO10580M10580,"Albany-Schenectady-Troy, NY MSA",$910,$819,"$1,001","$1,020",$918,"$1,122","$1,240","$1,116","$1,364","$1,500","$1,350","$1,650","$1,650","$1,485","$1,815"
12196,METRO10580M10580,"Albany-Schenectady-Troy, NY MSA",$910,$819,"$1,001","$1,040",$936,"$1,144","$1,260","$1,134","$1,386","$1,520","$1,368","$1,672","$1,670","$1,503","$1,837"
12198,METRO10580M10580,"Albany-Schenectady-Troy, NY MSA",$950,$855,"$1,045","$1,090",$981,"$1,199","$1,320","$1,188","$1,452","$1,590","$1,431","$1,749","$1,750","$1,575","$1,925"
12201,METRO10580M10580,"Albany-Schenectady-Troy, NY MSA","$1,090",$981,"$1,199","$1,250","$1,125","$1,375","$1,510","$1,359","$1,661","$1,820","$1,638","$2,002","$2,000","$1,800","$2,200"
12202,METRO10580M10580,"Albany-Schenectady-Troy, NY MSA",$910,$819,"$1,001","$1,030",$927,"$1,133","$1,250","$1,125","$1,375","$1,510","$1,359","$1,661","$1,660","$1,494","$1,826"
12203,METRO10580M10580,"Albany-Schenectady-Troy, NY MSA","$1,210","$1,089","$1,331","$1,390","$1,251","$1,529","$1,680","$1,512","$1,848","$2,020","$1,818","$2,222","$2,230","$2,007","$2,453"
12204,METRO10580M10580,"Albany-Schenectady-Troy, NY MSA","$1,110",$999,"$1,221","$1,270","$1,143","$1,397","$1,530","$1,377","$1,683","$1,840","$1,656","$2,024","$2,030","$1,827","$2,233"
12205,METRO10580M10580,"Albany-Schenectady-Troy, NY MSA","$1,180","$1,062","$1,298","$1,350","$1,215","$1,485","$1,630","$1,467","$1,793","$1,960","$1,764","$2,156","$2,160","$1,944","$2,376"
12206,METRO10580M10580,"Albany-Schenectady-Troy, NY MSA","$1,050",$945,"$1,155","$1,210","$1,089","$1,331","$1,460","$1,314","$1,606","$1,760","$1,584","$1,936","$1,940","$1,746","$2,134"
12207,METRO10580M10580,"Albany-Schenectady-Troy, NY MSA","$1,180","$1,062","$1,298","$1,350","$1,215","$1,485","$1,630","$1,467","$1,793","$1,960","$1,764","$2,156","$2,160","$1,944","$2,376"
12208,METRO10580M10580,"Albany-Schenectady-Troy, NY MSA","$1,080",$972,"$1,188","$1,240","$1,116","$1,364","$1,500","$1,350","$1,650","$1,810","$1,629","$1,991","$1,990","$1,791","$2,189"
12209,METRO10580M10580,"Albany-Schenectady-Troy, NY MSA","$1,000",$900,"$1,100","$1,150","$1,035","$1,265","$1,390","$1,251","$1,529","$1,670","$1,503","$1,837","$1,840","$1,656","$2,024"
12210,METRO10580M10580,"Albany-Schenectady-Troy, NY MSA","$1,000",$900,"$1,100","$1,150","$1,035","$1,265","$1,390","$1,251","$1,529","$1,670","$1,503","$1,837","$1,840","$1,656","$2,024"
12211,METRO10580M10580,"Albany-Schenectady-Troy, NY MSA","$1,420","$1,278","$1,562","$1,620","$1,458","$1,782","$1,960","$1,764","$2,156","$2,360","$2,124","$2,596","$2,600","$2,340","$2,860"
12212,METRO10580M10580,"Albany-Schenectady-Troy, NY MSA","$1,090",$981,"$1,199","$1,250","$1,125","$1,375","$1,510","$1,359","$1,661","$1,820","$1,638","$2,002","$2,000","$1,800","$2,200"
12220,METRO10580M10580,"Albany-Schenectady-Troy, NY MSA","$1,090",$981,"$1,199","$1,250","$1,125","$1,375","$1,510","$1,359","$1,661","$1,820","$1,638","$2,002","$2,000","$1,800","$2,200"
12222,METRO10580M10580,"Albany-Schenectady-Troy, NY MSA","$1,170","$1,053","$1,287","$1,340","$1,206","$1,474","$1,620","$1,458","$1,782","$1,950","$1,755","$2,145","$2,150","$1,935","$2,365"
12223,METRO10580M10580,"Albany-Schenectady-Troy, NY MSA","$1,090",$981,"$1,199","$1,250","$1,125","$1,375","$1,510","$1,359","$1,661","$1,820","$1,638","$2,002","$2,000","$1,800","$2,200"
12226,METRO10580M10580,"Albany-Schenectady-Troy, NY MSA","$1,090",$981,"$1,199","$1,250","$1,125","$1,375","$1,510","$1,359","$1,661","$1,820","$1,638","$2,002","$2,000","$1,800","$2,200"
12227,METRO10580M10580,"Albany-Schenectady-Troy, NY MSA","$1,090",$981,"$1,199","$1,250","$1,125","$1,375","$1,510","$1,359","$1,661","$1,820","$1,638","$2,002","$2,000","$1,800","$2,200"
12236,METRO10580M10580,"Albany-Schenectady-Troy, NY MSA","$1,090",$981,"$1,199","$1,250","$1,125","$1,375","$1,510","$1,359","$1,661","$1,820","$1,638","$2,002","$2,000","$1,800","$2,200"
12237,METRO10580M10580,"Albany-Schenectady-Troy, NY MSA","$1,090",$981,"$1,199","$1,250","$1,125","$1,375","$1,510","$1,359","$1,661","$1,820","$1,638","$2,002","$2,000","$1,800","$2,200"
12247,METRO10580M10580,"Albany-Schenectady-Troy, NY MSA","$1,090",$981,"$1,199","$1,250","$1,125","$1,375","$1,510","$1,359","$1,661","$1,820","$1,638","$2,002","$2,000","$1,800","$2,200"
12260,METRO10580M10580,"Albany-Schenectady-Troy, NY MSA","$1,090",$981,"$1,199","$1,250","$1,125","$1,375","$1,510","$1,359","$1,661","$1,820","$1,638","$2,002","$2,000","$1,800","$2,200"
12288,METRO10580M10580,"Albany-Schenectady-Troy, NY MSA","$1,090",$981,"$1,199","$1,250","$1,125","$1,375","$1,510","$1,359","$1,661","$1,820","$1,638","$2,002","$2,000","$1,800","$2,200"
12301,METRO10580M10580,"Albany-Schenectady-Troy, NY MSA","$1,000",$900,"$1,100","$1,150","$1,035","$1,265","$1,390","$1,251","$1,529","$1,670","$1,503","$1,837","$1,840","$1,656","$2,024"
12302,METRO10580M10580,"Albany-Schenectady-Troy, NY MSA","$1,080",$972,"$1,188","$1,230","$1,107","$1,353","$1,490","$1,341","$1,639","$1,800","$1,620","$1,980","$1,980","$1,782","$2,178"
12303,METRO10580M10580,"Albany-Schenectady-Troy, NY MSA",$970,$873,"$1,067","$1,110",$999,"$1,221","$1,340","$1,206","$1,474","$1,610","$1,449","$1,771","$1,780","$1,602","$1,958"
12304,METRO10580M10580,"Albany-Schenectady-Troy, NY MSA",$980,$882,"$1,078","$1,120","$1,008","$1,232","$1,360","$1,224","$1,496","$1,640","$1,476","$1,804","$1,800","$1,620","$1,980"
12305,METRO10580M10580,"Albany-Schenectady-Troy, NY MSA",$910,$819,"$1,001","$1,020",$918,"$1,122","$1,240","$1,116","$1,364","$1,500","$1,350","$1,650","$1,650","$1,485","$1,815"
12306,METRO10580M10580,"Albany-Schenectady-Troy, NY MSA",$990,$891,"$1,089","$1,130","$1,017","$1,243","$1,370","$1,233","$1,507","$1,650","$1,485","$1,815","$1,820","$1,638","$2,002"
12307,METRO10580M10580,"Albany-Schenectady-Troy, NY MSA",$970,$873,"$1,067","$1,110",$999,"$1,221","$1,340","$1,206","$1,474","$1,610","$1,449","$1,771","$1,780","$1,602","$1,958"
12308,METRO10580M10580,"Albany-Schenectady-Troy, NY MSA",$980,$882,"$1,078","$1,120","$1,008","$1,232","$1,360","$1,224","$1,496","$1,640","$1,476","$1,804","$1,800","$1,620","$1,980"
12309,METRO10580M10580,"Albany-Schenectady-Troy, NY MSA","$1,210","$1,089","$1,331","$1,380","$1,242","$1,518","$1,670","$1,503","$1,837","$2,010","$1,809","$2,211","$2,210","$1,989","$2,431"
12345,METRO10580M10580,"Albany-Schenectady-Troy, NY MSA","$1,000",$900,"$1,100","$1,150","$1,035","$1,265","$1,390","$1,251","$1,529","$1,670","$1,503","$1,837","$1,840","$1,656","$2,024"
12434,METRO10580M10580,"Albany-Schenectady-Troy, NY MSA",$910,$819,"$1,001","$1,020",$918,"$1,122","$1,240","$1,116","$1,364","$1,500","$1,350","$1,650","$1,650","$1,485","$1,815"
12460,METRO10580M10580,"Albany-Schenectady-Troy, NY MSA",$910,$819,"$1,001","$1,020",$918,"$1,122","$1,240","$1,116","$1,364","$1,530","$1,377","$1,683","$1,670","$1,503","$1,837"
12469,METRO10580M10580,"Albany-Schenectady-Troy, NY MSA",$910,$819,"$1,001","$1,020",$918,"$1,122","$1,240","$1,116","$1,364","$1,500","$1,350","$1,650","$1,650","$1,485","$1,815"
12803,METRO10580M10580,"Albany-Schenectady-Troy, NY MSA",$970,$873,"$1,067","$1,110",$999,"$1,221","$1,340","$1,206","$1,474","$1,610","$1,449","$1,771","$1,780","$1,602","$1,958"
12822,METRO10580M10580,"Albany-Schenectady-Troy, NY MSA",$910,$819,"$1,001","$1,020",$918,"$1,122","$1,240","$1,116","$1,364","$1,500","$1,350","$1,650","$1,650","$1,485","$1,815"
12828,METRO10580M10580,"Albany-Schenectady-Troy, NY MSA","$1,020",$918,"$1,122","$1,100",$990,"$1,210","$1,360","$1,224","$1,496","$1,710","$1,539","$1,881","$1,800","$1,620","$1,980"
12831,METRO10580M10580,"Albany-Schenectady-Troy, NY MSA","$1,130","$1,017","$1,243","$1,290","$1,161","$1,419","$1,560","$1,404","$1,716","$1,880","$1,692","$2,068","$2,070","$1,863","$2,277"
12833,METRO10580M10580,"Albany-Schenectady-Troy, NY MSA",$910,$819,"$1,001","$1,020",$918,"$1,122","$1,240","$1,116","$1,364","$1,500","$1,350","$1,650","$1,650","$1,485","$1,815"
12835,METRO10580M10580,"Albany-Schenectady-Troy, NY MSA",$910,$819,"$1,001","$1,020",$918,"$1,122","$1,240","$1,116","$1,364","$1,500","$1,350","$1,650","$1,650","$1,485","$1,815"
12850,METRO10580M10580,"Albany-Schenectady-Troy, NY MSA","$1,150","$1,035","$1,265","$1,320","$1,188","$1,452","$1,590","$1,431","$1,749","$1,920","$1,728","$2,112","$2,110","$1,899","$2,321"
12859,METRO10580M10580,"Albany-Schenectady-Troy, NY MSA","$1,190","$1,071","$1,309","$1,360","$1,224","$1,496","$1,650","$1,485","$1,815","$1,990","$1,791","$2,189","$2,190","$1,971","$2,409"
12863,METRO10580M10580,"Albany-Schenectady-Troy, NY MSA","$1,220","$1,098","$1,342","$1,400","$1,260","$1,540","$1,680","$1,512","$1,848","$2,030","$1,827","$2,233","$2,240","$2,016","$2,464"
12866,METRO10580M10580,"Albany-Schenectady-Troy, NY MSA","$1,420","$1,278","$1,562","$1,630","$1,467","$1,793","$1,970","$1,773","$2,167","$2,370","$2,133","$2,607","$2,610","$2,349","$2,871"
12871,METRO10580M10580,"Albany-Schenectady-Troy, NY MSA",$950,$855,"$1,045","$1,080",$972,"$1,188","$1,310","$1,179","$1,441","$1,580","$1,422","$1,738","$1,740","$1,566","$1,914"
12884,METRO10580M10580,"Albany-Schenectady-Troy, NY MSA",$940,$846,"$1,034","$1,080",$972,"$1,188","$1,300","$1,170","$1,430","$1,570","$1,413","$1,727","$1,720","$1,548","$1,892"
13320,METRO10580M10580,"Albany-Schenectady-Troy, NY MSA",$910,$819,"$1,001","$1,020",$918,"$1,122","$1,240","$1,116","$1,364","$1,500","$1,350","$1,650","$1,650","$1,485","$1,815"
13459,METRO10580M10580,"Albany-Schenectady-Troy, NY MSA",$920,$828,"$1,012","$1,050",$945,"$1,155","$1,270","$1,143","$1,397","$1,530","$1,377","$1,683","$1,680","$1,512","$1,848"
13730,METRO13780M13780,"Binghamton, NY MSA",$770,$693,$847,$820,$738,$902,"$1,030",$927,"$1,133","$1,350","$1,215","$1,485","$1,480","$1,332","$1,628"
13732,METRO13780M13780,"Binghamton, NY MSA",$910,$819,"$1,001",$980,$882,"$1,078","$1,240","$1,116","$1,364","$1,600","$1,440","$1,760","$1,830","$1,647","$2,013"
13734,METRO13780M13780,"Binghamton, NY MSA",$910,$819,"$1,001",$990,$891,"$1,089","$1,240","$1,116","$1,364","$1,600","$1,440","$1,760","$1,820","$1,638","$2,002"
13736,METRO13780M13780,"Binghamton, NY MSA","$1,180","$1,062","$1,298","$1,300","$1,170","$1,430","$1,500","$1,350","$1,650","$1,860","$1,674","$2,046","$2,010","$1,809","$2,211"
13737,METRO13780M13780,"Binghamton, NY MSA",$870,$783,$957,$940,$846,"$1,034","$1,190","$1,071","$1,309","$1,540","$1,386","$1,694","$1,750","$1,575","$1,925"
13743,METRO13780M13780,"Binghamton, NY MSA",$840,$756,$924,$910,$819,"$1,001","$1,150","$1,035","$1,265","$1,480","$1,332","$1,628","$1,700","$1,530","$1,870"
13744,METRO13780M13780,"Binghamton, NY MSA",$840,$756,$924,$910,$819,"$1,001","$1,150","$1,035","$1,265","$1,480","$1,332","$1,628","$1,700","$1,530","$1,870"
13745,METRO13780M13780,"Binghamton, NY MSA",$870,$783,$957,$940,$846,"$1,034","$1,190","$1,071","$1,309","$1,540","$1,386","$1,694","$1,750","$1,575","$1,925"
13746,METRO13780M13780,"Binghamton, NY MSA",$770,$693,$847,$820,$738,$902,"$1,030",$927,"$1,133","$1,350","$1,215","$1,485","$1,480","$1,332","$1,628"
13748,METRO13780M13780,"Binghamton, NY MSA",$830,$747,$913,$880,$792,$968,"$1,120","$1,008","$1,232","$1,440","$1,296","$1,584","$1,640","$1,476","$1,804"
13749,METRO13780M13780,"Binghamton, NY MSA",$870,$783,$957,$940,$846,"$1,034","$1,190","$1,071","$1,309","$1,540","$1,386","$1,694","$1,750","$1,575","$1,925"
13754,METRO13780M13780,"Binghamton, NY MSA",$790,$711,$869,$830,$747,$913,"$1,030",$927,"$1,133","$1,350","$1,215","$1,485","$1,480","$1,332","$1,628"
13760,METRO13780M13780,"Binghamton, NY MSA",$830,$747,$913,$900,$810,$990,"$1,140","$1,026","$1,254","$1,470","$1,323","$1,617","$1,680","$1,512","$1,848"
13761,METRO13780M13780,"Binghamton, NY MSA",$870,$783,$957,$940,$846,"$1,034","$1,190","$1,071","$1,309","$1,540","$1,386","$1,694","$1,750","$1,575","$1,925"
13762,METRO13780M13780,"Binghamton, NY MSA",$870,$783,$957,$940,$846,"$1,034","$1,190","$1,071","$1,309","$1,540","$1,386","$1,694","$1,750","$1,575","$1,925"
13777,METRO13780M13780,"Binghamton, NY MSA",$830,$747,$913,$900,$810,$990,"$1,130","$1,017","$1,243","$1,460","$1,314","$1,606","$1,670","$1,503","$1,837"
13778,METRO13780M13780,"Binghamton, NY MSA",$770,$693,$847,$820,$738,$902,"$1,030",$927,"$1,133","$1,350","$1,215","$1,485","$1,480","$1,332","$1,628"
13783,METRO13780M13780,"Binghamton, NY MSA",$920,$828,"$1,012",$930,$837,"$1,023","$1,070",$963,"$1,177","$1,500","$1,350","$1,650","$1,510","$1,359","$1,661"
13787,METRO13780M13780,"Binghamton, NY MSA",$770,$693,$847,$820,$738,$902,"$1,030",$927,"$1,133","$1,350","$1,215","$1,485","$1,480","$1,332","$1,628"
13790,METRO13780M13780,"Binghamton, NY MSA",$880,$792,$968,$960,$864,"$1,056","$1,210","$1,089","$1,331","$1,560","$1,404","$1,716","$1,780","$1,602","$1,958"
13794,METRO13780M13780,"Binghamton, NY MSA",$870,$783,$957,$940,$846,"$1,034","$1,190","$1,071","$1,309","$1,540","$1,386","$1,694","$1,750","$1,575","$1,925"
13795,METRO13780M13780,"Binghamton, NY MSA",$890,$801,$979,$960,$864,"$1,056","$1,220","$1,098","$1,342","$1,570","$1,413","$1,727","$1,800","$1,620","$1,980"
13797,METRO13780M13780,"Binghamton, NY MSA",$770,$693,$847,$820,$738,$902,"$1,030",$927,"$1,133","$1,350","$1,215","$1,485","$1,480","$1,332","$1,628"
13802,METRO13780M13780,"Binghamton, NY MSA",$770,$693,$847,$840,$756,$924,"$1,060",$954,"$1,166","$1,360","$1,224","$1,496","$1,560","$1,404","$1,716"
13803,METRO13780M13780,"Binghamton, NY MSA",$880,$792,$968,$900,$810,$990,"$1,120","$1,008","$1,232","$1,390","$1,251","$1,529","$1,840","$1,656","$2,024"
13811,METRO13780M13780,"Binghamton, NY MSA",$880,$792,$968,$960,$864,"$1,056","$1,210","$1,089","$1,331","$1,560","$1,404","$1,716","$1,780","$1,602","$1,958"
13812,METRO13780M13780,"Binghamton, NY MSA",$980,$882,"$1,078","$1,060",$954,"$1,166","$1,340","$1,206","$1,474","$1,730","$1,557","$1,903","$1,980","$1,782","$2,178"
13813,METRO13780M13780,"Binghamton, NY MSA",$770,$693,$847,$820,$738,$902,"$1,030",$927,"$1,133","$1,350","$1,215","$1,485","$1,480","$1,332","$1,628"
13826,METRO13780M13780,"Binghamton, NY MSA",$770,$693,$847,$820,$738,$902,"$1,030",$927,"$1,133","$1,350","$1,215","$1,485","$1,480","$1,332","$1,628"
13827,METRO13780M13780,"Binghamton, NY MSA",$880,$792,$968,$950,$855,"$1,045","$1,200","$1,080","$1,320","$1,550","$1,395","$1,705","$1,770","$1,593","$1,947"
13833,METRO13780M13780,"Binghamton, NY MSA","$1,060",$954,"$1,166","$1,150","$1,035","$1,265","$1,450","$1,305","$1,595","$1,870","$1,683","$2,057","$2,140","$1,926","$2,354"
13835,METRO13780M13780,"Binghamton, NY MSA",$880,$792,$968,$940,$846,"$1,034","$1,190","$1,071","$1,309","$1,520","$1,368","$1,672","$1,800","$1,620","$1,980"
13840,METRO13780M13780,"Binghamton, NY MSA",$870,$783,$957,$940,$846,"$1,034","$1,190","$1,071","$1,309","$1,540","$1,386","$1,694","$1,750","$1,575","$1,925"
13845,METRO13780M13780,"Binghamton, NY MSA",$870,$783,$957,$940,$846,"$1,034","$1,190","$1,071","$1,309","$1,540","$1,386","$1,694","$1,750","$1,575","$1,925"
13848,METRO13780M13780,"Binghamton, NY MSA",$870,$783,$957,$940,$846,"$1,034","$1,190","$1,071","$1,309","$1,540","$1,386","$1,694","$1,750","$1,575","$1,925"
13850,METRO13780M13780,"Binghamton, NY MSA",$990,$891,"$1,089","$1,080",$972,"$1,188","$1,360","$1,224","$1,496","$1,760","$1,584","$1,936","$2,010","$1,809","$2,211"
13851,METRO13780M13780,"Binghamton, NY MSA",$870,$783,$957,$940,$846,"$1,034","$1,190","$1,071","$1,309","$1,540","$1,386","$1,694","$1,750","$1,575","$1,925"
13862,METRO13780M13780,"Binghamton, NY MSA",$780,$702,$858,$840,$756,$924,"$1,060",$954,"$1,166","$1,370","$1,233","$1,507","$1,560","$1,404","$1,716"
13863,METRO13780M13780,"Binghamton, NY MSA","$1,100",$990,"$1,210","$1,110",$999,"$1,221","$1,380","$1,242","$1,518","$1,720","$1,548","$1,892","$2,310","$2,079","$2,541"
13864,METRO13780M13780,"Binghamton, NY MSA","$1,180","$1,062","$1,298","$1,300","$1,170","$1,430","$1,500","$1,350","$1,650","$1,860","$1,674","$2,046","$2,010","$1,809","$2,211"
13865,METRO13780M13780,"Binghamton, NY MSA",$770,$693,$847,$820,$738,$902,"$1,030",$927,"$1,133","$1,350","$1,215","$1,485","$1,480","$1,332","$1,628"
13901,METRO13780M13780,"Binghamton, NY MSA",$860,$774,$946,$930,$837,"$1,023","$1,170","$1,053","$1,287","$1,510","$1,359","$1,661","$1,730","$1,557","$1,903"
13902,METRO13780M13780,"Binghamton, NY MSA",$990,$891,"$1,089","$1,080",$972,"$1,188","$1,360","$1,224","$1,496","$1,760","$1,584","$1,936","$2,010","$1,809","$2,211"
13903,METRO13780M13780,"Binghamton, NY MSA",$840,$756,$924,$910,$819,"$1,001","$1,150","$1,035","$1,265","$1,480","$1,332","$1,628","$1,700","$1,530","$1,870"
13904,METRO13780M13780,"Binghamton, NY MSA",$850,$765,$935,$920,$828,"$1,012","$1,160","$1,044","$1,276","$1,500","$1,350","$1,650","$1,710","$1,539","$1,881"
13905,METRO13780M13780,"Binghamton, NY MSA",$920,$828,"$1,012","$1,000",$900,"$1,100","$1,260","$1,134","$1,386","$1,630","$1,467","$1,793","$1,860","$1,674","$2,046"
14817,METRO13780M13780,"Binghamton, NY MSA","$1,490","$1,341","$1,639","$1,670","$1,503","$1,837","$1,920","$1,728","$2,112","$2,320","$2,088","$2,552","$2,670","$2,403","$2,937"
14859,METRO13780M13780,"Binghamton, NY MSA","$1,010",$909,"$1,111","$1,070",$963,"$1,177","$1,370","$1,233","$1,507","$1,760","$1,584","$1,936","$1,950","$1,755","$2,145"
14883,METRO13780M13780,"Binghamton, NY MSA","$1,180","$1,062","$1,298","$1,300","$1,170","$1,430","$1,500","$1,350","$1,650","$1,860","$1,674","$2,046","$2,010","$1,809","$2,211"
14889,METRO13780M13780,"Binghamton, NY MSA","$1,020",$918,"$1,122","$1,040",$936,"$1,144","$1,360","$1,224","$1,496","$1,730","$1,557","$1,903","$1,830","$1,647","$2,013"
14892,METRO13780M13780,"Binghamton, NY MSA",$830,$747,$913,$900,$810,$990,"$1,140","$1,026","$1,254","$1,460","$1,314","$1,606","$1,660","$1,494","$1,826"
14001,METRO15380M15380,"Buffalo-Cheektowaga-Niagara Falls, NY MSA",$860,$774,$946,$900,$810,$990,"$1,050",$945,"$1,155","$1,290","$1,161","$1,419","$1,450","$1,305","$1,595"
14004,METRO15380M15380,"Buffalo-Cheektowaga-Niagara Falls, NY MSA",$860,$774,$946,$900,$810,$990,"$1,050",$945,"$1,155","$1,290","$1,161","$1,419","$1,450","$1,305","$1,595"
14006,METRO15380M15380,"Buffalo-Cheektowaga-Niagara Falls, NY MSA",$990,$891,"$1,089","$1,020",$918,"$1,122","$1,200","$1,080","$1,320","$1,470","$1,323","$1,617","$1,660","$1,494","$1,826"
14008,METRO15380M15380,"Buffalo-Cheektowaga-Niagara Falls, NY MSA",$890,$801,$979,$920,$828,"$1,012","$1,080",$972,"$1,188","$1,320","$1,188","$1,452","$1,490","$1,341","$1,639"
14009,METRO15380M15380,"Buffalo-Cheektowaga-Niagara Falls, NY MSA",$880,$792,$968,$910,$819,"$1,001","$1,080",$972,"$1,188","$1,430","$1,287","$1,573","$1,660","$1,494","$1,826"
14010,METRO15380M15380,"Buffalo-Cheektowaga-Niagara Falls, NY MSA","$1,000",$900,"$1,100","$1,030",$927,"$1,133","$1,210","$1,089","$1,331","$1,480","$1,332","$1,628","$1,670","$1,503","$1,837"
14012,METRO15380M15380,"Buffalo-Cheektowaga-Niagara Falls, NY MSA",$860,$774,$946,$950,$855,"$1,045","$1,180","$1,062","$1,298","$1,430","$1,287","$1,573","$1,570","$1,413","$1,727"
14013,METRO15380M15380,"Buffalo-Cheektowaga-Niagara Falls, NY MSA",$880,$792,$968,"$1,000",$900,"$1,100","$1,210","$1,089","$1,331","$1,460","$1,314","$1,606","$1,600","$1,440","$1,760"
14025,METRO15380M15380,"Buffalo-Cheektowaga-Niagara Falls, NY MSA",$860,$774,$946,$900,$810,$990,"$1,050",$945,"$1,155","$1,290","$1,161","$1,419","$1,450","$1,305","$1,595"
14026,METRO15380M15380,"Buffalo-Cheektowaga-Niagara Falls, NY MSA","$1,010",$909,"$1,111","$1,050",$945,"$1,155","$1,230","$1,107","$1,353","$1,500","$1,350","$1,650","$1,700","$1,530","$1,870"
14027,METRO15380M15380,"Buffalo-Cheektowaga-Niagara Falls, NY MSA",$910,$819,"$1,001",$940,$846,"$1,034","$1,120","$1,008","$1,232","$1,390","$1,251","$1,529","$1,550","$1,395","$1,705"
14028,METRO15380M15380,"Buffalo-Cheektowaga-Niagara Falls, NY MSA",$950,$855,"$1,045",$990,$891,"$1,089","$1,160","$1,044","$1,276","$1,420","$1,278","$1,562","$1,600","$1,440","$1,760"
14030,METRO15380M15380,"Buffalo-Cheektowaga-Niagara Falls, NY MSA",$860,$774,$946,$900,$810,$990,"$1,050",$945,"$1,155","$1,290","$1,161","$1,419","$1,460","$1,314","$1,606"
14031,METRO15380M15380,"Buffalo-Cheektowaga-Niagara Falls, NY MSA",$910,$819,"$1,001",$940,$846,"$1,034","$1,100",$990,"$1,210","$1,340","$1,206","$1,474","$1,520","$1,368","$1,672"
14032,METRO15380M15380,"Buffalo-Cheektowaga-Niagara Falls, NY MSA","$1,450","$1,305","$1,595","$1,500","$1,350","$1,650","$1,760","$1,584","$1,936","$2,150","$1,935","$2,365","$2,430","$2,187","$2,673"
14033,METRO15380M15380,"Buffalo-Cheektowaga-Niagara Falls, NY MSA","$1,050",$945,"$1,155","$1,080",$972,"$1,188","$1,270","$1,143","$1,397","$1,550","$1,395","$1,705","$1,760","$1,584","$1,936"
14034,METRO15380M15380,"Buffalo-Cheektowaga-Niagara Falls, NY MSA",$910,$819,"$1,001",$940,$846,"$1,034","$1,100",$990,"$1,210","$1,340","$1,206","$1,474","$1,520","$1,368","$1,672"
14035,METRO15380M15380,"Buffalo-Cheektowaga-Niagara Falls, NY MSA",$910,$819,"$1,001",$940,$846,"$1,034","$1,100",$990,"$1,210","$1,340","$1,206","$1,474","$1,520","$1,368","$1,672"
14036,METRO15380M15380,"Buffalo-Cheektowaga-Niagara Falls, NY MSA",$880,$792,$968,$910,$819,"$1,001","$1,080",$972,"$1,188","$1,320","$1,188","$1,452","$1,480","$1,332","$1,628"
14037,METRO15380M15380,"Buffalo-Cheektowaga-Niagara Falls, NY MSA",$860,$774,$946,$900,$810,$990,"$1,050",$945,"$1,155","$1,290","$1,161","$1,419","$1,470","$1,323","$1,617"
14038,METRO15380M15380,"Buffalo-Cheektowaga-Niagara Falls, NY MSA","$1,000",$900,"$1,100","$1,030",$927,"$1,133","$1,210","$1,089","$1,331","$1,480","$1,332","$1,628","$1,670","$1,503","$1,837"
14043,METRO15380M15380,"Buffalo-Cheektowaga-Niagara Falls, NY MSA","$1,000",$900,"$1,100","$1,040",$936,"$1,144","$1,220","$1,098","$1,342","$1,490","$1,341","$1,639","$1,690","$1,521","$1,859"
14047,METRO15380M15380,"Buffalo-Cheektowaga-Niagara Falls, NY MSA",$920,$828,"$1,012",$950,$855,"$1,045","$1,120","$1,008","$1,232","$1,370","$1,233","$1,507","$1,550","$1,395","$1,705"
14051,METRO15380M15380,"Buffalo-Cheektowaga-Niagara Falls, NY MSA","$1,450","$1,305","$1,595","$1,500","$1,350","$1,650","$1,760","$1,584","$1,936","$2,150","$1,935","$2,365","$2,430","$2,187","$2,673"
14052,METRO15380M15380,"Buffalo-Cheektowaga-Niagara Falls, NY MSA",$900,$810,$990,$930,$837,"$1,023","$1,090",$981,"$1,199","$1,330","$1,197","$1,463","$1,510","$1,359","$1,661"
14055,METRO15380M15380,"Buffalo-Cheektowaga-Niagara Falls, NY MSA",$860,$774,$946,$900,$810,$990,"$1,050",$945,"$1,155","$1,290","$1,161","$1,419","$1,450","$1,305","$1,595"
14057,METRO15380M15380,"Buffalo-Cheektowaga-Niagara Falls, NY MSA",$950,$855,"$1,045",$990,$891,"$1,089","$1,160","$1,044","$1,276","$1,420","$1,278","$1,562","$1,600","$1,440","$1,760"
14059,METRO15380M15380,"Buffalo-Cheektowaga-Niagara Falls, NY MSA","$1,260","$1,134","$1,386","$1,300","$1,170","$1,430","$1,530","$1,377","$1,683","$1,870","$1,683","$2,057","$2,110","$1,899","$2,321"
14061,METRO15380M15380,"Buffalo-Cheektowaga-Niagara Falls, NY MSA","$1,060",$954,"$1,166","$1,100",$990,"$1,210","$1,290","$1,161","$1,419","$1,580","$1,422","$1,738","$1,780","$1,602","$1,958"
14067,METRO15380M15380,"Buffalo-Cheektowaga-Niagara Falls, NY MSA","$1,050",$945,"$1,155","$1,080",$972,"$1,188","$1,270","$1,143","$1,397","$1,550","$1,395","$1,705","$1,760","$1,584","$1,936"
14068,METRO15380M15380,"Buffalo-Cheektowaga-Niagara Falls, NY MSA","$1,190","$1,071","$1,309","$1,230","$1,107","$1,353","$1,440","$1,296","$1,584","$1,760","$1,584","$1,936","$1,990","$1,791","$2,189"
14069,METRO15380M15380,"Buffalo-Cheektowaga-Niagara Falls, NY MSA",$860,$774,$946,$900,$810,$990,"$1,050",$945,"$1,155","$1,290","$1,161","$1,419","$1,450","$1,305","$1,595"
14070,METRO15380M15380,"Buffalo-Cheektowaga-Niagara Falls, NY MSA",$860,$774,$946,$900,$810,$990,"$1,050",$945,"$1,155","$1,290","$1,161","$1,419","$1,450","$1,305","$1,595"
14072,METRO15380M15380,"Buffalo-Cheektowaga-Niagara Falls, NY MSA","$1,200","$1,080","$1,320","$1,240","$1,116","$1,364","$1,460","$1,314","$1,606","$1,780","$1,602","$1,958","$2,020","$1,818","$2,222"
14075,METRO15380M15380,"Buffalo-Cheektowaga-Niagara Falls, NY MSA","$1,060",$954,"$1,166","$1,100",$990,"$1,210","$1,290","$1,161","$1,419","$1,580","$1,422","$1,738","$1,780","$1,602","$1,958"
14080,METRO15380M15380,"Buffalo-Cheektowaga-Niagara Falls, NY MSA",$860,$774,$946,$900,$810,$990,"$1,050",$945,"$1,155","$1,290","$1,161","$1,419","$1,450","$1,305","$1,595"
14081,METRO15380M15380,"Buffalo-Cheektowaga-Niagara Falls, NY MSA",$880,$792,$968,$910,$819,"$1,001","$1,100",$990,"$1,210","$1,370","$1,233","$1,507","$1,510","$1,359","$1,661"
14085,METRO15380M15380,"Buffalo-Cheektowaga-Niagara Falls, NY MSA","$1,310","$1,179","$1,441","$1,350","$1,215","$1,485","$1,590","$1,431","$1,749","$1,940","$1,746","$2,134","$2,200","$1,980","$2,420"
14086,METRO15380M15380,"Buffalo-Cheektowaga-Niagara Falls, NY MSA",$940,$846,"$1,034",$970,$873,"$1,067","$1,140","$1,026","$1,254","$1,390","$1,251","$1,529","$1,580","$1,422","$1,738"
14091,METRO15380M15380,"Buffalo-Cheektowaga-Niagara Falls, NY MSA","$1,450","$1,305","$1,595","$1,500","$1,350","$1,650","$1,760","$1,584","$1,936","$2,150","$1,935","$2,365","$2,430","$2,187","$2,673"
14092,METRO15380M15380,"Buffalo-Cheektowaga-Niagara Falls, NY MSA",$990,$891,"$1,089","$1,020",$918,"$1,122","$1,200","$1,080","$1,320","$1,470","$1,323","$1,617","$1,660","$1,494","$1,826"
14094,METRO15380M15380,"Buffalo-Cheektowaga-Niagara Falls, NY MSA",$860,$774,$946,$900,$810,$990,"$1,050",$945,"$1,155","$1,290","$1,161","$1,419","$1,450","$1,305","$1,595"
14095,METRO15380M15380,"Buffalo-Cheektowaga-Niagara Falls, NY MSA",$860,$774,$946,$900,$810,$990,"$1,050",$945,"$1,155","$1,290","$1,161","$1,419","$1,450","$1,305","$1,595"
14098,METRO15380M15380,"Buffalo-Cheektowaga-Niagara Falls, NY MSA",$950,$855,"$1,045","$1,060",$954,"$1,166","$1,320","$1,188","$1,452","$1,590","$1,431","$1,749","$1,750","$1,575","$1,925"
14102,METRO15380M15380,"Buffalo-Cheektowaga-Niagara Falls, NY MSA",$960,$864,"$1,056","$1,000",$900,"$1,100","$1,170","$1,053","$1,287","$1,430","$1,287","$1,573","$1,620","$1,458","$1,782"
14103,METRO15380M15380,"Buffalo-Cheektowaga-Niagara Falls, NY MSA",$870,$783,$957,$980,$882,"$1,078","$1,220","$1,098","$1,342","$1,470","$1,323","$1,617","$1,620","$1,458","$1,782"
14105,METRO15380M15380,"Buffalo-Cheektowaga-Niagara Falls, NY MSA",$860,$774,$946,$950,$855,"$1,045","$1,180","$1,062","$1,298","$1,430","$1,287","$1,573","$1,570","$1,413","$1,727"
14107,METRO15380M15380,"Buffalo-Cheektowaga-Niagara Falls, NY MSA",$860,$774,$946,$900,$810,$990,"$1,050",$945,"$1,155","$1,290","$1,161","$1,419","$1,450","$1,305","$1,595"
14108,METRO15380M15380,"Buffalo-Cheektowaga-Niagara Falls, NY MSA",$860,$774,$946,$900,$810,$990,"$1,050",$945,"$1,155","$1,290","$1,161","$1,419","$1,450","$1,305","$1,595"
14109,METRO15380M15380,"Buffalo-Cheektowaga-Niagara Falls, NY MSA",$940,$846,"$1,034",$970,$873,"$1,067","$1,140","$1,026","$1,254","$1,400","$1,260","$1,540","$1,580","$1,422","$1,738"
14110,METRO15380M15380,"Buffalo-Cheektowaga-Niagara Falls, NY MSA","$1,000",$900,"$1,100","$1,030",$927,"$1,133","$1,210","$1,089","$1,331","$1,480","$1,332","$1,628","$1,670","$1,503","$1,837"
14111,METRO15380M15380,"Buffalo-Cheektowaga-Niagara Falls, NY MSA",$860,$774,$946,$900,$810,$990,"$1,050",$945,"$1,155","$1,290","$1,161","$1,419","$1,450","$1,305","$1,595"
14112,METRO15380M15380,"Buffalo-Cheektowaga-Niagara Falls, NY MSA","$1,100",$990,"$1,210","$1,130","$1,017","$1,243","$1,330","$1,197","$1,463","$1,630","$1,467","$1,793","$1,850","$1,665","$2,035"
14120,METRO15380M15380,"Buffalo-Cheektowaga-Niagara Falls, NY MSA",$880,$792,$968,$910,$819,"$1,001","$1,070",$963,"$1,177","$1,310","$1,179","$1,441","$1,480","$1,332","$1,628"
14126,METRO15380M15380,"Buffalo-Cheektowaga-Niagara Falls, NY MSA",$950,$855,"$1,045",$990,$891,"$1,089","$1,160","$1,044","$1,276","$1,420","$1,278","$1,562","$1,600","$1,440","$1,760"
14127,METRO15380M15380,"Buffalo-Cheektowaga-Niagara Falls, NY MSA","$1,120","$1,008","$1,232","$1,160","$1,044","$1,276","$1,360","$1,224","$1,496","$1,660","$1,494","$1,826","$1,880","$1,692","$2,068"
14131,METRO15380M15380,"Buffalo-Cheektowaga-Niagara Falls, NY MSA",$960,$864,"$1,056","$1,000",$900,"$1,100","$1,170","$1,053","$1,287","$1,440","$1,296","$1,584","$1,620","$1,458","$1,782"
14132,METRO15380M15380,"Buffalo-Cheektowaga-Niagara Falls, NY MSA",$910,$819,"$1,001",$940,$846,"$1,034","$1,110",$999,"$1,221","$1,360","$1,224","$1,496","$1,530","$1,377","$1,683"
14134,METRO15380M15380,"Buffalo-Cheektowaga-Niagara Falls, NY MSA",$860,$774,$946,$900,$810,$990,"$1,050",$945,"$1,155","$1,290","$1,161","$1,419","$1,450","$1,305","$1,595"
14139,METRO15380M15380,"Buffalo-Cheektowaga-Niagara Falls, NY MSA",$860,$774,$946,$900,$810,$990,"$1,050",$945,"$1,155","$1,290","$1,161","$1,419","$1,450","$1,305","$1,595"
14140,METRO15380M15380,"Buffalo-Cheektowaga-Niagara Falls, NY MSA","$1,000",$900,"$1,100","$1,030",$927,"$1,133","$1,210","$1,089","$1,331","$1,480","$1,332","$1,628","$1,670","$1,503","$1,837"
14141,METRO15380M15380,"Buffalo-Cheektowaga-Niagara Falls, NY MSA",$860,$774,$946,$900,$810,$990,"$1,050",$945,"$1,155","$1,290","$1,161","$1,419","$1,450","$1,305","$1,595"
14144,METRO15380M15380,"Buffalo-Cheektowaga-Niagara Falls, NY MSA",$860,$774,$946,$900,$810,$990,"$1,050",$945,"$1,155","$1,290","$1,161","$1,419","$1,450","$1,305","$1,595"
14145,METRO15380M15380,"Buffalo-Cheektowaga-Niagara Falls, NY MSA",$860,$774,$946,$900,$810,$990,"$1,050",$945,"$1,155","$1,290","$1,161","$1,419","$1,480","$1,332","$1,628"
14150,METRO15380M15380,"Buffalo-Cheektowaga-Niagara Falls, NY MSA","$1,000",$900,"$1,100","$1,030",$927,"$1,133","$1,210","$1,089","$1,331","$1,480","$1,332","$1,628","$1,670","$1,503","$1,837"
14151,METRO15380M15380,"Buffalo-Cheektowaga-Niagara Falls, NY MSA","$1,000",$900,"$1,100","$1,030",$927,"$1,133","$1,210","$1,089","$1,331","$1,480","$1,332","$1,628","$1,670","$1,503","$1,837"
14169,METRO15380M15380,"Buffalo-Cheektowaga-Niagara Falls, NY MSA",$900,$810,$990,$930,$837,"$1,023","$1,090",$981,"$1,199","$1,330","$1,197","$1,463","$1,510","$1,359","$1,661"
14170,METRO15380M15380,"Buffalo-Cheektowaga-Niagara Falls, NY MSA",$930,$837,"$1,023",$960,$864,"$1,056","$1,130","$1,017","$1,243","$1,380","$1,242","$1,518","$1,560","$1,404","$1,716"
14172,METRO15380M15380,"Buffalo-Cheektowaga-Niagara Falls, NY MSA",$910,$819,"$1,001",$940,$846,"$1,034","$1,100",$990,"$1,210","$1,340","$1,206","$1,474","$1,520","$1,368","$1,672"
14173,METRO15380M15380,"Buffalo-Cheektowaga-Niagara Falls, NY MSA",$880,$792,$968,$910,$819,"$1,001","$1,080",$972,"$1,188","$1,320","$1,188","$1,452","$1,480","$1,332","$1,628"
14174,METRO15380M15380,"Buffalo-Cheektowaga-Niagara Falls, NY MSA","$1,020",$918,"$1,122","$1,060",$954,"$1,166","$1,240","$1,116","$1,364","$1,520","$1,368","$1,672","$1,710","$1,539","$1,881"
14201,METRO15380M15380,"Buffalo-Cheektowaga-Niagara Falls, NY MSA",$970,$873,"$1,067","$1,000",$900,"$1,100","$1,180","$1,062","$1,298","$1,440","$1,296","$1,584","$1,630","$1,467","$1,793"
14202,METRO15380M15380,"Buffalo-Cheektowaga-Niagara Falls, NY MSA",$980,$882,"$1,078","$1,010",$909,"$1,111","$1,190","$1,071","$1,309","$1,450","$1,305","$1,595","$1,640","$1,476","$1,804"
14203,METRO15380M15380,"Buffalo-Cheektowaga-Niagara Falls, NY MSA","$1,360","$1,224","$1,496","$1,400","$1,260","$1,540","$1,650","$1,485","$1,815","$2,020","$1,818","$2,222","$2,280","$2,052","$2,508"
14204,METRO15380M15380,"Buffalo-Cheektowaga-Niagara Falls, NY MSA",$860,$774,$946,$900,$810,$990,"$1,050",$945,"$1,155","$1,290","$1,161","$1,419","$1,450","$1,305","$1,595"
14205,METRO15380M15380,"Buffalo-Cheektowaga-Niagara Falls, NY MSA","$1,000",$900,"$1,100","$1,030",$927,"$1,133","$1,210","$1,089","$1,331","$1,480","$1,332","$1,628","$1,670","$1,503","$1,837"
14206,METRO15380M15380,"Buffalo-Cheektowaga-Niagara Falls, NY MSA",$860,$774,$946,$900,$810,$990,"$1,050",$945,"$1,155","$1,290","$1,161","$1,419","$1,450","$1,305","$1,595"
14207,METRO15380M15380,"Buffalo-Cheektowaga-Niagara Falls, NY MSA",$860,$774,$946,$900,$810,$990,"$1,050",$945,"$1,155","$1,290","$1,161","$1,419","$1,450","$1,305","$1,595"
14208,METRO15380M15380,"Buffalo-Cheektowaga-Niagara Falls, NY MSA",$910,$819,"$1,001",$940,$846,"$1,034","$1,110",$999,"$1,221","$1,360","$1,224","$1,496","$1,530","$1,377","$1,683"
14209,METRO15380M15380,"Buffalo-Cheektowaga-Niagara Falls, NY MSA",$950,$855,"$1,045",$990,$891,"$1,089","$1,160","$1,044","$1,276","$1,420","$1,278","$1,562","$1,600","$1,440","$1,760"
14210,METRO15380M15380,"Buffalo-Cheektowaga-Niagara Falls, NY MSA",$860,$774,$946,$900,$810,$990,"$1,050",$945,"$1,155","$1,290","$1,161","$1,419","$1,450","$1,305","$1,595"
14211,METRO15380M15380,"Buffalo-Cheektowaga-Niagara Falls, NY MSA",$930,$837,"$1,023",$960,$864,"$1,056","$1,130","$1,017","$1,243","$1,380","$1,242","$1,518","$1,560","$1,404","$1,716"
14212,METRO15380M15380,"Buffalo-Cheektowaga-Niagara Falls, NY MSA",$860,$774,$946,$900,$810,$990,"$1,050",$945,"$1,155","$1,290","$1,161","$1,419","$1,450","$1,305","$1,595"
14213,METRO15380M15380,"Buffalo-Cheektowaga-Niagara Falls, NY MSA",$910,$819,"$1,001",$940,$846,"$1,034","$1,110",$999,"$1,221","$1,360","$1,224","$1,496","$1,530","$1,377","$1,683"
14214,METRO15380M15380,"Buffalo-Cheektowaga-Niagara Falls, NY MSA","$1,040",$936,"$1,144","$1,070",$963,"$1,177","$1,260","$1,134","$1,386","$1,540","$1,386","$1,694","$1,740","$1,566","$1,914"
14215,METRO15380M15380,"Buffalo-Cheektowaga-Niagara Falls, NY MSA",$860,$774,$946,$900,$810,$990,"$1,050",$945,"$1,155","$1,290","$1,161","$1,419","$1,450","$1,305","$1,595"
14216,METRO15380M15380,"Buffalo-Cheektowaga-Niagara Falls, NY MSA","$1,090",$981,"$1,199","$1,130","$1,017","$1,243","$1,330","$1,197","$1,463","$1,630","$1,467","$1,793","$1,840","$1,656","$2,024"
14217,METRO15380M15380,"Buffalo-Cheektowaga-Niagara Falls, NY MSA",$950,$855,"$1,045",$990,$891,"$1,089","$1,160","$1,044","$1,276","$1,420","$1,278","$1,562","$1,600","$1,440","$1,760"
14218,METRO15380M15380,"Buffalo-Cheektowaga-Niagara Falls, NY MSA",$860,$774,$946,$900,$810,$990,"$1,050",$945,"$1,155","$1,290","$1,161","$1,419","$1,450","$1,305","$1,595"
14219,METRO15380M15380,"Buffalo-Cheektowaga-Niagara Falls, NY MSA",$890,$801,$979,$920,$828,"$1,012","$1,080",$972,"$1,188","$1,320","$1,188","$1,452","$1,490","$1,341","$1,639"
14220,METRO15380M15380,"Buffalo-Cheektowaga-Niagara Falls, NY MSA",$910,$819,"$1,001",$940,$846,"$1,034","$1,110",$999,"$1,221","$1,360","$1,224","$1,496","$1,530","$1,377","$1,683"
14221,METRO15380M15380,"Buffalo-Cheektowaga-Niagara Falls, NY MSA","$1,260","$1,134","$1,386","$1,300","$1,170","$1,430","$1,530","$1,377","$1,683","$1,870","$1,683","$2,057","$2,110","$1,899","$2,321"
14222,METRO15380M15380,"Buffalo-Cheektowaga-Niagara Falls, NY MSA","$1,090",$981,"$1,199","$1,130","$1,017","$1,243","$1,330","$1,197","$1,463","$1,630","$1,467","$1,793","$1,840","$1,656","$2,024"
14223,METRO15380M15380,"Buffalo-Cheektowaga-Niagara Falls, NY MSA",$910,$819,"$1,001",$940,$846,"$1,034","$1,100",$990,"$1,210","$1,340","$1,206","$1,474","$1,520","$1,368","$1,672"
14224,METRO15380M15380,"Buffalo-Cheektowaga-Niagara Falls, NY MSA","$1,050",$945,"$1,155","$1,080",$972,"$1,188","$1,270","$1,143","$1,397","$1,550","$1,395","$1,705","$1,760","$1,584","$1,936"
14225,METRO15380M15380,"Buffalo-Cheektowaga-Niagara Falls, NY MSA",$900,$810,$990,$930,$837,"$1,023","$1,090",$981,"$1,199","$1,330","$1,197","$1,463","$1,510","$1,359","$1,661"
14226,METRO15380M15380,"Buffalo-Cheektowaga-Niagara Falls, NY MSA","$1,100",$990,"$1,210","$1,140","$1,026","$1,254","$1,340","$1,206","$1,474","$1,640","$1,476","$1,804","$1,850","$1,665","$2,035"
14227,METRO15380M15380,"Buffalo-Cheektowaga-Niagara Falls, NY MSA","$1,080",$972,"$1,188","$1,110",$999,"$1,221","$1,310","$1,179","$1,441","$1,600","$1,440","$1,760","$1,810","$1,629","$1,991"
14228,METRO15380M15380,"Buffalo-Cheektowaga-Niagara Falls, NY MSA","$1,240","$1,116","$1,364","$1,280","$1,152","$1,408","$1,510","$1,359","$1,661","$1,850","$1,665","$2,035","$2,090","$1,881","$2,299"
14231,METRO15380M15380,"Buffalo-Cheektowaga-Niagara Falls, NY MSA","$1,000",$900,"$1,100","$1,030",$927,"$1,133","$1,210","$1,089","$1,331","$1,480","$1,332","$1,628","$1,670","$1,503","$1,837"
14233,METRO15380M15380,"Buffalo-Cheektowaga-Niagara Falls, NY MSA","$1,000",$900,"$1,100","$1,030",$927,"$1,133","$1,210","$1,089","$1,331","$1,480","$1,332","$1,628","$1,670","$1,503","$1,837"
14240,METRO15380M15380,"Buffalo-Cheektowaga-Niagara Falls, NY MSA","$1,000",$900,"$1,100","$1,030",$927,"$1,133","$1,210","$1,089","$1,331","$1,480","$1,332","$1,628","$1,670","$1,503","$1,837"
14260,METRO15380M15380,"Buffalo-Cheektowaga-Niagara Falls, NY MSA","$1,240","$1,116","$1,364","$1,280","$1,152","$1,408","$1,510","$1,359","$1,661","$1,850","$1,665","$2,035","$2,090","$1,881","$2,299"
14261,METRO15380M15380,"Buffalo-Cheektowaga-Niagara Falls, NY MSA","$1,230","$1,107","$1,353","$1,270","$1,143","$1,397","$1,490","$1,341","$1,639","$1,830","$1,647","$2,013","$2,060","$1,854","$2,266"
14263,METRO15380M15380,"Buffalo-Cheektowaga-Niagara Falls, NY MSA","$1,000",$900,"$1,100","$1,030",$927,"$1,133","$1,210","$1,089","$1,331","$1,480","$1,332","$1,628","$1,670","$1,503","$1,837"
14272,METRO15380M15380,"Buffalo-Cheektowaga-Niagara Falls, NY MSA","$1,000",$900,"$1,100","$1,030",$927,"$1,133","$1,210","$1,089","$1,331","$1,480","$1,332","$1,628","$1,670","$1,503","$1,837"
14273,METRO15380M15380,"Buffalo-Cheektowaga-Niagara Falls, NY MSA","$1,000",$900,"$1,100","$1,030",$927,"$1,133","$1,210","$1,089","$1,331","$1,480","$1,332","$1,628","$1,670","$1,503","$1,837"
14280,METRO15380M15380,"Buffalo-Cheektowaga-Niagara Falls, NY MSA","$1,000",$900,"$1,100","$1,030",$927,"$1,133","$1,210","$1,089","$1,331","$1,480","$1,332","$1,628","$1,670","$1,503","$1,837"
14301,METRO15380M15380,"Buffalo-Cheektowaga-Niagara Falls, NY MSA",$860,$774,$946,$900,$810,$990,"$1,050",$945,"$1,155","$1,290","$1,161","$1,419","$1,450","$1,305","$1,595"
14302,METRO15380M15380,"Buffalo-Cheektowaga-Niagara Falls, NY MSA",$860,$774,$946,$900,$810,$990,"$1,050",$945,"$1,155","$1,290","$1,161","$1,419","$1,450","$1,305","$1,595"
14303,METRO15380M15380,"Buffalo-Cheektowaga-Niagara Falls, NY MSA",$860,$774,$946,$900,$810,$990,"$1,050",$945,"$1,155","$1,290","$1,161","$1,419","$1,450","$1,305","$1,595"
14304,METRO15380M15380,"Buffalo-Cheektowaga-Niagara Falls, NY MSA",$860,$774,$946,$900,$810,$990,"$1,050",$945,"$1,155","$1,290","$1,161","$1,419","$1,450","$1,305","$1,595"
14305,METRO15380M15380,"Buffalo-Cheektowaga-Niagara Falls, NY MSA",$880,$792,$968,$910,$819,"$1,001","$1,070",$963,"$1,177","$1,310","$1,179","$1,441","$1,480","$1,332","$1,628"
14805,METRO21300M21300,"Elmira, NY MSA",$900,$810,$990,$950,$855,"$1,045","$1,250","$1,125","$1,375","$1,640","$1,476","$1,804","$1,720","$1,548","$1,892"
14812,METRO21300M21300,"Elmira, NY MSA",$870,$783,$957,$920,$828,"$1,012","$1,180","$1,062","$1,298","$1,530","$1,377","$1,683","$1,690","$1,521","$1,859"
14814,METRO21300M21300,"Elmira, NY MSA","$1,220","$1,098","$1,342","$1,240","$1,116","$1,364","$1,610","$1,449","$1,771","$2,050","$1,845","$2,255","$2,240","$2,016","$2,464"
14816,METRO21300M21300,"Elmira, NY MSA",$950,$855,"$1,045",$970,$873,"$1,067","$1,270","$1,143","$1,397","$1,610","$1,449","$1,771","$1,700","$1,530","$1,870"
14824,METRO21300M21300,"Elmira, NY MSA",$930,$837,"$1,023","$1,000",$900,"$1,100","$1,310","$1,179","$1,441","$1,710","$1,539","$1,881","$1,790","$1,611","$1,969"
14825,METRO21300M21300,"Elmira, NY MSA",$820,$738,$902,$830,$747,$913,"$1,090",$981,"$1,199","$1,410","$1,269","$1,551","$1,530","$1,377","$1,683"
14830,METRO21300M21300,"Elmira, NY MSA",$990,$891,"$1,089","$1,000",$900,"$1,100","$1,210","$1,089","$1,331","$1,560","$1,404","$1,716","$2,030","$1,827","$2,233"
14838,METRO21300M21300,"Elmira, NY MSA",$820,$738,$902,$830,$747,$913,"$1,090",$981,"$1,199","$1,410","$1,269","$1,551","$1,530","$1,377","$1,683"
14845,METRO21300M21300,"Elmira, NY MSA","$1,090",$981,"$1,199","$1,110",$999,"$1,221","$1,460","$1,314","$1,606","$1,850","$1,665","$2,035","$1,960","$1,764","$2,156"
14859,METRO21300M21300,"Elmira, NY MSA","$1,010",$909,"$1,111","$1,070",$963,"$1,177","$1,370","$1,233","$1,507","$1,760","$1,584","$1,936","$1,950","$1,755","$2,145"
14861,METRO21300M21300,"Elmira, NY MSA","$1,030",$927,"$1,133","$1,050",$945,"$1,155","$1,380","$1,242","$1,518","$1,750","$1,575","$1,925","$1,850","$1,665","$2,035"
14864,METRO21300M21300,"Elmira, NY MSA","$1,080",$972,"$1,188","$1,100",$990,"$1,210","$1,450","$1,305","$1,595","$1,840","$1,656","$2,024","$1,950","$1,755","$2,145"
14867,METRO21300M21300,"Elmira, NY MSA","$1,180","$1,062","$1,298","$1,300","$1,170","$1,430","$1,500","$1,350","$1,650","$1,860","$1,674","$2,046","$2,010","$1,809","$2,211"
14871,METRO21300M21300,"Elmira, NY MSA","$1,050",$945,"$1,155","$1,070",$963,"$1,177","$1,390","$1,251","$1,529","$1,770","$1,593","$1,947","$1,900","$1,710","$2,090"
14872,METRO21300M21300,"Elmira, NY MSA",$820,$738,$902,$830,$747,$913,"$1,090",$981,"$1,199","$1,410","$1,269","$1,551","$1,530","$1,377","$1,683"
14883,METRO21300M21300,"Elmira, NY MSA","$1,180","$1,062","$1,298","$1,300","$1,170","$1,430","$1,500","$1,350","$1,650","$1,860","$1,674","$2,046","$2,010","$1,809","$2,211"
14889,METRO21300M21300,"Elmira, NY MSA","$1,020",$918,"$1,122","$1,040",$936,"$1,144","$1,360","$1,224","$1,496","$1,730","$1,557","$1,903","$1,830","$1,647","$2,013"
14892,METRO21300M21300,"Elmira, NY MSA",$830,$747,$913,$900,$810,$990,"$1,140","$1,026","$1,254","$1,460","$1,314","$1,606","$1,660","$1,494","$1,826"
14894,METRO21300M21300,"Elmira, NY MSA","$1,070",$963,"$1,177","$1,090",$981,"$1,199","$1,430","$1,287","$1,573","$1,810","$1,629","$1,991","$1,920","$1,728","$2,112"
14901,METRO21300M21300,"Elmira, NY MSA",$820,$738,$902,$830,$747,$913,"$1,090",$981,"$1,199","$1,410","$1,269","$1,551","$1,530","$1,377","$1,683"
14902,METRO21300M21300,"Elmira, NY MSA",$960,$864,"$1,056",$980,$882,"$1,078","$1,280","$1,152","$1,408","$1,620","$1,458","$1,782","$1,720","$1,548","$1,892"
14903,METRO21300M21300,"Elmira, NY MSA",$870,$783,$957,$880,$792,$968,"$1,160","$1,044","$1,276","$1,470","$1,323","$1,617","$1,550","$1,395","$1,705"
14904,METRO21300M21300,"Elmira, NY MSA",$950,$855,"$1,045",$970,$873,"$1,067","$1,270","$1,143","$1,397","$1,610","$1,449","$1,771","$1,700","$1,530","$1,870"
14905,METRO21300M21300,"Elmira, NY MSA","$1,000",$900,"$1,100","$1,010",$909,"$1,111","$1,330","$1,197","$1,463","$1,690","$1,521","$1,859","$1,780","$1,602","$1,958"
12028,METRO24020M24020,"Glens Falls, NY MSA",$980,$882,"$1,078","$1,090",$981,"$1,199","$1,330","$1,197","$1,463","$1,650","$1,485","$1,815","$1,770","$1,593","$1,947"
12057,METRO24020M24020,"Glens Falls, NY MSA","$1,000",$900,"$1,100","$1,080",$972,"$1,188","$1,330","$1,197","$1,463","$1,680","$1,512","$1,848","$1,770","$1,593","$1,947"
12090,METRO24020M24020,"Glens Falls, NY MSA",$910,$819,"$1,001","$1,020",$918,"$1,122","$1,240","$1,116","$1,364","$1,500","$1,350","$1,650","$1,650","$1,485","$1,815"
12094,METRO24020M24020,"Glens Falls, NY MSA",$980,$882,"$1,078","$1,110",$999,"$1,221","$1,350","$1,215","$1,485","$1,640","$1,476","$1,804","$1,780","$1,602","$1,958"
12154,METRO24020M24020,"Glens Falls, NY MSA",$940,$846,"$1,034","$1,050",$945,"$1,155","$1,280","$1,152","$1,408","$1,570","$1,413","$1,727","$1,700","$1,530","$1,870"
12185,METRO24020M24020,"Glens Falls, NY MSA",$980,$882,"$1,078","$1,120","$1,008","$1,232","$1,360","$1,224","$1,496","$1,640","$1,476","$1,804","$1,800","$1,620","$1,980"
12801,METRO24020M24020,"Glens Falls, NY MSA","$1,030",$927,"$1,133","$1,070",$963,"$1,177","$1,340","$1,206","$1,474","$1,740","$1,566","$1,914","$1,780","$1,602","$1,958"
12804,METRO24020M24020,"Glens Falls, NY MSA","$1,220","$1,098","$1,342","$1,270","$1,143","$1,397","$1,590","$1,431","$1,749","$2,060","$1,854","$2,266","$2,110","$1,899","$2,321"
12808,METRO24020M24020,"Glens Falls, NY MSA",$940,$846,"$1,034",$970,$873,"$1,067","$1,220","$1,098","$1,342","$1,580","$1,422","$1,738","$1,700","$1,530","$1,870"
12809,METRO24020M24020,"Glens Falls, NY MSA","$1,000",$900,"$1,100","$1,040",$936,"$1,144","$1,300","$1,170","$1,430","$1,680","$1,512","$1,848","$1,720","$1,548","$1,892"
12810,METRO24020M24020,"Glens Falls, NY MSA","$1,050",$945,"$1,155","$1,090",$981,"$1,199","$1,360","$1,224","$1,496","$1,760","$1,584","$1,936","$1,800","$1,620","$1,980"
12811,METRO24020M24020,"Glens Falls, NY MSA",$990,$891,"$1,089","$1,020",$918,"$1,122","$1,280","$1,152","$1,408","$1,660","$1,494","$1,826","$1,700","$1,530","$1,870"
12814,METRO24020M24020,"Glens Falls, NY MSA","$1,050",$945,"$1,155","$1,090",$981,"$1,199","$1,360","$1,224","$1,496","$1,760","$1,584","$1,936","$1,800","$1,620","$1,980"
12815,METRO24020M24020,"Glens Falls, NY MSA",$970,$873,"$1,067","$1,010",$909,"$1,111","$1,260","$1,134","$1,386","$1,630","$1,467","$1,793","$1,670","$1,503","$1,837"
12816,METRO24020M24020,"Glens Falls, NY MSA",$950,$855,"$1,045",$990,$891,"$1,089","$1,240","$1,116","$1,364","$1,610","$1,449","$1,771","$1,640","$1,476","$1,804"
12817,METRO24020M24020,"Glens Falls, NY MSA",$850,$765,$935,$930,$837,"$1,023","$1,160","$1,044","$1,276","$1,500","$1,350","$1,650","$1,540","$1,386","$1,694"
12819,METRO24020M24020,"Glens Falls, NY MSA","$1,180","$1,062","$1,298","$1,230","$1,107","$1,353","$1,540","$1,386","$1,694","$1,990","$1,791","$2,189","$2,040","$1,836","$2,244"
12820,METRO24020M24020,"Glens Falls, NY MSA","$1,160","$1,044","$1,276","$1,200","$1,080","$1,320","$1,510","$1,359","$1,661","$1,950","$1,755","$2,145","$2,000","$1,800","$2,200"
12821,METRO24020M24020,"Glens Falls, NY MSA",$950,$855,"$1,045",$980,$882,"$1,078","$1,230","$1,107","$1,353","$1,590","$1,431","$1,749","$1,630","$1,467","$1,793"
12823,METRO24020M24020,"Glens Falls, NY MSA","$1,000",$900,"$1,100","$1,040",$936,"$1,144","$1,300","$1,170","$1,430","$1,680","$1,512","$1,848","$1,720","$1,548","$1,892"
12824,METRO24020M24020,"Glens Falls, NY MSA","$1,050",$945,"$1,155","$1,090",$981,"$1,199","$1,360","$1,224","$1,496","$1,770","$1,593","$1,947","$1,810","$1,629","$1,991"
12827,METRO24020M24020,"Glens Falls, NY MSA",$980,$882,"$1,078","$1,020",$918,"$1,122","$1,280","$1,152","$1,408","$1,660","$1,494","$1,826","$1,700","$1,530","$1,870"
12828,METRO24020M24020,"Glens Falls, NY MSA","$1,020",$918,"$1,122","$1,100",$990,"$1,210","$1,360","$1,224","$1,496","$1,710","$1,539","$1,881","$1,800","$1,620","$1,980"
12832,METRO24020M24020,"Glens Falls, NY MSA",$850,$765,$935,$930,$837,"$1,023","$1,160","$1,044","$1,276","$1,500","$1,350","$1,650","$1,540","$1,386","$1,694"
12834,METRO24020M24020,"Glens Falls, NY MSA","$1,110",$999,"$1,221","$1,160","$1,044","$1,276","$1,450","$1,305","$1,595","$1,880","$1,692","$2,068","$1,920","$1,728","$2,112"
12835,METRO24020M24020,"Glens Falls, NY MSA",$910,$819,"$1,001","$1,020",$918,"$1,122","$1,240","$1,116","$1,364","$1,500","$1,350","$1,650","$1,650","$1,485","$1,815"
12836,METRO24020M24020,"Glens Falls, NY MSA","$1,150","$1,035","$1,265","$1,200","$1,080","$1,320","$1,500","$1,350","$1,650","$1,940","$1,746","$2,134","$1,990","$1,791","$2,189"
12837,METRO24020M24020,"Glens Falls, NY MSA","$1,110",$999,"$1,221","$1,160","$1,044","$1,276","$1,450","$1,305","$1,595","$1,880","$1,692","$2,068","$1,920","$1,728","$2,112"
12838,METRO24020M24020,"Glens Falls, NY MSA",$960,$864,"$1,056","$1,000",$900,"$1,100","$1,250","$1,125","$1,375","$1,620","$1,458","$1,782","$1,660","$1,494","$1,826"
12839,METRO24020M24020,"Glens Falls, NY MSA","$1,010",$909,"$1,111","$1,050",$945,"$1,155","$1,310","$1,179","$1,441","$1,700","$1,530","$1,870","$1,740","$1,566","$1,914"
12841,METRO24020M24020,"Glens Falls, NY MSA","$1,100",$990,"$1,210","$1,140","$1,026","$1,254","$1,430","$1,287","$1,573","$1,850","$1,665","$2,035","$1,900","$1,710","$2,090"
12843,METRO24020M24020,"Glens Falls, NY MSA","$1,030",$927,"$1,133","$1,070",$963,"$1,177","$1,340","$1,206","$1,474","$1,730","$1,557","$1,903","$1,780","$1,602","$1,958"
12844,METRO24020M24020,"Glens Falls, NY MSA","$1,050",$945,"$1,155","$1,090",$981,"$1,199","$1,360","$1,224","$1,496","$1,770","$1,593","$1,947","$1,810","$1,629","$1,991"
12845,METRO24020M24020,"Glens Falls, NY MSA","$1,090",$981,"$1,199","$1,130","$1,017","$1,243","$1,420","$1,278","$1,562","$1,840","$1,656","$2,024","$1,880","$1,692","$2,068"
12846,METRO24020M24020,"Glens Falls, NY MSA","$1,020",$918,"$1,122","$1,060",$954,"$1,166","$1,330","$1,197","$1,463","$1,720","$1,548","$1,892","$1,760","$1,584","$1,936"
12848,METRO24020M24020,"Glens Falls, NY MSA",$980,$882,"$1,078","$1,020",$918,"$1,122","$1,280","$1,152","$1,408","$1,660","$1,494","$1,826","$1,700","$1,530","$1,870"
12849,METRO24020M24020,"Glens Falls, NY MSA",$850,$765,$935,$930,$837,"$1,023","$1,160","$1,044","$1,276","$1,500","$1,350","$1,650","$1,540","$1,386","$1,694"
12853,METRO24020M24020,"Glens Falls, NY MSA","$1,020",$918,"$1,122","$1,060",$954,"$1,166","$1,320","$1,188","$1,452","$1,710","$1,539","$1,881","$1,760","$1,584","$1,936"
12854,METRO24020M24020,"Glens Falls, NY MSA",$850,$765,$935,$930,$837,"$1,023","$1,160","$1,044","$1,276","$1,500","$1,350","$1,650","$1,540","$1,386","$1,694"
12856,METRO24020M24020,"Glens Falls, NY MSA",$890,$801,$979,$970,$873,"$1,067","$1,210","$1,089","$1,331","$1,560","$1,404","$1,716","$1,610","$1,449","$1,771"
12857,METRO24020M24020,"Glens Falls, NY MSA",$860,$774,$946,$930,$837,"$1,023","$1,160","$1,044","$1,276","$1,500","$1,350","$1,650","$1,640","$1,476","$1,804"
12860,METRO24020M24020,"Glens Falls, NY MSA",$930,$837,"$1,023",$960,$864,"$1,056","$1,210","$1,089","$1,331","$1,570","$1,413","$1,727","$1,650","$1,485","$1,815"
12861,METRO24020M24020,"Glens Falls, NY MSA",$900,$810,$990,$930,$837,"$1,023","$1,170","$1,053","$1,287","$1,500","$1,350","$1,650","$1,680","$1,512","$1,848"
12862,METRO24020M24020,"Glens Falls, NY MSA",$940,$846,"$1,034",$970,$873,"$1,067","$1,220","$1,098","$1,342","$1,580","$1,422","$1,738","$1,620","$1,458","$1,782"
12865,METRO24020M24020,"Glens Falls, NY MSA","$1,000",$900,"$1,100","$1,040",$936,"$1,144","$1,300","$1,170","$1,430","$1,680","$1,512","$1,848","$1,720","$1,548","$1,892"
12870,METRO24020M24020,"Glens Falls, NY MSA",$910,$819,"$1,001",$930,$837,"$1,023","$1,190","$1,071","$1,309","$1,540","$1,386","$1,694","$1,730","$1,557","$1,903"
12873,METRO24020M24020,"Glens Falls, NY MSA",$850,$765,$935,$930,$837,"$1,023","$1,160","$1,044","$1,276","$1,500","$1,350","$1,650","$1,540","$1,386","$1,694"
12874,METRO24020M24020,"Glens Falls, NY MSA","$1,130","$1,017","$1,243","$1,170","$1,053","$1,287","$1,470","$1,323","$1,617","$1,900","$1,710","$2,090","$1,950","$1,755","$2,145"
12878,METRO24020M24020,"Glens Falls, NY MSA",$910,$819,"$1,001",$940,$846,"$1,034","$1,180","$1,062","$1,298","$1,530","$1,377","$1,683","$1,560","$1,404","$1,716"
12883,METRO24020M24020,"Glens Falls, NY MSA",$850,$765,$935,$930,$837,"$1,023","$1,160","$1,044","$1,276","$1,500","$1,350","$1,650","$1,540","$1,386","$1,694"
12885,METRO24020M24020,"Glens Falls, NY MSA","$1,030",$927,"$1,133","$1,070",$963,"$1,177","$1,340","$1,206","$1,474","$1,740","$1,566","$1,914","$1,780","$1,602","$1,958"
12886,METRO24020M24020,"Glens Falls, NY MSA","$1,020",$918,"$1,122","$1,060",$954,"$1,166","$1,320","$1,188","$1,452","$1,710","$1,539","$1,881","$1,760","$1,584","$1,936"
12887,METRO24020M24020,"Glens Falls, NY MSA",$950,$855,"$1,045",$980,$882,"$1,078","$1,230","$1,107","$1,353","$1,590","$1,431","$1,749","$1,630","$1,467","$1,793"
13045,METRO27060M27060,"Ithaca, NY MSA","$1,180","$1,062","$1,298","$1,300","$1,170","$1,430","$1,500","$1,350","$1,650","$1,860","$1,674","$2,046","$2,010","$1,809","$2,211"
13053,METRO27060M27060,"Ithaca, NY MSA","$1,180","$1,062","$1,298","$1,300","$1,170","$1,430","$1,500","$1,350","$1,650","$1,860","$1,674","$2,046","$2,010","$1,809","$2,211"
13062,METRO27060M27060,"Ithaca, NY MSA","$1,180","$1,062","$1,298","$1,300","$1,170","$1,430","$1,500","$1,350","$1,650","$1,860","$1,674","$2,046","$2,010","$1,809","$2,211"
13068,METRO27060M27060,"Ithaca, NY MSA","$1,180","$1,062","$1,298","$1,300","$1,170","$1,430","$1,500","$1,350","$1,650","$1,860","$1,674","$2,046","$2,010","$1,809","$2,211"
13073,METRO27060M27060,"Ithaca, NY MSA","$1,180","$1,062","$1,298","$1,300","$1,170","$1,430","$1,500","$1,350","$1,650","$1,860","$1,674","$2,046","$2,020","$1,818","$2,222"
13081,METRO27060M27060,"Ithaca, NY MSA","$1,230","$1,107","$1,353","$1,300","$1,170","$1,430","$1,600","$1,440","$1,760","$2,050","$1,845","$2,255","$2,380","$2,142","$2,618"
13092,METRO27060M27060,"Ithaca, NY MSA","$1,180","$1,062","$1,298","$1,300","$1,170","$1,430","$1,500","$1,350","$1,650","$1,860","$1,674","$2,046","$2,010","$1,809","$2,211"
13102,METRO27060M27060,"Ithaca, NY MSA","$1,180","$1,062","$1,298","$1,300","$1,170","$1,430","$1,500","$1,350","$1,650","$1,860","$1,674","$2,046","$2,010","$1,809","$2,211"
13736,METRO27060M27060,"Ithaca, NY MSA","$1,180","$1,062","$1,298","$1,300","$1,170","$1,430","$1,500","$1,350","$1,650","$1,860","$1,674","$2,046","$2,010","$1,809","$2,211"
13864,METRO27060M27060,"Ithaca, NY MSA","$1,180","$1,062","$1,298","$1,300","$1,170","$1,430","$1,500","$1,350","$1,650","$1,860","$1,674","$2,046","$2,010","$1,809","$2,211"
14817,METRO27060M27060,"Ithaca, NY MSA","$1,490","$1,341","$1,639","$1,670","$1,503","$1,837","$1,920","$1,728","$2,112","$2,320","$2,088","$2,552","$2,670","$2,403","$2,937"
14850,METRO27060M27060,"Ithaca, NY MSA","$1,380","$1,242","$1,518","$1,560","$1,404","$1,716","$1,780","$1,602","$1,958","$2,140","$1,926","$2,354","$2,460","$2,214","$2,706"
14851,METRO27060M27060,"Ithaca, NY MSA","$1,320","$1,188","$1,452","$1,490","$1,341","$1,639","$1,700","$1,530","$1,870","$2,050","$1,845","$2,255","$2,350","$2,115","$2,585"
14852,METRO27060M27060,"Ithaca, NY MSA","$1,320","$1,188","$1,452","$1,490","$1,341","$1,639","$1,700","$1,530","$1,870","$2,050","$1,845","$2,255","$2,350","$2,115","$2,585"
14853,METRO27060M27060,"Ithaca, NY MSA","$1,380","$1,242","$1,518","$1,560","$1,404","$1,716","$1,780","$1,602","$1,958","$2,140","$1,926","$2,354","$2,460","$2,214","$2,706"
14854,METRO27060M27060,"Ithaca, NY MSA","$1,210","$1,089","$1,331","$1,350","$1,215","$1,485","$1,590","$1,431","$1,749","$1,960","$1,764","$2,156","$2,230","$2,007","$2,453"
14867,METRO27060M27060,"Ithaca, NY MSA","$1,180","$1,062","$1,298","$1,300","$1,170","$1,430","$1,500","$1,350","$1,650","$1,860","$1,674","$2,046","$2,010","$1,809","$2,211"
14881,METRO27060M27060,"Ithaca, NY MSA","$1,450","$1,305","$1,595","$1,630","$1,467","$1,793","$1,870","$1,683","$2,057","$2,250","$2,025","$2,475","$2,590","$2,331","$2,849"
14882,METRO27060M27060,"Ithaca, NY MSA","$1,470","$1,323","$1,617","$1,660","$1,494","$1,826","$1,900","$1,710","$2,090","$2,300","$2,070","$2,530","$2,630","$2,367","$2,893"
14883,METRO27060M27060,"Ithaca, NY MSA","$1,180","$1,062","$1,298","$1,300","$1,170","$1,430","$1,500","$1,350","$1,650","$1,860","$1,674","$2,046","$2,010","$1,809","$2,211"
14886,METRO27060M27060,"Ithaca, NY MSA","$1,180","$1,062","$1,298","$1,300","$1,170","$1,430","$1,520","$1,368","$1,672","$1,890","$1,701","$2,079","$2,140","$1,926","$2,354"
12401,METRO28740M28740,"Kingston, NY MSA","$1,360","$1,224","$1,496","$1,360","$1,224","$1,496","$1,780","$1,602","$1,958","$2,250","$2,025","$2,475","$2,440","$2,196","$2,684"
12402,METRO28740M28740,"Kingston, NY MSA","$1,370","$1,233","$1,507","$1,370","$1,233","$1,507","$1,800","$1,620","$1,980","$2,280","$2,052","$2,508","$2,470","$2,223","$2,717"
12404,METRO28740M28740,"Kingston, NY MSA","$1,160","$1,044","$1,276","$1,180","$1,062","$1,298","$1,540","$1,386","$1,694","$1,980","$1,782","$2,178","$2,220","$1,998","$2,442"
12406,METRO28740M28740,"Kingston, NY MSA","$1,160","$1,044","$1,276","$1,180","$1,062","$1,298","$1,540","$1,386","$1,694","$1,980","$1,782","$2,178","$2,220","$1,998","$2,442"
12409,METRO28740M28740,"Kingston, NY MSA","$1,460","$1,314","$1,606","$1,460","$1,314","$1,606","$1,910","$1,719","$2,101","$2,420","$2,178","$2,662","$2,620","$2,358","$2,882"
12410,METRO28740M28740,"Kingston, NY MSA","$1,160","$1,044","$1,276","$1,180","$1,062","$1,298","$1,540","$1,386","$1,694","$1,980","$1,782","$2,178","$2,220","$1,998","$2,442"
12411,METRO28740M28740,"Kingston, NY MSA","$1,320","$1,188","$1,452","$1,320","$1,188","$1,452","$1,730","$1,557","$1,903","$2,180","$1,962","$2,398","$2,370","$2,133","$2,607"
12412,METRO28740M28740,"Kingston, NY MSA","$1,350","$1,215","$1,485","$1,350","$1,215","$1,485","$1,770","$1,593","$1,947","$2,240","$2,016","$2,464","$2,420","$2,178","$2,662"
12414,METRO28740M28740,"Kingston, NY MSA","$1,160","$1,044","$1,276","$1,180","$1,062","$1,298","$1,540","$1,386","$1,694","$1,980","$1,782","$2,178","$2,220","$1,998","$2,442"
12416,METRO28740M28740,"Kingston, NY MSA","$1,370","$1,233","$1,507","$1,370","$1,233","$1,507","$1,800","$1,620","$1,980","$2,280","$2,052","$2,508","$2,470","$2,223","$2,717"
12417,METRO28740M28740,"Kingston, NY MSA","$1,400","$1,260","$1,540","$1,400","$1,260","$1,540","$1,840","$1,656","$2,024","$2,320","$2,088","$2,552","$2,520","$2,268","$2,772"
12419,METRO28740M28740,"Kingston, NY MSA","$1,520","$1,368","$1,672","$1,520","$1,368","$1,672","$2,000","$1,800","$2,200","$2,530","$2,277","$2,783","$2,740","$2,466","$3,014"
12420,METRO28740M28740,"Kingston, NY MSA","$1,320","$1,188","$1,452","$1,360","$1,224","$1,496","$1,770","$1,593","$1,947","$2,250","$2,025","$2,475","$2,430","$2,187","$2,673"
12428,METRO28740M28740,"Kingston, NY MSA","$1,170","$1,053","$1,287","$1,180","$1,062","$1,298","$1,540","$1,386","$1,694","$1,980","$1,782","$2,178","$2,220","$1,998","$2,442"
12429,METRO28740M28740,"Kingston, NY MSA","$1,490","$1,341","$1,639","$1,490","$1,341","$1,639","$1,950","$1,755","$2,145","$2,470","$2,223","$2,717","$2,670","$2,403","$2,937"
12432,METRO28740M28740,"Kingston, NY MSA","$1,270","$1,143","$1,397","$1,270","$1,143","$1,397","$1,670","$1,503","$1,837","$2,120","$1,908","$2,332","$2,370","$2,133","$2,607"
12433,METRO28740M28740,"Kingston, NY MSA","$1,500","$1,350","$1,650","$1,500","$1,350","$1,650","$1,960","$1,764","$2,156","$2,490","$2,241","$2,739","$2,690","$2,421","$2,959"
12435,METRO28740M28740,"Kingston, NY MSA","$1,160","$1,044","$1,276","$1,180","$1,062","$1,298","$1,540","$1,386","$1,694","$1,980","$1,782","$2,178","$2,220","$1,998","$2,442"
12440,METRO28740M28740,"Kingston, NY MSA","$1,590","$1,431","$1,749","$1,590","$1,431","$1,749","$2,090","$1,881","$2,299","$2,650","$2,385","$2,915","$2,860","$2,574","$3,146"
12441,METRO28740M28740,"Kingston, NY MSA","$1,160","$1,044","$1,276","$1,180","$1,062","$1,298","$1,540","$1,386","$1,694","$1,980","$1,782","$2,178","$2,220","$1,998","$2,442"
12443,METRO28740M28740,"Kingston, NY MSA","$1,420","$1,278","$1,562","$1,430","$1,287","$1,573","$1,870","$1,683","$2,057","$2,370","$2,133","$2,607","$2,560","$2,304","$2,816"
12446,METRO28740M28740,"Kingston, NY MSA","$1,160","$1,044","$1,276","$1,180","$1,062","$1,298","$1,540","$1,386","$1,694","$1,980","$1,782","$2,178","$2,220","$1,998","$2,442"
12448,METRO28740M28740,"Kingston, NY MSA","$1,370","$1,233","$1,507","$1,370","$1,233","$1,507","$1,800","$1,620","$1,980","$2,280","$2,052","$2,508","$2,470","$2,223","$2,717"
12449,METRO28740M28740,"Kingston, NY MSA","$1,520","$1,368","$1,672","$1,520","$1,368","$1,672","$2,000","$1,800","$2,200","$2,530","$2,277","$2,783","$2,740","$2,466","$3,014"
12453,METRO28740M28740,"Kingston, NY MSA","$1,270","$1,143","$1,397","$1,270","$1,143","$1,397","$1,670","$1,503","$1,837","$2,110","$1,899","$2,321","$2,290","$2,061","$2,519"
12455,METRO28740M28740,"Kingston, NY MSA","$1,160","$1,044","$1,276","$1,180","$1,062","$1,298","$1,540","$1,386","$1,694","$1,980","$1,782","$2,178","$2,220","$1,998","$2,442"
12456,METRO28740M28740,"Kingston, NY MSA","$1,270","$1,143","$1,397","$1,270","$1,143","$1,397","$1,670","$1,503","$1,837","$2,110","$1,899","$2,321","$2,290","$2,061","$2,519"
12457,METRO28740M28740,"Kingston, NY MSA","$1,280","$1,152","$1,408","$1,280","$1,152","$1,408","$1,680","$1,512","$1,848","$2,130","$1,917","$2,343","$2,300","$2,070","$2,530"
12458,METRO28740M28740,"Kingston, NY MSA","$1,340","$1,206","$1,474","$1,340","$1,206","$1,474","$1,750","$1,575","$1,925","$2,220","$1,998","$2,442","$2,410","$2,169","$2,651"
12461,METRO28740M28740,"Kingston, NY MSA","$1,160","$1,044","$1,276","$1,180","$1,062","$1,298","$1,540","$1,386","$1,694","$1,980","$1,782","$2,178","$2,220","$1,998","$2,442"
12463,METRO28740M28740,"Kingston, NY MSA","$1,160","$1,044","$1,276","$1,180","$1,062","$1,298","$1,540","$1,386","$1,694","$1,980","$1,782","$2,178","$2,220","$1,998","$2,442"
12464,METRO28740M28740,"Kingston, NY MSA","$1,420","$1,278","$1,562","$1,420","$1,278","$1,562","$1,860","$1,674","$2,046","$2,360","$2,124","$2,596","$2,550","$2,295","$2,805"
12465,METRO28740M28740,"Kingston, NY MSA","$1,160","$1,044","$1,276","$1,180","$1,062","$1,298","$1,540","$1,386","$1,694","$1,980","$1,782","$2,178","$2,220","$1,998","$2,442"
12466,METRO28740M28740,"Kingston, NY MSA","$1,440","$1,296","$1,584","$1,440","$1,296","$1,584","$1,890","$1,701","$2,079","$2,390","$2,151","$2,629","$2,590","$2,331","$2,849"
12471,METRO28740M28740,"Kingston, NY MSA","$1,590","$1,431","$1,749","$1,590","$1,431","$1,749","$2,080","$1,872","$2,288","$2,640","$2,376","$2,904","$2,860","$2,574","$3,146"
12472,METRO28740M28740,"Kingston, NY MSA","$1,200","$1,080","$1,320","$1,200","$1,080","$1,320","$1,570","$1,413","$1,727","$1,990","$1,791","$2,189","$2,220","$1,998","$2,442"
12475,METRO28740M28740,"Kingston, NY MSA","$1,760","$1,584","$1,936","$1,760","$1,584","$1,936","$2,310","$2,079","$2,541","$2,920","$2,628","$3,212","$3,170","$2,853","$3,487"
12477,METRO28740M28740,"Kingston, NY MSA","$1,270","$1,143","$1,397","$1,270","$1,143","$1,397","$1,670","$1,503","$1,837","$2,110","$1,899","$2,321","$2,290","$2,061","$2,519"
12480,METRO28740M28740,"Kingston, NY MSA","$1,390","$1,251","$1,529","$1,390","$1,251","$1,529","$1,820","$1,638","$2,002","$2,320","$2,088","$2,552","$2,500","$2,250","$2,750"
12481,METRO28740M28740,"Kingston, NY MSA","$1,370","$1,233","$1,507","$1,370","$1,233","$1,507","$1,800","$1,620","$1,980","$2,280","$2,052","$2,508","$2,470","$2,223","$2,717"
12483,METRO28740M28740,"Kingston, NY MSA","$1,170","$1,053","$1,287","$1,190","$1,071","$1,309","$1,540","$1,386","$1,694","$1,980","$1,782","$2,178","$2,220","$1,998","$2,442"
12484,METRO28740M28740,"Kingston, NY MSA","$1,370","$1,233","$1,507","$1,380","$1,242","$1,518","$1,800","$1,620","$1,980","$2,320","$2,088","$2,552","$2,590","$2,331","$2,849"
12486,METRO28740M28740,"Kingston, NY MSA","$1,740","$1,566","$1,914","$1,750","$1,575","$1,925","$2,290","$2,061","$2,519","$2,900","$2,610","$3,190","$3,140","$2,826","$3,454"
12487,METRO28740M28740,"Kingston, NY MSA","$1,490","$1,341","$1,639","$1,490","$1,341","$1,639","$1,950","$1,755","$2,145","$2,470","$2,223","$2,717","$2,670","$2,403","$2,937"
12489,METRO28740M28740,"Kingston, NY MSA","$1,210","$1,089","$1,331","$1,210","$1,089","$1,331","$1,580","$1,422","$1,738","$2,000","$1,800","$2,200","$2,220","$1,998","$2,442"
12490,METRO28740M28740,"Kingston, NY MSA","$1,370","$1,233","$1,507","$1,370","$1,233","$1,507","$1,800","$1,620","$1,980","$2,280","$2,052","$2,508","$2,470","$2,223","$2,717"
12491,METRO28740M28740,"Kingston, NY MSA","$1,420","$1,278","$1,562","$1,420","$1,278","$1,562","$1,860","$1,674","$2,046","$2,350","$2,115","$2,585","$2,550","$2,295","$2,805"
12493,METRO28740M28740,"Kingston, NY MSA","$1,660","$1,494","$1,826","$1,660","$1,494","$1,826","$2,180","$1,962","$2,398","$2,760","$2,484","$3,036","$2,980","$2,682","$3,278"
12494,METRO28740M28740,"Kingston, NY MSA","$1,290","$1,161","$1,419","$1,330","$1,197","$1,463","$1,690","$1,521","$1,859","$2,200","$1,980","$2,420","$2,360","$2,124","$2,596"
12495,METRO28740M28740,"Kingston, NY MSA","$1,370","$1,233","$1,507","$1,370","$1,233","$1,507","$1,800","$1,620","$1,980","$2,280","$2,052","$2,508","$2,470","$2,223","$2,717"
12498,METRO28740M28740,"Kingston, NY MSA","$1,510","$1,359","$1,661","$1,510","$1,359","$1,661","$1,980","$1,782","$2,178","$2,510","$2,259","$2,761","$2,710","$2,439","$2,981"
12515,METRO28740M28740,"Kingston, NY MSA","$1,160","$1,044","$1,276","$1,180","$1,062","$1,298","$1,540","$1,386","$1,694","$1,980","$1,782","$2,178","$2,220","$1,998","$2,442"
12525,METRO28740M28740,"Kingston, NY MSA","$1,430","$1,287","$1,573","$1,430","$1,287","$1,573","$1,880","$1,692","$2,068","$2,380","$2,142","$2,618","$2,580","$2,322","$2,838"
12528,METRO28740M28740,"Kingston, NY MSA","$1,680","$1,512","$1,848","$1,680","$1,512","$1,848","$2,210","$1,989","$2,431","$2,800","$2,520","$3,080","$3,030","$2,727","$3,333"
12542,METRO28740M28740,"Kingston, NY MSA","$1,260","$1,134","$1,386","$1,280","$1,152","$1,408","$1,660","$1,494","$1,826","$2,100","$1,890","$2,310","$2,310","$2,079","$2,541"
12547,METRO28740M28740,"Kingston, NY MSA","$1,910","$1,719","$2,101","$1,910","$1,719","$2,101","$2,510","$2,259","$2,761","$3,180","$2,862","$3,498","$3,440","$3,096","$3,784"
12548,METRO28740M28740,"Kingston, NY MSA","$1,440","$1,296","$1,584","$1,440","$1,296","$1,584","$1,890","$1,701","$2,079","$2,390","$2,151","$2,629","$2,590","$2,331","$2,849"
12561,METRO28740M28740,"Kingston, NY MSA","$1,580","$1,422","$1,738","$1,580","$1,422","$1,738","$2,070","$1,863","$2,277","$2,620","$2,358","$2,882","$2,840","$2,556","$3,124"
12566,METRO28740M28740,"Kingston, NY MSA","$1,500","$1,350","$1,650","$1,590","$1,431","$1,749","$2,050","$1,845","$2,255","$2,620","$2,358","$2,882","$2,830","$2,547","$3,113"
12568,METRO28740M28740,"Kingston, NY MSA","$1,370","$1,233","$1,507","$1,370","$1,233","$1,507","$1,800","$1,620","$1,980","$2,280","$2,052","$2,508","$2,470","$2,223","$2,717"
12586,METRO28740M28740,"Kingston, NY MSA","$1,250","$1,125","$1,375","$1,420","$1,278","$1,562","$1,820","$1,638","$2,002","$2,320","$2,088","$2,552","$2,510","$2,259","$2,761"
12588,METRO28740M28740,"Kingston, NY MSA","$1,370","$1,233","$1,507","$1,370","$1,233","$1,507","$1,800","$1,620","$1,980","$2,280","$2,052","$2,508","$2,470","$2,223","$2,717"
12589,METRO28740M28740,"Kingston, NY MSA","$1,160","$1,044","$1,276","$1,280","$1,152","$1,408","$1,650","$1,485","$1,815","$2,090","$1,881","$2,299","$2,310","$2,079","$2,541"
12725,METRO28740M28740,"Kingston, NY MSA","$1,160","$1,044","$1,276","$1,180","$1,062","$1,298","$1,540","$1,386","$1,694","$1,980","$1,782","$2,178","$2,220","$1,998","$2,442"
12740,METRO28740M28740,"Kingston, NY MSA","$1,280","$1,152","$1,408","$1,340","$1,206","$1,474","$1,700","$1,530","$1,870","$2,210","$1,989","$2,431","$2,450","$2,205","$2,695"
12758,METRO28740M28740,"Kingston, NY MSA","$1,160","$1,044","$1,276","$1,180","$1,062","$1,298","$1,540","$1,386","$1,694","$1,980","$1,782","$2,178","$2,220","$1,998","$2,442"
12763,METRO28740M28740,"Kingston, NY MSA","$1,190","$1,071","$1,309","$1,220","$1,098","$1,342","$1,580","$1,422","$1,738","$2,040","$1,836","$2,244","$2,280","$2,052","$2,508"
12789,METRO28740M28740,"Kingston, NY MSA","$1,160","$1,044","$1,276","$1,180","$1,062","$1,298","$1,540","$1,386","$1,694","$1,980","$1,782","$2,178","$2,220","$1,998","$2,442"
13731,METRO28740M28740,"Kingston, NY MSA","$1,160","$1,044","$1,276","$1,180","$1,062","$1,298","$1,540","$1,386","$1,694","$1,980","$1,782","$2,178","$2,220","$1,998","$2,442"
06390,METRO35620MM5380,"Nassau-Suffolk, NY HUD Metro FMR Area","$1,820","$1,638","$2,002","$2,210","$1,989","$2,431","$2,550","$2,295","$2,805","$3,310","$2,979","$3,641","$3,540","$3,186","$3,894"
11001,METRO35620MM5380,"Nassau-Suffolk, NY HUD Metro FMR Area","$2,150","$1,935","$2,365","$2,220","$1,998","$2,442","$2,540","$2,286","$2,794","$3,270","$2,943","$3,597","$3,510","$3,159","$3,861"
11002,METRO35620MM5380,"Nassau-Suffolk, NY HUD Metro FMR Area","$1,880","$1,692","$2,068","$2,280","$2,052","$2,508","$2,630","$2,367","$2,893","$3,410","$3,069","$3,751","$3,650","$3,285","$4,015"
11003,METRO35620MM5380,"Nassau-Suffolk, NY HUD Metro FMR Area","$2,150","$1,935","$2,365","$2,310","$2,079","$2,541","$2,670","$2,403","$2,937","$3,460","$3,114","$3,806","$3,710","$3,339","$4,081"
11004,METRO35620MM5380,"Nassau-Suffolk, NY HUD Metro FMR Area","$2,330","$2,097","$2,563","$2,430","$2,187","$2,673","$2,690","$2,421","$2,959","$3,350","$3,015","$3,685","$3,620","$3,258","$3,982"
11005,METRO35620MM5380,"Nassau-Suffolk, NY HUD Metro FMR Area","$3,230","$2,907","$3,553","$3,320","$2,988","$3,652","$3,720","$3,348","$4,092","$4,640","$4,176","$5,104","$5,000","$4,500","$5,500"
11010,METRO35620MM5380,"Nassau-Suffolk, NY HUD Metro FMR Area","$1,760","$1,584","$1,936","$2,130","$1,917","$2,343","$2,460","$2,214","$2,706","$3,190","$2,871","$3,509","$3,420","$3,078","$3,762"
11020,METRO35620MM5380,"Nassau-Suffolk, NY HUD Metro FMR Area","$2,200","$1,980","$2,420","$2,660","$2,394","$2,926","$3,060","$2,754","$3,366","$3,970","$3,573","$4,367","$4,250","$3,825","$4,675"
11021,METRO35620MM5380,"Nassau-Suffolk, NY HUD Metro FMR Area","$1,810","$1,629","$1,991","$2,200","$1,980","$2,420","$2,540","$2,286","$2,794","$3,290","$2,961","$3,619","$3,530","$3,177","$3,883"
11022,METRO35620MM5380,"Nassau-Suffolk, NY HUD Metro FMR Area","$1,880","$1,692","$2,068","$2,280","$2,052","$2,508","$2,630","$2,367","$2,893","$3,410","$3,069","$3,751","$3,650","$3,285","$4,015"
11023,METRO35620MM5380,"Nassau-Suffolk, NY HUD Metro FMR Area","$1,930","$1,737","$2,123","$2,350","$2,115","$2,585","$2,800","$2,520","$3,080","$3,600","$3,240","$3,960","$3,960","$3,564","$4,356"
11024,METRO35620MM5380,"Nassau-Suffolk, NY HUD Metro FMR Area","$2,100","$1,890","$2,310","$2,550","$2,295","$2,805","$2,940","$2,646","$3,234","$3,810","$3,429","$4,191","$4,080","$3,672","$4,488"
11030,METRO35620MM5380,"Nassau-Suffolk, NY HUD Metro FMR Area","$2,100","$1,890","$2,310","$2,550","$2,295","$2,805","$2,940","$2,646","$3,234","$3,810","$3,429","$4,191","$4,080","$3,672","$4,488"
11040,METRO35620MM5380,"Nassau-Suffolk, NY HUD Metro FMR Area","$2,150","$1,935","$2,365","$2,540","$2,286","$2,794","$2,920","$2,628","$3,212","$3,780","$3,402","$4,158","$4,050","$3,645","$4,455"
11042,METRO35620MM5380,"Nassau-Suffolk, NY HUD Metro FMR Area","$2,210","$1,989","$2,431","$2,610","$2,349","$2,871","$2,990","$2,691","$3,289","$3,850","$3,465","$4,235","$4,130","$3,717","$4,543"
11050,METRO35620MM5380,"Nassau-Suffolk, NY HUD Metro FMR Area","$2,150","$1,935","$2,365","$2,610","$2,349","$2,871","$3,010","$2,709","$3,311","$3,900","$3,510","$4,290","$4,180","$3,762","$4,598"
11096,METRO35620MM5380,"Nassau-Suffolk, NY HUD Metro FMR Area","$1,570","$1,413","$1,727","$1,930","$1,737","$2,123","$2,260","$2,034","$2,486","$2,930","$2,637","$3,223","$3,170","$2,853","$3,487"
11363,METRO35620MM5380,"Nassau-Suffolk, NY HUD Metro FMR Area","$2,820","$2,538","$3,102","$2,940","$2,646","$3,234","$3,260","$2,934","$3,586","$4,060","$3,654","$4,466","$4,380","$3,942","$4,818"
11501,METRO35620MM5380,"Nassau-Suffolk, NY HUD Metro FMR Area","$1,840","$1,656","$2,024","$2,230","$2,007","$2,453","$2,570","$2,313","$2,827","$3,330","$2,997","$3,663","$3,570","$3,213","$3,927"
11507,METRO35620MM5380,"Nassau-Suffolk, NY HUD Metro FMR Area","$1,870","$1,683","$2,057","$2,270","$2,043","$2,497","$2,620","$2,358","$2,882","$3,400","$3,060","$3,740","$3,640","$3,276","$4,004"
11509,METRO35620MM5380,"Nassau-Suffolk, NY HUD Metro FMR Area","$2,420","$2,178","$2,662","$2,940","$2,646","$3,234","$3,390","$3,051","$3,729","$4,390","$3,951","$4,829","$4,710","$4,239","$5,181"
11510,METRO35620MM5380,"Nassau-Suffolk, NY HUD Metro FMR Area","$1,740","$1,566","$1,914","$2,110","$1,899","$2,321","$2,440","$2,196","$2,684","$3,160","$2,844","$3,476","$3,390","$3,051","$3,729"
11514,METRO35620MM5380,"Nassau-Suffolk, NY HUD Metro FMR Area","$1,910","$1,719","$2,101","$2,310","$2,079","$2,541","$2,670","$2,403","$2,937","$3,460","$3,114","$3,806","$3,710","$3,339","$4,081"
11516,METRO35620MM5380,"Nassau-Suffolk, NY HUD Metro FMR Area","$1,760","$1,584","$1,936","$2,130","$1,917","$2,343","$2,460","$2,214","$2,706","$3,190","$2,871","$3,509","$3,420","$3,078","$3,762"
11518,METRO35620MM5380,"Nassau-Suffolk, NY HUD Metro FMR Area","$1,830","$1,647","$2,013","$2,220","$1,998","$2,442","$2,560","$2,304","$2,816","$3,320","$2,988","$3,652","$3,560","$3,204","$3,916"
11520,METRO35620MM5380,"Nassau-Suffolk, NY HUD Metro FMR Area","$1,690","$1,521","$1,859","$2,040","$1,836","$2,244","$2,360","$2,124","$2,596","$3,060","$2,754","$3,366","$3,280","$2,952","$3,608"
11530,METRO35620MM5380,"Nassau-Suffolk, NY HUD Metro FMR Area","$2,770","$2,493","$3,047","$3,360","$3,024","$3,696","$3,880","$3,492","$4,268","$5,030","$4,527","$5,533","$5,390","$4,851","$5,929"
11531,METRO35620MM5380,"Nassau-Suffolk, NY HUD Metro FMR Area","$1,880","$1,692","$2,068","$2,280","$2,052","$2,508","$2,630","$2,367","$2,893","$3,410","$3,069","$3,751","$3,650","$3,285","$4,015"
11542,METRO35620MM5380,"Nassau-Suffolk, NY HUD Metro FMR Area","$1,870","$1,683","$2,057","$2,270","$2,043","$2,497","$2,620","$2,358","$2,882","$3,400","$3,060","$3,740","$3,640","$3,276","$4,004"
11545,METRO35620MM5380,"Nassau-Suffolk, NY HUD Metro FMR Area","$1,710","$1,539","$1,881","$2,080","$1,872","$2,288","$2,400","$2,160","$2,640","$3,110","$2,799","$3,421","$3,330","$2,997","$3,663"
11547,METRO35620MM5380,"Nassau-Suffolk, NY HUD Metro FMR Area","$1,650","$1,485","$1,815","$2,070","$1,863","$2,277","$2,430","$2,187","$2,673","$3,150","$2,835","$3,465","$3,410","$3,069","$3,751"
11548,METRO35620MM5380,"Nassau-Suffolk, NY HUD Metro FMR Area","$2,680","$2,412","$2,948","$3,250","$2,925","$3,575","$3,750","$3,375","$4,125","$4,860","$4,374","$5,346","$5,210","$4,689","$5,731"
11549,METRO35620MM5380,"Nassau-Suffolk, NY HUD Metro FMR Area","$1,820","$1,638","$2,002","$2,210","$1,989","$2,431","$2,550","$2,295","$2,805","$3,310","$2,979","$3,641","$3,540","$3,186","$3,894"
11550,METRO35620MM5380,"Nassau-Suffolk, NY HUD Metro FMR Area","$1,580","$1,422","$1,738","$1,930","$1,737","$2,123","$2,260","$2,034","$2,486","$2,930","$2,637","$3,223","$3,170","$2,853","$3,487"
11551,METRO35620MM5380,"Nassau-Suffolk, NY HUD Metro FMR Area","$1,880","$1,692","$2,068","$2,280","$2,052","$2,508","$2,630","$2,367","$2,893","$3,410","$3,069","$3,751","$3,650","$3,285","$4,015"
11552,METRO35620MM5380,"Nassau-Suffolk, NY HUD Metro FMR Area","$2,060","$1,854","$2,266","$2,500","$2,250","$2,750","$2,880","$2,592","$3,168","$3,730","$3,357","$4,103","$4,000","$3,600","$4,400"
11553,METRO35620MM5380,"Nassau-Suffolk, NY HUD Metro FMR Area","$1,820","$1,638","$2,002","$2,210","$1,989","$2,431","$2,550","$2,295","$2,805","$3,310","$2,979","$3,641","$3,540","$3,186","$3,894"
11554,METRO35620MM5380,"Nassau-Suffolk, NY HUD Metro FMR Area","$2,320","$2,088","$2,552","$2,820","$2,538","$3,102","$3,250","$2,925","$3,575","$4,210","$3,789","$4,631","$4,510","$4,059","$4,961"
11556,METRO35620MM5380,"Nassau-Suffolk, NY HUD Metro FMR Area","$1,880","$1,692","$2,068","$2,280","$2,052","$2,508","$2,630","$2,367","$2,893","$3,410","$3,069","$3,751","$3,650","$3,285","$4,015"
11557,METRO35620MM5380,"Nassau-Suffolk, NY HUD Metro FMR Area","$2,100","$1,890","$2,310","$2,550","$2,295","$2,805","$2,940","$2,646","$3,234","$3,810","$3,429","$4,191","$4,080","$3,672","$4,488"
11558,METRO35620MM5380,"Nassau-Suffolk, NY HUD Metro FMR Area","$1,840","$1,656","$2,024","$2,230","$2,007","$2,453","$2,570","$2,313","$2,827","$3,330","$2,997","$3,663","$3,570","$3,213","$3,927"
11559,METRO35620MM5380,"Nassau-Suffolk, NY HUD Metro FMR Area","$2,150","$1,935","$2,365","$2,210","$1,989","$2,431","$2,480","$2,232","$2,728","$3,210","$2,889","$3,531","$3,440","$3,096","$3,784"
11560,METRO35620MM5380,"Nassau-Suffolk, NY HUD Metro FMR Area","$1,920","$1,728","$2,112","$2,330","$2,097","$2,563","$2,690","$2,421","$2,959","$3,490","$3,141","$3,839","$3,740","$3,366","$4,114"
11561,METRO35620MM5380,"Nassau-Suffolk, NY HUD Metro FMR Area","$2,090","$1,881","$2,299","$2,530","$2,277","$2,783","$2,920","$2,628","$3,212","$3,790","$3,411","$4,169","$4,060","$3,654","$4,466"
11563,METRO35620MM5380,"Nassau-Suffolk, NY HUD Metro FMR Area","$1,840","$1,656","$2,024","$2,230","$2,007","$2,453","$2,570","$2,313","$2,827","$3,330","$2,997","$3,663","$3,570","$3,213","$3,927"
11565,METRO35620MM5380,"Nassau-Suffolk, NY HUD Metro FMR Area","$1,700","$1,530","$1,870","$2,060","$1,854","$2,266","$2,380","$2,142","$2,618","$3,090","$2,781","$3,399","$3,310","$2,979","$3,641"
11566,METRO35620MM5380,"Nassau-Suffolk, NY HUD Metro FMR Area","$2,190","$1,971","$2,409","$2,650","$2,385","$2,915","$3,060","$2,754","$3,366","$3,970","$3,573","$4,367","$4,250","$3,825","$4,675"
11568,METRO35620MM5380,"Nassau-Suffolk, NY HUD Metro FMR Area","$2,040","$1,836","$2,244","$2,470","$2,223","$2,717","$2,850","$2,565","$3,135","$3,700","$3,330","$4,070","$3,970","$3,573","$4,367"
11569,METRO35620MM5380,"Nassau-Suffolk, NY HUD Metro FMR Area","$2,090","$1,881","$2,299","$2,530","$2,277","$2,783","$2,920","$2,628","$3,212","$3,790","$3,411","$4,169","$4,060","$3,654","$4,466"
11570,METRO35620MM5380,"Nassau-Suffolk, NY HUD Metro FMR Area","$1,710","$1,539","$1,881","$2,070","$1,863","$2,277","$2,390","$2,151","$2,629","$3,100","$2,790","$3,410","$3,320","$2,988","$3,652"
11571,METRO35620MM5380,"Nassau-Suffolk, NY HUD Metro FMR Area","$1,880","$1,692","$2,068","$2,280","$2,052","$2,508","$2,630","$2,367","$2,893","$3,410","$3,069","$3,751","$3,650","$3,285","$4,015"
11572,METRO35620MM5380,"Nassau-Suffolk, NY HUD Metro FMR Area","$1,790","$1,611","$1,969","$2,170","$1,953","$2,387","$2,510","$2,259","$2,761","$3,250","$2,925","$3,575","$3,490","$3,141","$3,839"
11575,METRO35620MM5380,"Nassau-Suffolk, NY HUD Metro FMR Area","$2,130","$1,917","$2,343","$2,580","$2,322","$2,838","$2,980","$2,682","$3,278","$3,860","$3,474","$4,246","$4,140","$3,726","$4,554"
11576,METRO35620MM5380,"Nassau-Suffolk, NY HUD Metro FMR Area","$1,890","$1,701","$2,079","$2,300","$2,070","$2,530","$2,650","$2,385","$2,915","$3,440","$3,096","$3,784","$3,680","$3,312","$4,048"
11577,METRO35620MM5380,"Nassau-Suffolk, NY HUD Metro FMR Area","$1,910","$1,719","$2,101","$2,380","$2,142","$2,618","$2,790","$2,511","$3,069","$3,600","$3,240","$3,960","$3,910","$3,519","$4,301"
11579,METRO35620MM5380,"Nassau-Suffolk, NY HUD Metro FMR Area","$2,090","$1,881","$2,299","$2,530","$2,277","$2,783","$2,920","$2,628","$3,212","$3,790","$3,411","$4,169","$4,060","$3,654","$4,466"
11580,METRO35620MM5380,"Nassau-Suffolk, NY HUD Metro FMR Area","$2,150","$1,935","$2,365","$2,210","$1,989","$2,431","$2,490","$2,241","$2,739","$3,230","$2,907","$3,553","$3,460","$3,114","$3,806"
11581,METRO35620MM5380,"Nassau-Suffolk, NY HUD Metro FMR Area","$1,720","$1,548","$1,892","$2,090","$1,881","$2,299","$2,410","$2,169","$2,651","$3,120","$2,808","$3,432","$3,350","$3,015","$3,685"
11582,METRO35620MM5380,"Nassau-Suffolk, NY HUD Metro FMR Area","$1,880","$1,692","$2,068","$2,280","$2,052","$2,508","$2,630","$2,367","$2,893","$3,410","$3,069","$3,751","$3,650","$3,285","$4,015"
11590,METRO35620MM5380,"Nassau-Suffolk, NY HUD Metro FMR Area","$2,070","$1,863","$2,277","$2,510","$2,259","$2,761","$2,900","$2,610","$3,190","$3,760","$3,384","$4,136","$4,030","$3,627","$4,433"
11596,METRO35620MM5380,"Nassau-Suffolk, NY HUD Metro FMR Area","$1,760","$1,584","$1,936","$2,140","$1,926","$2,354","$2,470","$2,223","$2,717","$3,200","$2,880","$3,520","$3,430","$3,087","$3,773"
11598,METRO35620MM5380,"Nassau-Suffolk, NY HUD Metro FMR Area","$2,140","$1,926","$2,354","$2,600","$2,340","$2,860","$3,000","$2,700","$3,300","$3,890","$3,501","$4,279","$4,170","$3,753","$4,587"
11691,METRO35620MM5380,"Nassau-Suffolk, NY HUD Metro FMR Area","$2,180","$1,962","$2,398","$2,280","$2,052","$2,508","$2,520","$2,268","$2,772","$3,140","$2,826","$3,454","$3,390","$3,051","$3,729"
11701,METRO35620MM5380,"Nassau-Suffolk, NY HUD Metro FMR Area","$1,730","$1,557","$1,903","$2,100","$1,890","$2,310","$2,420","$2,178","$2,662","$3,140","$2,826","$3,454","$3,360","$3,024","$3,696"
11702,METRO35620MM5380,"Nassau-Suffolk, NY HUD Metro FMR Area","$2,040","$1,836","$2,244","$2,470","$2,223","$2,717","$2,850","$2,565","$3,135","$3,690","$3,321","$4,059","$3,960","$3,564","$4,356"
11703,METRO35620MM5380,"Nassau-Suffolk, NY HUD Metro FMR Area","$1,810","$1,629","$1,991","$2,200","$1,980","$2,420","$2,540","$2,286","$2,794","$3,290","$2,961","$3,619","$3,530","$3,177","$3,883"
11704,METRO35620MM5380,"Nassau-Suffolk, NY HUD Metro FMR Area","$1,840","$1,656","$2,024","$2,240","$2,016","$2,464","$2,580","$2,322","$2,838","$3,340","$3,006","$3,674","$3,580","$3,222","$3,938"
11705,METRO35620MM5380,"Nassau-Suffolk, NY HUD Metro FMR Area","$1,790","$1,611","$1,969","$2,170","$1,953","$2,387","$2,500","$2,250","$2,750","$3,240","$2,916","$3,564","$3,470","$3,123","$3,817"
11706,METRO35620MM5380,"Nassau-Suffolk, NY HUD Metro FMR Area","$1,680","$1,512","$1,848","$2,040","$1,836","$2,244","$2,350","$2,115","$2,585","$3,050","$2,745","$3,355","$3,260","$2,934","$3,586"
11709,METRO35620MM5380,"Nassau-Suffolk, NY HUD Metro FMR Area","$1,720","$1,548","$1,892","$2,090","$1,881","$2,299","$2,410","$2,169","$2,651","$3,120","$2,808","$3,432","$3,350","$3,015","$3,685"
11710,METRO35620MM5380,"Nassau-Suffolk, NY HUD Metro FMR Area","$2,040","$1,836","$2,244","$2,470","$2,223","$2,717","$2,850","$2,565","$3,135","$3,690","$3,321","$4,059","$3,960","$3,564","$4,356"
11713,METRO35620MM5380,"Nassau-Suffolk, NY HUD Metro FMR Area","$2,260","$2,034","$2,486","$2,740","$2,466","$3,014","$3,160","$2,844","$3,476","$4,100","$3,690","$4,510","$4,390","$3,951","$4,829"
11714,METRO35620MM5380,"Nassau-Suffolk, NY HUD Metro FMR Area","$2,090","$1,881","$2,299","$2,530","$2,277","$2,783","$2,920","$2,628","$3,212","$3,790","$3,411","$4,169","$4,060","$3,654","$4,466"
11715,METRO35620MM5380,"Nassau-Suffolk, NY HUD Metro FMR Area","$1,810","$1,629","$1,991","$2,200","$1,980","$2,420","$2,540","$2,286","$2,794","$3,290","$2,961","$3,619","$3,530","$3,177","$3,883"
11716,METRO35620MM5380,"Nassau-Suffolk, NY HUD Metro FMR Area","$2,000","$1,800","$2,200","$2,430","$2,187","$2,673","$2,800","$2,520","$3,080","$3,630","$3,267","$3,993","$3,890","$3,501","$4,279"
11717,METRO35620MM5380,"Nassau-Suffolk, NY HUD Metro FMR Area","$1,540","$1,386","$1,694","$1,930","$1,737","$2,123","$2,260","$2,034","$2,486","$2,930","$2,637","$3,223","$3,170","$2,853","$3,487"
11718,METRO35620MM5380,"Nassau-Suffolk, NY HUD Metro FMR Area","$1,680","$1,512","$1,848","$2,040","$1,836","$2,244","$2,350","$2,115","$2,585","$3,050","$2,745","$3,355","$3,260","$2,934","$3,586"
11719,METRO35620MM5380,"Nassau-Suffolk, NY HUD Metro FMR Area","$1,540","$1,386","$1,694","$1,930","$1,737","$2,123","$2,260","$2,034","$2,486","$2,930","$2,637","$3,223","$3,170","$2,853","$3,487"
11720,METRO35620MM5380,"Nassau-Suffolk, NY HUD Metro FMR Area","$1,850","$1,665","$2,035","$2,240","$2,016","$2,464","$2,590","$2,331","$2,849","$3,360","$3,024","$3,696","$3,600","$3,240","$3,960"
11721,METRO35620MM5380,"Nassau-Suffolk, NY HUD Metro FMR Area","$2,770","$2,493","$3,047","$3,360","$3,024","$3,696","$3,880","$3,492","$4,268","$5,030","$4,527","$5,533","$5,390","$4,851","$5,929"
11722,METRO35620MM5380,"Nassau-Suffolk, NY HUD Metro FMR Area","$1,860","$1,674","$2,046","$2,250","$2,025","$2,475","$2,600","$2,340","$2,860","$3,370","$3,033","$3,707","$3,610","$3,249","$3,971"
11724,METRO35620MM5380,"Nassau-Suffolk, NY HUD Metro FMR Area","$2,220","$1,998","$2,442","$2,790","$2,511","$3,069","$3,250","$2,925","$3,575","$4,210","$3,789","$4,631","$4,570","$4,113","$5,027"
11725,METRO35620MM5380,"Nassau-Suffolk, NY HUD Metro FMR Area","$2,040","$1,836","$2,244","$2,480","$2,232","$2,728","$2,860","$2,574","$3,146","$3,710","$3,339","$4,081","$3,970","$3,573","$4,367"
11726,METRO35620MM5380,"Nassau-Suffolk, NY HUD Metro FMR Area","$1,620","$1,458","$1,782","$1,970","$1,773","$2,167","$2,270","$2,043","$2,497","$2,940","$2,646","$3,234","$3,170","$2,853","$3,487"
11727,METRO35620MM5380,"Nassau-Suffolk, NY HUD Metro FMR Area","$2,080","$1,872","$2,288","$2,520","$2,268","$2,772","$2,910","$2,619","$3,201","$3,770","$3,393","$4,147","$4,040","$3,636","$4,444"
11729,METRO35620MM5380,"Nassau-Suffolk, NY HUD Metro FMR Area","$1,570","$1,413","$1,727","$1,930","$1,737","$2,123","$2,260","$2,034","$2,486","$2,930","$2,637","$3,223","$3,170","$2,853","$3,487"
11730,METRO35620MM5380,"Nassau-Suffolk, NY HUD Metro FMR Area","$2,080","$1,872","$2,288","$2,520","$2,268","$2,772","$2,910","$2,619","$3,201","$3,770","$3,393","$4,147","$4,040","$3,636","$4,444"
11731,METRO35620MM5380,"Nassau-Suffolk, NY HUD Metro FMR Area","$1,910","$1,719","$2,101","$2,320","$2,088","$2,552","$2,680","$2,412","$2,948","$3,470","$3,123","$3,817","$3,720","$3,348","$4,092"
11732,METRO35620MM5380,"Nassau-Suffolk, NY HUD Metro FMR Area","$2,410","$2,169","$2,651","$2,930","$2,637","$3,223","$3,380","$3,042","$3,718","$4,380","$3,942","$4,818","$4,690","$4,221","$5,159"
11733,METRO35620MM5380,"Nassau-Suffolk, NY HUD Metro FMR Area","$2,160","$1,944","$2,376","$2,620","$2,358","$2,882","$3,020","$2,718","$3,322","$3,910","$3,519","$4,301","$4,190","$3,771","$4,609"
11735,METRO35620MM5380,"Nassau-Suffolk, NY HUD Metro FMR Area","$1,770","$1,593","$1,947","$2,150","$1,935","$2,365","$2,480","$2,232","$2,728","$3,210","$2,889","$3,531","$3,440","$3,096","$3,784"
11738,METRO35620MM5380,"Nassau-Suffolk, NY HUD Metro FMR Area","$2,260","$2,034","$2,486","$2,750","$2,475","$3,025","$3,170","$2,853","$3,487","$4,110","$3,699","$4,521","$4,400","$3,960","$4,840"
11739,METRO35620MM5380,"Nassau-Suffolk, NY HUD Metro FMR Area","$2,000","$1,800","$2,200","$2,430","$2,187","$2,673","$2,800","$2,520","$3,080","$3,630","$3,267","$3,993","$3,890","$3,501","$4,279"
11740,METRO35620MM5380,"Nassau-Suffolk, NY HUD Metro FMR Area","$1,730","$1,557","$1,903","$2,100","$1,890","$2,310","$2,420","$2,178","$2,662","$3,140","$2,826","$3,454","$3,360","$3,024","$3,696"
11741,METRO35620MM5380,"Nassau-Suffolk, NY HUD Metro FMR Area","$1,940","$1,746","$2,134","$2,350","$2,115","$2,585","$2,710","$2,439","$2,981","$3,510","$3,159","$3,861","$3,760","$3,384","$4,136"
11742,METRO35620MM5380,"Nassau-Suffolk, NY HUD Metro FMR Area","$1,890","$1,701","$2,079","$2,290","$2,061","$2,519","$2,640","$2,376","$2,904","$3,420","$3,078","$3,762","$3,670","$3,303","$4,037"
11743,METRO35620MM5380,"Nassau-Suffolk, NY HUD Metro FMR Area","$1,960","$1,764","$2,156","$2,370","$2,133","$2,607","$2,740","$2,466","$3,014","$3,550","$3,195","$3,905","$3,810","$3,429","$4,191"
11746,METRO35620MM5380,"Nassau-Suffolk, NY HUD Metro FMR Area","$1,840","$1,656","$2,024","$2,240","$2,016","$2,464","$2,580","$2,322","$2,838","$3,340","$3,006","$3,674","$3,580","$3,222","$3,938"
11747,METRO35620MM5380,"Nassau-Suffolk, NY HUD Metro FMR Area","$2,560","$2,304","$2,816","$3,100","$2,790","$3,410","$3,580","$3,222","$3,938","$4,640","$4,176","$5,104","$4,970","$4,473","$5,467"
11749,METRO35620MM5380,"Nassau-Suffolk, NY HUD Metro FMR Area","$1,690","$1,521","$1,859","$2,050","$1,845","$2,255","$2,370","$2,133","$2,607","$3,070","$2,763","$3,377","$3,290","$2,961","$3,619"
11751,METRO35620MM5380,"Nassau-Suffolk, NY HUD Metro FMR Area","$1,860","$1,674","$2,046","$2,250","$2,025","$2,475","$2,600","$2,340","$2,860","$3,370","$3,033","$3,707","$3,610","$3,249","$3,971"
11752,METRO35620MM5380,"Nassau-Suffolk, NY HUD Metro FMR Area","$2,140","$1,926","$2,354","$2,600","$2,340","$2,860","$3,000","$2,700","$3,300","$3,890","$3,501","$4,279","$4,170","$3,753","$4,587"
11753,METRO35620MM5380,"Nassau-Suffolk, NY HUD Metro FMR Area","$2,090","$1,881","$2,299","$2,540","$2,286","$2,794","$2,930","$2,637","$3,223","$3,800","$3,420","$4,180","$4,070","$3,663","$4,477"
11754,METRO35620MM5380,"Nassau-Suffolk, NY HUD Metro FMR Area","$1,610","$1,449","$1,771","$1,950","$1,755","$2,145","$2,260","$2,034","$2,486","$2,930","$2,637","$3,223","$3,170","$2,853","$3,487"
11755,METRO35620MM5380,"Nassau-Suffolk, NY HUD Metro FMR Area","$1,970","$1,773","$2,167","$2,390","$2,151","$2,629","$2,760","$2,484","$3,036","$3,580","$3,222","$3,938","$3,830","$3,447","$4,213"
11756,METRO35620MM5380,"Nassau-Suffolk, NY HUD Metro FMR Area","$2,070","$1,863","$2,277","$2,510","$2,259","$2,761","$2,900","$2,610","$3,190","$3,760","$3,384","$4,136","$4,030","$3,627","$4,433"
11757,METRO35620MM5380,"Nassau-Suffolk, NY HUD Metro FMR Area","$1,700","$1,530","$1,870","$2,060","$1,854","$2,266","$2,380","$2,142","$2,618","$3,090","$2,781","$3,399","$3,310","$2,979","$3,641"
11758,METRO35620MM5380,"Nassau-Suffolk, NY HUD Metro FMR Area","$2,060","$1,854","$2,266","$2,500","$2,250","$2,750","$2,890","$2,601","$3,179","$3,750","$3,375","$4,125","$4,010","$3,609","$4,411"
11762,METRO35620MM5380,"Nassau-Suffolk, NY HUD Metro FMR Area","$2,460","$2,214","$2,706","$2,990","$2,691","$3,289","$3,450","$3,105","$3,795","$4,470","$4,023","$4,917","$4,790","$4,311","$5,269"
11763,METRO35620MM5380,"Nassau-Suffolk, NY HUD Metro FMR Area","$1,990","$1,791","$2,189","$2,410","$2,169","$2,651","$2,780","$2,502","$3,058","$3,600","$3,240","$3,960","$3,860","$3,474","$4,246"
11764,METRO35620MM5380,"Nassau-Suffolk, NY HUD Metro FMR Area","$2,020","$1,818","$2,222","$2,450","$2,205","$2,695","$2,830","$2,547","$3,113","$3,670","$3,303","$4,037","$3,930","$3,537","$4,323"
11765,METRO35620MM5380,"Nassau-Suffolk, NY HUD Metro FMR Area","$2,310","$2,079","$2,541","$2,890","$2,601","$3,179","$3,390","$3,051","$3,729","$4,390","$3,951","$4,829","$4,760","$4,284","$5,236"
11766,METRO35620MM5380,"Nassau-Suffolk, NY HUD Metro FMR Area","$2,570","$2,313","$2,827","$3,120","$2,808","$3,432","$3,600","$3,240","$3,960","$4,670","$4,203","$5,137","$5,000","$4,500","$5,500"
11767,METRO35620MM5380,"Nassau-Suffolk, NY HUD Metro FMR Area","$1,960","$1,764","$2,156","$2,370","$2,133","$2,607","$2,740","$2,466","$3,014","$3,550","$3,195","$3,905","$3,810","$3,429","$4,191"
11768,METRO35620MM5380,"Nassau-Suffolk, NY HUD Metro FMR Area","$1,990","$1,791","$2,189","$2,410","$2,169","$2,651","$2,780","$2,502","$3,058","$3,600","$3,240","$3,960","$3,860","$3,474","$4,246"
11769,METRO35620MM5380,"Nassau-Suffolk, NY HUD Metro FMR Area","$1,870","$1,683","$2,057","$2,270","$2,043","$2,497","$2,620","$2,358","$2,882","$3,400","$3,060","$3,740","$3,640","$3,276","$4,004"
11770,METRO35620MM5380,"Nassau-Suffolk, NY HUD Metro FMR Area","$1,690","$1,521","$1,859","$2,050","$1,845","$2,255","$2,360","$2,124","$2,596","$3,060","$2,754","$3,366","$3,270","$2,943","$3,597"
11771,METRO35620MM5380,"Nassau-Suffolk, NY HUD Metro FMR Area","$1,690","$1,521","$1,859","$2,040","$1,836","$2,244","$2,360","$2,124","$2,596","$3,060","$2,754","$3,366","$3,280","$2,952","$3,608"
11772,METRO35620MM5380,"Nassau-Suffolk, NY HUD Metro FMR Area","$1,690","$1,521","$1,859","$2,040","$1,836","$2,244","$2,360","$2,124","$2,596","$3,060","$2,754","$3,366","$3,280","$2,952","$3,608"
11773,METRO35620MM5380,"Nassau-Suffolk, NY HUD Metro FMR Area","$1,880","$1,692","$2,068","$2,280","$2,052","$2,508","$2,630","$2,367","$2,893","$3,410","$3,069","$3,751","$3,650","$3,285","$4,015"
11776,METRO35620MM5380,"Nassau-Suffolk, NY HUD Metro FMR Area","$1,870","$1,683","$2,057","$2,270","$2,043","$2,497","$2,620","$2,358","$2,882","$3,400","$3,060","$3,740","$3,640","$3,276","$4,004"
11777,METRO35620MM5380,"Nassau-Suffolk, NY HUD Metro FMR Area","$1,930","$1,737","$2,123","$2,340","$2,106","$2,574","$2,700","$2,430","$2,970","$3,500","$3,150","$3,850","$3,750","$3,375","$4,125"
11778,METRO35620MM5380,"Nassau-Suffolk, NY HUD Metro FMR Area","$1,540","$1,386","$1,694","$1,930","$1,737","$2,123","$2,260","$2,034","$2,486","$2,930","$2,637","$3,223","$3,170","$2,853","$3,487"
11779,METRO35620MM5380,"Nassau-Suffolk, NY HUD Metro FMR Area","$1,710","$1,539","$1,881","$2,080","$1,872","$2,288","$2,400","$2,160","$2,640","$3,110","$2,799","$3,421","$3,330","$2,997","$3,663"
11780,METRO35620MM5380,"Nassau-Suffolk, NY HUD Metro FMR Area","$1,750","$1,575","$1,925","$2,120","$1,908","$2,332","$2,450","$2,205","$2,695","$3,180","$2,862","$3,498","$3,400","$3,060","$3,740"
11782,METRO35620MM5380,"Nassau-Suffolk, NY HUD Metro FMR Area","$1,880","$1,692","$2,068","$2,280","$2,052","$2,508","$2,630","$2,367","$2,893","$3,410","$3,069","$3,751","$3,650","$3,285","$4,015"
11783,METRO35620MM5380,"Nassau-Suffolk, NY HUD Metro FMR Area","$2,220","$1,998","$2,442","$2,690","$2,421","$2,959","$3,110","$2,799","$3,421","$4,030","$3,627","$4,433","$4,320","$3,888","$4,752"
11784,METRO35620MM5380,"Nassau-Suffolk, NY HUD Metro FMR Area","$1,860","$1,674","$2,046","$2,260","$2,034","$2,486","$2,610","$2,349","$2,871","$3,380","$3,042","$3,718","$3,620","$3,258","$3,982"
11786,METRO35620MM5380,"Nassau-Suffolk, NY HUD Metro FMR Area","$2,300","$2,070","$2,530","$2,790","$2,511","$3,069","$3,220","$2,898","$3,542","$4,170","$3,753","$4,587","$4,470","$4,023","$4,917"
11787,METRO35620MM5380,"Nassau-Suffolk, NY HUD Metro FMR Area","$2,050","$1,845","$2,255","$2,490","$2,241","$2,739","$2,870","$2,583","$3,157","$3,720","$3,348","$4,092","$3,990","$3,591","$4,389"
11788,METRO35620MM5380,"Nassau-Suffolk, NY HUD Metro FMR Area","$2,160","$1,944","$2,376","$2,630","$2,367","$2,893","$3,030","$2,727","$3,333","$3,930","$3,537","$4,323","$4,210","$3,789","$4,631"
11789,METRO35620MM5380,"Nassau-Suffolk, NY HUD Metro FMR Area","$1,960","$1,764","$2,156","$2,370","$2,133","$2,607","$2,740","$2,466","$3,014","$3,550","$3,195","$3,905","$3,810","$3,429","$4,191"
11790,METRO35620MM5380,"Nassau-Suffolk, NY HUD Metro FMR Area","$2,270","$2,043","$2,497","$2,760","$2,484","$3,036","$3,180","$2,862","$3,498","$4,120","$3,708","$4,532","$4,420","$3,978","$4,862"
11791,METRO35620MM5380,"Nassau-Suffolk, NY HUD Metro FMR Area","$2,770","$2,493","$3,047","$3,360","$3,024","$3,696","$3,880","$3,492","$4,268","$5,030","$4,527","$5,533","$5,390","$4,851","$5,929"
11792,METRO35620MM5380,"Nassau-Suffolk, NY HUD Metro FMR Area","$2,600","$2,340","$2,860","$3,150","$2,835","$3,465","$3,640","$3,276","$4,004","$4,720","$4,248","$5,192","$5,060","$4,554","$5,566"
11793,METRO35620MM5380,"Nassau-Suffolk, NY HUD Metro FMR Area","$1,940","$1,746","$2,134","$2,350","$2,115","$2,585","$2,710","$2,439","$2,981","$3,510","$3,159","$3,861","$3,760","$3,384","$4,136"
11794,METRO35620MM5380,"Nassau-Suffolk, NY HUD Metro FMR Area","$2,270","$2,043","$2,497","$2,760","$2,484","$3,036","$3,180","$2,862","$3,498","$4,120","$3,708","$4,532","$4,420","$3,978","$4,862"
11795,METRO35620MM5380,"Nassau-Suffolk, NY HUD Metro FMR Area","$1,960","$1,764","$2,156","$2,380","$2,142","$2,618","$2,750","$2,475","$3,025","$3,560","$3,204","$3,916","$3,820","$3,438","$4,202"
11796,METRO35620MM5380,"Nassau-Suffolk, NY HUD Metro FMR Area","$1,870","$1,683","$2,057","$2,270","$2,043","$2,497","$2,620","$2,358","$2,882","$3,400","$3,060","$3,740","$3,640","$3,276","$4,004"
11797,METRO35620MM5380,"Nassau-Suffolk, NY HUD Metro FMR Area","$2,770","$2,493","$3,047","$3,360","$3,024","$3,696","$3,880","$3,492","$4,268","$5,030","$4,527","$5,533","$5,390","$4,851","$5,929"
11798,METRO35620MM5380,"Nassau-Suffolk, NY HUD Metro FMR Area","$1,660","$1,494","$1,826","$2,020","$1,818","$2,222","$2,330","$2,097","$2,563","$3,020","$2,718","$3,322","$3,240","$2,916","$3,564"
11801,METRO35620MM5380,"Nassau-Suffolk, NY HUD Metro FMR Area","$2,230","$2,007","$2,453","$2,700","$2,430","$2,970","$3,120","$2,808","$3,432","$4,040","$3,636","$4,444","$4,330","$3,897","$4,763"
11802,METRO35620MM5380,"Nassau-Suffolk, NY HUD Metro FMR Area","$1,880","$1,692","$2,068","$2,280","$2,052","$2,508","$2,630","$2,367","$2,893","$3,410","$3,069","$3,751","$3,650","$3,285","$4,015"
11803,METRO35620MM5380,"Nassau-Suffolk, NY HUD Metro FMR Area","$2,260","$2,034","$2,486","$2,750","$2,475","$3,025","$3,170","$2,853","$3,487","$4,110","$3,699","$4,521","$4,400","$3,960","$4,840"
11804,METRO35620MM5380,"Nassau-Suffolk, NY HUD Metro FMR Area","$2,110","$1,899","$2,321","$2,560","$2,304","$2,816","$2,950","$2,655","$3,245","$3,830","$3,447","$4,213","$4,100","$3,690","$4,510"
11901,METRO35620MM5380,"Nassau-Suffolk, NY HUD Metro FMR Area","$1,660","$1,494","$1,826","$2,010","$1,809","$2,211","$2,320","$2,088","$2,552","$3,010","$2,709","$3,311","$3,220","$2,898","$3,542"
11930,METRO35620MM5380,"Nassau-Suffolk, NY HUD Metro FMR Area","$2,300","$2,070","$2,530","$2,780","$2,502","$3,058","$3,220","$2,898","$3,542","$4,170","$3,753","$4,587","$4,470","$4,023","$4,917"
11931,METRO35620MM5380,"Nassau-Suffolk, NY HUD Metro FMR Area","$1,820","$1,638","$2,002","$2,210","$1,989","$2,431","$2,550","$2,295","$2,805","$3,310","$2,979","$3,641","$3,540","$3,186","$3,894"
11932,METRO35620MM5380,"Nassau-Suffolk, NY HUD Metro FMR Area","$2,100","$1,890","$2,310","$2,640","$2,376","$2,904","$3,090","$2,781","$3,399","$4,000","$3,600","$4,400","$4,340","$3,906","$4,774"
11933,METRO35620MM5380,"Nassau-Suffolk, NY HUD Metro FMR Area","$1,960","$1,764","$2,156","$2,380","$2,142","$2,618","$2,750","$2,475","$3,025","$3,560","$3,204","$3,916","$3,820","$3,438","$4,202"
11934,METRO35620MM5380,"Nassau-Suffolk, NY HUD Metro FMR Area","$1,780","$1,602","$1,958","$2,160","$1,944","$2,376","$2,490","$2,241","$2,739","$3,230","$2,907","$3,553","$3,460","$3,114","$3,806"
11935,METRO35620MM5380,"Nassau-Suffolk, NY HUD Metro FMR Area","$1,840","$1,656","$2,024","$2,240","$2,016","$2,464","$2,580","$2,322","$2,838","$3,340","$3,006","$3,674","$3,580","$3,222","$3,938"
11937,METRO35620MM5380,"Nassau-Suffolk, NY HUD Metro FMR Area","$2,330","$2,097","$2,563","$2,820","$2,538","$3,102","$3,260","$2,934","$3,586","$4,230","$3,807","$4,653","$4,530","$4,077","$4,983"
11939,METRO35620MM5380,"Nassau-Suffolk, NY HUD Metro FMR Area","$2,000","$1,800","$2,200","$2,430","$2,187","$2,673","$2,800","$2,520","$3,080","$3,630","$3,267","$3,993","$3,890","$3,501","$4,279"
11940,METRO35620MM5380,"Nassau-Suffolk, NY HUD Metro FMR Area","$1,840","$1,656","$2,024","$2,230","$2,007","$2,453","$2,570","$2,313","$2,827","$3,330","$2,997","$3,663","$3,570","$3,213","$3,927"
11941,METRO35620MM5380,"Nassau-Suffolk, NY HUD Metro FMR Area","$1,790","$1,611","$1,969","$2,170","$1,953","$2,387","$2,500","$2,250","$2,750","$3,240","$2,916","$3,564","$3,470","$3,123","$3,817"
11942,METRO35620MM5380,"Nassau-Suffolk, NY HUD Metro FMR Area","$1,770","$1,593","$1,947","$2,150","$1,935","$2,365","$2,480","$2,232","$2,728","$3,210","$2,889","$3,531","$3,440","$3,096","$3,784"
11944,METRO35620MM5380,"Nassau-Suffolk, NY HUD Metro FMR Area","$1,730","$1,557","$1,903","$2,100","$1,890","$2,310","$2,420","$2,178","$2,662","$3,140","$2,826","$3,454","$3,360","$3,024","$3,696"
11946,METRO35620MM5380,"Nassau-Suffolk, NY HUD Metro FMR Area","$1,940","$1,746","$2,134","$2,350","$2,115","$2,585","$2,710","$2,439","$2,981","$3,510","$3,159","$3,861","$3,760","$3,384","$4,136"
11947,METRO35620MM5380,"Nassau-Suffolk, NY HUD Metro FMR Area","$1,660","$1,494","$1,826","$2,010","$1,809","$2,211","$2,320","$2,088","$2,552","$3,010","$2,709","$3,311","$3,220","$2,898","$3,542"
11948,METRO35620MM5380,"Nassau-Suffolk, NY HUD Metro FMR Area","$1,540","$1,386","$1,694","$1,930","$1,737","$2,123","$2,260","$2,034","$2,486","$2,930","$2,637","$3,223","$3,170","$2,853","$3,487"
11949,METRO35620MM5380,"Nassau-Suffolk, NY HUD Metro FMR Area","$1,800","$1,620","$1,980","$2,180","$1,962","$2,398","$2,520","$2,268","$2,772","$3,270","$2,943","$3,597","$3,500","$3,150","$3,850"
11950,METRO35620MM5380,"Nassau-Suffolk, NY HUD Metro FMR Area","$1,830","$1,647","$2,013","$2,220","$1,998","$2,442","$2,560","$2,304","$2,816","$3,320","$2,988","$3,652","$3,560","$3,204","$3,916"
11951,METRO35620MM5380,"Nassau-Suffolk, NY HUD Metro FMR Area","$1,800","$1,620","$1,980","$2,180","$1,962","$2,398","$2,520","$2,268","$2,772","$3,270","$2,943","$3,597","$3,500","$3,150","$3,850"
11952,METRO35620MM5380,"Nassau-Suffolk, NY HUD Metro FMR Area","$1,540","$1,386","$1,694","$1,930","$1,737","$2,123","$2,260","$2,034","$2,486","$2,930","$2,637","$3,223","$3,170","$2,853","$3,487"
11953,METRO35620MM5380,"Nassau-Suffolk, NY HUD Metro FMR Area","$1,770","$1,593","$1,947","$2,150","$1,935","$2,365","$2,480","$2,232","$2,728","$3,210","$2,889","$3,531","$3,440","$3,096","$3,784"
11954,METRO35620MM5380,"Nassau-Suffolk, NY HUD Metro FMR Area","$2,240","$2,016","$2,464","$2,720","$2,448","$2,992","$3,140","$2,826","$3,454","$4,070","$3,663","$4,477","$4,360","$3,924","$4,796"
11955,METRO35620MM5380,"Nassau-Suffolk, NY HUD Metro FMR Area","$1,780","$1,602","$1,958","$2,160","$1,944","$2,376","$2,490","$2,241","$2,739","$3,230","$2,907","$3,553","$3,460","$3,114","$3,806"
11956,METRO35620MM5380,"Nassau-Suffolk, NY HUD Metro FMR Area","$1,840","$1,656","$2,024","$2,240","$2,016","$2,464","$2,580","$2,322","$2,838","$3,340","$3,006","$3,674","$3,580","$3,222","$3,938"
11957,METRO35620MM5380,"Nassau-Suffolk, NY HUD Metro FMR Area","$2,000","$1,800","$2,200","$2,430","$2,187","$2,673","$2,800","$2,520","$3,080","$3,630","$3,267","$3,993","$3,890","$3,501","$4,279"
11958,METRO35620MM5380,"Nassau-Suffolk, NY HUD Metro FMR Area","$1,780","$1,602","$1,958","$2,170","$1,953","$2,387","$2,500","$2,250","$2,750","$3,240","$2,916","$3,564","$3,470","$3,123","$3,817"
11959,METRO35620MM5380,"Nassau-Suffolk, NY HUD Metro FMR Area","$1,840","$1,656","$2,024","$2,230","$2,007","$2,453","$2,580","$2,322","$2,838","$3,340","$3,006","$3,674","$3,580","$3,222","$3,938"
11960,METRO35620MM5380,"Nassau-Suffolk, NY HUD Metro FMR Area","$1,820","$1,638","$2,002","$2,210","$1,989","$2,431","$2,550","$2,295","$2,805","$3,310","$2,979","$3,641","$3,540","$3,186","$3,894"
11961,METRO35620MM5380,"Nassau-Suffolk, NY HUD Metro FMR Area","$1,570","$1,413","$1,727","$1,930","$1,737","$2,123","$2,260","$2,034","$2,486","$2,930","$2,637","$3,223","$3,170","$2,853","$3,487"
11962,METRO35620MM5380,"Nassau-Suffolk, NY HUD Metro FMR Area","$1,920","$1,728","$2,112","$2,410","$2,169","$2,651","$2,810","$2,529","$3,091","$3,640","$3,276","$4,004","$3,950","$3,555","$4,345"
11963,METRO35620MM5380,"Nassau-Suffolk, NY HUD Metro FMR Area","$2,420","$2,178","$2,662","$2,940","$2,646","$3,234","$3,390","$3,051","$3,729","$4,390","$3,951","$4,829","$4,710","$4,239","$5,181"
11964,METRO35620MM5380,"Nassau-Suffolk, NY HUD Metro FMR Area","$2,400","$2,160","$2,640","$2,910","$2,619","$3,201","$3,360","$3,024","$3,696","$4,350","$3,915","$4,785","$4,670","$4,203","$5,137"
11965,METRO35620MM5380,"Nassau-Suffolk, NY HUD Metro FMR Area","$1,940","$1,746","$2,134","$2,360","$2,124","$2,596","$2,720","$2,448","$2,992","$3,530","$3,177","$3,883","$3,780","$3,402","$4,158"
11967,METRO35620MM5380,"Nassau-Suffolk, NY HUD Metro FMR Area","$1,940","$1,746","$2,134","$2,360","$2,124","$2,596","$2,720","$2,448","$2,992","$3,530","$3,177","$3,883","$3,780","$3,402","$4,158"
11968,METRO35620MM5380,"Nassau-Suffolk, NY HUD Metro FMR Area","$1,910","$1,719","$2,101","$2,310","$2,079","$2,541","$2,670","$2,403","$2,937","$3,460","$3,114","$3,806","$3,710","$3,339","$4,081"
11969,METRO35620MM5380,"Nassau-Suffolk, NY HUD Metro FMR Area","$1,820","$1,638","$2,002","$2,210","$1,989","$2,431","$2,550","$2,295","$2,805","$3,310","$2,979","$3,641","$3,540","$3,186","$3,894"
11970,METRO35620MM5380,"Nassau-Suffolk, NY HUD Metro FMR Area","$1,820","$1,638","$2,002","$2,210","$1,989","$2,431","$2,550","$2,295","$2,805","$3,310","$2,979","$3,641","$3,540","$3,186","$3,894"
11971,METRO35620MM5380,"Nassau-Suffolk, NY HUD Metro FMR Area","$1,740","$1,566","$1,914","$2,110","$1,899","$2,321","$2,440","$2,196","$2,684","$3,160","$2,844","$3,476","$3,390","$3,051","$3,729"
11972,METRO35620MM5380,"Nassau-Suffolk, NY HUD Metro FMR Area","$1,820","$1,638","$2,002","$2,210","$1,989","$2,431","$2,550","$2,295","$2,805","$3,310","$2,979","$3,641","$3,540","$3,186","$3,894"
11973,METRO35620MM5380,"Nassau-Suffolk, NY HUD Metro FMR Area","$1,810","$1,629","$1,991","$2,200","$1,980","$2,420","$2,540","$2,286","$2,794","$3,290","$2,961","$3,619","$3,530","$3,177","$3,883"
11975,METRO35620MM5380,"Nassau-Suffolk, NY HUD Metro FMR Area","$2,340","$2,106","$2,574","$2,830","$2,547","$3,113","$3,270","$2,943","$3,597","$4,240","$3,816","$4,664","$4,540","$4,086","$4,994"
11976,METRO35620MM5380,"Nassau-Suffolk, NY HUD Metro FMR Area","$2,180","$1,962","$2,398","$2,740","$2,466","$3,014","$3,210","$2,889","$3,531","$4,150","$3,735","$4,565","$4,500","$4,050","$4,950"
11977,METRO35620MM5380,"Nassau-Suffolk, NY HUD Metro FMR Area","$1,840","$1,656","$2,024","$2,240","$2,016","$2,464","$2,580","$2,322","$2,838","$3,340","$3,006","$3,674","$3,580","$3,222","$3,938"
11978,METRO35620MM5380,"Nassau-Suffolk, NY HUD Metro FMR Area","$1,870","$1,683","$2,057","$2,270","$2,043","$2,497","$2,620","$2,358","$2,882","$3,400","$3,060","$3,740","$3,640","$3,276","$4,004"
11980,METRO35620MM5380,"Nassau-Suffolk, NY HUD Metro FMR Area","$2,140","$1,926","$2,354","$2,590","$2,331","$2,849","$2,990","$2,691","$3,289","$3,880","$3,492","$4,268","$4,150","$3,735","$4,565"
10001,METRO35620MM5600,"New York, NY HUD Metro FMR Area","$3,080","$2,772","$3,388","$3,220","$2,898","$3,542","$3,560","$3,204","$3,916","$4,440","$3,996","$4,884","$4,790","$4,311","$5,269"
10002,METRO35620MM5600,"New York, NY HUD Metro FMR Area","$2,150","$1,935","$2,365","$2,210","$1,989","$2,431","$2,480","$2,232","$2,728","$3,100","$2,790","$3,410","$3,330","$2,997","$3,663"
10003,METRO35620MM5600,"New York, NY HUD Metro FMR Area","$3,350","$3,015","$3,685","$3,500","$3,150","$3,850","$3,870","$3,483","$4,257","$4,820","$4,338","$5,302","$5,200","$4,680","$5,720"
10004,METRO35620MM5600,"New York, NY HUD Metro FMR Area","$3,230","$2,907","$3,553","$3,320","$2,988","$3,652","$3,720","$3,348","$4,092","$4,640","$4,176","$5,104","$5,000","$4,500","$5,500"
10005,METRO35620MM5600,"New York, NY HUD Metro FMR Area","$3,350","$3,015","$3,685","$3,500","$3,150","$3,850","$3,870","$3,483","$4,257","$4,820","$4,338","$5,302","$5,200","$4,680","$5,720"
10006,METRO35620MM5600,"New York, NY HUD Metro FMR Area","$3,350","$3,015","$3,685","$3,500","$3,150","$3,850","$3,870","$3,483","$4,257","$4,820","$4,338","$5,302","$5,200","$4,680","$5,720"
10007,METRO35620MM5600,"New York, NY HUD Metro FMR Area","$2,760","$2,484","$3,036","$2,880","$2,592","$3,168","$3,190","$2,871","$3,509","$3,980","$3,582","$4,378","$4,290","$3,861","$4,719"
10008,METRO35620MM5600,"New York, NY HUD Metro FMR Area","$2,760","$2,484","$3,036","$2,880","$2,592","$3,168","$3,190","$2,871","$3,509","$3,980","$3,582","$4,378","$4,290","$3,861","$4,719"
10009,METRO35620MM5600,"New York, NY HUD Metro FMR Area","$2,380","$2,142","$2,618","$2,450","$2,205","$2,695","$2,750","$2,475","$3,025","$3,430","$3,087","$3,773","$3,690","$3,321","$4,059"
10010,METRO35620MM5600,"New York, NY HUD Metro FMR Area","$2,760","$2,484","$3,036","$2,840","$2,556","$3,124","$3,180","$2,862","$3,498","$3,960","$3,564","$4,356","$4,280","$3,852","$4,708"
10011,METRO35620MM5600,"New York, NY HUD Metro FMR Area","$3,310","$2,979","$3,641","$3,450","$3,105","$3,795","$3,820","$3,438","$4,202","$4,760","$4,284","$5,236","$5,140","$4,626","$5,654"
10012,METRO35620MM5600,"New York, NY HUD Metro FMR Area","$3,350","$3,015","$3,685","$3,500","$3,150","$3,850","$3,870","$3,483","$4,257","$4,820","$4,338","$5,302","$5,200","$4,680","$5,720"
10013,METRO35620MM5600,"New York, NY HUD Metro FMR Area","$3,350","$3,015","$3,685","$3,500","$3,150","$3,850","$3,870","$3,483","$4,257","$4,820","$4,338","$5,302","$5,200","$4,680","$5,720"
10014,METRO35620MM5600,"New York, NY HUD Metro FMR Area","$3,350","$3,015","$3,685","$3,500","$3,150","$3,850","$3,870","$3,483","$4,257","$4,820","$4,338","$5,302","$5,200","$4,680","$5,720"
10016,METRO35620MM5600,"New York, NY HUD Metro FMR Area","$3,350","$3,015","$3,685","$3,500","$3,150","$3,850","$3,870","$3,483","$4,257","$4,820","$4,338","$5,302","$5,200","$4,680","$5,720"
10017,METRO35620MM5600,"New York, NY HUD Metro FMR Area","$3,350","$3,015","$3,685","$3,500","$3,150","$3,850","$3,870","$3,483","$4,257","$4,820","$4,338","$5,302","$5,200","$4,680","$5,720"
10018,METRO35620MM5600,"New York, NY HUD Metro FMR Area","$3,350","$3,015","$3,685","$3,500","$3,150","$3,850","$3,870","$3,483","$4,257","$4,820","$4,338","$5,302","$5,200","$4,680","$5,720"
10019,METRO35620MM5600,"New York, NY HUD Metro FMR Area","$2,650","$2,385","$2,915","$2,760","$2,484","$3,036","$3,060","$2,754","$3,366","$3,810","$3,429","$4,191","$4,110","$3,699","$4,521"
10020,METRO35620MM5600,"New York, NY HUD Metro FMR Area","$2,760","$2,484","$3,036","$2,880","$2,592","$3,168","$3,190","$2,871","$3,509","$3,980","$3,582","$4,378","$4,290","$3,861","$4,719"
10021,METRO35620MM5600,"New York, NY HUD Metro FMR Area","$3,350","$3,015","$3,685","$3,500","$3,150","$3,850","$3,870","$3,483","$4,257","$4,820","$4,338","$5,302","$5,200","$4,680","$5,720"
10022,METRO35620MM5600,"New York, NY HUD Metro FMR Area","$3,350","$3,015","$3,685","$3,500","$3,150","$3,850","$3,870","$3,483","$4,257","$4,820","$4,338","$5,302","$5,200","$4,680","$5,720"
10023,METRO35620MM5600,"New York, NY HUD Metro FMR Area","$3,250","$2,925","$3,575","$3,400","$3,060","$3,740","$3,760","$3,384","$4,136","$4,690","$4,221","$5,159","$5,060","$4,554","$5,566"
10024,METRO35620MM5600,"New York, NY HUD Metro FMR Area","$3,340","$3,006","$3,674","$3,490","$3,141","$3,839","$3,860","$3,474","$4,246","$4,810","$4,329","$5,291","$5,190","$4,671","$5,709"
10025,METRO35620MM5600,"New York, NY HUD Metro FMR Area","$2,220","$1,998","$2,442","$2,310","$2,079","$2,541","$2,560","$2,304","$2,816","$3,190","$2,871","$3,509","$3,440","$3,096","$3,784"
10026,METRO35620MM5600,"New York, NY HUD Metro FMR Area","$2,170","$1,953","$2,387","$2,270","$2,043","$2,497","$2,510","$2,259","$2,761","$3,130","$2,817","$3,443","$3,370","$3,033","$3,707"
10027,METRO35620MM5600,"New York, NY HUD Metro FMR Area","$2,150","$1,935","$2,365","$2,210","$1,989","$2,431","$2,480","$2,232","$2,728","$3,100","$2,790","$3,410","$3,330","$2,997","$3,663"
10028,METRO35620MM5600,"New York, NY HUD Metro FMR Area","$3,350","$3,015","$3,685","$3,500","$3,150","$3,850","$3,870","$3,483","$4,257","$4,820","$4,338","$5,302","$5,200","$4,680","$5,720"
10029,METRO35620MM5600,"New York, NY HUD Metro FMR Area","$2,150","$1,935","$2,365","$2,210","$1,989","$2,431","$2,480","$2,232","$2,728","$3,100","$2,790","$3,410","$3,330","$2,997","$3,663"
10030,METRO35620MM5600,"New York, NY HUD Metro FMR Area","$2,150","$1,935","$2,365","$2,210","$1,989","$2,431","$2,480","$2,232","$2,728","$3,100","$2,790","$3,410","$3,330","$2,997","$3,663"
10031,METRO35620MM5600,"New York, NY HUD Metro FMR Area","$2,150","$1,935","$2,365","$2,210","$1,989","$2,431","$2,480","$2,232","$2,728","$3,100","$2,790","$3,410","$3,330","$2,997","$3,663"
10032,METRO35620MM5600,"New York, NY HUD Metro FMR Area","$2,150","$1,935","$2,365","$2,210","$1,989","$2,431","$2,480","$2,232","$2,728","$3,100","$2,790","$3,410","$3,330","$2,997","$3,663"
10033,METRO35620MM5600,"New York, NY HUD Metro FMR Area","$2,150","$1,935","$2,365","$2,210","$1,989","$2,431","$2,480","$2,232","$2,728","$3,100","$2,790","$3,410","$3,330","$2,997","$3,663"
10034,METRO35620MM5600,"New York, NY HUD Metro FMR Area","$2,150","$1,935","$2,365","$2,210","$1,989","$2,431","$2,480","$2,232","$2,728","$3,100","$2,790","$3,410","$3,330","$2,997","$3,663"
10035,METRO35620MM5600,"New York, NY HUD Metro FMR Area","$2,150","$1,935","$2,365","$2,210","$1,989","$2,431","$2,480","$2,232","$2,728","$3,100","$2,790","$3,410","$3,330","$2,997","$3,663"
10036,METRO35620MM5600,"New York, NY HUD Metro FMR Area","$3,020","$2,718","$3,322","$3,150","$2,835","$3,465","$3,490","$3,141","$3,839","$4,350","$3,915","$4,785","$4,690","$4,221","$5,159"
10037,METRO35620MM5600,"New York, NY HUD Metro FMR Area","$2,150","$1,935","$2,365","$2,210","$1,989","$2,431","$2,480","$2,232","$2,728","$3,100","$2,790","$3,410","$3,330","$2,997","$3,663"
10038,METRO35620MM5600,"New York, NY HUD Metro FMR Area","$3,350","$3,015","$3,685","$3,500","$3,150","$3,850","$3,870","$3,483","$4,257","$4,820","$4,338","$5,302","$5,200","$4,680","$5,720"
10039,METRO35620MM5600,"New York, NY HUD Metro FMR Area","$2,150","$1,935","$2,365","$2,210","$1,989","$2,431","$2,480","$2,232","$2,728","$3,100","$2,790","$3,410","$3,330","$2,997","$3,663"
10040,METRO35620MM5600,"New York, NY HUD Metro FMR Area","$2,150","$1,935","$2,365","$2,210","$1,989","$2,431","$2,480","$2,232","$2,728","$3,100","$2,790","$3,410","$3,330","$2,997","$3,663"
10041,METRO35620MM5600,"New York, NY HUD Metro FMR Area","$2,760","$2,484","$3,036","$2,880","$2,592","$3,168","$3,190","$2,871","$3,509","$3,980","$3,582","$4,378","$4,290","$3,861","$4,719"
10043,METRO35620MM5600,"New York, NY HUD Metro FMR Area","$2,760","$2,484","$3,036","$2,880","$2,592","$3,168","$3,190","$2,871","$3,509","$3,980","$3,582","$4,378","$4,290","$3,861","$4,719"
10044,METRO35620MM5600,"New York, NY HUD Metro FMR Area","$3,350","$3,015","$3,685","$3,500","$3,150","$3,850","$3,870","$3,483","$4,257","$4,820","$4,338","$5,302","$5,200","$4,680","$5,720"
10045,METRO35620MM5600,"New York, NY HUD Metro FMR Area","$2,760","$2,484","$3,036","$2,880","$2,592","$3,168","$3,190","$2,871","$3,509","$3,980","$3,582","$4,378","$4,290","$3,861","$4,719"
10055,METRO35620MM5600,"New York, NY HUD Metro FMR Area","$2,760","$2,484","$3,036","$2,880","$2,592","$3,168","$3,190","$2,871","$3,509","$3,980","$3,582","$4,378","$4,290","$3,861","$4,719"
10065,METRO35620MM5600,"New York, NY HUD Metro FMR Area","$3,350","$3,015","$3,685","$3,500","$3,150","$3,850","$3,870","$3,483","$4,257","$4,820","$4,338","$5,302","$5,200","$4,680","$5,720"
10069,METRO35620MM5600,"New York, NY HUD Metro FMR Area","$3,350","$3,015","$3,685","$3,500","$3,150","$3,850","$3,870","$3,483","$4,257","$4,820","$4,338","$5,302","$5,200","$4,680","$5,720"
10075,METRO35620MM5600,"New York, NY HUD Metro FMR Area","$2,910","$2,619","$3,201","$3,030","$2,727","$3,333","$3,360","$3,024","$3,696","$4,190","$3,771","$4,609","$4,520","$4,068","$4,972"
10080,METRO35620MM5600,"New York, NY HUD Metro FMR Area","$2,760","$2,484","$3,036","$2,880","$2,592","$3,168","$3,190","$2,871","$3,509","$3,980","$3,582","$4,378","$4,290","$3,861","$4,719"
10081,METRO35620MM5600,"New York, NY HUD Metro FMR Area","$2,760","$2,484","$3,036","$2,880","$2,592","$3,168","$3,190","$2,871","$3,509","$3,980","$3,582","$4,378","$4,290","$3,861","$4,719"
10101,METRO35620MM5600,"New York, NY HUD Metro FMR Area","$2,760","$2,484","$3,036","$2,880","$2,592","$3,168","$3,190","$2,871","$3,509","$3,980","$3,582","$4,378","$4,290","$3,861","$4,719"
10103,METRO35620MM5600,"New York, NY HUD Metro FMR Area","$2,760","$2,484","$3,036","$2,880","$2,592","$3,168","$3,190","$2,871","$3,509","$3,980","$3,582","$4,378","$4,290","$3,861","$4,719"
10104,METRO35620MM5600,"New York, NY HUD Metro FMR Area","$2,760","$2,484","$3,036","$2,880","$2,592","$3,168","$3,190","$2,871","$3,509","$3,980","$3,582","$4,378","$4,290","$3,861","$4,719"
10105,METRO35620MM5600,"New York, NY HUD Metro FMR Area","$2,760","$2,484","$3,036","$2,880","$2,592","$3,168","$3,190","$2,871","$3,509","$3,980","$3,582","$4,378","$4,290","$3,861","$4,719"
10106,METRO35620MM5600,"New York, NY HUD Metro FMR Area","$2,760","$2,484","$3,036","$2,880","$2,592","$3,168","$3,190","$2,871","$3,509","$3,980","$3,582","$4,378","$4,290","$3,861","$4,719"
10107,METRO35620MM5600,"New York, NY HUD Metro FMR Area","$2,760","$2,484","$3,036","$2,880","$2,592","$3,168","$3,190","$2,871","$3,509","$3,980","$3,582","$4,378","$4,290","$3,861","$4,719"
10108,METRO35620MM5600,"New York, NY HUD Metro FMR Area","$2,760","$2,484","$3,036","$2,880","$2,592","$3,168","$3,190","$2,871","$3,509","$3,980","$3,582","$4,378","$4,290","$3,861","$4,719"
10110,METRO35620MM5600,"New York, NY HUD Metro FMR Area","$2,760","$2,484","$3,036","$2,880","$2,592","$3,168","$3,190","$2,871","$3,509","$3,980","$3,582","$4,378","$4,290","$3,861","$4,719"
10111,METRO35620MM5600,"New York, NY HUD Metro FMR Area","$2,760","$2,484","$3,036","$2,880","$2,592","$3,168","$3,190","$2,871","$3,509","$3,980","$3,582","$4,378","$4,290","$3,861","$4,719"
10112,METRO35620MM5600,"New York, NY HUD Metro FMR Area","$2,760","$2,484","$3,036","$2,880","$2,592","$3,168","$3,190","$2,871","$3,509","$3,980","$3,582","$4,378","$4,290","$3,861","$4,719"
10113,METRO35620MM5600,"New York, NY HUD Metro FMR Area","$2,760","$2,484","$3,036","$2,880","$2,592","$3,168","$3,190","$2,871","$3,509","$3,980","$3,582","$4,378","$4,290","$3,861","$4,719"
10115,METRO35620MM5600,"New York, NY HUD Metro FMR Area","$2,760","$2,484","$3,036","$2,880","$2,592","$3,168","$3,190","$2,871","$3,509","$3,980","$3,582","$4,378","$4,290","$3,861","$4,719"
10116,METRO35620MM5600,"New York, NY HUD Metro FMR Area","$2,760","$2,484","$3,036","$2,880","$2,592","$3,168","$3,190","$2,871","$3,509","$3,980","$3,582","$4,378","$4,290","$3,861","$4,719"
10117,METRO35620MM5600,"New York, NY HUD Metro FMR Area","$2,760","$2,484","$3,036","$2,880","$2,592","$3,168","$3,190","$2,871","$3,509","$3,980","$3,582","$4,378","$4,290","$3,861","$4,719"
10118,METRO35620MM5600,"New York, NY HUD Metro FMR Area","$2,760","$2,484","$3,036","$2,880","$2,592","$3,168","$3,190","$2,871","$3,509","$3,980","$3,582","$4,378","$4,290","$3,861","$4,719"
10119,METRO35620MM5600,"New York, NY HUD Metro FMR Area","$2,760","$2,484","$3,036","$2,880","$2,592","$3,168","$3,190","$2,871","$3,509","$3,980","$3,582","$4,378","$4,290","$3,861","$4,719"
10120,METRO35620MM5600,"New York, NY HUD Metro FMR Area","$2,760","$2,484","$3,036","$2,880","$2,592","$3,168","$3,190","$2,871","$3,509","$3,980","$3,582","$4,378","$4,290","$3,861","$4,719"
10121,METRO35620MM5600,"New York, NY HUD Metro FMR Area","$2,760","$2,484","$3,036","$2,880","$2,592","$3,168","$3,190","$2,871","$3,509","$3,980","$3,582","$4,378","$4,290","$3,861","$4,719"
10122,METRO35620MM5600,"New York, NY HUD Metro FMR Area","$2,760","$2,484","$3,036","$2,880","$2,592","$3,168","$3,190","$2,871","$3,509","$3,980","$3,582","$4,378","$4,290","$3,861","$4,719"
10123,METRO35620MM5600,"New York, NY HUD Metro FMR Area","$2,760","$2,484","$3,036","$2,880","$2,592","$3,168","$3,190","$2,871","$3,509","$3,980","$3,582","$4,378","$4,290","$3,861","$4,719"
10124,METRO35620MM5600,"New York, NY HUD Metro FMR Area","$2,760","$2,484","$3,036","$2,880","$2,592","$3,168","$3,190","$2,871","$3,509","$3,980","$3,582","$4,378","$4,290","$3,861","$4,719"
10125,METRO35620MM5600,"New York, NY HUD Metro FMR Area","$2,760","$2,484","$3,036","$2,880","$2,592","$3,168","$3,190","$2,871","$3,509","$3,980","$3,582","$4,378","$4,290","$3,861","$4,719"
10126,METRO35620MM5600,"New York, NY HUD Metro FMR Area","$2,760","$2,484","$3,036","$2,880","$2,592","$3,168","$3,190","$2,871","$3,509","$3,980","$3,582","$4,378","$4,290","$3,861","$4,719"
10128,METRO35620MM5600,"New York, NY HUD Metro FMR Area","$3,350","$3,015","$3,685","$3,500","$3,150","$3,850","$3,870","$3,483","$4,257","$4,820","$4,338","$5,302","$5,200","$4,680","$5,720"
10129,METRO35620MM5600,"New York, NY HUD Metro FMR Area","$2,760","$2,484","$3,036","$2,880","$2,592","$3,168","$3,190","$2,871","$3,509","$3,980","$3,582","$4,378","$4,290","$3,861","$4,719"
10131,METRO35620MM5600,"New York, NY HUD Metro FMR Area","$2,760","$2,484","$3,036","$2,880","$2,592","$3,168","$3,190","$2,871","$3,509","$3,980","$3,582","$4,378","$4,290","$3,861","$4,719"
10133,METRO35620MM5600,"New York, NY HUD Metro FMR Area","$2,760","$2,484","$3,036","$2,880","$2,592","$3,168","$3,190","$2,871","$3,509","$3,980","$3,582","$4,378","$4,290","$3,861","$4,719"
10138,METRO35620MM5600,"New York, NY HUD Metro FMR Area","$2,760","$2,484","$3,036","$2,880","$2,592","$3,168","$3,190","$2,871","$3,509","$3,980","$3,582","$4,378","$4,290","$3,861","$4,719"
10150,METRO35620MM5600,"New York, NY HUD Metro FMR Area","$2,760","$2,484","$3,036","$2,880","$2,592","$3,168","$3,190","$2,871","$3,509","$3,980","$3,582","$4,378","$4,290","$3,861","$4,719"
10151,METRO35620MM5600,"New York, NY HUD Metro FMR Area","$2,760","$2,484","$3,036","$2,880","$2,592","$3,168","$3,190","$2,871","$3,509","$3,980","$3,582","$4,378","$4,290","$3,861","$4,719"
10152,METRO35620MM5600,"New York, NY HUD Metro FMR Area","$3,350","$3,015","$3,685","$3,500","$3,150","$3,850","$3,870","$3,483","$4,257","$4,820","$4,338","$5,302","$5,200","$4,680","$5,720"
10153,METRO35620MM5600,"New York, NY HUD Metro FMR Area","$2,760","$2,484","$3,036","$2,880","$2,592","$3,168","$3,190","$2,871","$3,509","$3,980","$3,582","$4,378","$4,290","$3,861","$4,719"
10154,METRO35620MM5600,"New York, NY HUD Metro FMR Area","$2,760","$2,484","$3,036","$2,880","$2,592","$3,168","$3,190","$2,871","$3,509","$3,980","$3,582","$4,378","$4,290","$3,861","$4,719"
10155,METRO35620MM5600,"New York, NY HUD Metro FMR Area","$2,760","$2,484","$3,036","$2,880","$2,592","$3,168","$3,190","$2,871","$3,509","$3,980","$3,582","$4,378","$4,290","$3,861","$4,719"
10156,METRO35620MM5600,"New York, NY HUD Metro FMR Area","$2,760","$2,484","$3,036","$2,880","$2,592","$3,168","$3,190","$2,871","$3,509","$3,980","$3,582","$4,378","$4,290","$3,861","$4,719"
10157,METRO35620MM5600,"New York, NY HUD Metro FMR Area","$2,760","$2,484","$3,036","$2,880","$2,592","$3,168","$3,190","$2,871","$3,509","$3,980","$3,582","$4,378","$4,290","$3,861","$4,719"
10158,METRO35620MM5600,"New York, NY HUD Metro FMR Area","$2,760","$2,484","$3,036","$2,880","$2,592","$3,168","$3,190","$2,871","$3,509","$3,980","$3,582","$4,378","$4,290","$3,861","$4,719"
10159,METRO35620MM5600,"New York, NY HUD Metro FMR Area","$2,760","$2,484","$3,036","$2,880","$2,592","$3,168","$3,190","$2,871","$3,509","$3,980","$3,582","$4,378","$4,290","$3,861","$4,719"
10160,METRO35620MM5600,"New York, NY HUD Metro FMR Area","$2,760","$2,484","$3,036","$2,880","$2,592","$3,168","$3,190","$2,871","$3,509","$3,980","$3,582","$4,378","$4,290","$3,861","$4,719"
10162,METRO35620MM5600,"New York, NY HUD Metro FMR Area","$3,350","$3,015","$3,685","$3,500","$3,150","$3,850","$3,870","$3,483","$4,257","$4,820","$4,338","$5,302","$5,200","$4,680","$5,720"
10163,METRO35620MM5600,"New York, NY HUD Metro FMR Area","$2,760","$2,484","$3,036","$2,880","$2,592","$3,168","$3,190","$2,871","$3,509","$3,980","$3,582","$4,378","$4,290","$3,861","$4,719"
10164,METRO35620MM5600,"New York, NY HUD Metro FMR Area","$2,760","$2,484","$3,036","$2,880","$2,592","$3,168","$3,190","$2,871","$3,509","$3,980","$3,582","$4,378","$4,290","$3,861","$4,719"
10165,METRO35620MM5600,"New York, NY HUD Metro FMR Area","$2,760","$2,484","$3,036","$2,880","$2,592","$3,168","$3,190","$2,871","$3,509","$3,980","$3,582","$4,378","$4,290","$3,861","$4,719"
10166,METRO35620MM5600,"New York, NY HUD Metro FMR Area","$2,760","$2,484","$3,036","$2,880","$2,592","$3,168","$3,190","$2,871","$3,509","$3,980","$3,582","$4,378","$4,290","$3,861","$4,719"
10167,METRO35620MM5600,"New York, NY HUD Metro FMR Area","$2,760","$2,484","$3,036","$2,880","$2,592","$3,168","$3,190","$2,871","$3,509","$3,980","$3,582","$4,378","$4,290","$3,861","$4,719"
10168,METRO35620MM5600,"New York, NY HUD Metro FMR Area","$2,760","$2,484","$3,036","$2,880","$2,592","$3,168","$3,190","$2,871","$3,509","$3,980","$3,582","$4,378","$4,290","$3,861","$4,719"
10169,METRO35620MM5600,"New York, NY HUD Metro FMR Area","$2,760","$2,484","$3,036","$2,880","$2,592","$3,168","$3,190","$2,871","$3,509","$3,980","$3,582","$4,378","$4,290","$3,861","$4,719"
10170,METRO35620MM5600,"New York, NY HUD Metro FMR Area","$2,760","$2,484","$3,036","$2,880","$2,592","$3,168","$3,190","$2,871","$3,509","$3,980","$3,582","$4,378","$4,290","$3,861","$4,719"
10171,METRO35620MM5600,"New York, NY HUD Metro FMR Area","$2,760","$2,484","$3,036","$2,880","$2,592","$3,168","$3,190","$2,871","$3,509","$3,980","$3,582","$4,378","$4,290","$3,861","$4,719"
10172,METRO35620MM5600,"New York, NY HUD Metro FMR Area","$2,760","$2,484","$3,036","$2,880","$2,592","$3,168","$3,190","$2,871","$3,509","$3,980","$3,582","$4,378","$4,290","$3,861","$4,719"
10173,METRO35620MM5600,"New York, NY HUD Metro FMR Area","$2,760","$2,484","$3,036","$2,880","$2,592","$3,168","$3,190","$2,871","$3,509","$3,980","$3,582","$4,378","$4,290","$3,861","$4,719"
10174,METRO35620MM5600,"New York, NY HUD Metro FMR Area","$2,760","$2,484","$3,036","$2,880","$2,592","$3,168","$3,190","$2,871","$3,509","$3,980","$3,582","$4,378","$4,290","$3,861","$4,719"
10175,METRO35620MM5600,"New York, NY HUD Metro FMR Area","$2,760","$2,484","$3,036","$2,880","$2,592","$3,168","$3,190","$2,871","$3,509","$3,980","$3,582","$4,378","$4,290","$3,861","$4,719"
10176,METRO35620MM5600,"New York, NY HUD Metro FMR Area","$2,760","$2,484","$3,036","$2,880","$2,592","$3,168","$3,190","$2,871","$3,509","$3,980","$3,582","$4,378","$4,290","$3,861","$4,719"
10177,METRO35620MM5600,"New York, NY HUD Metro FMR Area","$2,760","$2,484","$3,036","$2,880","$2,592","$3,168","$3,190","$2,871","$3,509","$3,980","$3,582","$4,378","$4,290","$3,861","$4,719"
10178,METRO35620MM5600,"New York, NY HUD Metro FMR Area","$2,760","$2,484","$3,036","$2,880","$2,592","$3,168","$3,190","$2,871","$3,509","$3,980","$3,582","$4,378","$4,290","$3,861","$4,719"
10179,METRO35620MM5600,"New York, NY HUD Metro FMR Area","$2,760","$2,484","$3,036","$2,880","$2,592","$3,168","$3,190","$2,871","$3,509","$3,980","$3,582","$4,378","$4,290","$3,861","$4,719"
10185,METRO35620MM5600,"New York, NY HUD Metro FMR Area","$2,760","$2,484","$3,036","$2,880","$2,592","$3,168","$3,190","$2,871","$3,509","$3,980","$3,582","$4,378","$4,290","$3,861","$4,719"
10199,METRO35620MM5600,"New York, NY HUD Metro FMR Area","$2,760","$2,484","$3,036","$2,880","$2,592","$3,168","$3,190","$2,871","$3,509","$3,980","$3,582","$4,378","$4,290","$3,861","$4,719"
10203,METRO35620MM5600,"New York, NY HUD Metro FMR Area","$2,760","$2,484","$3,036","$2,880","$2,592","$3,168","$3,190","$2,871","$3,509","$3,980","$3,582","$4,378","$4,290","$3,861","$4,719"
10211,METRO35620MM5600,"New York, NY HUD Metro FMR Area","$2,760","$2,484","$3,036","$2,880","$2,592","$3,168","$3,190","$2,871","$3,509","$3,980","$3,582","$4,378","$4,290","$3,861","$4,719"
10212,METRO35620MM5600,"New York, NY HUD Metro FMR Area","$2,760","$2,484","$3,036","$2,880","$2,592","$3,168","$3,190","$2,871","$3,509","$3,980","$3,582","$4,378","$4,290","$3,861","$4,719"
10213,METRO35620MM5600,"New York, NY HUD Metro FMR Area","$2,760","$2,484","$3,036","$2,880","$2,592","$3,168","$3,190","$2,871","$3,509","$3,980","$3,582","$4,378","$4,290","$3,861","$4,719"
10258,METRO35620MM5600,"New York, NY HUD Metro FMR Area","$2,760","$2,484","$3,036","$2,880","$2,592","$3,168","$3,190","$2,871","$3,509","$3,980","$3,582","$4,378","$4,290","$3,861","$4,719"
10268,METRO35620MM5600,"New York, NY HUD Metro FMR Area","$2,760","$2,484","$3,036","$2,880","$2,592","$3,168","$3,190","$2,871","$3,509","$3,980","$3,582","$4,378","$4,290","$3,861","$4,719"
10269,METRO35620MM5600,"New York, NY HUD Metro FMR Area","$2,760","$2,484","$3,036","$2,880","$2,592","$3,168","$3,190","$2,871","$3,509","$3,980","$3,582","$4,378","$4,290","$3,861","$4,719"
10271,METRO35620MM5600,"New York, NY HUD Metro FMR Area","$2,760","$2,484","$3,036","$2,880","$2,592","$3,168","$3,190","$2,871","$3,509","$3,980","$3,582","$4,378","$4,290","$3,861","$4,719"
10272,METRO35620MM5600,"New York, NY HUD Metro FMR Area","$2,760","$2,484","$3,036","$2,880","$2,592","$3,168","$3,190","$2,871","$3,509","$3,980","$3,582","$4,378","$4,290","$3,861","$4,719"
10274,METRO35620MM5600,"New York, NY HUD Metro FMR Area","$2,760","$2,484","$3,036","$2,880","$2,592","$3,168","$3,190","$2,871","$3,509","$3,980","$3,582","$4,378","$4,290","$3,861","$4,719"
10275,METRO35620MM5600,"New York, NY HUD Metro FMR Area","$2,760","$2,484","$3,036","$2,880","$2,592","$3,168","$3,190","$2,871","$3,509","$3,980","$3,582","$4,378","$4,290","$3,861","$4,719"
10276,METRO35620MM5600,"New York, NY HUD Metro FMR Area","$2,760","$2,484","$3,036","$2,880","$2,592","$3,168","$3,190","$2,871","$3,509","$3,980","$3,582","$4,378","$4,290","$3,861","$4,719"
10277,METRO35620MM5600,"New York, NY HUD Metro FMR Area","$2,760","$2,484","$3,036","$2,880","$2,592","$3,168","$3,190","$2,871","$3,509","$3,980","$3,582","$4,378","$4,290","$3,861","$4,719"
10278,METRO35620MM5600,"New York, NY HUD Metro FMR Area","$2,760","$2,484","$3,036","$2,880","$2,592","$3,168","$3,190","$2,871","$3,509","$3,980","$3,582","$4,378","$4,290","$3,861","$4,719"
10279,METRO35620MM5600,"New York, NY HUD Metro FMR Area","$2,760","$2,484","$3,036","$2,880","$2,592","$3,168","$3,190","$2,871","$3,509","$3,980","$3,582","$4,378","$4,290","$3,861","$4,719"
10280,METRO35620MM5600,"New York, NY HUD Metro FMR Area","$3,230","$2,907","$3,553","$3,320","$2,988","$3,652","$3,720","$3,348","$4,092","$4,640","$4,176","$5,104","$5,000","$4,500","$5,500"
10281,METRO35620MM5600,"New York, NY HUD Metro FMR Area","$2,760","$2,484","$3,036","$2,880","$2,592","$3,168","$3,190","$2,871","$3,509","$3,980","$3,582","$4,378","$4,290","$3,861","$4,719"
10282,METRO35620MM5600,"New York, NY HUD Metro FMR Area","$3,350","$3,015","$3,685","$3,500","$3,150","$3,850","$3,870","$3,483","$4,257","$4,820","$4,338","$5,302","$5,200","$4,680","$5,720"
10285,METRO35620MM5600,"New York, NY HUD Metro FMR Area","$2,760","$2,484","$3,036","$2,880","$2,592","$3,168","$3,190","$2,871","$3,509","$3,980","$3,582","$4,378","$4,290","$3,861","$4,719"
10301,METRO35620MM5600,"New York, NY HUD Metro FMR Area","$2,270","$2,043","$2,497","$2,370","$2,133","$2,607","$2,620","$2,358","$2,882","$3,270","$2,943","$3,597","$3,520","$3,168","$3,872"
10302,METRO35620MM5600,"New York, NY HUD Metro FMR Area","$2,150","$1,935","$2,365","$2,210","$1,989","$2,431","$2,480","$2,232","$2,728","$3,100","$2,790","$3,410","$3,330","$2,997","$3,663"
10303,METRO35620MM5600,"New York, NY HUD Metro FMR Area","$2,230","$2,007","$2,453","$2,330","$2,097","$2,563","$2,580","$2,322","$2,838","$3,220","$2,898","$3,542","$3,470","$3,123","$3,817"
10304,METRO35620MM5600,"New York, NY HUD Metro FMR Area","$2,150","$1,935","$2,365","$2,210","$1,989","$2,431","$2,480","$2,232","$2,728","$3,100","$2,790","$3,410","$3,330","$2,997","$3,663"
10305,METRO35620MM5600,"New York, NY HUD Metro FMR Area","$2,150","$1,935","$2,365","$2,210","$1,989","$2,431","$2,480","$2,232","$2,728","$3,100","$2,790","$3,410","$3,330","$2,997","$3,663"
10306,METRO35620MM5600,"New York, NY HUD Metro FMR Area","$2,150","$1,935","$2,365","$2,210","$1,989","$2,431","$2,480","$2,232","$2,728","$3,100","$2,790","$3,410","$3,330","$2,997","$3,663"
10307,METRO35620MM5600,"New York, NY HUD Metro FMR Area","$2,150","$1,935","$2,365","$2,210","$1,989","$2,431","$2,480","$2,232","$2,728","$3,100","$2,790","$3,410","$3,330","$2,997","$3,663"
10308,METRO35620MM5600,"New York, NY HUD Metro FMR Area","$2,310","$2,079","$2,541","$2,370","$2,133","$2,607","$2,660","$2,394","$2,926","$3,320","$2,988","$3,652","$3,580","$3,222","$3,938"
10309,METRO35620MM5600,"New York, NY HUD Metro FMR Area","$2,640","$2,376","$2,904","$2,750","$2,475","$3,025","$3,050","$2,745","$3,355","$3,800","$3,420","$4,180","$4,100","$3,690","$4,510"
10310,METRO35620MM5600,"New York, NY HUD Metro FMR Area","$2,150","$1,935","$2,365","$2,210","$1,989","$2,431","$2,480","$2,232","$2,728","$3,100","$2,790","$3,410","$3,330","$2,997","$3,663"
10311,METRO35620MM5600,"New York, NY HUD Metro FMR Area","$2,150","$1,935","$2,365","$2,210","$1,989","$2,431","$2,480","$2,232","$2,728","$3,100","$2,790","$3,410","$3,330","$2,997","$3,663"
10312,METRO35620MM5600,"New York, NY HUD Metro FMR Area","$2,150","$1,935","$2,365","$2,210","$1,989","$2,431","$2,480","$2,232","$2,728","$3,100","$2,790","$3,410","$3,330","$2,997","$3,663"
10313,METRO35620MM5600,"New York, NY HUD Metro FMR Area","$2,150","$1,935","$2,365","$2,210","$1,989","$2,431","$2,480","$2,232","$2,728","$3,100","$2,790","$3,410","$3,330","$2,997","$3,663"
10314,METRO35620MM5600,"New York, NY HUD Metro FMR Area","$2,150","$1,935","$2,365","$2,220","$1,998","$2,442","$2,480","$2,232","$2,728","$3,100","$2,790","$3,410","$3,330","$2,997","$3,663"
10451,METRO35620MM5600,"New York, NY HUD Metro FMR Area","$2,150","$1,935","$2,365","$2,210","$1,989","$2,431","$2,480","$2,232","$2,728","$3,100","$2,790","$3,410","$3,330","$2,997","$3,663"
10452,METRO35620MM5600,"New York, NY HUD Metro FMR Area","$2,150","$1,935","$2,365","$2,210","$1,989","$2,431","$2,480","$2,232","$2,728","$3,100","$2,790","$3,410","$3,330","$2,997","$3,663"
10453,METRO35620MM5600,"New York, NY HUD Metro FMR Area","$2,150","$1,935","$2,365","$2,210","$1,989","$2,431","$2,480","$2,232","$2,728","$3,100","$2,790","$3,410","$3,330","$2,997","$3,663"
10454,METRO35620MM5600,"New York, NY HUD Metro FMR Area","$2,150","$1,935","$2,365","$2,210","$1,989","$2,431","$2,480","$2,232","$2,728","$3,100","$2,790","$3,410","$3,330","$2,997","$3,663"
10455,METRO35620MM5600,"New York, NY HUD Metro FMR Area","$2,150","$1,935","$2,365","$2,210","$1,989","$2,431","$2,480","$2,232","$2,728","$3,100","$2,790","$3,410","$3,330","$2,997","$3,663"
10456,METRO35620MM5600,"New York, NY HUD Metro FMR Area","$2,150","$1,935","$2,365","$2,210","$1,989","$2,431","$2,480","$2,232","$2,728","$3,100","$2,790","$3,410","$3,330","$2,997","$3,663"
10457,METRO35620MM5600,"New York, NY HUD Metro FMR Area","$2,150","$1,935","$2,365","$2,210","$1,989","$2,431","$2,480","$2,232","$2,728","$3,100","$2,790","$3,410","$3,330","$2,997","$3,663"
10458,METRO35620MM5600,"New York, NY HUD Metro FMR Area","$2,150","$1,935","$2,365","$2,210","$1,989","$2,431","$2,480","$2,232","$2,728","$3,100","$2,790","$3,410","$3,330","$2,997","$3,663"
10459,METRO35620MM5600,"New York, NY HUD Metro FMR Area","$2,150","$1,935","$2,365","$2,210","$1,989","$2,431","$2,480","$2,232","$2,728","$3,100","$2,790","$3,410","$3,330","$2,997","$3,663"
10460,METRO35620MM5600,"New York, NY HUD Metro FMR Area","$2,150","$1,935","$2,365","$2,210","$1,989","$2,431","$2,480","$2,232","$2,728","$3,100","$2,790","$3,410","$3,330","$2,997","$3,663"
10461,METRO35620MM5600,"New York, NY HUD Metro FMR Area","$2,250","$2,025","$2,475","$2,350","$2,115","$2,585","$2,600","$2,340","$2,860","$3,240","$2,916","$3,564","$3,500","$3,150","$3,850"
10462,METRO35620MM5600,"New York, NY HUD Metro FMR Area","$2,150","$1,935","$2,365","$2,230","$2,007","$2,453","$2,480","$2,232","$2,728","$3,100","$2,790","$3,410","$3,330","$2,997","$3,663"
10463,METRO35620MM5600,"New York, NY HUD Metro FMR Area","$2,150","$1,935","$2,365","$2,230","$2,007","$2,453","$2,480","$2,232","$2,728","$3,100","$2,790","$3,410","$3,330","$2,997","$3,663"
10464,METRO35620MM5600,"New York, NY HUD Metro FMR Area","$2,150","$1,935","$2,365","$2,250","$2,025","$2,475","$2,490","$2,241","$2,739","$3,100","$2,790","$3,410","$3,350","$3,015","$3,685"
10465,METRO35620MM5600,"New York, NY HUD Metro FMR Area","$2,230","$2,007","$2,453","$2,330","$2,097","$2,563","$2,580","$2,322","$2,838","$3,220","$2,898","$3,542","$3,470","$3,123","$3,817"
10466,METRO35620MM5600,"New York, NY HUD Metro FMR Area","$2,150","$1,935","$2,365","$2,210","$1,989","$2,431","$2,480","$2,232","$2,728","$3,100","$2,790","$3,410","$3,330","$2,997","$3,663"
10467,METRO35620MM5600,"New York, NY HUD Metro FMR Area","$2,150","$1,935","$2,365","$2,210","$1,989","$2,431","$2,480","$2,232","$2,728","$3,100","$2,790","$3,410","$3,330","$2,997","$3,663"
10468,METRO35620MM5600,"New York, NY HUD Metro FMR Area","$2,150","$1,935","$2,365","$2,210","$1,989","$2,431","$2,480","$2,232","$2,728","$3,100","$2,790","$3,410","$3,330","$2,997","$3,663"
10469,METRO35620MM5600,"New York, NY HUD Metro FMR Area","$2,150","$1,935","$2,365","$2,220","$1,998","$2,442","$2,480","$2,232","$2,728","$3,100","$2,790","$3,410","$3,330","$2,997","$3,663"
10470,METRO35620MM5600,"New York, NY HUD Metro FMR Area","$2,150","$1,935","$2,365","$2,210","$1,989","$2,431","$2,480","$2,232","$2,728","$3,100","$2,790","$3,410","$3,330","$2,997","$3,663"
10471,METRO35620MM5600,"New York, NY HUD Metro FMR Area","$2,220","$1,998","$2,442","$2,280","$2,052","$2,508","$2,560","$2,304","$2,816","$3,190","$2,871","$3,509","$3,440","$3,096","$3,784"
10472,METRO35620MM5600,"New York, NY HUD Metro FMR Area","$2,150","$1,935","$2,365","$2,210","$1,989","$2,431","$2,480","$2,232","$2,728","$3,100","$2,790","$3,410","$3,330","$2,997","$3,663"
10473,METRO35620MM5600,"New York, NY HUD Metro FMR Area","$2,150","$1,935","$2,365","$2,210","$1,989","$2,431","$2,480","$2,232","$2,728","$3,100","$2,790","$3,410","$3,330","$2,997","$3,663"
10474,METRO35620MM5600,"New York, NY HUD Metro FMR Area","$2,150","$1,935","$2,365","$2,210","$1,989","$2,431","$2,480","$2,232","$2,728","$3,100","$2,790","$3,410","$3,330","$2,997","$3,663"
10475,METRO35620MM5600,"New York, NY HUD Metro FMR Area","$2,150","$1,935","$2,365","$2,210","$1,989","$2,431","$2,480","$2,232","$2,728","$3,100","$2,790","$3,410","$3,330","$2,997","$3,663"
10501,METRO35620MM5600,"New York, NY HUD Metro FMR Area","$2,770","$2,493","$3,047","$2,890","$2,601","$3,179","$3,190","$2,871","$3,509","$3,980","$3,582","$4,378","$4,290","$3,861","$4,719"
10502,METRO35620MM5600,"New York, NY HUD Metro FMR Area","$2,660","$2,394","$2,926","$2,780","$2,502","$3,058","$3,080","$2,772","$3,388","$3,840","$3,456","$4,224","$4,140","$3,726","$4,554"
10503,METRO35620MM5600,"New York, NY HUD Metro FMR Area","$2,470","$2,223","$2,717","$2,580","$2,322","$2,838","$2,860","$2,574","$3,146","$3,560","$3,204","$3,916","$3,850","$3,465","$4,235"
10504,METRO35620MM5600,"New York, NY HUD Metro FMR Area","$3,350","$3,015","$3,685","$3,500","$3,150","$3,850","$3,870","$3,483","$4,257","$4,820","$4,338","$5,302","$5,200","$4,680","$5,720"
10505,METRO35620MM5600,"New York, NY HUD Metro FMR Area","$2,530","$2,277","$2,783","$2,640","$2,376","$2,904","$2,920","$2,628","$3,212","$3,640","$3,276","$4,004","$3,930","$3,537","$4,323"
10506,METRO35620MM5600,"New York, NY HUD Metro FMR Area","$3,350","$3,015","$3,685","$3,500","$3,150","$3,850","$3,870","$3,483","$4,257","$4,820","$4,338","$5,302","$5,200","$4,680","$5,720"
10507,METRO35620MM5600,"New York, NY HUD Metro FMR Area","$2,320","$2,088","$2,552","$2,420","$2,178","$2,662","$2,680","$2,412","$2,948","$3,340","$3,006","$3,674","$3,600","$3,240","$3,960"
10509,METRO35620MM5600,"New York, NY HUD Metro FMR Area","$2,160","$1,944","$2,376","$2,260","$2,034","$2,486","$2,500","$2,250","$2,750","$3,120","$2,808","$3,432","$3,360","$3,024","$3,696"
10510,METRO35620MM5600,"New York, NY HUD Metro FMR Area","$2,530","$2,277","$2,783","$2,640","$2,376","$2,904","$2,920","$2,628","$3,212","$3,640","$3,276","$4,004","$3,930","$3,537","$4,323"
10511,METRO35620MM5600,"New York, NY HUD Metro FMR Area","$2,050","$1,845","$2,255","$2,140","$1,926","$2,354","$2,370","$2,133","$2,607","$2,950","$2,655","$3,245","$3,190","$2,871","$3,509"
10512,METRO35620MM5600,"New York, NY HUD Metro FMR Area","$2,150","$1,935","$2,365","$2,210","$1,989","$2,431","$2,480","$2,232","$2,728","$3,100","$2,790","$3,410","$3,330","$2,997","$3,663"
10514,METRO35620MM5600,"New York, NY HUD Metro FMR Area","$3,200","$2,880","$3,520","$3,340","$3,006","$3,674","$3,700","$3,330","$4,070","$4,610","$4,149","$5,071","$4,970","$4,473","$5,467"
10516,METRO35620MM5600,"New York, NY HUD Metro FMR Area","$2,150","$1,935","$2,365","$2,220","$1,998","$2,442","$2,480","$2,232","$2,728","$3,100","$2,790","$3,410","$3,330","$2,997","$3,663"
10517,METRO35620MM5600,"New York, NY HUD Metro FMR Area","$1,790","$1,611","$1,969","$1,920","$1,728","$2,112","$2,340","$2,106","$2,574","$2,870","$2,583","$3,157","$3,110","$2,799","$3,421"
10518,METRO35620MM5600,"New York, NY HUD Metro FMR Area","$3,090","$2,781","$3,399","$3,220","$2,898","$3,542","$3,560","$3,204","$3,916","$4,440","$3,996","$4,884","$4,790","$4,311","$5,269"
10519,METRO35620MM5600,"New York, NY HUD Metro FMR Area","$2,790","$2,511","$3,069","$2,910","$2,619","$3,201","$3,220","$2,898","$3,542","$4,020","$3,618","$4,422","$4,340","$3,906","$4,774"
10520,METRO35620MM5600,"New York, NY HUD Metro FMR Area","$2,130","$1,917","$2,343","$2,220","$1,998","$2,442","$2,460","$2,214","$2,706","$3,070","$2,763","$3,377","$3,310","$2,979","$3,641"
10521,METRO35620MM5600,"New York, NY HUD Metro FMR Area","$2,270","$2,043","$2,497","$2,370","$2,133","$2,607","$2,620","$2,358","$2,882","$3,270","$2,943","$3,597","$3,520","$3,168","$3,872"
10522,METRO35620MM5600,"New York, NY HUD Metro FMR Area","$2,710","$2,439","$2,981","$2,830","$2,547","$3,113","$3,130","$2,817","$3,443","$3,900","$3,510","$4,290","$4,210","$3,789","$4,631"
10523,METRO35620MM5600,"New York, NY HUD Metro FMR Area","$3,350","$3,015","$3,685","$3,500","$3,150","$3,850","$3,870","$3,483","$4,257","$4,820","$4,338","$5,302","$5,200","$4,680","$5,720"
10524,METRO35620MM5600,"New York, NY HUD Metro FMR Area","$2,780","$2,502","$3,058","$2,900","$2,610","$3,190","$3,210","$2,889","$3,531","$4,000","$3,600","$4,400","$4,320","$3,888","$4,752"
10526,METRO35620MM5600,"New York, NY HUD Metro FMR Area","$2,610","$2,349","$2,871","$2,730","$2,457","$3,003","$3,020","$2,718","$3,322","$3,760","$3,384","$4,136","$4,060","$3,654","$4,466"
10527,METRO35620MM5600,"New York, NY HUD Metro FMR Area","$2,600","$2,340","$2,860","$2,710","$2,439","$2,981","$3,000","$2,700","$3,300","$3,740","$3,366","$4,114","$4,030","$3,627","$4,433"
10528,METRO35620MM5600,"New York, NY HUD Metro FMR Area","$3,050","$2,745","$3,355","$3,190","$2,871","$3,509","$3,530","$3,177","$3,883","$4,400","$3,960","$4,840","$4,750","$4,275","$5,225"
10530,METRO35620MM5600,"New York, NY HUD Metro FMR Area","$2,670","$2,403","$2,937","$2,790","$2,511","$3,069","$3,090","$2,781","$3,399","$3,850","$3,465","$4,235","$4,150","$3,735","$4,565"
10532,METRO35620MM5600,"New York, NY HUD Metro FMR Area","$3,310","$2,979","$3,641","$3,450","$3,105","$3,795","$3,820","$3,438","$4,202","$4,760","$4,284","$5,236","$5,140","$4,626","$5,654"
10533,METRO35620MM5600,"New York, NY HUD Metro FMR Area","$2,470","$2,223","$2,717","$2,580","$2,322","$2,838","$2,860","$2,574","$3,146","$3,560","$3,204","$3,916","$3,850","$3,465","$4,235"
10535,METRO35620MM5600,"New York, NY HUD Metro FMR Area","$2,420","$2,178","$2,662","$2,530","$2,277","$2,783","$2,800","$2,520","$3,080","$3,490","$3,141","$3,839","$3,760","$3,384","$4,136"
10536,METRO35620MM5600,"New York, NY HUD Metro FMR Area","$3,350","$3,015","$3,685","$3,500","$3,150","$3,850","$3,870","$3,483","$4,257","$4,820","$4,338","$5,302","$5,200","$4,680","$5,720"
10537,METRO35620MM5600,"New York, NY HUD Metro FMR Area","$2,810","$2,529","$3,091","$2,940","$2,646","$3,234","$3,250","$2,925","$3,575","$4,050","$3,645","$4,455","$4,370","$3,933","$4,807"
10538,METRO35620MM5600,"New York, NY HUD Metro FMR Area","$2,550","$2,295","$2,805","$2,660","$2,394","$2,926","$2,950","$2,655","$3,245","$3,680","$3,312","$4,048","$3,970","$3,573","$4,367"
10540,METRO35620MM5600,"New York, NY HUD Metro FMR Area","$2,660","$2,394","$2,926","$2,770","$2,493","$3,047","$3,070","$2,763","$3,377","$3,820","$3,438","$4,202","$4,130","$3,717","$4,543"
10541,METRO35620MM5600,"New York, NY HUD Metro FMR Area","$2,250","$2,025","$2,475","$2,350","$2,115","$2,585","$2,600","$2,340","$2,860","$3,240","$2,916","$3,564","$3,500","$3,150","$3,850"
10542,METRO35620MM5600,"New York, NY HUD Metro FMR Area","$2,150","$1,935","$2,365","$2,210","$1,989","$2,431","$2,480","$2,232","$2,728","$3,100","$2,790","$3,410","$3,330","$2,997","$3,663"
10543,METRO35620MM5600,"New York, NY HUD Metro FMR Area","$2,530","$2,277","$2,783","$2,640","$2,376","$2,904","$2,920","$2,628","$3,212","$3,640","$3,276","$4,004","$3,930","$3,537","$4,323"
10545,METRO35620MM5600,"New York, NY HUD Metro FMR Area","$2,450","$2,205","$2,695","$2,560","$2,304","$2,816","$2,830","$2,547","$3,113","$3,530","$3,177","$3,883","$3,810","$3,429","$4,191"
10546,METRO35620MM5600,"New York, NY HUD Metro FMR Area","$2,730","$2,457","$3,003","$2,850","$2,565","$3,135","$3,180","$2,862","$3,498","$3,930","$3,537","$4,323","$4,240","$3,816","$4,664"
10547,METRO35620MM5600,"New York, NY HUD Metro FMR Area","$2,430","$2,187","$2,673","$2,540","$2,286","$2,794","$2,810","$2,529","$3,091","$3,500","$3,150","$3,850","$3,780","$3,402","$4,158"
10548,METRO35620MM5600,"New York, NY HUD Metro FMR Area","$1,900","$1,710","$2,090","$1,980","$1,782","$2,178","$2,190","$1,971","$2,409","$2,730","$2,457","$3,003","$2,940","$2,646","$3,234"
10549,METRO35620MM5600,"New York, NY HUD Metro FMR Area","$2,270","$2,043","$2,497","$2,370","$2,133","$2,607","$2,620","$2,358","$2,882","$3,270","$2,943","$3,597","$3,520","$3,168","$3,872"
10550,METRO35620MM5600,"New York, NY HUD Metro FMR Area","$2,020","$1,818","$2,222","$2,100","$1,890","$2,310","$2,330","$2,097","$2,563","$2,900","$2,610","$3,190","$3,130","$2,817","$3,443"
10551,METRO35620MM5600,"New York, NY HUD Metro FMR Area","$2,270","$2,043","$2,497","$2,370","$2,133","$2,607","$2,620","$2,358","$2,882","$3,270","$2,943","$3,597","$3,520","$3,168","$3,872"
10552,METRO35620MM5600,"New York, NY HUD Metro FMR Area","$2,090","$1,881","$2,299","$2,190","$1,971","$2,409","$2,420","$2,178","$2,662","$3,020","$2,718","$3,322","$3,250","$2,925","$3,575"
10553,METRO35620MM5600,"New York, NY HUD Metro FMR Area","$2,090","$1,881","$2,299","$2,180","$1,962","$2,398","$2,410","$2,169","$2,651","$3,000","$2,700","$3,300","$3,240","$2,916","$3,564"
10560,METRO35620MM5600,"New York, NY HUD Metro FMR Area","$2,600","$2,340","$2,860","$2,720","$2,448","$2,992","$3,010","$2,709","$3,311","$3,750","$3,375","$4,125","$4,050","$3,645","$4,455"
10562,METRO35620MM5600,"New York, NY HUD Metro FMR Area","$2,450","$2,205","$2,695","$2,560","$2,304","$2,816","$2,830","$2,547","$3,113","$3,530","$3,177","$3,883","$3,810","$3,429","$4,191"
10566,METRO35620MM5600,"New York, NY HUD Metro FMR Area","$2,250","$2,025","$2,475","$2,350","$2,115","$2,585","$2,600","$2,340","$2,860","$3,240","$2,916","$3,564","$3,500","$3,150","$3,850"
10567,METRO35620MM5600,"New York, NY HUD Metro FMR Area","$2,590","$2,331","$2,849","$2,700","$2,430","$2,970","$2,990","$2,691","$3,289","$3,730","$3,357","$4,103","$4,020","$3,618","$4,422"
10570,METRO35620MM5600,"New York, NY HUD Metro FMR Area","$2,340","$2,106","$2,574","$2,440","$2,196","$2,684","$2,700","$2,430","$2,970","$3,360","$3,024","$3,696","$3,630","$3,267","$3,993"
10573,METRO35620MM5600,"New York, NY HUD Metro FMR Area","$2,500","$2,250","$2,750","$2,610","$2,349","$2,871","$2,890","$2,601","$3,179","$3,600","$3,240","$3,960","$3,890","$3,501","$4,279"
10576,METRO35620MM5600,"New York, NY HUD Metro FMR Area","$3,060","$2,754","$3,366","$3,250","$2,925","$3,575","$3,630","$3,267","$3,993","$4,510","$4,059","$4,961","$4,880","$4,392","$5,368"
10577,METRO35620MM5600,"New York, NY HUD Metro FMR Area","$2,650","$2,385","$2,915","$2,770","$2,493","$3,047","$3,070","$2,763","$3,377","$3,820","$3,438","$4,202","$4,130","$3,717","$4,543"
10578,METRO35620MM5600,"New York, NY HUD Metro FMR Area","$2,980","$2,682","$3,278","$3,120","$2,808","$3,432","$3,450","$3,105","$3,795","$4,290","$3,861","$4,719","$4,640","$4,176","$5,104"
10579,METRO35620MM5600,"New York, NY HUD Metro FMR Area","$2,560","$2,304","$2,816","$2,670","$2,403","$2,937","$2,960","$2,664","$3,256","$3,690","$3,321","$4,059","$3,980","$3,582","$4,378"
10580,METRO35620MM5600,"New York, NY HUD Metro FMR Area","$3,350","$3,015","$3,685","$3,500","$3,150","$3,850","$3,870","$3,483","$4,257","$4,820","$4,338","$5,302","$5,200","$4,680","$5,720"
10583,METRO35620MM5600,"New York, NY HUD Metro FMR Area","$2,880","$2,592","$3,168","$3,010","$2,709","$3,311","$3,330","$2,997","$3,663","$4,150","$3,735","$4,565","$4,480","$4,032","$4,928"
10587,METRO35620MM5600,"New York, NY HUD Metro FMR Area","$2,270","$2,043","$2,497","$2,370","$2,133","$2,607","$2,620","$2,358","$2,882","$3,270","$2,943","$3,597","$3,520","$3,168","$3,872"
10588,METRO35620MM5600,"New York, NY HUD Metro FMR Area","$2,150","$1,935","$2,365","$2,250","$2,025","$2,475","$2,490","$2,241","$2,739","$3,100","$2,790","$3,410","$3,350","$3,015","$3,685"
10589,METRO35620MM5600,"New York, NY HUD Metro FMR Area","$3,350","$3,015","$3,685","$3,500","$3,150","$3,850","$3,870","$3,483","$4,257","$4,820","$4,338","$5,302","$5,200","$4,680","$5,720"
10590,METRO35620MM5600,"New York, NY HUD Metro FMR Area","$2,900","$2,610","$3,190","$3,030","$2,727","$3,333","$3,350","$3,015","$3,685","$4,180","$3,762","$4,598","$4,500","$4,050","$4,950"
10591,METRO35620MM5600,"New York, NY HUD Metro FMR Area","$2,280","$2,052","$2,508","$2,380","$2,142","$2,618","$2,630","$2,367","$2,893","$3,280","$2,952","$3,608","$3,540","$3,186","$3,894"
10594,METRO35620MM5600,"New York, NY HUD Metro FMR Area","$2,440","$2,196","$2,684","$2,550","$2,295","$2,805","$2,820","$2,538","$3,102","$3,510","$3,159","$3,861","$3,790","$3,411","$4,169"
10595,METRO35620MM5600,"New York, NY HUD Metro FMR Area","$2,260","$2,034","$2,486","$2,360","$2,124","$2,596","$2,610","$2,349","$2,871","$3,250","$2,925","$3,575","$3,510","$3,159","$3,861"
10596,METRO35620MM5600,"New York, NY HUD Metro FMR Area","$2,080","$1,872","$2,288","$2,170","$1,953","$2,387","$2,400","$2,160","$2,640","$2,990","$2,691","$3,289","$3,230","$2,907","$3,553"
10597,METRO35620MM5600,"New York, NY HUD Metro FMR Area","$2,810","$2,529","$3,091","$2,940","$2,646","$3,234","$3,250","$2,925","$3,575","$4,050","$3,645","$4,455","$4,370","$3,933","$4,807"
10598,METRO35620MM5600,"New York, NY HUD Metro FMR Area","$2,600","$2,340","$2,860","$2,710","$2,439","$2,981","$3,000","$2,700","$3,300","$3,740","$3,366","$4,114","$4,030","$3,627","$4,433"
10601,METRO35620MM5600,"New York, NY HUD Metro FMR Area","$2,670","$2,403","$2,937","$2,790","$2,511","$3,069","$3,090","$2,781","$3,399","$3,850","$3,465","$4,235","$4,150","$3,735","$4,565"
10602,METRO35620MM5600,"New York, NY HUD Metro FMR Area","$2,270","$2,043","$2,497","$2,370","$2,133","$2,607","$2,620","$2,358","$2,882","$3,270","$2,943","$3,597","$3,520","$3,168","$3,872"
10603,METRO35620MM5600,"New York, NY HUD Metro FMR Area","$2,400","$2,160","$2,640","$2,500","$2,250","$2,750","$2,770","$2,493","$3,047","$3,450","$3,105","$3,795","$3,720","$3,348","$4,092"
10604,METRO35620MM5600,"New York, NY HUD Metro FMR Area","$2,600","$2,340","$2,860","$2,720","$2,448","$2,992","$3,010","$2,709","$3,311","$3,750","$3,375","$4,125","$4,050","$3,645","$4,455"
10605,METRO35620MM5600,"New York, NY HUD Metro FMR Area","$2,530","$2,277","$2,783","$2,640","$2,376","$2,904","$2,920","$2,628","$3,212","$3,640","$3,276","$4,004","$3,930","$3,537","$4,323"
10606,METRO35620MM5600,"New York, NY HUD Metro FMR Area","$2,800","$2,520","$3,080","$2,920","$2,628","$3,212","$3,230","$2,907","$3,553","$4,030","$3,627","$4,433","$4,340","$3,906","$4,774"
10607,METRO35620MM5600,"New York, NY HUD Metro FMR Area","$2,470","$2,223","$2,717","$2,570","$2,313","$2,827","$2,850","$2,565","$3,135","$3,550","$3,195","$3,905","$3,830","$3,447","$4,213"
10701,METRO35620MM5600,"New York, NY HUD Metro FMR Area","$2,170","$1,953","$2,387","$2,270","$2,043","$2,497","$2,510","$2,259","$2,761","$3,130","$2,817","$3,443","$3,370","$3,033","$3,707"
10702,METRO35620MM5600,"New York, NY HUD Metro FMR Area","$2,270","$2,043","$2,497","$2,370","$2,133","$2,607","$2,620","$2,358","$2,882","$3,270","$2,943","$3,597","$3,520","$3,168","$3,872"
10703,METRO35620MM5600,"New York, NY HUD Metro FMR Area","$1,940","$1,746","$2,134","$2,020","$1,818","$2,222","$2,240","$2,016","$2,464","$2,790","$2,511","$3,069","$3,010","$2,709","$3,311"
10704,METRO35620MM5600,"New York, NY HUD Metro FMR Area","$2,210","$1,989","$2,431","$2,300","$2,070","$2,530","$2,550","$2,295","$2,805","$3,180","$2,862","$3,498","$3,430","$3,087","$3,773"
10705,METRO35620MM5600,"New York, NY HUD Metro FMR Area","$2,190","$1,971","$2,409","$2,280","$2,052","$2,508","$2,530","$2,277","$2,783","$3,150","$2,835","$3,465","$3,400","$3,060","$3,740"
10706,METRO35620MM5600,"New York, NY HUD Metro FMR Area","$2,470","$2,223","$2,717","$2,580","$2,322","$2,838","$2,860","$2,574","$3,146","$3,560","$3,204","$3,916","$3,850","$3,465","$4,235"
10707,METRO35620MM5600,"New York, NY HUD Metro FMR Area","$2,930","$2,637","$3,223","$3,060","$2,754","$3,366","$3,390","$3,051","$3,729","$4,220","$3,798","$4,642","$4,560","$4,104","$5,016"
10708,METRO35620MM5600,"New York, NY HUD Metro FMR Area","$2,420","$2,178","$2,662","$2,530","$2,277","$2,783","$2,800","$2,520","$3,080","$3,490","$3,141","$3,839","$3,760","$3,384","$4,136"
10709,METRO35620MM5600,"New York, NY HUD Metro FMR Area","$2,470","$2,223","$2,717","$2,580","$2,322","$2,838","$2,860","$2,574","$3,146","$3,560","$3,204","$3,916","$3,850","$3,465","$4,235"
10710,METRO35620MM5600,"New York, NY HUD Metro FMR Area","$2,090","$1,881","$2,299","$2,190","$1,971","$2,409","$2,420","$2,178","$2,662","$3,020","$2,718","$3,322","$3,250","$2,925","$3,575"
10801,METRO35620MM5600,"New York, NY HUD Metro FMR Area","$2,220","$1,998","$2,442","$2,320","$2,088","$2,552","$2,570","$2,313","$2,827","$3,200","$2,880","$3,520","$3,460","$3,114","$3,806"
10802,METRO35620MM5600,"New York, NY HUD Metro FMR Area","$2,270","$2,043","$2,497","$2,370","$2,133","$2,607","$2,620","$2,358","$2,882","$3,270","$2,943","$3,597","$3,520","$3,168","$3,872"
10803,METRO35620MM5600,"New York, NY HUD Metro FMR Area","$2,540","$2,286","$2,794","$2,650","$2,385","$2,915","$2,930","$2,637","$3,223","$3,650","$3,285","$4,015","$3,940","$3,546","$4,334"
10804,METRO35620MM5600,"New York, NY HUD Metro FMR Area","$2,670","$2,403","$2,937","$2,790","$2,511","$3,069","$3,090","$2,781","$3,399","$3,850","$3,465","$4,235","$4,150","$3,735","$4,565"
10805,METRO35620MM5600,"New York, NY HUD Metro FMR Area","$2,220","$1,998","$2,442","$2,320","$2,088","$2,552","$2,570","$2,313","$2,827","$3,200","$2,880","$3,520","$3,460","$3,114","$3,806"
10901,METRO35620MM5600,"New York, NY HUD Metro FMR Area","$2,220","$1,998","$2,442","$2,320","$2,088","$2,552","$2,570","$2,313","$2,827","$3,200","$2,880","$3,520","$3,460","$3,114","$3,806"
10911,METRO35620MM5600,"New York, NY HUD Metro FMR Area","$2,910","$2,619","$3,201","$2,990","$2,691","$3,289","$3,360","$3,024","$3,696","$4,190","$3,771","$4,609","$4,510","$4,059","$4,961"
10913,METRO35620MM5600,"New York, NY HUD Metro FMR Area","$2,570","$2,313","$2,827","$2,680","$2,412","$2,948","$2,970","$2,673","$3,267","$3,700","$3,330","$4,070","$3,990","$3,591","$4,389"
10920,METRO35620MM5600,"New York, NY HUD Metro FMR Area","$2,280","$2,052","$2,508","$2,380","$2,142","$2,618","$2,640","$2,376","$2,904","$3,290","$2,961","$3,619","$3,550","$3,195","$3,905"
10923,METRO35620MM5600,"New York, NY HUD Metro FMR Area","$2,200","$1,980","$2,420","$2,290","$2,061","$2,519","$2,540","$2,286","$2,794","$3,170","$2,853","$3,487","$3,420","$3,078","$3,762"
10927,METRO35620MM5600,"New York, NY HUD Metro FMR Area","$2,150","$1,935","$2,365","$2,210","$1,989","$2,431","$2,480","$2,232","$2,728","$3,100","$2,790","$3,410","$3,330","$2,997","$3,663"
10931,METRO35620MM5600,"New York, NY HUD Metro FMR Area","$2,400","$2,160","$2,640","$2,500","$2,250","$2,750","$2,770","$2,493","$3,047","$3,450","$3,105","$3,795","$3,720","$3,348","$4,092"
10952,METRO35620MM5600,"New York, NY HUD Metro FMR Area","$2,150","$1,935","$2,365","$2,240","$2,016","$2,464","$2,480","$2,232","$2,728","$3,100","$2,790","$3,410","$3,330","$2,997","$3,663"
10954,METRO35620MM5600,"New York, NY HUD Metro FMR Area","$2,840","$2,556","$3,124","$2,960","$2,664","$3,256","$3,280","$2,952","$3,608","$4,090","$3,681","$4,499","$4,410","$3,969","$4,851"
10956,METRO35620MM5600,"New York, NY HUD Metro FMR Area","$2,360","$2,124","$2,596","$2,470","$2,223","$2,717","$2,730","$2,457","$3,003","$3,400","$3,060","$3,740","$3,670","$3,303","$4,037"
10960,METRO35620MM5600,"New York, NY HUD Metro FMR Area","$2,660","$2,394","$2,926","$2,770","$2,493","$3,047","$3,070","$2,763","$3,377","$3,830","$3,447","$4,213","$4,130","$3,717","$4,543"
10962,METRO35620MM5600,"New York, NY HUD Metro FMR Area","$2,150","$1,935","$2,365","$2,210","$1,989","$2,431","$2,480","$2,232","$2,728","$3,100","$2,790","$3,410","$3,330","$2,997","$3,663"
10964,METRO35620MM5600,"New York, NY HUD Metro FMR Area","$2,150","$1,935","$2,365","$2,350","$2,115","$2,585","$2,640","$2,376","$2,904","$3,280","$2,952","$3,608","$3,800","$3,420","$4,180"
10965,METRO35620MM5600,"New York, NY HUD Metro FMR Area","$2,170","$1,953","$2,387","$2,270","$2,043","$2,497","$2,510","$2,259","$2,761","$3,130","$2,817","$3,443","$3,370","$3,033","$3,707"
10968,METRO35620MM5600,"New York, NY HUD Metro FMR Area","$2,600","$2,340","$2,860","$2,670","$2,403","$2,937","$2,990","$2,691","$3,289","$3,730","$3,357","$4,103","$4,020","$3,618","$4,422"
10970,METRO35620MM5600,"New York, NY HUD Metro FMR Area","$2,150","$1,935","$2,365","$2,210","$1,989","$2,431","$2,480","$2,232","$2,728","$3,100","$2,790","$3,410","$3,330","$2,997","$3,663"
10974,METRO35620MM5600,"New York, NY HUD Metro FMR Area","$2,590","$2,331","$2,849","$2,700","$2,430","$2,970","$2,990","$2,691","$3,289","$3,730","$3,357","$4,103","$4,020","$3,618","$4,422"
10976,METRO35620MM5600,"New York, NY HUD Metro FMR Area","$2,370","$2,133","$2,607","$2,480","$2,232","$2,728","$2,740","$2,466","$3,014","$3,420","$3,078","$3,762","$3,690","$3,321","$4,059"
10977,METRO35620MM5600,"New York, NY HUD Metro FMR Area","$2,150","$1,935","$2,365","$2,210","$1,989","$2,431","$2,480","$2,232","$2,728","$3,100","$2,790","$3,410","$3,330","$2,997","$3,663"
10980,METRO35620MM5600,"New York, NY HUD Metro FMR Area","$2,150","$1,935","$2,365","$2,210","$1,989","$2,431","$2,480","$2,232","$2,728","$3,100","$2,790","$3,410","$3,330","$2,997","$3,663"
10982,METRO35620MM5600,"New York, NY HUD Metro FMR Area","$2,240","$2,016","$2,464","$2,340","$2,106","$2,574","$2,590","$2,331","$2,849","$3,230","$2,907","$3,553","$3,480","$3,132","$3,828"
10983,METRO35620MM5600,"New York, NY HUD Metro FMR Area","$2,980","$2,682","$3,278","$3,080","$2,772","$3,388","$3,440","$3,096","$3,784","$4,300","$3,870","$4,730","$4,630","$4,167","$5,093"
10984,METRO35620MM5600,"New York, NY HUD Metro FMR Area","$2,150","$1,935","$2,365","$2,220","$1,998","$2,442","$2,480","$2,232","$2,728","$3,100","$2,790","$3,410","$3,330","$2,997","$3,663"
10986,METRO35620MM5600,"New York, NY HUD Metro FMR Area","$2,910","$2,619","$3,201","$2,990","$2,691","$3,289","$3,360","$3,024","$3,696","$4,190","$3,771","$4,609","$4,510","$4,059","$4,961"
10987,METRO35620MM5600,"New York, NY HUD Metro FMR Area","$2,150","$1,935","$2,365","$2,210","$1,989","$2,431","$2,480","$2,232","$2,728","$3,100","$2,790","$3,410","$3,330","$2,997","$3,663"
10989,METRO35620MM5600,"New York, NY HUD Metro FMR Area","$2,850","$2,565","$3,135","$2,940","$2,646","$3,234","$3,290","$2,961","$3,619","$4,100","$3,690","$4,510","$4,420","$3,978","$4,862"
10993,METRO35620MM5600,"New York, NY HUD Metro FMR Area","$2,150","$1,935","$2,365","$2,210","$1,989","$2,431","$2,480","$2,232","$2,728","$3,100","$2,790","$3,410","$3,330","$2,997","$3,663"
10994,METRO35620MM5600,"New York, NY HUD Metro FMR Area","$2,540","$2,286","$2,794","$2,650","$2,385","$2,915","$2,940","$2,646","$3,234","$3,660","$3,294","$4,026","$3,950","$3,555","$4,345"
11001,METRO35620MM5600,"New York, NY HUD Metro FMR Area","$2,150","$1,935","$2,365","$2,220","$1,998","$2,442","$2,540","$2,286","$2,794","$3,270","$2,943","$3,597","$3,510","$3,159","$3,861"
11003,METRO35620MM5600,"New York, NY HUD Metro FMR Area","$2,150","$1,935","$2,365","$2,310","$2,079","$2,541","$2,670","$2,403","$2,937","$3,460","$3,114","$3,806","$3,710","$3,339","$4,081"
11004,METRO35620MM5600,"New York, NY HUD Metro FMR Area","$2,330","$2,097","$2,563","$2,430","$2,187","$2,673","$2,690","$2,421","$2,959","$3,350","$3,015","$3,685","$3,620","$3,258","$3,982"
11005,METRO35620MM5600,"New York, NY HUD Metro FMR Area","$3,230","$2,907","$3,553","$3,320","$2,988","$3,652","$3,720","$3,348","$4,092","$4,640","$4,176","$5,104","$5,000","$4,500","$5,500"
11020,METRO35620MM5600,"New York, NY HUD Metro FMR Area","$2,200","$1,980","$2,420","$2,660","$2,394","$2,926","$3,060","$2,754","$3,366","$3,970","$3,573","$4,367","$4,250","$3,825","$4,675"
11040,METRO35620MM5600,"New York, NY HUD Metro FMR Area","$2,150","$1,935","$2,365","$2,540","$2,286","$2,794","$2,920","$2,628","$3,212","$3,780","$3,402","$4,158","$4,050","$3,645","$4,455"
11101,METRO35620MM5600,"New York, NY HUD Metro FMR Area","$2,720","$2,448","$2,992","$2,840","$2,556","$3,124","$3,140","$2,826","$3,454","$3,910","$3,519","$4,301","$4,220","$3,798","$4,642"
11102,METRO35620MM5600,"New York, NY HUD Metro FMR Area","$2,860","$2,574","$3,146","$2,980","$2,682","$3,278","$3,300","$2,970","$3,630","$4,110","$3,699","$4,521","$4,440","$3,996","$4,884"
11103,METRO35620MM5600,"New York, NY HUD Metro FMR Area","$2,570","$2,313","$2,827","$2,680","$2,412","$2,948","$2,970","$2,673","$3,267","$3,700","$3,330","$4,070","$3,990","$3,591","$4,389"
11104,METRO35620MM5600,"New York, NY HUD Metro FMR Area","$2,430","$2,187","$2,673","$2,540","$2,286","$2,794","$2,810","$2,529","$3,091","$3,500","$3,150","$3,850","$3,780","$3,402","$4,158"
11105,METRO35620MM5600,"New York, NY HUD Metro FMR Area","$2,720","$2,448","$2,992","$2,840","$2,556","$3,124","$3,140","$2,826","$3,454","$3,910","$3,519","$4,301","$4,220","$3,798","$4,642"
11106,METRO35620MM5600,"New York, NY HUD Metro FMR Area","$2,470","$2,223","$2,717","$2,570","$2,313","$2,827","$2,850","$2,565","$3,135","$3,550","$3,195","$3,905","$3,830","$3,447","$4,213"
11109,METRO35620MM5600,"New York, NY HUD Metro FMR Area","$3,230","$2,907","$3,553","$3,320","$2,988","$3,652","$3,720","$3,348","$4,092","$4,640","$4,176","$5,104","$5,000","$4,500","$5,500"
11201,METRO35620MM5600,"New York, NY HUD Metro FMR Area","$3,350","$3,015","$3,685","$3,500","$3,150","$3,850","$3,870","$3,483","$4,257","$4,820","$4,338","$5,302","$5,200","$4,680","$5,720"
11202,METRO35620MM5600,"New York, NY HUD Metro FMR Area","$2,220","$1,998","$2,442","$2,320","$2,088","$2,552","$2,570","$2,313","$2,827","$3,200","$2,880","$3,520","$3,460","$3,114","$3,806"
11203,METRO35620MM5600,"New York, NY HUD Metro FMR Area","$2,150","$1,935","$2,365","$2,210","$1,989","$2,431","$2,480","$2,232","$2,728","$3,100","$2,790","$3,410","$3,330","$2,997","$3,663"
11204,METRO35620MM5600,"New York, NY HUD Metro FMR Area","$2,150","$1,935","$2,365","$2,210","$1,989","$2,431","$2,480","$2,232","$2,728","$3,100","$2,790","$3,410","$3,330","$2,997","$3,663"
11205,METRO35620MM5600,"New York, NY HUD Metro FMR Area","$2,440","$2,196","$2,684","$2,550","$2,295","$2,805","$2,820","$2,538","$3,102","$3,510","$3,159","$3,861","$3,790","$3,411","$4,169"
11206,METRO35620MM5600,"New York, NY HUD Metro FMR Area","$2,150","$1,935","$2,365","$2,210","$1,989","$2,431","$2,480","$2,232","$2,728","$3,100","$2,790","$3,410","$3,330","$2,997","$3,663"
11207,METRO35620MM5600,"New York, NY HUD Metro FMR Area","$2,150","$1,935","$2,365","$2,210","$1,989","$2,431","$2,480","$2,232","$2,728","$3,100","$2,790","$3,410","$3,330","$2,997","$3,663"
11208,METRO35620MM5600,"New York, NY HUD Metro FMR Area","$2,150","$1,935","$2,365","$2,210","$1,989","$2,431","$2,480","$2,232","$2,728","$3,100","$2,790","$3,410","$3,330","$2,997","$3,663"
11209,METRO35620MM5600,"New York, NY HUD Metro FMR Area","$2,390","$2,151","$2,629","$2,490","$2,241","$2,739","$2,760","$2,484","$3,036","$3,440","$3,096","$3,784","$3,710","$3,339","$4,081"
11210,METRO35620MM5600,"New York, NY HUD Metro FMR Area","$2,150","$1,935","$2,365","$2,210","$1,989","$2,431","$2,480","$2,232","$2,728","$3,100","$2,790","$3,410","$3,330","$2,997","$3,663"
11211,METRO35620MM5600,"New York, NY HUD Metro FMR Area","$2,660","$2,394","$2,926","$2,770","$2,493","$3,047","$3,070","$2,763","$3,377","$3,830","$3,447","$4,213","$4,130","$3,717","$4,543"
11212,METRO35620MM5600,"New York, NY HUD Metro FMR Area","$2,150","$1,935","$2,365","$2,210","$1,989","$2,431","$2,480","$2,232","$2,728","$3,100","$2,790","$3,410","$3,330","$2,997","$3,663"
11213,METRO35620MM5600,"New York, NY HUD Metro FMR Area","$2,150","$1,935","$2,365","$2,210","$1,989","$2,431","$2,480","$2,232","$2,728","$3,100","$2,790","$3,410","$3,330","$2,997","$3,663"
11214,METRO35620MM5600,"New York, NY HUD Metro FMR Area","$2,150","$1,935","$2,365","$2,210","$1,989","$2,431","$2,480","$2,232","$2,728","$3,100","$2,790","$3,410","$3,330","$2,997","$3,663"
11215,METRO35620MM5600,"New York, NY HUD Metro FMR Area","$3,350","$3,015","$3,685","$3,500","$3,150","$3,850","$3,870","$3,483","$4,257","$4,820","$4,338","$5,302","$5,200","$4,680","$5,720"
11216,METRO35620MM5600,"New York, NY HUD Metro FMR Area","$2,600","$2,340","$2,860","$2,710","$2,439","$2,981","$3,000","$2,700","$3,300","$3,740","$3,366","$4,114","$4,030","$3,627","$4,433"
11217,METRO35620MM5600,"New York, NY HUD Metro FMR Area","$3,350","$3,015","$3,685","$3,500","$3,150","$3,850","$3,870","$3,483","$4,257","$4,820","$4,338","$5,302","$5,200","$4,680","$5,720"
11218,METRO35620MM5600,"New York, NY HUD Metro FMR Area","$2,380","$2,142","$2,618","$2,480","$2,232","$2,728","$2,750","$2,475","$3,025","$3,430","$3,087","$3,773","$3,700","$3,330","$4,070"
11219,METRO35620MM5600,"New York, NY HUD Metro FMR Area","$2,150","$1,935","$2,365","$2,210","$1,989","$2,431","$2,480","$2,232","$2,728","$3,100","$2,790","$3,410","$3,330","$2,997","$3,663"
11220,METRO35620MM5600,"New York, NY HUD Metro FMR Area","$2,150","$1,935","$2,365","$2,210","$1,989","$2,431","$2,480","$2,232","$2,728","$3,100","$2,790","$3,410","$3,330","$2,997","$3,663"
11221,METRO35620MM5600,"New York, NY HUD Metro FMR Area","$2,280","$2,052","$2,508","$2,380","$2,142","$2,618","$2,640","$2,376","$2,904","$3,290","$2,961","$3,619","$3,550","$3,195","$3,905"
11222,METRO35620MM5600,"New York, NY HUD Metro FMR Area","$2,850","$2,565","$3,135","$2,970","$2,673","$3,267","$3,290","$2,961","$3,619","$4,100","$3,690","$4,510","$4,420","$3,978","$4,862"
11223,METRO35620MM5600,"New York, NY HUD Metro FMR Area","$2,150","$1,935","$2,365","$2,210","$1,989","$2,431","$2,480","$2,232","$2,728","$3,100","$2,790","$3,410","$3,330","$2,997","$3,663"
11224,METRO35620MM5600,"New York, NY HUD Metro FMR Area","$2,150","$1,935","$2,365","$2,210","$1,989","$2,431","$2,480","$2,232","$2,728","$3,100","$2,790","$3,410","$3,330","$2,997","$3,663"
11225,METRO35620MM5600,"New York, NY HUD Metro FMR Area","$2,160","$1,944","$2,376","$2,260","$2,034","$2,486","$2,500","$2,250","$2,750","$3,120","$2,808","$3,432","$3,360","$3,024","$3,696"
11226,METRO35620MM5600,"New York, NY HUD Metro FMR Area","$2,150","$1,935","$2,365","$2,210","$1,989","$2,431","$2,480","$2,232","$2,728","$3,100","$2,790","$3,410","$3,330","$2,997","$3,663"
11228,METRO35620MM5600,"New York, NY HUD Metro FMR Area","$2,150","$1,935","$2,365","$2,210","$1,989","$2,431","$2,480","$2,232","$2,728","$3,100","$2,790","$3,410","$3,330","$2,997","$3,663"
11229,METRO35620MM5600,"New York, NY HUD Metro FMR Area","$2,150","$1,935","$2,365","$2,210","$1,989","$2,431","$2,480","$2,232","$2,728","$3,100","$2,790","$3,410","$3,330","$2,997","$3,663"
11230,METRO35620MM5600,"New York, NY HUD Metro FMR Area","$2,230","$2,007","$2,453","$2,330","$2,097","$2,563","$2,580","$2,322","$2,838","$3,220","$2,898","$3,542","$3,470","$3,123","$3,817"
11231,METRO35620MM5600,"New York, NY HUD Metro FMR Area","$3,180","$2,862","$3,498","$3,320","$2,988","$3,652","$3,680","$3,312","$4,048","$4,590","$4,131","$5,049","$4,950","$4,455","$5,445"
11232,METRO35620MM5600,"New York, NY HUD Metro FMR Area","$2,150","$1,935","$2,365","$2,250","$2,025","$2,475","$2,490","$2,241","$2,739","$3,100","$2,790","$3,410","$3,350","$3,015","$3,685"
11233,METRO35620MM5600,"New York, NY HUD Metro FMR Area","$2,150","$1,935","$2,365","$2,210","$1,989","$2,431","$2,480","$2,232","$2,728","$3,100","$2,790","$3,410","$3,330","$2,997","$3,663"
11234,METRO35620MM5600,"New York, NY HUD Metro FMR Area","$2,150","$1,935","$2,365","$2,240","$2,016","$2,464","$2,480","$2,232","$2,728","$3,100","$2,790","$3,410","$3,330","$2,997","$3,663"
11235,METRO35620MM5600,"New York, NY HUD Metro FMR Area","$2,150","$1,935","$2,365","$2,230","$2,007","$2,453","$2,480","$2,232","$2,728","$3,100","$2,790","$3,410","$3,330","$2,997","$3,663"
11236,METRO35620MM5600,"New York, NY HUD Metro FMR Area","$2,150","$1,935","$2,365","$2,210","$1,989","$2,431","$2,480","$2,232","$2,728","$3,100","$2,790","$3,410","$3,330","$2,997","$3,663"
11237,METRO35620MM5600,"New York, NY HUD Metro FMR Area","$2,150","$1,935","$2,365","$2,230","$2,007","$2,453","$2,480","$2,232","$2,728","$3,100","$2,790","$3,410","$3,330","$2,997","$3,663"
11238,METRO35620MM5600,"New York, NY HUD Metro FMR Area","$2,900","$2,610","$3,190","$3,030","$2,727","$3,333","$3,350","$3,015","$3,685","$4,180","$3,762","$4,598","$4,500","$4,050","$4,950"
11239,METRO35620MM5600,"New York, NY HUD Metro FMR Area","$2,150","$1,935","$2,365","$2,210","$1,989","$2,431","$2,480","$2,232","$2,728","$3,100","$2,790","$3,410","$3,330","$2,997","$3,663"
11241,METRO35620MM5600,"New York, NY HUD Metro FMR Area","$2,220","$1,998","$2,442","$2,320","$2,088","$2,552","$2,570","$2,313","$2,827","$3,200","$2,880","$3,520","$3,460","$3,114","$3,806"
11242,METRO35620MM5600,"New York, NY HUD Metro FMR Area","$2,220","$1,998","$2,442","$2,320","$2,088","$2,552","$2,570","$2,313","$2,827","$3,200","$2,880","$3,520","$3,460","$3,114","$3,806"
11243,METRO35620MM5600,"New York, NY HUD Metro FMR Area","$2,220","$1,998","$2,442","$2,320","$2,088","$2,552","$2,570","$2,313","$2,827","$3,200","$2,880","$3,520","$3,460","$3,114","$3,806"
11247,METRO35620MM5600,"New York, NY HUD Metro FMR Area","$2,220","$1,998","$2,442","$2,320","$2,088","$2,552","$2,570","$2,313","$2,827","$3,200","$2,880","$3,520","$3,460","$3,114","$3,806"
11249,METRO35620MM5600,"New York, NY HUD Metro FMR Area","$2,580","$2,322","$2,838","$2,690","$2,421","$2,959","$2,980","$2,682","$3,278","$3,710","$3,339","$4,081","$4,010","$3,609","$4,411"
11252,METRO35620MM5600,"New York, NY HUD Metro FMR Area","$2,220","$1,998","$2,442","$2,320","$2,088","$2,552","$2,570","$2,313","$2,827","$3,200","$2,880","$3,520","$3,460","$3,114","$3,806"
11256,METRO35620MM5600,"New York, NY HUD Metro FMR Area","$2,220","$1,998","$2,442","$2,320","$2,088","$2,552","$2,570","$2,313","$2,827","$3,200","$2,880","$3,520","$3,460","$3,114","$3,806"
11351,METRO35620MM5600,"New York, NY HUD Metro FMR Area","$2,280","$2,052","$2,508","$2,380","$2,142","$2,618","$2,640","$2,376","$2,904","$3,290","$2,961","$3,619","$3,550","$3,195","$3,905"
11352,METRO35620MM5600,"New York, NY HUD Metro FMR Area","$2,280","$2,052","$2,508","$2,380","$2,142","$2,618","$2,640","$2,376","$2,904","$3,290","$2,961","$3,619","$3,550","$3,195","$3,905"
11354,METRO35620MM5600,"New York, NY HUD Metro FMR Area","$2,210","$1,989","$2,431","$2,300","$2,070","$2,530","$2,550","$2,295","$2,805","$3,180","$2,862","$3,498","$3,430","$3,087","$3,773"
11355,METRO35620MM5600,"New York, NY HUD Metro FMR Area","$2,220","$1,998","$2,442","$2,320","$2,088","$2,552","$2,570","$2,313","$2,827","$3,200","$2,880","$3,520","$3,460","$3,114","$3,806"
11356,METRO35620MM5600,"New York, NY HUD Metro FMR Area","$2,470","$2,223","$2,717","$2,580","$2,322","$2,838","$2,860","$2,574","$3,146","$3,560","$3,204","$3,916","$3,850","$3,465","$4,235"
11357,METRO35620MM5600,"New York, NY HUD Metro FMR Area","$2,560","$2,304","$2,816","$2,670","$2,403","$2,937","$2,960","$2,664","$3,256","$3,690","$3,321","$4,059","$3,980","$3,582","$4,378"
11358,METRO35620MM5600,"New York, NY HUD Metro FMR Area","$2,340","$2,106","$2,574","$2,440","$2,196","$2,684","$2,700","$2,430","$2,970","$3,360","$3,024","$3,696","$3,630","$3,267","$3,993"
11359,METRO35620MM5600,"New York, NY HUD Metro FMR Area","$2,280","$2,052","$2,508","$2,380","$2,142","$2,618","$2,640","$2,376","$2,904","$3,290","$2,961","$3,619","$3,550","$3,195","$3,905"
11360,METRO35620MM5600,"New York, NY HUD Metro FMR Area","$2,830","$2,547","$3,113","$2,950","$2,655","$3,245","$3,270","$2,943","$3,597","$4,080","$3,672","$4,488","$4,400","$3,960","$4,840"
11361,METRO35620MM5600,"New York, NY HUD Metro FMR Area","$2,630","$2,367","$2,893","$2,750","$2,475","$3,025","$3,040","$2,736","$3,344","$3,790","$3,411","$4,169","$4,090","$3,681","$4,499"
11362,METRO35620MM5600,"New York, NY HUD Metro FMR Area","$2,850","$2,565","$3,135","$2,970","$2,673","$3,267","$3,290","$2,961","$3,619","$4,100","$3,690","$4,510","$4,420","$3,978","$4,862"
11363,METRO35620MM5600,"New York, NY HUD Metro FMR Area","$2,820","$2,538","$3,102","$2,940","$2,646","$3,234","$3,260","$2,934","$3,586","$4,060","$3,654","$4,466","$4,380","$3,942","$4,818"
11364,METRO35620MM5600,"New York, NY HUD Metro FMR Area","$2,650","$2,385","$2,915","$2,760","$2,484","$3,036","$3,060","$2,754","$3,366","$3,810","$3,429","$4,191","$4,110","$3,699","$4,521"
11365,METRO35620MM5600,"New York, NY HUD Metro FMR Area","$2,150","$1,935","$2,365","$2,210","$1,989","$2,431","$2,480","$2,232","$2,728","$3,100","$2,790","$3,410","$3,330","$2,997","$3,663"
11366,METRO35620MM5600,"New York, NY HUD Metro FMR Area","$2,370","$2,133","$2,607","$2,470","$2,223","$2,717","$2,740","$2,466","$3,014","$3,410","$3,069","$3,751","$3,680","$3,312","$4,048"
11367,METRO35620MM5600,"New York, NY HUD Metro FMR Area","$2,150","$1,935","$2,365","$2,210","$1,989","$2,431","$2,480","$2,232","$2,728","$3,100","$2,790","$3,410","$3,330","$2,997","$3,663"
11368,METRO35620MM5600,"New York, NY HUD Metro FMR Area","$2,300","$2,070","$2,530","$2,400","$2,160","$2,640","$2,660","$2,394","$2,926","$3,320","$2,988","$3,652","$3,580","$3,222","$3,938"
11369,METRO35620MM5600,"New York, NY HUD Metro FMR Area","$2,280","$2,052","$2,508","$2,380","$2,142","$2,618","$2,640","$2,376","$2,904","$3,290","$2,961","$3,619","$3,550","$3,195","$3,905"
11370,METRO35620MM5600,"New York, NY HUD Metro FMR Area","$2,440","$2,196","$2,684","$2,550","$2,295","$2,805","$2,820","$2,538","$3,102","$3,510","$3,159","$3,861","$3,790","$3,411","$4,169"
11371,METRO35620MM5600,"New York, NY HUD Metro FMR Area","$2,280","$2,052","$2,508","$2,380","$2,142","$2,618","$2,640","$2,376","$2,904","$3,290","$2,961","$3,619","$3,550","$3,195","$3,905"
11372,METRO35620MM5600,"New York, NY HUD Metro FMR Area","$2,280","$2,052","$2,508","$2,380","$2,142","$2,618","$2,630","$2,367","$2,893","$3,280","$2,952","$3,608","$3,540","$3,186","$3,894"
11373,METRO35620MM5600,"New York, NY HUD Metro FMR Area","$2,330","$2,097","$2,563","$2,430","$2,187","$2,673","$2,690","$2,421","$2,959","$3,350","$3,015","$3,685","$3,620","$3,258","$3,982"
11374,METRO35620MM5600,"New York, NY HUD Metro FMR Area","$2,700","$2,430","$2,970","$2,820","$2,538","$3,102","$3,120","$2,808","$3,432","$3,890","$3,501","$4,279","$4,190","$3,771","$4,609"
11375,METRO35620MM5600,"New York, NY HUD Metro FMR Area","$2,720","$2,448","$2,992","$2,840","$2,556","$3,124","$3,140","$2,826","$3,454","$3,910","$3,519","$4,301","$4,220","$3,798","$4,642"
11377,METRO35620MM5600,"New York, NY HUD Metro FMR Area","$2,270","$2,043","$2,497","$2,370","$2,133","$2,607","$2,620","$2,358","$2,882","$3,270","$2,943","$3,597","$3,520","$3,168","$3,872"
11378,METRO35620MM5600,"New York, NY HUD Metro FMR Area","$2,300","$2,070","$2,530","$2,400","$2,160","$2,640","$2,660","$2,394","$2,926","$3,320","$2,988","$3,652","$3,580","$3,222","$3,938"
11379,METRO35620MM5600,"New York, NY HUD Metro FMR Area","$2,360","$2,124","$2,596","$2,470","$2,223","$2,717","$2,730","$2,457","$3,003","$3,400","$3,060","$3,740","$3,670","$3,303","$4,037"
11380,METRO35620MM5600,"New York, NY HUD Metro FMR Area","$2,280","$2,052","$2,508","$2,380","$2,142","$2,618","$2,640","$2,376","$2,904","$3,290","$2,961","$3,619","$3,550","$3,195","$3,905"
11385,METRO35620MM5600,"New York, NY HUD Metro FMR Area","$2,160","$1,944","$2,376","$2,260","$2,034","$2,486","$2,500","$2,250","$2,750","$3,120","$2,808","$3,432","$3,360","$3,024","$3,696"
11386,METRO35620MM5600,"New York, NY HUD Metro FMR Area","$2,280","$2,052","$2,508","$2,380","$2,142","$2,618","$2,640","$2,376","$2,904","$3,290","$2,961","$3,619","$3,550","$3,195","$3,905"
11411,METRO35620MM5600,"New York, NY HUD Metro FMR Area","$2,150","$1,935","$2,365","$2,210","$1,989","$2,431","$2,480","$2,232","$2,728","$3,100","$2,790","$3,410","$3,330","$2,997","$3,663"
11412,METRO35620MM5600,"New York, NY HUD Metro FMR Area","$2,150","$1,935","$2,365","$2,210","$1,989","$2,431","$2,480","$2,232","$2,728","$3,100","$2,790","$3,410","$3,330","$2,997","$3,663"
11413,METRO35620MM5600,"New York, NY HUD Metro FMR Area","$2,410","$2,169","$2,651","$2,520","$2,268","$2,772","$2,790","$2,511","$3,069","$3,480","$3,132","$3,828","$3,750","$3,375","$4,125"
11414,METRO35620MM5600,"New York, NY HUD Metro FMR Area","$2,350","$2,115","$2,585","$2,450","$2,205","$2,695","$2,710","$2,439","$2,981","$3,380","$3,042","$3,718","$3,640","$3,276","$4,004"
11415,METRO35620MM5600,"New York, NY HUD Metro FMR Area","$2,370","$2,133","$2,607","$2,470","$2,223","$2,717","$2,740","$2,466","$3,014","$3,410","$3,069","$3,751","$3,680","$3,312","$4,048"
11416,METRO35620MM5600,"New York, NY HUD Metro FMR Area","$2,150","$1,935","$2,365","$2,210","$1,989","$2,431","$2,480","$2,232","$2,728","$3,100","$2,790","$3,410","$3,330","$2,997","$3,663"
11417,METRO35620MM5600,"New York, NY HUD Metro FMR Area","$2,280","$2,052","$2,508","$2,380","$2,142","$2,618","$2,630","$2,367","$2,893","$3,280","$2,952","$3,608","$3,540","$3,186","$3,894"
11418,METRO35620MM5600,"New York, NY HUD Metro FMR Area","$2,220","$1,998","$2,442","$2,310","$2,079","$2,541","$2,560","$2,304","$2,816","$3,190","$2,871","$3,509","$3,440","$3,096","$3,784"
11419,METRO35620MM5600,"New York, NY HUD Metro FMR Area","$2,280","$2,052","$2,508","$2,380","$2,142","$2,618","$2,630","$2,367","$2,893","$3,280","$2,952","$3,608","$3,540","$3,186","$3,894"
11420,METRO35620MM5600,"New York, NY HUD Metro FMR Area","$2,410","$2,169","$2,651","$2,510","$2,259","$2,761","$2,780","$2,502","$3,058","$3,460","$3,114","$3,806","$3,740","$3,366","$4,114"
11421,METRO35620MM5600,"New York, NY HUD Metro FMR Area","$2,280","$2,052","$2,508","$2,380","$2,142","$2,618","$2,640","$2,376","$2,904","$3,290","$2,961","$3,619","$3,550","$3,195","$3,905"
11422,METRO35620MM5600,"New York, NY HUD Metro FMR Area","$2,600","$2,340","$2,860","$2,710","$2,439","$2,981","$3,000","$2,700","$3,300","$3,740","$3,366","$4,114","$4,030","$3,627","$4,433"
11423,METRO35620MM5600,"New York, NY HUD Metro FMR Area","$2,150","$1,935","$2,365","$2,210","$1,989","$2,431","$2,480","$2,232","$2,728","$3,100","$2,790","$3,410","$3,330","$2,997","$3,663"
11424,METRO35620MM5600,"New York, NY HUD Metro FMR Area","$2,280","$2,052","$2,508","$2,380","$2,142","$2,618","$2,640","$2,376","$2,904","$3,290","$2,961","$3,619","$3,550","$3,195","$3,905"
11425,METRO35620MM5600,"New York, NY HUD Metro FMR Area","$2,220","$1,998","$2,442","$2,320","$2,088","$2,552","$2,570","$2,313","$2,827","$3,200","$2,880","$3,520","$3,460","$3,114","$3,806"
11426,METRO35620MM5600,"New York, NY HUD Metro FMR Area","$2,490","$2,241","$2,739","$2,600","$2,340","$2,860","$2,880","$2,592","$3,168","$3,590","$3,231","$3,949","$3,870","$3,483","$4,257"
11427,METRO35620MM5600,"New York, NY HUD Metro FMR Area","$2,150","$1,935","$2,365","$2,210","$1,989","$2,431","$2,480","$2,232","$2,728","$3,100","$2,790","$3,410","$3,330","$2,997","$3,663"
11428,METRO35620MM5600,"New York, NY HUD Metro FMR Area","$2,150","$1,935","$2,365","$2,210","$1,989","$2,431","$2,480","$2,232","$2,728","$3,100","$2,790","$3,410","$3,330","$2,997","$3,663"
11429,METRO35620MM5600,"New York, NY HUD Metro FMR Area","$2,150","$1,935","$2,365","$2,210","$1,989","$2,431","$2,480","$2,232","$2,728","$3,100","$2,790","$3,410","$3,330","$2,997","$3,663"
11430,METRO35620MM5600,"New York, NY HUD Metro FMR Area","$2,150","$1,935","$2,365","$2,230","$2,007","$2,453","$2,480","$2,232","$2,728","$3,110","$2,799","$3,421","$3,350","$3,015","$3,685"
11431,METRO35620MM5600,"New York, NY HUD Metro FMR Area","$2,280","$2,052","$2,508","$2,380","$2,142","$2,618","$2,640","$2,376","$2,904","$3,290","$2,961","$3,619","$3,550","$3,195","$3,905"
11432,METRO35620MM5600,"New York, NY HUD Metro FMR Area","$2,340","$2,106","$2,574","$2,440","$2,196","$2,684","$2,700","$2,430","$2,970","$3,360","$3,024","$3,696","$3,630","$3,267","$3,993"
11433,METRO35620MM5600,"New York, NY HUD Metro FMR Area","$2,150","$1,935","$2,365","$2,210","$1,989","$2,431","$2,480","$2,232","$2,728","$3,100","$2,790","$3,410","$3,330","$2,997","$3,663"
11434,METRO35620MM5600,"New York, NY HUD Metro FMR Area","$2,150","$1,935","$2,365","$2,210","$1,989","$2,431","$2,480","$2,232","$2,728","$3,100","$2,790","$3,410","$3,330","$2,997","$3,663"
11435,METRO35620MM5600,"New York, NY HUD Metro FMR Area","$2,170","$1,953","$2,387","$2,270","$2,043","$2,497","$2,510","$2,259","$2,761","$3,130","$2,817","$3,443","$3,370","$3,033","$3,707"
11436,METRO35620MM5600,"New York, NY HUD Metro FMR Area","$2,400","$2,160","$2,640","$2,500","$2,250","$2,750","$2,770","$2,493","$3,047","$3,450","$3,105","$3,795","$3,720","$3,348","$4,092"
11439,METRO35620MM5600,"New York, NY HUD Metro FMR Area","$2,350","$2,115","$2,585","$2,450","$2,205","$2,695","$2,710","$2,439","$2,981","$3,370","$3,033","$3,707","$3,640","$3,276","$4,004"
11451,METRO35620MM5600,"New York, NY HUD Metro FMR Area","$2,280","$2,052","$2,508","$2,380","$2,142","$2,618","$2,640","$2,376","$2,904","$3,290","$2,961","$3,619","$3,550","$3,195","$3,905"
11559,METRO35620MM5600,"New York, NY HUD Metro FMR Area","$2,150","$1,935","$2,365","$2,210","$1,989","$2,431","$2,480","$2,232","$2,728","$3,210","$2,889","$3,531","$3,440","$3,096","$3,784"
11580,METRO35620MM5600,"New York, NY HUD Metro FMR Area","$2,150","$1,935","$2,365","$2,210","$1,989","$2,431","$2,490","$2,241","$2,739","$3,230","$2,907","$3,553","$3,460","$3,114","$3,806"
11691,METRO35620MM5600,"New York, NY HUD Metro FMR Area","$2,180","$1,962","$2,398","$2,280","$2,052","$2,508","$2,520","$2,268","$2,772","$3,140","$2,826","$3,454","$3,390","$3,051","$3,729"
11692,METRO35620MM5600,"New York, NY HUD Metro FMR Area","$2,150","$1,935","$2,365","$2,210","$1,989","$2,431","$2,480","$2,232","$2,728","$3,100","$2,790","$3,410","$3,330","$2,997","$3,663"
11693,METRO35620MM5600,"New York, NY HUD Metro FMR Area","$2,150","$1,935","$2,365","$2,210","$1,989","$2,431","$2,480","$2,232","$2,728","$3,100","$2,790","$3,410","$3,330","$2,997","$3,663"
11694,METRO35620MM5600,"New York, NY HUD Metro FMR Area","$2,150","$1,935","$2,365","$2,210","$1,989","$2,431","$2,480","$2,232","$2,728","$3,100","$2,790","$3,410","$3,330","$2,997","$3,663"
11697,METRO35620MM5600,"New York, NY HUD Metro FMR Area","$2,150","$1,935","$2,365","$2,210","$1,989","$2,431","$2,480","$2,232","$2,728","$3,100","$2,790","$3,410","$3,330","$2,997","$3,663"
12524,METRO35620MM5600,"New York, NY HUD Metro FMR Area","$2,150","$1,935","$2,365","$2,210","$1,989","$2,431","$2,480","$2,232","$2,728","$3,100","$2,790","$3,410","$3,330","$2,997","$3,663"
12531,METRO35620MM5600,"New York, NY HUD Metro FMR Area","$2,150","$1,935","$2,365","$2,210","$1,989","$2,431","$2,480","$2,232","$2,728","$3,100","$2,790","$3,410","$3,330","$2,997","$3,663"
12533,METRO35620MM5600,"New York, NY HUD Metro FMR Area","$2,150","$1,935","$2,365","$2,210","$1,989","$2,431","$2,480","$2,232","$2,728","$3,100","$2,790","$3,410","$3,330","$2,997","$3,663"
12563,METRO35620MM5600,"New York, NY HUD Metro FMR Area","$2,150","$1,935","$2,365","$2,210","$1,989","$2,431","$2,480","$2,232","$2,728","$3,100","$2,790","$3,410","$3,330","$2,997","$3,663"
12564,METRO35620MM5600,"New York, NY HUD Metro FMR Area","$2,150","$1,935","$2,365","$2,210","$1,989","$2,431","$2,480","$2,232","$2,728","$3,100","$2,790","$3,410","$3,330","$2,997","$3,663"
12582,METRO35620MM5600,"New York, NY HUD Metro FMR Area","$2,150","$1,935","$2,365","$2,210","$1,989","$2,431","$2,480","$2,232","$2,728","$3,100","$2,790","$3,410","$3,330","$2,997","$3,663"
10910,METRO39100M39100,"Poughkeepsie-Newburgh-Middletown, NY MSA","$1,340","$1,206","$1,474","$1,530","$1,377","$1,683","$1,950","$1,755","$2,145","$2,490","$2,241","$2,739","$2,690","$2,421","$2,959"
10911,METRO39100M39100,"Poughkeepsie-Newburgh-Middletown, NY MSA","$2,910","$2,619","$3,201","$2,990","$2,691","$3,289","$3,360","$3,024","$3,696","$4,190","$3,771","$4,609","$4,510","$4,059","$4,961"
10912,METRO39100M39100,"Poughkeepsie-Newburgh-Middletown, NY MSA","$1,340","$1,206","$1,474","$1,530","$1,377","$1,683","$1,950","$1,755","$2,145","$2,490","$2,241","$2,739","$2,690","$2,421","$2,959"
10914,METRO39100M39100,"Poughkeepsie-Newburgh-Middletown, NY MSA","$1,360","$1,224","$1,496","$1,540","$1,386","$1,694","$1,980","$1,782","$2,178","$2,520","$2,268","$2,772","$2,730","$2,457","$3,003"
10915,METRO39100M39100,"Poughkeepsie-Newburgh-Middletown, NY MSA","$1,390","$1,251","$1,529","$1,570","$1,413","$1,727","$2,010","$1,809","$2,211","$2,560","$2,304","$2,816","$2,770","$2,493","$3,047"
10916,METRO39100M39100,"Poughkeepsie-Newburgh-Middletown, NY MSA","$1,310","$1,179","$1,441","$1,490","$1,341","$1,639","$1,910","$1,719","$2,101","$2,440","$2,196","$2,684","$2,640","$2,376","$2,904"
10917,METRO39100M39100,"Poughkeepsie-Newburgh-Middletown, NY MSA","$1,640","$1,476","$1,804","$1,870","$1,683","$2,057","$2,390","$2,151","$2,629","$3,050","$2,745","$3,355","$3,300","$2,970","$3,630"
10918,METRO39100M39100,"Poughkeepsie-Newburgh-Middletown, NY MSA","$1,440","$1,296","$1,584","$1,640","$1,476","$1,804","$2,100","$1,890","$2,310","$2,680","$2,412","$2,948","$2,900","$2,610","$3,190"
10919,METRO39100M39100,"Poughkeepsie-Newburgh-Middletown, NY MSA","$1,360","$1,224","$1,496","$1,540","$1,386","$1,694","$1,960","$1,764","$2,156","$2,510","$2,259","$2,761","$2,720","$2,448","$2,992"
10921,METRO39100M39100,"Poughkeepsie-Newburgh-Middletown, NY MSA","$1,630","$1,467","$1,793","$1,860","$1,674","$2,046","$2,380","$2,142","$2,618","$3,040","$2,736","$3,344","$3,280","$2,952","$3,608"
10922,METRO39100M39100,"Poughkeepsie-Newburgh-Middletown, NY MSA","$1,430","$1,287","$1,573","$1,640","$1,476","$1,804","$2,090","$1,881","$2,299","$2,670","$2,403","$2,937","$2,880","$2,592","$3,168"
10924,METRO39100M39100,"Poughkeepsie-Newburgh-Middletown, NY MSA","$1,260","$1,134","$1,386","$1,440","$1,296","$1,584","$1,840","$1,656","$2,024","$2,350","$2,115","$2,585","$2,540","$2,286","$2,794"
10925,METRO39100M39100,"Poughkeepsie-Newburgh-Middletown, NY MSA","$1,210","$1,089","$1,331","$1,380","$1,242","$1,518","$1,770","$1,593","$1,947","$2,260","$2,034","$2,486","$2,440","$2,196","$2,684"
10926,METRO39100M39100,"Poughkeepsie-Newburgh-Middletown, NY MSA","$1,690","$1,521","$1,859","$1,930","$1,737","$2,123","$2,470","$2,223","$2,717","$3,150","$2,835","$3,465","$3,410","$3,069","$3,751"
10928,METRO39100M39100,"Poughkeepsie-Newburgh-Middletown, NY MSA","$1,430","$1,287","$1,573","$1,640","$1,476","$1,804","$2,090","$1,881","$2,299","$2,670","$2,403","$2,937","$2,880","$2,592","$3,168"
10930,METRO39100M39100,"Poughkeepsie-Newburgh-Middletown, NY MSA","$1,660","$1,494","$1,826","$1,890","$1,701","$2,079","$2,420","$2,178","$2,662","$3,090","$2,781","$3,399","$3,340","$3,006","$3,674"
10932,METRO39100M39100,"Poughkeepsie-Newburgh-Middletown, NY MSA","$1,370","$1,233","$1,507","$1,560","$1,404","$1,716","$2,000","$1,800","$2,200","$2,550","$2,295","$2,805","$2,760","$2,484","$3,036"
10933,METRO39100M39100,"Poughkeepsie-Newburgh-Middletown, NY MSA","$1,370","$1,233","$1,507","$1,560","$1,404","$1,716","$2,000","$1,800","$2,200","$2,560","$2,304","$2,816","$2,760","$2,484","$3,036"
10940,METRO39100M39100,"Poughkeepsie-Newburgh-Middletown, NY MSA","$1,370","$1,233","$1,507","$1,560","$1,404","$1,716","$2,000","$1,800","$2,200","$2,550","$2,295","$2,805","$2,760","$2,484","$3,036"
10941,METRO39100M39100,"Poughkeepsie-Newburgh-Middletown, NY MSA","$1,380","$1,242","$1,518","$1,570","$1,413","$1,727","$2,010","$1,809","$2,211","$2,560","$2,304","$2,816","$2,770","$2,493","$3,047"
10949,METRO39100M39100,"Poughkeepsie-Newburgh-Middletown, NY MSA","$1,340","$1,206","$1,474","$1,530","$1,377","$1,683","$1,950","$1,755","$2,145","$2,490","$2,241","$2,739","$2,690","$2,421","$2,959"
10950,METRO39100M39100,"Poughkeepsie-Newburgh-Middletown, NY MSA","$1,450","$1,305","$1,595","$1,660","$1,494","$1,826","$2,120","$1,908","$2,332","$2,700","$2,430","$2,970","$2,930","$2,637","$3,223"
10953,METRO39100M39100,"Poughkeepsie-Newburgh-Middletown, NY MSA","$1,440","$1,296","$1,584","$1,650","$1,485","$1,815","$2,110","$1,899","$2,321","$2,680","$2,412","$2,948","$2,900","$2,610","$3,190"
10958,METRO39100M39100,"Poughkeepsie-Newburgh-Middletown, NY MSA","$1,650","$1,485","$1,815","$1,880","$1,692","$2,068","$2,400","$2,160","$2,640","$3,060","$2,754","$3,366","$3,310","$2,979","$3,641"
10959,METRO39100M39100,"Poughkeepsie-Newburgh-Middletown, NY MSA","$1,340","$1,206","$1,474","$1,530","$1,377","$1,683","$1,950","$1,755","$2,145","$2,490","$2,241","$2,739","$2,690","$2,421","$2,959"
10963,METRO39100M39100,"Poughkeepsie-Newburgh-Middletown, NY MSA","$1,120","$1,008","$1,232","$1,280","$1,152","$1,408","$1,650","$1,485","$1,815","$2,090","$1,881","$2,299","$2,310","$2,079","$2,541"
10969,METRO39100M39100,"Poughkeepsie-Newburgh-Middletown, NY MSA","$1,280","$1,152","$1,408","$1,460","$1,314","$1,606","$1,850","$1,665","$2,035","$2,360","$2,124","$2,596","$2,570","$2,313","$2,827"
10973,METRO39100M39100,"Poughkeepsie-Newburgh-Middletown, NY MSA","$1,600","$1,440","$1,760","$1,820","$1,638","$2,002","$2,330","$2,097","$2,563","$2,970","$2,673","$3,267","$3,220","$2,898","$3,542"
10975,METRO39100M39100,"Poughkeepsie-Newburgh-Middletown, NY MSA","$1,480","$1,332","$1,628","$1,690","$1,521","$1,859","$2,160","$1,944","$2,376","$2,750","$2,475","$3,025","$2,980","$2,682","$3,278"
10979,METRO39100M39100,"Poughkeepsie-Newburgh-Middletown, NY MSA","$1,340","$1,206","$1,474","$1,530","$1,377","$1,683","$1,920","$1,728","$2,112","$2,430","$2,187","$2,673","$2,710","$2,439","$2,981"
10981,METRO39100M39100,"Poughkeepsie-Newburgh-Middletown, NY MSA","$1,340","$1,206","$1,474","$1,530","$1,377","$1,683","$1,950","$1,755","$2,145","$2,490","$2,241","$2,739","$2,690","$2,421","$2,959"
10985,METRO39100M39100,"Poughkeepsie-Newburgh-Middletown, NY MSA","$1,460","$1,314","$1,606","$1,560","$1,404","$1,716","$1,990","$1,791","$2,189","$2,570","$2,313","$2,827","$2,770","$2,493","$3,047"
10987,METRO39100M39100,"Poughkeepsie-Newburgh-Middletown, NY MSA","$2,150","$1,935","$2,365","$2,210","$1,989","$2,431","$2,480","$2,232","$2,728","$3,100","$2,790","$3,410","$3,330","$2,997","$3,663"
10988,METRO39100M39100,"Poughkeepsie-Newburgh-Middletown, NY MSA","$1,210","$1,089","$1,331","$1,380","$1,242","$1,518","$1,760","$1,584","$1,936","$2,250","$2,025","$2,475","$2,430","$2,187","$2,673"
10990,METRO39100M39100,"Poughkeepsie-Newburgh-Middletown, NY MSA","$1,170","$1,053","$1,287","$1,330","$1,197","$1,463","$1,700","$1,530","$1,870","$2,170","$1,953","$2,387","$2,350","$2,115","$2,585"
10992,METRO39100M39100,"Poughkeepsie-Newburgh-Middletown, NY MSA","$1,250","$1,125","$1,375","$1,420","$1,278","$1,562","$1,820","$1,638","$2,002","$2,320","$2,088","$2,552","$2,510","$2,259","$2,761"
10996,METRO39100M39100,"Poughkeepsie-Newburgh-Middletown, NY MSA","$1,960","$1,764","$2,156","$2,240","$2,016","$2,464","$2,860","$2,574","$3,146","$3,650","$3,285","$4,015","$3,950","$3,555","$4,345"
10998,METRO39100M39100,"Poughkeepsie-Newburgh-Middletown, NY MSA","$1,280","$1,152","$1,408","$1,460","$1,314","$1,606","$1,870","$1,683","$2,057","$2,390","$2,151","$2,629","$2,580","$2,322","$2,838"
12501,METRO39100M39100,"Poughkeepsie-Newburgh-Middletown, NY MSA","$1,120","$1,008","$1,232","$1,280","$1,152","$1,408","$1,650","$1,485","$1,815","$2,090","$1,881","$2,299","$2,310","$2,079","$2,541"
12504,METRO39100M39100,"Poughkeepsie-Newburgh-Middletown, NY MSA","$1,310","$1,179","$1,441","$1,480","$1,332","$1,628","$1,880","$1,692","$2,068","$2,400","$2,160","$2,640","$2,590","$2,331","$2,849"
12506,METRO39100M39100,"Poughkeepsie-Newburgh-Middletown, NY MSA","$1,280","$1,152","$1,408","$1,460","$1,314","$1,606","$1,860","$1,674","$2,046","$2,370","$2,133","$2,607","$2,570","$2,313","$2,827"
12507,METRO39100M39100,"Poughkeepsie-Newburgh-Middletown, NY MSA","$1,650","$1,485","$1,815","$1,880","$1,692","$2,068","$2,400","$2,160","$2,640","$3,060","$2,754","$3,366","$3,310","$2,979","$3,641"
12508,METRO39100M39100,"Poughkeepsie-Newburgh-Middletown, NY MSA","$1,430","$1,287","$1,573","$1,630","$1,467","$1,793","$2,080","$1,872","$2,288","$2,650","$2,385","$2,915","$2,870","$2,583","$3,157"
12510,METRO39100M39100,"Poughkeepsie-Newburgh-Middletown, NY MSA","$1,280","$1,152","$1,408","$1,460","$1,314","$1,606","$1,860","$1,674","$2,046","$2,370","$2,133","$2,607","$2,570","$2,313","$2,827"
12511,METRO39100M39100,"Poughkeepsie-Newburgh-Middletown, NY MSA","$1,280","$1,152","$1,408","$1,460","$1,314","$1,606","$1,860","$1,674","$2,046","$2,370","$2,133","$2,607","$2,570","$2,313","$2,827"
12512,METRO39100M39100,"Poughkeepsie-Newburgh-Middletown, NY MSA","$1,410","$1,269","$1,551","$1,600","$1,440","$1,760","$2,050","$1,845","$2,255","$2,610","$2,349","$2,871","$2,830","$2,547","$3,113"
12514,METRO39100M39100,"Poughkeepsie-Newburgh-Middletown, NY MSA","$1,180","$1,062","$1,298","$1,350","$1,215","$1,485","$1,720","$1,548","$1,892","$2,200","$1,980","$2,420","$2,380","$2,142","$2,618"
12518,METRO39100M39100,"Poughkeepsie-Newburgh-Middletown, NY MSA","$1,490","$1,341","$1,639","$1,700","$1,530","$1,870","$2,170","$1,953","$2,387","$2,770","$2,493","$3,047","$2,990","$2,691","$3,289"
12520,METRO39100M39100,"Poughkeepsie-Newburgh-Middletown, NY MSA","$1,250","$1,125","$1,375","$1,420","$1,278","$1,562","$1,820","$1,638","$2,002","$2,320","$2,088","$2,552","$2,510","$2,259","$2,761"
12522,METRO39100M39100,"Poughkeepsie-Newburgh-Middletown, NY MSA","$1,120","$1,008","$1,232","$1,280","$1,152","$1,408","$1,650","$1,485","$1,815","$2,090","$1,881","$2,299","$2,310","$2,079","$2,541"
12524,METRO39100M39100,"Poughkeepsie-Newburgh-Middletown, NY MSA","$2,150","$1,935","$2,365","$2,210","$1,989","$2,431","$2,480","$2,232","$2,728","$3,100","$2,790","$3,410","$3,330","$2,997","$3,663"
12527,METRO39100M39100,"Poughkeepsie-Newburgh-Middletown, NY MSA","$1,430","$1,287","$1,573","$1,620","$1,458","$1,782","$2,070","$1,863","$2,277","$2,640","$2,376","$2,904","$2,860","$2,574","$3,146"
12531,METRO39100M39100,"Poughkeepsie-Newburgh-Middletown, NY MSA","$2,150","$1,935","$2,365","$2,210","$1,989","$2,431","$2,480","$2,232","$2,728","$3,100","$2,790","$3,410","$3,330","$2,997","$3,663"
12533,METRO39100M39100,"Poughkeepsie-Newburgh-Middletown, NY MSA","$2,150","$1,935","$2,365","$2,210","$1,989","$2,431","$2,480","$2,232","$2,728","$3,100","$2,790","$3,410","$3,330","$2,997","$3,663"
12537,METRO39100M39100,"Poughkeepsie-Newburgh-Middletown, NY MSA","$1,280","$1,152","$1,408","$1,460","$1,314","$1,606","$1,860","$1,674","$2,046","$2,370","$2,133","$2,607","$2,570","$2,313","$2,827"
12538,METRO39100M39100,"Poughkeepsie-Newburgh-Middletown, NY MSA","$1,120","$1,008","$1,232","$1,280","$1,152","$1,408","$1,650","$1,485","$1,815","$2,090","$1,881","$2,299","$2,310","$2,079","$2,541"
12540,METRO39100M39100,"Poughkeepsie-Newburgh-Middletown, NY MSA","$1,690","$1,521","$1,859","$1,930","$1,737","$2,123","$2,470","$2,223","$2,717","$3,150","$2,835","$3,465","$3,410","$3,069","$3,751"
12542,METRO39100M39100,"Poughkeepsie-Newburgh-Middletown, NY MSA","$1,260","$1,134","$1,386","$1,280","$1,152","$1,408","$1,660","$1,494","$1,826","$2,100","$1,890","$2,310","$2,310","$2,079","$2,541"
12543,METRO39100M39100,"Poughkeepsie-Newburgh-Middletown, NY MSA","$1,230","$1,107","$1,353","$1,410","$1,269","$1,551","$1,800","$1,620","$1,980","$2,300","$2,070","$2,530","$2,480","$2,232","$2,728"
12545,METRO39100M39100,"Poughkeepsie-Newburgh-Middletown, NY MSA","$1,140","$1,026","$1,254","$1,300","$1,170","$1,430","$1,660","$1,494","$1,826","$2,120","$1,908","$2,332","$2,310","$2,079","$2,541"
12546,METRO39100M39100,"Poughkeepsie-Newburgh-Middletown, NY MSA","$1,120","$1,008","$1,232","$1,280","$1,152","$1,408","$1,650","$1,485","$1,815","$2,090","$1,881","$2,299","$2,310","$2,079","$2,541"
12549,METRO39100M39100,"Poughkeepsie-Newburgh-Middletown, NY MSA","$1,360","$1,224","$1,496","$1,560","$1,404","$1,716","$1,990","$1,791","$2,189","$2,540","$2,286","$2,794","$2,750","$2,475","$3,025"
12550,METRO39100M39100,"Poughkeepsie-Newburgh-Middletown, NY MSA","$1,200","$1,080","$1,320","$1,370","$1,233","$1,507","$1,750","$1,575","$1,925","$2,230","$2,007","$2,453","$2,410","$2,169","$2,651"
12551,METRO39100M39100,"Poughkeepsie-Newburgh-Middletown, NY MSA","$1,340","$1,206","$1,474","$1,530","$1,377","$1,683","$1,950","$1,755","$2,145","$2,490","$2,241","$2,739","$2,690","$2,421","$2,959"
12552,METRO39100M39100,"Poughkeepsie-Newburgh-Middletown, NY MSA","$1,340","$1,206","$1,474","$1,530","$1,377","$1,683","$1,950","$1,755","$2,145","$2,490","$2,241","$2,739","$2,690","$2,421","$2,959"
12553,METRO39100M39100,"Poughkeepsie-Newburgh-Middletown, NY MSA","$1,300","$1,170","$1,430","$1,490","$1,341","$1,639","$1,900","$1,710","$2,090","$2,420","$2,178","$2,662","$2,620","$2,358","$2,882"
12555,METRO39100M39100,"Poughkeepsie-Newburgh-Middletown, NY MSA","$1,340","$1,206","$1,474","$1,530","$1,377","$1,683","$1,950","$1,755","$2,145","$2,490","$2,241","$2,739","$2,690","$2,421","$2,959"
12564,METRO39100M39100,"Poughkeepsie-Newburgh-Middletown, NY MSA","$2,150","$1,935","$2,365","$2,210","$1,989","$2,431","$2,480","$2,232","$2,728","$3,100","$2,790","$3,410","$3,330","$2,997","$3,663"
12566,METRO39100M39100,"Poughkeepsie-Newburgh-Middletown, NY MSA","$1,500","$1,350","$1,650","$1,590","$1,431","$1,749","$2,050","$1,845","$2,255","$2,620","$2,358","$2,882","$2,830","$2,547","$3,113"
12567,METRO39100M39100,"Poughkeepsie-Newburgh-Middletown, NY MSA","$1,340","$1,206","$1,474","$1,500","$1,350","$1,650","$1,900","$1,710","$2,090","$2,410","$2,169","$2,651","$2,610","$2,349","$2,871"
12569,METRO39100M39100,"Poughkeepsie-Newburgh-Middletown, NY MSA","$1,470","$1,323","$1,617","$1,680","$1,512","$1,848","$2,150","$1,935","$2,365","$2,740","$2,466","$3,014","$2,970","$2,673","$3,267"
12570,METRO39100M39100,"Poughkeepsie-Newburgh-Middletown, NY MSA","$1,530","$1,377","$1,683","$1,740","$1,566","$1,914","$2,230","$2,007","$2,453","$2,840","$2,556","$3,124","$3,080","$2,772","$3,388"
12571,METRO39100M39100,"Poughkeepsie-Newburgh-Middletown, NY MSA","$1,220","$1,098","$1,342","$1,380","$1,242","$1,518","$1,750","$1,575","$1,925","$2,230","$2,007","$2,453","$2,410","$2,169","$2,651"
12572,METRO39100M39100,"Poughkeepsie-Newburgh-Middletown, NY MSA","$1,330","$1,197","$1,463","$1,520","$1,368","$1,672","$1,940","$1,746","$2,134","$2,470","$2,223","$2,717","$2,680","$2,412","$2,948"
12574,METRO39100M39100,"Poughkeepsie-Newburgh-Middletown, NY MSA","$1,330","$1,197","$1,463","$1,520","$1,368","$1,672","$1,940","$1,746","$2,134","$2,470","$2,223","$2,717","$2,680","$2,412","$2,948"
12575,METRO39100M39100,"Poughkeepsie-Newburgh-Middletown, NY MSA","$1,280","$1,152","$1,408","$1,460","$1,314","$1,606","$1,870","$1,683","$2,057","$2,380","$2,142","$2,618","$2,570","$2,313","$2,827"
12577,METRO39100M39100,"Poughkeepsie-Newburgh-Middletown, NY MSA","$1,600","$1,440","$1,760","$1,820","$1,638","$2,002","$2,330","$2,097","$2,563","$2,970","$2,673","$3,267","$3,220","$2,898","$3,542"
12578,METRO39100M39100,"Poughkeepsie-Newburgh-Middletown, NY MSA","$1,290","$1,161","$1,419","$1,470","$1,323","$1,617","$1,880","$1,692","$2,068","$2,400","$2,160","$2,640","$2,590","$2,331","$2,849"
12580,METRO39100M39100,"Poughkeepsie-Newburgh-Middletown, NY MSA","$1,120","$1,008","$1,232","$1,280","$1,152","$1,408","$1,650","$1,485","$1,815","$2,090","$1,881","$2,299","$2,310","$2,079","$2,541"
12581,METRO39100M39100,"Poughkeepsie-Newburgh-Middletown, NY MSA","$1,170","$1,053","$1,287","$1,340","$1,206","$1,474","$1,710","$1,539","$1,881","$2,180","$1,962","$2,398","$2,360","$2,124","$2,596"
12582,METRO39100M39100,"Poughkeepsie-Newburgh-Middletown, NY MSA","$2,150","$1,935","$2,365","$2,210","$1,989","$2,431","$2,480","$2,232","$2,728","$3,100","$2,790","$3,410","$3,330","$2,997","$3,663"
12583,METRO39100M39100,"Poughkeepsie-Newburgh-Middletown, NY MSA","$1,580","$1,422","$1,738","$1,720","$1,548","$1,892","$2,120","$1,908","$2,332","$2,650","$2,385","$2,915","$2,880","$2,592","$3,168"
12584,METRO39100M39100,"Poughkeepsie-Newburgh-Middletown, NY MSA","$1,340","$1,206","$1,474","$1,530","$1,377","$1,683","$1,950","$1,755","$2,145","$2,490","$2,241","$2,739","$2,690","$2,421","$2,959"
12585,METRO39100M39100,"Poughkeepsie-Newburgh-Middletown, NY MSA","$1,120","$1,008","$1,232","$1,280","$1,152","$1,408","$1,650","$1,485","$1,815","$2,090","$1,881","$2,299","$2,310","$2,079","$2,541"
12586,METRO39100M39100,"Poughkeepsie-Newburgh-Middletown, NY MSA","$1,250","$1,125","$1,375","$1,420","$1,278","$1,562","$1,820","$1,638","$2,002","$2,320","$2,088","$2,552","$2,510","$2,259","$2,761"
12589,METRO39100M39100,"Poughkeepsie-Newburgh-Middletown, NY MSA","$1,160","$1,044","$1,276","$1,280","$1,152","$1,408","$1,650","$1,485","$1,815","$2,090","$1,881","$2,299","$2,310","$2,079","$2,541"
12590,METRO39100M39100,"Poughkeepsie-Newburgh-Middletown, NY MSA","$1,410","$1,269","$1,551","$1,600","$1,440","$1,760","$2,050","$1,845","$2,255","$2,610","$2,349","$2,871","$2,830","$2,547","$3,113"
12592,METRO39100M39100,"Poughkeepsie-Newburgh-Middletown, NY MSA","$1,120","$1,008","$1,232","$1,280","$1,152","$1,408","$1,650","$1,485","$1,815","$2,090","$1,881","$2,299","$2,310","$2,079","$2,541"
12594,METRO39100M39100,"Poughkeepsie-Newburgh-Middletown, NY MSA","$1,120","$1,008","$1,232","$1,280","$1,152","$1,408","$1,650","$1,485","$1,815","$2,090","$1,881","$2,299","$2,310","$2,079","$2,541"
12601,METRO39100M39100,"Poughkeepsie-Newburgh-Middletown, NY MSA","$1,130","$1,017","$1,243","$1,290","$1,161","$1,419","$1,650","$1,485","$1,815","$2,100","$1,890","$2,310","$2,310","$2,079","$2,541"
12602,METRO39100M39100,"Poughkeepsie-Newburgh-Middletown, NY MSA","$1,280","$1,152","$1,408","$1,460","$1,314","$1,606","$1,860","$1,674","$2,046","$2,370","$2,133","$2,607","$2,570","$2,313","$2,827"
12603,METRO39100M39100,"Poughkeepsie-Newburgh-Middletown, NY MSA","$1,330","$1,197","$1,463","$1,520","$1,368","$1,672","$1,940","$1,746","$2,134","$2,470","$2,223","$2,717","$2,680","$2,412","$2,948"
12604,METRO39100M39100,"Poughkeepsie-Newburgh-Middletown, NY MSA","$1,330","$1,197","$1,463","$1,520","$1,368","$1,672","$1,940","$1,746","$2,134","$2,470","$2,223","$2,717","$2,680","$2,412","$2,948"
12721,METRO39100M39100,"Poughkeepsie-Newburgh-Middletown, NY MSA","$1,210","$1,089","$1,331","$1,340","$1,206","$1,474","$1,650","$1,485","$1,815","$2,210","$1,989","$2,431","$2,360","$2,124","$2,596"
12729,METRO39100M39100,"Poughkeepsie-Newburgh-Middletown, NY MSA","$1,170","$1,053","$1,287","$1,330","$1,197","$1,463","$1,690","$1,521","$1,859","$2,170","$1,953","$2,387","$2,340","$2,106","$2,574"
12746,METRO39100M39100,"Poughkeepsie-Newburgh-Middletown, NY MSA","$1,120","$1,008","$1,232","$1,280","$1,152","$1,408","$1,650","$1,485","$1,815","$2,090","$1,881","$2,299","$2,310","$2,079","$2,541"
12771,METRO39100M39100,"Poughkeepsie-Newburgh-Middletown, NY MSA","$1,120","$1,008","$1,232","$1,280","$1,152","$1,408","$1,650","$1,485","$1,815","$2,090","$1,881","$2,299","$2,310","$2,079","$2,541"
12780,METRO39100M39100,"Poughkeepsie-Newburgh-Middletown, NY MSA","$1,120","$1,008","$1,232","$1,280","$1,152","$1,408","$1,650","$1,485","$1,815","$2,090","$1,881","$2,299","$2,310","$2,079","$2,541"
12785,METRO39100M39100,"Poughkeepsie-Newburgh-Middletown, NY MSA","$1,140","$1,026","$1,254","$1,280","$1,152","$1,408","$1,650","$1,485","$1,815","$2,090","$1,881","$2,299","$2,310","$2,079","$2,541"
13143,METRO40380M40380,"Rochester, NY HUD Metro FMR Area",$850,$765,$935,$950,$855,"$1,045","$1,180","$1,062","$1,298","$1,430","$1,287","$1,573","$1,570","$1,413","$1,727"
13146,METRO40380M40380,"Rochester, NY HUD Metro FMR Area",$950,$855,"$1,045","$1,070",$963,"$1,177","$1,330","$1,197","$1,463","$1,600","$1,440","$1,760","$1,770","$1,593","$1,947"
13148,METRO40380M40380,"Rochester, NY HUD Metro FMR Area",$850,$765,$935,$950,$855,"$1,045","$1,180","$1,062","$1,298","$1,430","$1,287","$1,573","$1,800","$1,620","$1,980"
13154,METRO40380M40380,"Rochester, NY HUD Metro FMR Area",$950,$855,"$1,045","$1,070",$963,"$1,177","$1,330","$1,197","$1,463","$1,600","$1,440","$1,760","$1,770","$1,593","$1,947"
13156,METRO40380M40380,"Rochester, NY HUD Metro FMR Area",$850,$765,$935,$950,$855,"$1,045","$1,180","$1,062","$1,298","$1,430","$1,287","$1,573","$1,570","$1,413","$1,727"
13165,METRO40380M40380,"Rochester, NY HUD Metro FMR Area",$850,$765,$935,$950,$855,"$1,045","$1,180","$1,062","$1,298","$1,430","$1,287","$1,573","$1,780","$1,602","$1,958"
14012,METRO40380M40380,"Rochester, NY HUD Metro FMR Area",$860,$774,$946,$950,$855,"$1,045","$1,180","$1,062","$1,298","$1,430","$1,287","$1,573","$1,570","$1,413","$1,727"
14058,METRO40380M40380,"Rochester, NY HUD Metro FMR Area",$850,$765,$935,$960,$864,"$1,056","$1,180","$1,062","$1,298","$1,430","$1,287","$1,573","$1,570","$1,413","$1,727"
14098,METRO40380M40380,"Rochester, NY HUD Metro FMR Area",$950,$855,"$1,045","$1,060",$954,"$1,166","$1,320","$1,188","$1,452","$1,590","$1,431","$1,749","$1,750","$1,575","$1,925"
14103,METRO40380M40380,"Rochester, NY HUD Metro FMR Area",$870,$783,$957,$980,$882,"$1,078","$1,220","$1,098","$1,342","$1,470","$1,323","$1,617","$1,620","$1,458","$1,782"
14105,METRO40380M40380,"Rochester, NY HUD Metro FMR Area",$860,$774,$946,$950,$855,"$1,045","$1,180","$1,062","$1,298","$1,430","$1,287","$1,573","$1,570","$1,413","$1,727"
14125,METRO40380M40380,"Rochester, NY HUD Metro FMR Area",$850,$765,$935,$950,$855,"$1,045","$1,180","$1,062","$1,298","$1,430","$1,287","$1,573","$1,570","$1,413","$1,727"
14410,METRO40380M40380,"Rochester, NY HUD Metro FMR Area","$1,050",$945,"$1,155","$1,180","$1,062","$1,298","$1,460","$1,314","$1,606","$1,760","$1,584","$1,936","$1,940","$1,746","$2,134"
14411,METRO40380M40380,"Rochester, NY HUD Metro FMR Area",$850,$765,$935,$950,$855,"$1,045","$1,180","$1,062","$1,298","$1,430","$1,287","$1,573","$1,570","$1,413","$1,727"
14413,METRO40380M40380,"Rochester, NY HUD Metro FMR Area","$1,100",$990,"$1,210","$1,240","$1,116","$1,364","$1,540","$1,386","$1,694","$1,850","$1,665","$2,035","$2,040","$1,836","$2,244"
14414,METRO40380M40380,"Rochester, NY HUD Metro FMR Area",$940,$846,"$1,034","$1,050",$945,"$1,155","$1,310","$1,179","$1,441","$1,580","$1,422","$1,738","$1,740","$1,566","$1,914"
14416,METRO40380M40380,"Rochester, NY HUD Metro FMR Area",$850,$765,$935,$950,$855,"$1,045","$1,180","$1,062","$1,298","$1,430","$1,287","$1,573","$1,570","$1,413","$1,727"
14420,METRO40380M40380,"Rochester, NY HUD Metro FMR Area",$970,$873,"$1,067","$1,090",$981,"$1,199","$1,350","$1,215","$1,485","$1,630","$1,467","$1,793","$1,790","$1,611","$1,969"
14422,METRO40380M40380,"Rochester, NY HUD Metro FMR Area",$850,$765,$935,$950,$855,"$1,045","$1,180","$1,062","$1,298","$1,430","$1,287","$1,573","$1,570","$1,413","$1,727"
14423,METRO40380M40380,"Rochester, NY HUD Metro FMR Area",$850,$765,$935,$950,$855,"$1,045","$1,180","$1,062","$1,298","$1,430","$1,287","$1,573","$1,570","$1,413","$1,727"
14424,METRO40380M40380,"Rochester, NY HUD Metro FMR Area","$1,030",$927,"$1,133","$1,160","$1,044","$1,276","$1,440","$1,296","$1,584","$1,740","$1,566","$1,914","$1,910","$1,719","$2,101"
14425,METRO40380M40380,"Rochester, NY HUD Metro FMR Area","$1,270","$1,143","$1,397","$1,430","$1,287","$1,573","$1,780","$1,602","$1,958","$2,150","$1,935","$2,365","$2,360","$2,124","$2,596"
14428,METRO40380M40380,"Rochester, NY HUD Metro FMR Area","$1,110",$999,"$1,221","$1,250","$1,125","$1,375","$1,550","$1,395","$1,705","$1,870","$1,683","$2,057","$2,060","$1,854","$2,266"
14429,METRO40380M40380,"Rochester, NY HUD Metro FMR Area",$850,$765,$935,$950,$855,"$1,045","$1,180","$1,062","$1,298","$1,430","$1,287","$1,573","$1,570","$1,413","$1,727"
14430,METRO40380M40380,"Rochester, NY HUD Metro FMR Area","$1,050",$945,"$1,155","$1,180","$1,062","$1,298","$1,460","$1,314","$1,606","$1,760","$1,584","$1,936","$1,940","$1,746","$2,134"
14432,METRO40380M40380,"Rochester, NY HUD Metro FMR Area",$850,$765,$935,$950,$855,"$1,045","$1,180","$1,062","$1,298","$1,430","$1,287","$1,573","$1,570","$1,413","$1,727"
14433,METRO40380M40380,"Rochester, NY HUD Metro FMR Area",$850,$765,$935,$950,$855,"$1,045","$1,180","$1,062","$1,298","$1,430","$1,287","$1,573","$1,570","$1,413","$1,727"
14435,METRO40380M40380,"Rochester, NY HUD Metro FMR Area","$1,060",$954,"$1,166","$1,190","$1,071","$1,309","$1,480","$1,332","$1,628","$1,780","$1,602","$1,958","$1,960","$1,764","$2,156"
14437,METRO40380M40380,"Rochester, NY HUD Metro FMR Area",$860,$774,$946,$950,$855,"$1,045","$1,180","$1,062","$1,298","$1,430","$1,287","$1,573","$1,610","$1,449","$1,771"
14445,METRO40380M40380,"Rochester, NY HUD Metro FMR Area","$1,030",$927,"$1,133","$1,160","$1,044","$1,276","$1,440","$1,296","$1,584","$1,740","$1,566","$1,914","$1,910","$1,719","$2,101"
14449,METRO40380M40380,"Rochester, NY HUD Metro FMR Area",$880,$792,$968,$990,$891,"$1,089","$1,230","$1,107","$1,353","$1,480","$1,332","$1,628","$1,630","$1,467","$1,793"
14450,METRO40380M40380,"Rochester, NY HUD Metro FMR Area","$1,140","$1,026","$1,254","$1,280","$1,152","$1,408","$1,590","$1,431","$1,749","$1,920","$1,728","$2,112","$2,110","$1,899","$2,321"
14452,METRO40380M40380,"Rochester, NY HUD Metro FMR Area",$850,$765,$935,$950,$855,"$1,045","$1,180","$1,062","$1,298","$1,430","$1,287","$1,573","$1,570","$1,413","$1,727"
14453,METRO40380M40380,"Rochester, NY HUD Metro FMR Area",$990,$891,"$1,089","$1,110",$999,"$1,221","$1,380","$1,242","$1,518","$1,660","$1,494","$1,826","$1,830","$1,647","$2,013"
14454,METRO40380M40380,"Rochester, NY HUD Metro FMR Area","$1,070",$963,"$1,177","$1,200","$1,080","$1,320","$1,490","$1,341","$1,639","$1,800","$1,620","$1,980","$1,980","$1,782","$2,178"
14456,METRO40380M40380,"Rochester, NY HUD Metro FMR Area",$910,$819,"$1,001","$1,010",$909,"$1,111","$1,260","$1,134","$1,386","$1,530","$1,377","$1,683","$1,700","$1,530","$1,870"
14461,METRO40380M40380,"Rochester, NY HUD Metro FMR Area",$990,$891,"$1,089","$1,110",$999,"$1,221","$1,380","$1,242","$1,518","$1,660","$1,494","$1,826","$1,830","$1,647","$2,013"
14462,METRO40380M40380,"Rochester, NY HUD Metro FMR Area",$920,$828,"$1,012","$1,030",$927,"$1,133","$1,280","$1,152","$1,408","$1,550","$1,395","$1,705","$1,720","$1,548","$1,892"
14463,METRO40380M40380,"Rochester, NY HUD Metro FMR Area",$910,$819,"$1,001","$1,010",$909,"$1,111","$1,260","$1,134","$1,386","$1,530","$1,377","$1,683","$1,700","$1,530","$1,870"
14464,METRO40380M40380,"Rochester, NY HUD Metro FMR Area",$880,$792,$968,$990,$891,"$1,089","$1,230","$1,107","$1,353","$1,480","$1,332","$1,628","$1,630","$1,467","$1,793"
14466,METRO40380M40380,"Rochester, NY HUD Metro FMR Area",$850,$765,$935,$950,$855,"$1,045","$1,180","$1,062","$1,298","$1,430","$1,287","$1,573","$1,570","$1,413","$1,727"
14467,METRO40380M40380,"Rochester, NY HUD Metro FMR Area","$1,050",$945,"$1,155","$1,180","$1,062","$1,298","$1,460","$1,314","$1,606","$1,760","$1,584","$1,936","$1,940","$1,746","$2,134"
14468,METRO40380M40380,"Rochester, NY HUD Metro FMR Area","$1,090",$981,"$1,199","$1,220","$1,098","$1,342","$1,520","$1,368","$1,672","$1,830","$1,647","$2,013","$2,020","$1,818","$2,222"
14469,METRO40380M40380,"Rochester, NY HUD Metro FMR Area",$850,$765,$935,$950,$855,"$1,045","$1,180","$1,062","$1,298","$1,430","$1,287","$1,573","$1,570","$1,413","$1,727"
14470,METRO40380M40380,"Rochester, NY HUD Metro FMR Area",$850,$765,$935,$950,$855,"$1,045","$1,180","$1,062","$1,298","$1,430","$1,287","$1,573","$1,570","$1,413","$1,727"
14471,METRO40380M40380,"Rochester, NY HUD Metro FMR Area","$1,080",$972,"$1,188","$1,220","$1,098","$1,342","$1,510","$1,359","$1,661","$1,820","$1,638","$2,002","$2,000","$1,800","$2,200"
14472,METRO40380M40380,"Rochester, NY HUD Metro FMR Area",$970,$873,"$1,067","$1,090",$981,"$1,199","$1,360","$1,224","$1,496","$1,640","$1,476","$1,804","$1,800","$1,620","$1,980"
14475,METRO40380M40380,"Rochester, NY HUD Metro FMR Area",$930,$837,"$1,023","$1,050",$945,"$1,155","$1,300","$1,170","$1,430","$1,570","$1,413","$1,727","$1,730","$1,557","$1,903"
14476,METRO40380M40380,"Rochester, NY HUD Metro FMR Area",$920,$828,"$1,012","$1,030",$927,"$1,133","$1,280","$1,152","$1,408","$1,540","$1,386","$1,694","$1,700","$1,530","$1,870"
14477,METRO40380M40380,"Rochester, NY HUD Metro FMR Area",$860,$774,$946,$970,$873,"$1,067","$1,200","$1,080","$1,320","$1,450","$1,305","$1,595","$1,590","$1,431","$1,749"
14479,METRO40380M40380,"Rochester, NY HUD Metro FMR Area",$850,$765,$935,$950,$855,"$1,045","$1,180","$1,062","$1,298","$1,430","$1,287","$1,573","$1,570","$1,413","$1,727"
14480,METRO40380M40380,"Rochester, NY HUD Metro FMR Area",$870,$783,$957,$980,$882,"$1,078","$1,220","$1,098","$1,342","$1,470","$1,323","$1,617","$1,620","$1,458","$1,782"
14481,METRO40380M40380,"Rochester, NY HUD Metro FMR Area",$900,$810,$990,"$1,010",$909,"$1,111","$1,250","$1,125","$1,375","$1,510","$1,359","$1,661","$1,660","$1,494","$1,826"
14482,METRO40380M40380,"Rochester, NY HUD Metro FMR Area",$850,$765,$935,$950,$855,"$1,045","$1,180","$1,062","$1,298","$1,430","$1,287","$1,573","$1,570","$1,413","$1,727"
14485,METRO40380M40380,"Rochester, NY HUD Metro FMR Area",$850,$765,$935,$950,$855,"$1,045","$1,180","$1,062","$1,298","$1,430","$1,287","$1,573","$1,570","$1,413","$1,727"
14486,METRO40380M40380,"Rochester, NY HUD Metro FMR Area",$850,$765,$935,$950,$855,"$1,045","$1,180","$1,062","$1,298","$1,430","$1,287","$1,573","$1,570","$1,413","$1,727"
14487,METRO40380M40380,"Rochester, NY HUD Metro FMR Area",$870,$783,$957,$980,$882,"$1,078","$1,220","$1,098","$1,342","$1,470","$1,323","$1,617","$1,620","$1,458","$1,782"
14488,METRO40380M40380,"Rochester, NY HUD Metro FMR Area",$900,$810,$990,"$1,010",$909,"$1,111","$1,260","$1,134","$1,386","$1,520","$1,368","$1,672","$1,670","$1,503","$1,837"
14489,METRO40380M40380,"Rochester, NY HUD Metro FMR Area",$920,$828,"$1,012","$1,030",$927,"$1,133","$1,280","$1,152","$1,408","$1,540","$1,386","$1,694","$1,700","$1,530","$1,870"
14502,METRO40380M40380,"Rochester, NY HUD Metro FMR Area",$870,$783,$957,$980,$882,"$1,078","$1,220","$1,098","$1,342","$1,470","$1,323","$1,617","$1,620","$1,458","$1,782"
14504,METRO40380M40380,"Rochester, NY HUD Metro FMR Area","$1,020",$918,"$1,122","$1,140","$1,026","$1,254","$1,420","$1,278","$1,562","$1,710","$1,539","$1,881","$1,880","$1,692","$2,068"
14505,METRO40380M40380,"Rochester, NY HUD Metro FMR Area",$850,$765,$935,$950,$855,"$1,045","$1,180","$1,062","$1,298","$1,430","$1,287","$1,573","$1,570","$1,413","$1,727"
14506,METRO40380M40380,"Rochester, NY HUD Metro FMR Area","$1,210","$1,089","$1,331","$1,370","$1,233","$1,507","$1,700","$1,530","$1,870","$2,050","$1,845","$2,255","$2,250","$2,025","$2,475"
14508,METRO40380M40380,"Rochester, NY HUD Metro FMR Area","$1,050",$945,"$1,155","$1,180","$1,062","$1,298","$1,460","$1,314","$1,606","$1,760","$1,584","$1,936","$1,940","$1,746","$2,134"
14510,METRO40380M40380,"Rochester, NY HUD Metro FMR Area",$860,$774,$946,$970,$873,"$1,067","$1,200","$1,080","$1,320","$1,450","$1,305","$1,595","$1,590","$1,431","$1,749"
14511,METRO40380M40380,"Rochester, NY HUD Metro FMR Area",$990,$891,"$1,089","$1,130","$1,017","$1,243","$1,390","$1,251","$1,529","$1,680","$1,512","$1,848","$1,840","$1,656","$2,024"
14512,METRO40380M40380,"Rochester, NY HUD Metro FMR Area",$850,$765,$935,$950,$855,"$1,045","$1,180","$1,062","$1,298","$1,430","$1,287","$1,573","$1,570","$1,413","$1,727"
14513,METRO40380M40380,"Rochester, NY HUD Metro FMR Area",$910,$819,"$1,001","$1,020",$918,"$1,122","$1,270","$1,143","$1,397","$1,530","$1,377","$1,683","$1,680","$1,512","$1,848"
14514,METRO40380M40380,"Rochester, NY HUD Metro FMR Area","$1,320","$1,188","$1,452","$1,480","$1,332","$1,628","$1,840","$1,656","$2,024","$2,220","$1,998","$2,442","$2,440","$2,196","$2,684"
14515,METRO40380M40380,"Rochester, NY HUD Metro FMR Area","$1,000",$900,"$1,100","$1,130","$1,017","$1,243","$1,400","$1,260","$1,540","$1,690","$1,521","$1,859","$1,860","$1,674","$2,046"
14516,METRO40380M40380,"Rochester, NY HUD Metro FMR Area","$1,110",$999,"$1,221","$1,250","$1,125","$1,375","$1,550","$1,395","$1,705","$1,870","$1,683","$2,057","$2,060","$1,854","$2,266"
14517,METRO40380M40380,"Rochester, NY HUD Metro FMR Area",$850,$765,$935,$950,$855,"$1,045","$1,180","$1,062","$1,298","$1,430","$1,287","$1,573","$1,570","$1,413","$1,727"
14518,METRO40380M40380,"Rochester, NY HUD Metro FMR Area",$990,$891,"$1,089","$1,110",$999,"$1,221","$1,380","$1,242","$1,518","$1,660","$1,494","$1,826","$1,830","$1,647","$2,013"
14519,METRO40380M40380,"Rochester, NY HUD Metro FMR Area",$970,$873,"$1,067","$1,090",$981,"$1,199","$1,360","$1,224","$1,496","$1,640","$1,476","$1,804","$1,800","$1,620","$1,980"
14520,METRO40380M40380,"Rochester, NY HUD Metro FMR Area",$880,$792,$968,$990,$891,"$1,089","$1,230","$1,107","$1,353","$1,480","$1,332","$1,628","$1,630","$1,467","$1,793"
14522,METRO40380M40380,"Rochester, NY HUD Metro FMR Area",$850,$765,$935,$950,$855,"$1,045","$1,180","$1,062","$1,298","$1,430","$1,287","$1,573","$1,570","$1,413","$1,727"
14525,METRO40380M40380,"Rochester, NY HUD Metro FMR Area",$850,$765,$935,$950,$855,"$1,045","$1,180","$1,062","$1,298","$1,430","$1,287","$1,573","$1,570","$1,413","$1,727"
14526,METRO40380M40380,"Rochester, NY HUD Metro FMR Area","$1,060",$954,"$1,166","$1,190","$1,071","$1,309","$1,480","$1,332","$1,628","$1,780","$1,602","$1,958","$1,960","$1,764","$2,156"
14530,METRO40380M40380,"Rochester, NY HUD Metro FMR Area",$850,$765,$935,$950,$855,"$1,045","$1,180","$1,062","$1,298","$1,430","$1,287","$1,573","$1,570","$1,413","$1,727"
14532,METRO40380M40380,"Rochester, NY HUD Metro FMR Area",$850,$765,$935,$950,$855,"$1,045","$1,180","$1,062","$1,298","$1,430","$1,287","$1,573","$1,570","$1,413","$1,727"
14533,METRO40380M40380,"Rochester, NY HUD Metro FMR Area",$850,$765,$935,$950,$855,"$1,045","$1,180","$1,062","$1,298","$1,430","$1,287","$1,573","$1,570","$1,413","$1,727"
14534,METRO40380M40380,"Rochester, NY HUD Metro FMR Area","$1,530","$1,377","$1,683","$1,720","$1,548","$1,892","$2,140","$1,926","$2,354","$2,580","$2,322","$2,838","$2,840","$2,556","$3,124"
14537,METRO40380M40380,"Rochester, NY HUD Metro FMR Area",$850,$765,$935,$950,$855,"$1,045","$1,180","$1,062","$1,298","$1,430","$1,287","$1,573","$1,570","$1,413","$1,727"
14538,METRO40380M40380,"Rochester, NY HUD Metro FMR Area",$880,$792,$968,$990,$891,"$1,089","$1,230","$1,107","$1,353","$1,480","$1,332","$1,628","$1,630","$1,467","$1,793"
14539,METRO40380M40380,"Rochester, NY HUD Metro FMR Area",$850,$765,$935,$950,$855,"$1,045","$1,180","$1,062","$1,298","$1,430","$1,287","$1,573","$1,570","$1,413","$1,727"
14542,METRO40380M40380,"Rochester, NY HUD Metro FMR Area",$880,$792,$968,$990,$891,"$1,089","$1,230","$1,107","$1,353","$1,480","$1,332","$1,628","$1,630","$1,467","$1,793"
14543,METRO40380M40380,"Rochester, NY HUD Metro FMR Area",$900,$810,$990,"$1,010",$909,"$1,111","$1,260","$1,134","$1,386","$1,520","$1,368","$1,672","$1,670","$1,503","$1,837"
14544,METRO40380M40380,"Rochester, NY HUD Metro FMR Area","$1,170","$1,053","$1,287","$1,310","$1,179","$1,441","$1,680","$1,512","$1,848","$2,050","$1,845","$2,255","$2,520","$2,268","$2,772"
14545,METRO40380M40380,"Rochester, NY HUD Metro FMR Area",$910,$819,"$1,001","$1,010",$909,"$1,111","$1,260","$1,134","$1,386","$1,520","$1,368","$1,672","$1,700","$1,530","$1,870"
14546,METRO40380M40380,"Rochester, NY HUD Metro FMR Area","$1,190","$1,071","$1,309","$1,340","$1,206","$1,474","$1,660","$1,494","$1,826","$2,000","$1,800","$2,200","$2,200","$1,980","$2,420"
14547,METRO40380M40380,"Rochester, NY HUD Metro FMR Area",$990,$891,"$1,089","$1,110",$999,"$1,221","$1,380","$1,242","$1,518","$1,660","$1,494","$1,826","$1,830","$1,647","$2,013"
14548,METRO40380M40380,"Rochester, NY HUD Metro FMR Area",$940,$846,"$1,034","$1,050",$945,"$1,155","$1,310","$1,179","$1,441","$1,580","$1,422","$1,738","$1,740","$1,566","$1,914"
14551,METRO40380M40380,"Rochester, NY HUD Metro FMR Area",$850,$765,$935,$950,$855,"$1,045","$1,180","$1,062","$1,298","$1,430","$1,287","$1,573","$1,570","$1,413","$1,727"
14555,METRO40380M40380,"Rochester, NY HUD Metro FMR Area",$850,$765,$935,$950,$855,"$1,045","$1,180","$1,062","$1,298","$1,430","$1,287","$1,573","$1,570","$1,413","$1,727"
14556,METRO40380M40380,"Rochester, NY HUD Metro FMR Area",$860,$774,$946,$970,$873,"$1,067","$1,200","$1,080","$1,320","$1,450","$1,305","$1,595","$1,590","$1,431","$1,749"
14558,METRO40380M40380,"Rochester, NY HUD Metro FMR Area",$900,$810,$990,"$1,010",$909,"$1,111","$1,260","$1,134","$1,386","$1,520","$1,368","$1,672","$1,670","$1,503","$1,837"
14559,METRO40380M40380,"Rochester, NY HUD Metro FMR Area","$1,130","$1,017","$1,243","$1,270","$1,143","$1,397","$1,580","$1,422","$1,738","$1,900","$1,710","$2,090","$2,090","$1,881","$2,299"
14560,METRO40380M40380,"Rochester, NY HUD Metro FMR Area","$1,010",$909,"$1,111","$1,130","$1,017","$1,243","$1,410","$1,269","$1,551","$1,700","$1,530","$1,870","$1,870","$1,683","$2,057"
14561,METRO40380M40380,"Rochester, NY HUD Metro FMR Area",$960,$864,"$1,056","$1,070",$963,"$1,177","$1,350","$1,215","$1,485","$1,640","$1,476","$1,804","$1,880","$1,692","$2,068"
14563,METRO40380M40380,"Rochester, NY HUD Metro FMR Area",$880,$792,$968,$990,$891,"$1,089","$1,230","$1,107","$1,353","$1,480","$1,332","$1,628","$1,630","$1,467","$1,793"
14564,METRO40380M40380,"Rochester, NY HUD Metro FMR Area","$1,190","$1,071","$1,309","$1,340","$1,206","$1,474","$1,660","$1,494","$1,826","$2,000","$1,800","$2,200","$2,200","$1,980","$2,420"
14568,METRO40380M40380,"Rochester, NY HUD Metro FMR Area",$850,$765,$935,$960,$864,"$1,056","$1,190","$1,071","$1,309","$1,430","$1,287","$1,573","$1,580","$1,422","$1,738"
14571,METRO40380M40380,"Rochester, NY HUD Metro FMR Area","$1,350","$1,215","$1,485","$1,520","$1,368","$1,672","$1,890","$1,701","$2,079","$2,280","$2,052","$2,508","$2,510","$2,259","$2,761"
14572,METRO40380M40380,"Rochester, NY HUD Metro FMR Area",$850,$765,$935,$950,$855,"$1,045","$1,180","$1,062","$1,298","$1,430","$1,287","$1,573","$1,570","$1,413","$1,727"
14580,METRO40380M40380,"Rochester, NY HUD Metro FMR Area","$1,250","$1,125","$1,375","$1,400","$1,260","$1,540","$1,740","$1,566","$1,914","$2,100","$1,890","$2,310","$2,310","$2,079","$2,541"
14585,METRO40380M40380,"Rochester, NY HUD Metro FMR Area",$850,$765,$935,$950,$855,"$1,045","$1,180","$1,062","$1,298","$1,430","$1,287","$1,573","$1,570","$1,413","$1,727"
14586,METRO40380M40380,"Rochester, NY HUD Metro FMR Area","$1,450","$1,305","$1,595","$1,630","$1,467","$1,793","$2,020","$1,818","$2,222","$2,430","$2,187","$2,673","$2,680","$2,412","$2,948"
14589,METRO40380M40380,"Rochester, NY HUD Metro FMR Area",$930,$837,"$1,023","$1,050",$945,"$1,155","$1,300","$1,170","$1,430","$1,570","$1,413","$1,727","$1,720","$1,548","$1,892"
14590,METRO40380M40380,"Rochester, NY HUD Metro FMR Area",$870,$783,$957,$970,$873,"$1,067","$1,210","$1,089","$1,331","$1,460","$1,314","$1,606","$1,600","$1,440","$1,760"
14592,METRO40380M40380,"Rochester, NY HUD Metro FMR Area",$850,$765,$935,$950,$855,"$1,045","$1,180","$1,062","$1,298","$1,430","$1,287","$1,573","$1,570","$1,413","$1,727"
14602,METRO40380M40380,"Rochester, NY HUD Metro FMR Area","$1,050",$945,"$1,155","$1,180","$1,062","$1,298","$1,460","$1,314","$1,606","$1,760","$1,584","$1,936","$1,940","$1,746","$2,134"
14603,METRO40380M40380,"Rochester, NY HUD Metro FMR Area","$1,050",$945,"$1,155","$1,180","$1,062","$1,298","$1,460","$1,314","$1,606","$1,760","$1,584","$1,936","$1,940","$1,746","$2,134"
14604,METRO40380M40380,"Rochester, NY HUD Metro FMR Area","$1,220","$1,098","$1,342","$1,370","$1,233","$1,507","$1,700","$1,530","$1,870","$2,050","$1,845","$2,255","$2,250","$2,025","$2,475"
14605,METRO40380M40380,"Rochester, NY HUD Metro FMR Area",$860,$774,$946,$970,$873,"$1,067","$1,200","$1,080","$1,320","$1,450","$1,305","$1,595","$1,590","$1,431","$1,749"
14606,METRO40380M40380,"Rochester, NY HUD Metro FMR Area",$940,$846,"$1,034","$1,050",$945,"$1,155","$1,310","$1,179","$1,441","$1,580","$1,422","$1,738","$1,740","$1,566","$1,914"
14607,METRO40380M40380,"Rochester, NY HUD Metro FMR Area","$1,130","$1,017","$1,243","$1,270","$1,143","$1,397","$1,580","$1,422","$1,738","$1,900","$1,710","$2,090","$2,090","$1,881","$2,299"
14608,METRO40380M40380,"Rochester, NY HUD Metro FMR Area",$930,$837,"$1,023","$1,050",$945,"$1,155","$1,300","$1,170","$1,430","$1,570","$1,413","$1,727","$1,720","$1,548","$1,892"
14609,METRO40380M40380,"Rochester, NY HUD Metro FMR Area",$940,$846,"$1,034","$1,050",$945,"$1,155","$1,310","$1,179","$1,441","$1,580","$1,422","$1,738","$1,740","$1,566","$1,914"
14610,METRO40380M40380,"Rochester, NY HUD Metro FMR Area","$1,040",$936,"$1,144","$1,170","$1,053","$1,287","$1,450","$1,305","$1,595","$1,750","$1,575","$1,925","$1,920","$1,728","$2,112"
14611,METRO40380M40380,"Rochester, NY HUD Metro FMR Area","$1,000",$900,"$1,100","$1,120","$1,008","$1,232","$1,390","$1,251","$1,529","$1,680","$1,512","$1,848","$1,840","$1,656","$2,024"
14612,METRO40380M40380,"Rochester, NY HUD Metro FMR Area",$980,$882,"$1,078","$1,100",$990,"$1,210","$1,370","$1,233","$1,507","$1,650","$1,485","$1,815","$1,820","$1,638","$2,002"
14613,METRO40380M40380,"Rochester, NY HUD Metro FMR Area",$890,$801,$979,"$1,000",$900,"$1,100","$1,240","$1,116","$1,364","$1,490","$1,341","$1,639","$1,640","$1,476","$1,804"
14614,METRO40380M40380,"Rochester, NY HUD Metro FMR Area",$970,$873,"$1,067","$1,100",$990,"$1,210","$1,360","$1,224","$1,496","$1,640","$1,476","$1,804","$1,800","$1,620","$1,980"
14615,METRO40380M40380,"Rochester, NY HUD Metro FMR Area",$980,$882,"$1,078","$1,100",$990,"$1,210","$1,370","$1,233","$1,507","$1,650","$1,485","$1,815","$1,820","$1,638","$2,002"
14616,METRO40380M40380,"Rochester, NY HUD Metro FMR Area","$1,050",$945,"$1,155","$1,180","$1,062","$1,298","$1,470","$1,323","$1,617","$1,770","$1,593","$1,947","$1,950","$1,755","$2,145"
14617,METRO40380M40380,"Rochester, NY HUD Metro FMR Area","$1,040",$936,"$1,144","$1,170","$1,053","$1,287","$1,450","$1,305","$1,595","$1,750","$1,575","$1,925","$1,920","$1,728","$2,112"
14618,METRO40380M40380,"Rochester, NY HUD Metro FMR Area","$1,220","$1,098","$1,342","$1,380","$1,242","$1,518","$1,710","$1,539","$1,881","$2,060","$1,854","$2,266","$2,270","$2,043","$2,497"
14619,METRO40380M40380,"Rochester, NY HUD Metro FMR Area","$1,070",$963,"$1,177","$1,200","$1,080","$1,320","$1,490","$1,341","$1,639","$1,800","$1,620","$1,980","$1,980","$1,782","$2,178"
14620,METRO40380M40380,"Rochester, NY HUD Metro FMR Area","$1,090",$981,"$1,199","$1,220","$1,098","$1,342","$1,520","$1,368","$1,672","$1,830","$1,647","$2,013","$2,020","$1,818","$2,222"
14621,METRO40380M40380,"Rochester, NY HUD Metro FMR Area",$890,$801,$979,"$1,000",$900,"$1,100","$1,240","$1,116","$1,364","$1,490","$1,341","$1,639","$1,640","$1,476","$1,804"
14622,METRO40380M40380,"Rochester, NY HUD Metro FMR Area",$980,$882,"$1,078","$1,100",$990,"$1,210","$1,370","$1,233","$1,507","$1,650","$1,485","$1,815","$1,820","$1,638","$2,002"
14623,METRO40380M40380,"Rochester, NY HUD Metro FMR Area","$1,120","$1,008","$1,232","$1,260","$1,134","$1,386","$1,570","$1,413","$1,727","$1,890","$1,701","$2,079","$2,080","$1,872","$2,288"
14624,METRO40380M40380,"Rochester, NY HUD Metro FMR Area","$1,160","$1,044","$1,276","$1,300","$1,170","$1,430","$1,620","$1,458","$1,782","$1,950","$1,755","$2,145","$2,150","$1,935","$2,365"
14625,METRO40380M40380,"Rochester, NY HUD Metro FMR Area","$1,250","$1,125","$1,375","$1,400","$1,260","$1,540","$1,740","$1,566","$1,914","$2,100","$1,890","$2,310","$2,310","$2,079","$2,541"
14626,METRO40380M40380,"Rochester, NY HUD Metro FMR Area","$1,050",$945,"$1,155","$1,180","$1,062","$1,298","$1,470","$1,323","$1,617","$1,770","$1,593","$1,947","$1,950","$1,755","$2,145"
14627,METRO40380M40380,"Rochester, NY HUD Metro FMR Area","$1,040",$936,"$1,144","$1,160","$1,044","$1,276","$1,450","$1,305","$1,595","$1,740","$1,566","$1,914","$1,920","$1,728","$2,112"
14638,METRO40380M40380,"Rochester, NY HUD Metro FMR Area","$1,050",$945,"$1,155","$1,180","$1,062","$1,298","$1,460","$1,314","$1,606","$1,760","$1,584","$1,936","$1,940","$1,746","$2,134"
14639,METRO40380M40380,"Rochester, NY HUD Metro FMR Area","$1,050",$945,"$1,155","$1,180","$1,062","$1,298","$1,460","$1,314","$1,606","$1,760","$1,584","$1,936","$1,940","$1,746","$2,134"
14642,METRO40380M40380,"Rochester, NY HUD Metro FMR Area","$1,050",$945,"$1,155","$1,180","$1,062","$1,298","$1,460","$1,314","$1,606","$1,760","$1,584","$1,936","$1,940","$1,746","$2,134"
14643,METRO40380M40380,"Rochester, NY HUD Metro FMR Area","$1,050",$945,"$1,155","$1,180","$1,062","$1,298","$1,460","$1,314","$1,606","$1,760","$1,584","$1,936","$1,940","$1,746","$2,134"
14646,METRO40380M40380,"Rochester, NY HUD Metro FMR Area","$1,050",$945,"$1,155","$1,180","$1,062","$1,298","$1,460","$1,314","$1,606","$1,760","$1,584","$1,936","$1,940","$1,746","$2,134"
14647,METRO40380M40380,"Rochester, NY HUD Metro FMR Area","$1,050",$945,"$1,155","$1,180","$1,062","$1,298","$1,460","$1,314","$1,606","$1,760","$1,584","$1,936","$1,940","$1,746","$2,134"
14649,METRO40380M40380,"Rochester, NY HUD Metro FMR Area","$1,050",$945,"$1,155","$1,180","$1,062","$1,298","$1,460","$1,314","$1,606","$1,760","$1,584","$1,936","$1,940","$1,746","$2,134"
14650,METRO40380M40380,"Rochester, NY HUD Metro FMR Area","$1,050",$945,"$1,155","$1,180","$1,062","$1,298","$1,460","$1,314","$1,606","$1,760","$1,584","$1,936","$1,940","$1,746","$2,134"
14651,METRO40380M40380,"Rochester, NY HUD Metro FMR Area","$1,050",$945,"$1,155","$1,180","$1,062","$1,298","$1,460","$1,314","$1,606","$1,760","$1,584","$1,936","$1,940","$1,746","$2,134"
14652,METRO40380M40380,"Rochester, NY HUD Metro FMR Area","$1,050",$945,"$1,155","$1,180","$1,062","$1,298","$1,460","$1,314","$1,606","$1,760","$1,584","$1,936","$1,940","$1,746","$2,134"
14653,METRO40380M40380,"Rochester, NY HUD Metro FMR Area","$1,050",$945,"$1,155","$1,180","$1,062","$1,298","$1,460","$1,314","$1,606","$1,760","$1,584","$1,936","$1,940","$1,746","$2,134"
14692,METRO40380M40380,"Rochester, NY HUD Metro FMR Area","$1,050",$945,"$1,155","$1,180","$1,062","$1,298","$1,460","$1,314","$1,606","$1,760","$1,584","$1,936","$1,940","$1,746","$2,134"
14822,METRO40380M40380,"Rochester, NY HUD Metro FMR Area",$850,$765,$935,$950,$855,"$1,045","$1,180","$1,062","$1,298","$1,430","$1,287","$1,573","$1,670","$1,503","$1,837"
14836,METRO40380M40380,"Rochester, NY HUD Metro FMR Area",$850,$765,$935,$950,$855,"$1,045","$1,180","$1,062","$1,298","$1,430","$1,287","$1,573","$1,570","$1,413","$1,727"
14846,METRO40380M40380,"Rochester, NY HUD Metro FMR Area",$850,$765,$935,$950,$855,"$1,045","$1,180","$1,062","$1,298","$1,430","$1,287","$1,573","$1,570","$1,413","$1,727"
14884,METRO40380M40380,"Rochester, NY HUD Metro FMR Area",$850,$765,$935,$950,$855,"$1,045","$1,180","$1,062","$1,298","$1,430","$1,287","$1,573","$1,570","$1,413","$1,727"
14415,METRO40380N36123,"Yates County, NY HUD Metro FMR Area","$1,150","$1,035","$1,265","$1,270","$1,143","$1,397","$1,670","$1,503","$1,837","$2,060","$1,854","$2,266","$2,650","$2,385","$2,915"
14418,METRO40380N36123,"Yates County, NY HUD Metro FMR Area",$880,$792,$968,$940,$846,"$1,034","$1,180","$1,062","$1,298","$1,480","$1,332","$1,628","$1,870","$1,683","$2,057"
14441,METRO40380N36123,"Yates County, NY HUD Metro FMR Area",$800,$720,$880,$890,$801,$979,"$1,170","$1,053","$1,287","$1,440","$1,296","$1,584","$1,860","$1,674","$2,046"
14456,METRO40380N36123,"Yates County, NY HUD Metro FMR Area",$910,$819,"$1,001","$1,010",$909,"$1,111","$1,260","$1,134","$1,386","$1,530","$1,377","$1,683","$1,700","$1,530","$1,870"
14478,METRO40380N36123,"Yates County, NY HUD Metro FMR Area",$730,$657,$803,$820,$738,$902,"$1,070",$963,"$1,177","$1,320","$1,188","$1,452","$1,700","$1,530","$1,870"
14507,METRO40380N36123,"Yates County, NY HUD Metro FMR Area",$700,$630,$770,$780,$702,$858,"$1,020",$918,"$1,122","$1,260","$1,134","$1,386","$1,620","$1,458","$1,782"
14512,METRO40380N36123,"Yates County, NY HUD Metro FMR Area",$850,$765,$935,$950,$855,"$1,045","$1,180","$1,062","$1,298","$1,430","$1,287","$1,573","$1,570","$1,413","$1,727"
14527,METRO40380N36123,"Yates County, NY HUD Metro FMR Area",$730,$657,$803,$820,$738,$902,"$1,070",$963,"$1,177","$1,320","$1,188","$1,452","$1,700","$1,530","$1,870"
14544,METRO40380N36123,"Yates County, NY HUD Metro FMR Area","$1,170","$1,053","$1,287","$1,310","$1,179","$1,441","$1,680","$1,512","$1,848","$2,050","$1,845","$2,255","$2,520","$2,268","$2,772"
14561,METRO40380N36123,"Yates County, NY HUD Metro FMR Area",$960,$864,"$1,056","$1,070",$963,"$1,177","$1,350","$1,215","$1,485","$1,640","$1,476","$1,804","$1,880","$1,692","$2,068"
14837,METRO40380N36123,"Yates County, NY HUD Metro FMR Area",$720,$648,$792,$800,$720,$880,"$1,050",$945,"$1,155","$1,310","$1,179","$1,441","$1,630","$1,467","$1,793"
14842,METRO40380N36123,"Yates County, NY HUD Metro FMR Area",$730,$657,$803,$810,$729,$891,"$1,060",$954,"$1,166","$1,320","$1,188","$1,452","$1,670","$1,503","$1,837"
14857,METRO40380N36123,"Yates County, NY HUD Metro FMR Area",$760,$684,$836,$850,$765,$935,"$1,110",$999,"$1,221","$1,370","$1,233","$1,507","$1,760","$1,584","$1,936"
14873,METRO40380N36123,"Yates County, NY HUD Metro FMR Area","$1,130","$1,017","$1,243","$1,140","$1,026","$1,254","$1,380","$1,242","$1,518","$1,780","$1,602","$1,958","$2,320","$2,088","$2,552"
14878,METRO40380N36123,"Yates County, NY HUD Metro FMR Area",$700,$630,$770,$770,$693,$847,"$1,020",$918,"$1,122","$1,300","$1,170","$1,430","$1,490","$1,341","$1,639"
13020,METRO45060M45060,"Syracuse, NY MSA","$1,070",$963,"$1,177","$1,180","$1,062","$1,298","$1,450","$1,305","$1,595","$1,780","$1,602","$1,958","$2,050","$1,845","$2,255"
13021,METRO45060M45060,"Syracuse, NY MSA",$830,$747,$913,$840,$756,$924,"$1,080",$972,"$1,188","$1,380","$1,242","$1,518","$1,610","$1,449","$1,771"
13027,METRO45060M45060,"Syracuse, NY MSA","$1,110",$999,"$1,221","$1,240","$1,116","$1,364","$1,520","$1,368","$1,672","$1,860","$1,674","$2,046","$2,100","$1,890","$2,310"
13028,METRO45060M45060,"Syracuse, NY MSA",$950,$855,"$1,045","$1,020",$918,"$1,122","$1,260","$1,134","$1,386","$1,540","$1,386","$1,694","$1,760","$1,584","$1,936"
13029,METRO45060M45060,"Syracuse, NY MSA",$970,$873,"$1,067","$1,080",$972,"$1,188","$1,330","$1,197","$1,463","$1,630","$1,467","$1,793","$1,830","$1,647","$2,013"
13030,METRO45060M45060,"Syracuse, NY MSA",$780,$702,$858,$870,$783,$957,"$1,070",$963,"$1,177","$1,310","$1,179","$1,441","$1,480","$1,332","$1,628"
13031,METRO45060M45060,"Syracuse, NY MSA","$1,120","$1,008","$1,232","$1,240","$1,116","$1,364","$1,530","$1,377","$1,683","$1,870","$1,683","$2,057","$2,110","$1,899","$2,321"
13032,METRO45060M45060,"Syracuse, NY MSA",$900,$810,$990,"$1,000",$900,"$1,100","$1,230","$1,107","$1,353","$1,500","$1,350","$1,650","$1,700","$1,530","$1,870"
13033,METRO45060M45060,"Syracuse, NY MSA",$880,$792,$968,$880,$792,$968,"$1,140","$1,026","$1,254","$1,460","$1,314","$1,606","$1,700","$1,530","$1,870"
13035,METRO45060M45060,"Syracuse, NY MSA","$1,100",$990,"$1,210","$1,230","$1,107","$1,353","$1,510","$1,359","$1,661","$1,850","$1,665","$2,035","$2,080","$1,872","$2,288"
13036,METRO45060M45060,"Syracuse, NY MSA",$950,$855,"$1,045","$1,060",$954,"$1,166","$1,300","$1,170","$1,430","$1,590","$1,431","$1,749","$1,790","$1,611","$1,969"
13037,METRO45060M45060,"Syracuse, NY MSA",$810,$729,$891,$900,$810,$990,"$1,110",$999,"$1,221","$1,360","$1,224","$1,496","$1,530","$1,377","$1,683"
13039,METRO45060M45060,"Syracuse, NY MSA","$1,060",$954,"$1,166","$1,180","$1,062","$1,298","$1,450","$1,305","$1,595","$1,770","$1,593","$1,947","$2,000","$1,800","$2,200"
13041,METRO45060M45060,"Syracuse, NY MSA","$1,280","$1,152","$1,408","$1,430","$1,287","$1,573","$1,760","$1,584","$1,936","$2,150","$1,935","$2,365","$2,430","$2,187","$2,673"
13042,METRO45060M45060,"Syracuse, NY MSA","$1,200","$1,080","$1,320","$1,290","$1,161","$1,419","$1,600","$1,440","$1,760","$1,950","$1,755","$2,145","$2,230","$2,007","$2,453"
13043,METRO45060M45060,"Syracuse, NY MSA",$870,$783,$957,$970,$873,"$1,067","$1,190","$1,071","$1,309","$1,460","$1,314","$1,606","$1,640","$1,476","$1,804"
13044,METRO45060M45060,"Syracuse, NY MSA",$880,$792,$968,$980,$882,"$1,078","$1,210","$1,089","$1,331","$1,480","$1,332","$1,628","$1,670","$1,503","$1,837"
13051,METRO45060M45060,"Syracuse, NY MSA","$1,010",$909,"$1,111","$1,130","$1,017","$1,243","$1,380","$1,242","$1,518","$1,690","$1,521","$1,859","$1,910","$1,719","$2,101"
13052,METRO45060M45060,"Syracuse, NY MSA",$830,$747,$913,$900,$810,$990,"$1,100",$990,"$1,210","$1,380","$1,242","$1,518","$1,610","$1,449","$1,771"
13057,METRO45060M45060,"Syracuse, NY MSA",$910,$819,"$1,001","$1,020",$918,"$1,122","$1,250","$1,125","$1,375","$1,530","$1,377","$1,683","$1,720","$1,548","$1,892"
13060,METRO45060M45060,"Syracuse, NY MSA",$880,$792,$968,$980,$882,"$1,078","$1,200","$1,080","$1,320","$1,470","$1,323","$1,617","$1,650","$1,485","$1,815"
13061,METRO45060M45060,"Syracuse, NY MSA",$900,$810,$990,"$1,010",$909,"$1,111","$1,230","$1,107","$1,353","$1,520","$1,368","$1,672","$1,710","$1,539","$1,881"
13063,METRO45060M45060,"Syracuse, NY MSA",$790,$711,$869,$880,$792,$968,"$1,080",$972,"$1,188","$1,320","$1,188","$1,452","$1,490","$1,341","$1,639"
13066,METRO45060M45060,"Syracuse, NY MSA","$1,120","$1,008","$1,232","$1,250","$1,125","$1,375","$1,540","$1,386","$1,694","$1,880","$1,692","$2,068","$2,120","$1,908","$2,332"
13069,METRO45060M45060,"Syracuse, NY MSA",$860,$774,$946,$960,$864,"$1,056","$1,180","$1,062","$1,298","$1,440","$1,296","$1,584","$1,630","$1,467","$1,793"
13072,METRO45060M45060,"Syracuse, NY MSA",$830,$747,$913,$920,$828,"$1,012","$1,110",$999,"$1,221","$1,400","$1,260","$1,540","$1,570","$1,413","$1,727"
13074,METRO45060M45060,"Syracuse, NY MSA",$890,$801,$979,$990,$891,"$1,089","$1,220","$1,098","$1,342","$1,490","$1,341","$1,639","$1,680","$1,512","$1,848"
13076,METRO45060M45060,"Syracuse, NY MSA",$990,$891,"$1,089","$1,100",$990,"$1,210","$1,350","$1,215","$1,485","$1,650","$1,485","$1,815","$1,900","$1,710","$2,090"
13077,METRO45060M45060,"Syracuse, NY MSA",$990,$891,"$1,089","$1,000",$900,"$1,100","$1,240","$1,116","$1,364","$1,540","$1,386","$1,694","$2,060","$1,854","$2,266"
13078,METRO45060M45060,"Syracuse, NY MSA","$1,130","$1,017","$1,243","$1,260","$1,134","$1,386","$1,550","$1,395","$1,705","$1,900","$1,710","$2,090","$2,140","$1,926","$2,354"
13080,METRO45060M45060,"Syracuse, NY MSA",$750,$675,$825,$830,$747,$913,"$1,020",$918,"$1,122","$1,250","$1,125","$1,375","$1,440","$1,296","$1,584"
13082,METRO45060M45060,"Syracuse, NY MSA",$900,$810,$990,"$1,000",$900,"$1,100","$1,230","$1,107","$1,353","$1,510","$1,359","$1,661","$1,700","$1,530","$1,870"
13083,METRO45060M45060,"Syracuse, NY MSA",$830,$747,$913,$940,$846,"$1,034","$1,230","$1,107","$1,353","$1,660","$1,494","$1,826","$2,010","$1,809","$2,211"
13084,METRO45060M45060,"Syracuse, NY MSA","$1,010",$909,"$1,111","$1,130","$1,017","$1,243","$1,390","$1,251","$1,529","$1,700","$1,530","$1,870","$1,920","$1,728","$2,112"
13088,METRO45060M45060,"Syracuse, NY MSA","$1,040",$936,"$1,144","$1,160","$1,044","$1,276","$1,430","$1,287","$1,573","$1,750","$1,575","$1,925","$1,970","$1,773","$2,167"
13089,METRO45060M45060,"Syracuse, NY MSA",$980,$882,"$1,078","$1,100",$990,"$1,210","$1,350","$1,215","$1,485","$1,650","$1,485","$1,815","$1,860","$1,674","$2,046"
13090,METRO45060M45060,"Syracuse, NY MSA","$1,140","$1,026","$1,254","$1,270","$1,143","$1,397","$1,560","$1,404","$1,716","$1,910","$1,719","$2,101","$2,150","$1,935","$2,365"
13093,METRO45060M45060,"Syracuse, NY MSA",$890,$801,$979,$990,$891,"$1,089","$1,220","$1,098","$1,342","$1,490","$1,341","$1,639","$1,680","$1,512","$1,848"
13103,METRO45060M45060,"Syracuse, NY MSA","$1,440","$1,296","$1,584","$1,610","$1,449","$1,771","$1,980","$1,782","$2,178","$2,420","$2,178","$2,662","$2,730","$2,457","$3,003"
13104,METRO45060M45060,"Syracuse, NY MSA",$990,$891,"$1,089","$1,110",$999,"$1,221","$1,360","$1,224","$1,496","$1,660","$1,494","$1,826","$1,880","$1,692","$2,068"
13108,METRO45060M45060,"Syracuse, NY MSA",$950,$855,"$1,045","$1,060",$954,"$1,166","$1,300","$1,170","$1,430","$1,590","$1,431","$1,749","$1,790","$1,611","$1,969"
13110,METRO45060M45060,"Syracuse, NY MSA",$930,$837,"$1,023","$1,040",$936,"$1,144","$1,280","$1,152","$1,408","$1,570","$1,413","$1,727","$1,760","$1,584","$1,936"
13111,METRO45060M45060,"Syracuse, NY MSA",$850,$765,$935,$860,$774,$946,"$1,110",$999,"$1,221","$1,410","$1,269","$1,551","$1,640","$1,476","$1,804"
13112,METRO45060M45060,"Syracuse, NY MSA","$1,010",$909,"$1,111","$1,130","$1,017","$1,243","$1,390","$1,251","$1,529","$1,700","$1,530","$1,870","$1,920","$1,728","$2,112"
13114,METRO45060M45060,"Syracuse, NY MSA",$770,$693,$847,$860,$774,$946,"$1,060",$954,"$1,166","$1,300","$1,170","$1,430","$1,460","$1,314","$1,606"
13115,METRO45060M45060,"Syracuse, NY MSA","$1,030",$927,"$1,133","$1,150","$1,035","$1,265","$1,410","$1,269","$1,551","$1,730","$1,557","$1,903","$1,940","$1,746","$2,134"
13116,METRO45060M45060,"Syracuse, NY MSA","$1,000",$900,"$1,100","$1,110",$999,"$1,221","$1,370","$1,233","$1,507","$1,680","$1,512","$1,848","$1,890","$1,701","$2,079"
13119,METRO45060M45060,"Syracuse, NY MSA",$980,$882,"$1,078","$1,100",$990,"$1,210","$1,350","$1,215","$1,485","$1,650","$1,485","$1,815","$1,860","$1,674","$2,046"
13120,METRO45060M45060,"Syracuse, NY MSA","$1,030",$927,"$1,133","$1,140","$1,026","$1,254","$1,410","$1,269","$1,551","$1,730","$1,557","$1,903","$1,950","$1,755","$2,145"
13121,METRO45060M45060,"Syracuse, NY MSA",$890,$801,$979,$990,$891,"$1,089","$1,220","$1,098","$1,342","$1,490","$1,341","$1,639","$1,680","$1,512","$1,848"
13122,METRO45060M45060,"Syracuse, NY MSA",$890,$801,$979,$990,$891,"$1,089","$1,220","$1,098","$1,342","$1,490","$1,341","$1,639","$1,680","$1,512","$1,848"
13126,METRO45060M45060,"Syracuse, NY MSA",$950,$855,"$1,045","$1,060",$954,"$1,166","$1,300","$1,170","$1,430","$1,590","$1,431","$1,749","$1,790","$1,611","$1,969"
13131,METRO45060M45060,"Syracuse, NY MSA","$1,010",$909,"$1,111","$1,120","$1,008","$1,232","$1,380","$1,242","$1,518","$1,690","$1,521","$1,859","$1,900","$1,710","$2,090"
13132,METRO45060M45060,"Syracuse, NY MSA",$900,$810,$990,"$1,000",$900,"$1,100","$1,230","$1,107","$1,353","$1,500","$1,350","$1,650","$1,700","$1,530","$1,870"
13134,METRO45060M45060,"Syracuse, NY MSA",$880,$792,$968,$980,$882,"$1,078","$1,210","$1,089","$1,331","$1,470","$1,323","$1,617","$1,670","$1,503","$1,837"
13135,METRO45060M45060,"Syracuse, NY MSA",$890,$801,$979,$990,$891,"$1,089","$1,220","$1,098","$1,342","$1,490","$1,341","$1,639","$1,680","$1,512","$1,848"
13137,METRO45060M45060,"Syracuse, NY MSA",$980,$882,"$1,078","$1,100",$990,"$1,210","$1,350","$1,215","$1,485","$1,650","$1,485","$1,815","$1,860","$1,674","$2,046"
13138,METRO45060M45060,"Syracuse, NY MSA",$970,$873,"$1,067","$1,080",$972,"$1,188","$1,330","$1,197","$1,463","$1,620","$1,458","$1,782","$1,830","$1,647","$2,013"
13141,METRO45060M45060,"Syracuse, NY MSA",$920,$828,"$1,012",$960,$864,"$1,056","$1,180","$1,062","$1,298","$1,460","$1,314","$1,606","$1,870","$1,683","$2,057"
13142,METRO45060M45060,"Syracuse, NY MSA",$830,$747,$913,$930,$837,"$1,023","$1,140","$1,026","$1,254","$1,390","$1,251","$1,529","$1,570","$1,413","$1,727"
13144,METRO45060M45060,"Syracuse, NY MSA",$750,$675,$825,$830,$747,$913,"$1,020",$918,"$1,122","$1,250","$1,125","$1,375","$1,440","$1,296","$1,584"
13145,METRO45060M45060,"Syracuse, NY MSA",$830,$747,$913,$940,$846,"$1,034","$1,230","$1,107","$1,353","$1,660","$1,494","$1,826","$2,010","$1,809","$2,211"
13152,METRO45060M45060,"Syracuse, NY MSA","$1,220","$1,098","$1,342","$1,360","$1,224","$1,496","$1,670","$1,503","$1,837","$2,050","$1,845","$2,255","$2,310","$2,079","$2,541"
13153,METRO45060M45060,"Syracuse, NY MSA","$1,020",$918,"$1,122","$1,110",$999,"$1,221","$1,370","$1,233","$1,507","$1,700","$1,530","$1,870","$1,930","$1,737","$2,123"
13156,METRO45060M45060,"Syracuse, NY MSA",$850,$765,$935,$950,$855,"$1,045","$1,180","$1,062","$1,298","$1,430","$1,287","$1,573","$1,570","$1,413","$1,727"
13158,METRO45060M45060,"Syracuse, NY MSA",$850,$765,$935,$860,$774,$946,"$1,060",$954,"$1,166","$1,320","$1,188","$1,452","$1,780","$1,602","$1,958"
13159,METRO45060M45060,"Syracuse, NY MSA","$1,080",$972,"$1,188","$1,190","$1,071","$1,309","$1,460","$1,314","$1,606","$1,790","$1,611","$1,969","$2,070","$1,863","$2,277"
13163,METRO45060M45060,"Syracuse, NY MSA",$890,$801,$979,$990,$891,"$1,089","$1,220","$1,098","$1,342","$1,490","$1,341","$1,639","$1,690","$1,521","$1,859"
13164,METRO45060M45060,"Syracuse, NY MSA","$1,040",$936,"$1,144","$1,160","$1,044","$1,276","$1,430","$1,287","$1,573","$1,750","$1,575","$1,925","$1,970","$1,773","$2,167"
13166,METRO45060M45060,"Syracuse, NY MSA",$890,$801,$979,$900,$810,$990,"$1,150","$1,035","$1,265","$1,470","$1,323","$1,617","$1,710","$1,539","$1,881"
13167,METRO45060M45060,"Syracuse, NY MSA","$1,180","$1,062","$1,298","$1,320","$1,188","$1,452","$1,620","$1,458","$1,782","$1,980","$1,782","$2,178","$2,230","$2,007","$2,453"
13201,METRO45060M45060,"Syracuse, NY MSA",$980,$882,"$1,078","$1,100",$990,"$1,210","$1,350","$1,215","$1,485","$1,650","$1,485","$1,815","$1,860","$1,674","$2,046"
13202,METRO45060M45060,"Syracuse, NY MSA","$1,100",$990,"$1,210","$1,230","$1,107","$1,353","$1,510","$1,359","$1,661","$1,850","$1,665","$2,035","$2,080","$1,872","$2,288"
13203,METRO45060M45060,"Syracuse, NY MSA",$930,$837,"$1,023","$1,030",$927,"$1,133","$1,270","$1,143","$1,397","$1,550","$1,395","$1,705","$1,750","$1,575","$1,925"
13204,METRO45060M45060,"Syracuse, NY MSA",$860,$774,$946,$960,$864,"$1,056","$1,180","$1,062","$1,298","$1,440","$1,296","$1,584","$1,630","$1,467","$1,793"
13205,METRO45060M45060,"Syracuse, NY MSA",$850,$765,$935,$950,$855,"$1,045","$1,170","$1,053","$1,287","$1,430","$1,287","$1,573","$1,610","$1,449","$1,771"
13206,METRO45060M45060,"Syracuse, NY MSA",$870,$783,$957,$970,$873,"$1,067","$1,190","$1,071","$1,309","$1,460","$1,314","$1,606","$1,640","$1,476","$1,804"
13207,METRO45060M45060,"Syracuse, NY MSA",$980,$882,"$1,078","$1,100",$990,"$1,210","$1,350","$1,215","$1,485","$1,650","$1,485","$1,815","$1,860","$1,674","$2,046"
13208,METRO45060M45060,"Syracuse, NY MSA",$910,$819,"$1,001","$1,020",$918,"$1,122","$1,250","$1,125","$1,375","$1,530","$1,377","$1,683","$1,720","$1,548","$1,892"
13209,METRO45060M45060,"Syracuse, NY MSA",$930,$837,"$1,023","$1,040",$936,"$1,144","$1,280","$1,152","$1,408","$1,570","$1,413","$1,727","$1,760","$1,584","$1,936"
13210,METRO45060M45060,"Syracuse, NY MSA","$1,040",$936,"$1,144","$1,160","$1,044","$1,276","$1,430","$1,287","$1,573","$1,750","$1,575","$1,925","$1,970","$1,773","$2,167"
13211,METRO45060M45060,"Syracuse, NY MSA","$1,060",$954,"$1,166","$1,190","$1,071","$1,309","$1,460","$1,314","$1,606","$1,790","$1,611","$1,969","$2,010","$1,809","$2,211"
13212,METRO45060M45060,"Syracuse, NY MSA","$1,000",$900,"$1,100","$1,110",$999,"$1,221","$1,370","$1,233","$1,507","$1,680","$1,512","$1,848","$1,890","$1,701","$2,079"
13214,METRO45060M45060,"Syracuse, NY MSA",$960,$864,"$1,056","$1,070",$963,"$1,177","$1,320","$1,188","$1,452","$1,610","$1,449","$1,771","$1,820","$1,638","$2,002"
13215,METRO45060M45060,"Syracuse, NY MSA","$1,070",$963,"$1,177","$1,190","$1,071","$1,309","$1,470","$1,323","$1,617","$1,800","$1,620","$1,980","$2,030","$1,827","$2,233"
13217,METRO45060M45060,"Syracuse, NY MSA",$980,$882,"$1,078","$1,100",$990,"$1,210","$1,350","$1,215","$1,485","$1,650","$1,485","$1,815","$1,860","$1,674","$2,046"
13218,METRO45060M45060,"Syracuse, NY MSA",$980,$882,"$1,078","$1,100",$990,"$1,210","$1,350","$1,215","$1,485","$1,650","$1,485","$1,815","$1,860","$1,674","$2,046"
13219,METRO45060M45060,"Syracuse, NY MSA","$1,010",$909,"$1,111","$1,130","$1,017","$1,243","$1,390","$1,251","$1,529","$1,700","$1,530","$1,870","$1,920","$1,728","$2,112"
13220,METRO45060M45060,"Syracuse, NY MSA",$980,$882,"$1,078","$1,100",$990,"$1,210","$1,350","$1,215","$1,485","$1,650","$1,485","$1,815","$1,860","$1,674","$2,046"
13224,METRO45060M45060,"Syracuse, NY MSA",$970,$873,"$1,067","$1,080",$972,"$1,188","$1,330","$1,197","$1,463","$1,630","$1,467","$1,793","$1,830","$1,647","$2,013"
13225,METRO45060M45060,"Syracuse, NY MSA",$980,$882,"$1,078","$1,100",$990,"$1,210","$1,350","$1,215","$1,485","$1,650","$1,485","$1,815","$1,860","$1,674","$2,046"
13235,METRO45060M45060,"Syracuse, NY MSA",$980,$882,"$1,078","$1,100",$990,"$1,210","$1,350","$1,215","$1,485","$1,650","$1,485","$1,815","$1,860","$1,674","$2,046"
13244,METRO45060M45060,"Syracuse, NY MSA","$1,040",$936,"$1,144","$1,160","$1,044","$1,276","$1,430","$1,287","$1,573","$1,750","$1,575","$1,925","$1,970","$1,773","$2,167"
13261,METRO45060M45060,"Syracuse, NY MSA",$980,$882,"$1,078","$1,100",$990,"$1,210","$1,350","$1,215","$1,485","$1,650","$1,485","$1,815","$1,860","$1,674","$2,046"
13290,METRO45060M45060,"Syracuse, NY MSA",$980,$882,"$1,078","$1,100",$990,"$1,210","$1,350","$1,215","$1,485","$1,650","$1,485","$1,815","$1,860","$1,674","$2,046"
13302,METRO45060M45060,"Syracuse, NY MSA",$980,$882,"$1,078","$1,100",$990,"$1,210","$1,350","$1,215","$1,485","$1,650","$1,485","$1,815","$1,860","$1,674","$2,046"
13310,METRO45060M45060,"Syracuse, NY MSA",$950,$855,"$1,045","$1,060",$954,"$1,166","$1,310","$1,179","$1,441","$1,600","$1,440","$1,760","$1,800","$1,620","$1,980"
13314,METRO45060M45060,"Syracuse, NY MSA",$900,$810,$990,"$1,000",$900,"$1,100","$1,230","$1,107","$1,353","$1,510","$1,359","$1,661","$1,700","$1,530","$1,870"
13316,METRO45060M45060,"Syracuse, NY MSA",$790,$711,$869,$830,$747,$913,"$1,020",$918,"$1,122","$1,250","$1,125","$1,375","$1,440","$1,296","$1,584"
13332,METRO45060M45060,"Syracuse, NY MSA",$940,$846,"$1,034","$1,040",$936,"$1,144","$1,250","$1,125","$1,375","$1,580","$1,422","$1,738","$1,770","$1,593","$1,947"
13334,METRO45060M45060,"Syracuse, NY MSA",$750,$675,$825,$830,$747,$913,"$1,020",$918,"$1,122","$1,250","$1,125","$1,375","$1,440","$1,296","$1,584"
13346,METRO45060M45060,"Syracuse, NY MSA","$1,100",$990,"$1,210","$1,230","$1,107","$1,353","$1,510","$1,359","$1,661","$1,850","$1,665","$2,035","$2,080","$1,872","$2,288"
13355,METRO45060M45060,"Syracuse, NY MSA",$800,$720,$880,$890,$801,$979,"$1,100",$990,"$1,210","$1,350","$1,215","$1,485","$1,520","$1,368","$1,672"
13364,METRO45060M45060,"Syracuse, NY MSA",$840,$756,$924,$930,$837,"$1,023","$1,140","$1,026","$1,254","$1,400","$1,260","$1,540","$1,580","$1,422","$1,738"
13402,METRO45060M45060,"Syracuse, NY MSA",$940,$846,"$1,034","$1,000",$900,"$1,100","$1,240","$1,116","$1,364","$1,510","$1,359","$1,661","$1,740","$1,566","$1,914"
13408,METRO45060M45060,"Syracuse, NY MSA",$820,$738,$902,$920,$828,"$1,012","$1,130","$1,017","$1,243","$1,380","$1,242","$1,518","$1,560","$1,404","$1,716"
13409,METRO45060M45060,"Syracuse, NY MSA",$880,$792,$968,$980,$882,"$1,078","$1,210","$1,089","$1,331","$1,480","$1,332","$1,628","$1,670","$1,503","$1,837"
13418,METRO45060M45060,"Syracuse, NY MSA","$1,440","$1,296","$1,584","$1,610","$1,449","$1,771","$1,980","$1,782","$2,178","$2,420","$2,178","$2,662","$2,730","$2,457","$3,003"
13421,METRO45060M45060,"Syracuse, NY MSA",$850,$765,$935,$930,$837,"$1,023","$1,150","$1,035","$1,265","$1,400","$1,260","$1,540","$1,590","$1,431","$1,749"
13425,METRO45060M45060,"Syracuse, NY MSA",$900,$810,$990,$910,$819,"$1,001","$1,130","$1,017","$1,243","$1,360","$1,224","$1,496","$1,610","$1,449","$1,771"
13426,METRO45060M45060,"Syracuse, NY MSA",$890,$801,$979,$990,$891,"$1,089","$1,220","$1,098","$1,342","$1,490","$1,341","$1,639","$1,680","$1,512","$1,848"
13437,METRO45060M45060,"Syracuse, NY MSA",$810,$729,$891,$870,$783,$957,"$1,080",$972,"$1,188","$1,330","$1,197","$1,463","$1,540","$1,386","$1,694"
13460,METRO45060M45060,"Syracuse, NY MSA",$750,$675,$825,$830,$747,$913,"$1,020",$918,"$1,122","$1,280","$1,152","$1,408","$1,440","$1,296","$1,584"
13464,METRO45060M45060,"Syracuse, NY MSA",$950,$855,"$1,045","$1,030",$927,"$1,133","$1,180","$1,062","$1,298","$1,630","$1,467","$1,793","$1,780","$1,602","$1,958"
13480,METRO45060M45060,"Syracuse, NY MSA",$870,$783,$957,$880,$792,$968,"$1,100",$990,"$1,210","$1,330","$1,197","$1,463","$1,570","$1,413","$1,727"
13483,METRO45060M45060,"Syracuse, NY MSA",$920,$828,"$1,012",$930,$837,"$1,023","$1,170","$1,053","$1,287","$1,420","$1,278","$1,562","$1,680","$1,512","$1,848"
13484,METRO45060M45060,"Syracuse, NY MSA",$870,$783,$957,$970,$873,"$1,067","$1,190","$1,071","$1,309","$1,460","$1,314","$1,606","$1,640","$1,476","$1,804"
13485,METRO45060M45060,"Syracuse, NY MSA",$850,$765,$935,$960,$864,"$1,056","$1,170","$1,053","$1,287","$1,450","$1,305","$1,595","$1,620","$1,458","$1,782"
13491,METRO45060M45060,"Syracuse, NY MSA",$820,$738,$902,$870,$783,$957,"$1,090",$981,"$1,199","$1,310","$1,179","$1,441","$1,510","$1,359","$1,661"
13493,METRO45060M45060,"Syracuse, NY MSA",$820,$738,$902,$910,$819,"$1,001","$1,120","$1,008","$1,232","$1,370","$1,233","$1,507","$1,540","$1,386","$1,694"
13661,METRO45060M45060,"Syracuse, NY MSA",$830,$747,$913,$940,$846,"$1,034","$1,230","$1,107","$1,353","$1,660","$1,494","$1,826","$2,010","$1,809","$2,211"
13032,METRO46540M46540,"Utica-Rome, NY MSA",$900,$810,$990,"$1,000",$900,"$1,100","$1,230","$1,107","$1,353","$1,500","$1,350","$1,650","$1,700","$1,530","$1,870"
13042,METRO46540M46540,"Utica-Rome, NY MSA","$1,200","$1,080","$1,320","$1,290","$1,161","$1,419","$1,600","$1,440","$1,760","$1,950","$1,755","$2,145","$2,230","$2,007","$2,453"
13054,METRO46540M46540,"Utica-Rome, NY MSA",$900,$810,$990,$900,$810,$990,"$1,130","$1,017","$1,243","$1,360","$1,224","$1,496","$1,610","$1,449","$1,771"
13123,METRO46540M46540,"Utica-Rome, NY MSA",$940,$846,"$1,034",$940,$846,"$1,034","$1,180","$1,062","$1,298","$1,420","$1,278","$1,562","$1,680","$1,512","$1,848"
13157,METRO46540M46540,"Utica-Rome, NY MSA","$1,010",$909,"$1,111","$1,020",$918,"$1,122","$1,270","$1,143","$1,397","$1,530","$1,377","$1,683","$1,810","$1,629","$1,991"
13162,METRO46540M46540,"Utica-Rome, NY MSA",$930,$837,"$1,023",$940,$846,"$1,034","$1,180","$1,062","$1,298","$1,420","$1,278","$1,562","$1,670","$1,503","$1,837"
13301,METRO46540M46540,"Utica-Rome, NY MSA","$1,020",$918,"$1,122","$1,020",$918,"$1,122","$1,280","$1,152","$1,408","$1,550","$1,395","$1,705","$1,830","$1,647","$2,013"
13303,METRO46540M46540,"Utica-Rome, NY MSA",$800,$720,$880,$810,$729,$891,"$1,010",$909,"$1,111","$1,220","$1,098","$1,342","$1,440","$1,296","$1,584"
13304,METRO46540M46540,"Utica-Rome, NY MSA",$910,$819,"$1,001",$920,$828,"$1,012","$1,160","$1,044","$1,276","$1,400","$1,260","$1,540","$1,640","$1,476","$1,804"
13308,METRO46540M46540,"Utica-Rome, NY MSA","$1,090",$981,"$1,199","$1,100",$990,"$1,210","$1,370","$1,233","$1,507","$1,650","$1,485","$1,815","$1,950","$1,755","$2,145"
13309,METRO46540M46540,"Utica-Rome, NY MSA",$810,$729,$891,$810,$729,$891,"$1,020",$918,"$1,122","$1,250","$1,125","$1,375","$1,490","$1,341","$1,639"
13313,METRO46540M46540,"Utica-Rome, NY MSA",$740,$666,$814,$750,$675,$825,$930,$837,"$1,023","$1,120","$1,008","$1,232","$1,330","$1,197","$1,463"
13316,METRO46540M46540,"Utica-Rome, NY MSA",$790,$711,$869,$830,$747,$913,"$1,020",$918,"$1,122","$1,250","$1,125","$1,375","$1,440","$1,296","$1,584"
13318,METRO46540M46540,"Utica-Rome, NY MSA",$860,$774,$946,$870,$783,$957,"$1,090",$981,"$1,199","$1,310","$1,179","$1,441","$1,550","$1,395","$1,705"
13319,METRO46540M46540,"Utica-Rome, NY MSA",$840,$756,$924,$840,$756,$924,"$1,050",$945,"$1,155","$1,270","$1,143","$1,397","$1,500","$1,350","$1,650"
13321,METRO46540M46540,"Utica-Rome, NY MSA","$1,030",$927,"$1,133","$1,030",$927,"$1,133","$1,290","$1,161","$1,419","$1,550","$1,395","$1,705","$1,840","$1,656","$2,024"
13322,METRO46540M46540,"Utica-Rome, NY MSA","$1,030",$927,"$1,133","$1,040",$936,"$1,144","$1,300","$1,170","$1,430","$1,570","$1,413","$1,727","$1,850","$1,665","$2,035"
13323,METRO46540M46540,"Utica-Rome, NY MSA","$1,100",$990,"$1,210","$1,100",$990,"$1,210","$1,380","$1,242","$1,518","$1,660","$1,494","$1,826","$1,970","$1,773","$2,167"
13324,METRO46540M46540,"Utica-Rome, NY MSA",$820,$738,$902,$820,$738,$902,"$1,030",$927,"$1,133","$1,240","$1,116","$1,364","$1,470","$1,323","$1,617"
13328,METRO46540M46540,"Utica-Rome, NY MSA",$960,$864,"$1,056",$960,$864,"$1,056","$1,200","$1,080","$1,320","$1,450","$1,305","$1,595","$1,710","$1,539","$1,881"
13329,METRO46540M46540,"Utica-Rome, NY MSA",$780,$702,$858,$790,$711,$869,$990,$891,"$1,089","$1,200","$1,080","$1,320","$1,400","$1,260","$1,540"
13331,METRO46540M46540,"Utica-Rome, NY MSA",$840,$756,$924,$840,$756,$924,"$1,050",$945,"$1,155","$1,270","$1,143","$1,397","$1,500","$1,350","$1,650"
13338,METRO46540M46540,"Utica-Rome, NY MSA","$1,140","$1,026","$1,254","$1,140","$1,026","$1,254","$1,430","$1,287","$1,573","$1,720","$1,548","$1,892","$2,040","$1,836","$2,244"
13339,METRO46540M46540,"Utica-Rome, NY MSA",$770,$693,$847,$850,$765,$935,"$1,020",$918,"$1,122","$1,290","$1,161","$1,419","$1,370","$1,233","$1,507"
13340,METRO46540M46540,"Utica-Rome, NY MSA",$870,$783,$957,$870,$783,$957,"$1,090",$981,"$1,199","$1,310","$1,179","$1,441","$1,550","$1,395","$1,705"
13341,METRO46540M46540,"Utica-Rome, NY MSA",$940,$846,"$1,034",$940,$846,"$1,034","$1,180","$1,062","$1,298","$1,420","$1,278","$1,562","$1,680","$1,512","$1,848"
13350,METRO46540M46540,"Utica-Rome, NY MSA",$910,$819,"$1,001",$920,$828,"$1,012","$1,150","$1,035","$1,265","$1,390","$1,251","$1,529","$1,640","$1,476","$1,804"
13352,METRO46540M46540,"Utica-Rome, NY MSA",$850,$765,$935,$860,$774,$946,"$1,070",$963,"$1,177","$1,290","$1,161","$1,419","$1,520","$1,368","$1,672"
13354,METRO46540M46540,"Utica-Rome, NY MSA",$760,$684,$836,$770,$693,$847,$960,$864,"$1,056","$1,160","$1,044","$1,276","$1,370","$1,233","$1,507"
13357,METRO46540M46540,"Utica-Rome, NY MSA",$830,$747,$913,$830,$747,$913,"$1,040",$936,"$1,144","$1,250","$1,125","$1,375","$1,480","$1,332","$1,628"
13360,METRO46540M46540,"Utica-Rome, NY MSA","$1,010",$909,"$1,111","$1,010",$909,"$1,111","$1,330","$1,197","$1,463","$1,600","$1,440","$1,760","$1,760","$1,584","$1,936"
13361,METRO46540M46540,"Utica-Rome, NY MSA",$750,$675,$825,$820,$738,$902,"$1,010",$909,"$1,111","$1,230","$1,107","$1,353","$1,380","$1,242","$1,518"
13362,METRO46540M46540,"Utica-Rome, NY MSA",$940,$846,"$1,034",$940,$846,"$1,034","$1,180","$1,062","$1,298","$1,420","$1,278","$1,562","$1,680","$1,512","$1,848"
13363,METRO46540M46540,"Utica-Rome, NY MSA","$1,240","$1,116","$1,364","$1,250","$1,125","$1,375","$1,560","$1,404","$1,716","$1,880","$1,692","$2,068","$2,220","$1,998","$2,442"
13365,METRO46540M46540,"Utica-Rome, NY MSA",$800,$720,$880,$810,$729,$891,"$1,010",$909,"$1,111","$1,220","$1,098","$1,342","$1,440","$1,296","$1,584"
13367,METRO46540M46540,"Utica-Rome, NY MSA",$730,$657,$803,$740,$666,$814,$950,$855,"$1,045","$1,260","$1,134","$1,386","$1,540","$1,386","$1,694"
13401,METRO46540M46540,"Utica-Rome, NY MSA",$940,$846,"$1,034",$940,$846,"$1,034","$1,180","$1,062","$1,298","$1,420","$1,278","$1,562","$1,680","$1,512","$1,848"
13402,METRO46540M46540,"Utica-Rome, NY MSA",$940,$846,"$1,034","$1,000",$900,"$1,100","$1,240","$1,116","$1,364","$1,510","$1,359","$1,661","$1,740","$1,566","$1,914"
13403,METRO46540M46540,"Utica-Rome, NY MSA","$1,030",$927,"$1,133","$1,040",$936,"$1,144","$1,300","$1,170","$1,430","$1,570","$1,413","$1,727","$1,850","$1,665","$2,035"
13406,METRO46540M46540,"Utica-Rome, NY MSA",$820,$738,$902,$830,$747,$913,"$1,040",$936,"$1,144","$1,260","$1,134","$1,386","$1,470","$1,323","$1,617"
13407,METRO46540M46540,"Utica-Rome, NY MSA",$760,$684,$836,$770,$693,$847,$960,$864,"$1,056","$1,160","$1,044","$1,276","$1,370","$1,233","$1,507"
13409,METRO46540M46540,"Utica-Rome, NY MSA",$880,$792,$968,$980,$882,"$1,078","$1,210","$1,089","$1,331","$1,480","$1,332","$1,628","$1,670","$1,503","$1,837"
13413,METRO46540M46540,"Utica-Rome, NY MSA","$1,150","$1,035","$1,265","$1,150","$1,035","$1,265","$1,440","$1,296","$1,584","$1,730","$1,557","$1,903","$2,050","$1,845","$2,255"
13416,METRO46540M46540,"Utica-Rome, NY MSA",$740,$666,$814,$750,$675,$825,$930,$837,"$1,023","$1,120","$1,008","$1,232","$1,330","$1,197","$1,463"
13417,METRO46540M46540,"Utica-Rome, NY MSA",$870,$783,$957,$880,$792,$968,"$1,100",$990,"$1,210","$1,330","$1,197","$1,463","$1,570","$1,413","$1,727"
13420,METRO46540M46540,"Utica-Rome, NY MSA",$840,$756,$924,$840,$756,$924,"$1,050",$945,"$1,155","$1,270","$1,143","$1,397","$1,500","$1,350","$1,650"
13421,METRO46540M46540,"Utica-Rome, NY MSA",$850,$765,$935,$930,$837,"$1,023","$1,150","$1,035","$1,265","$1,400","$1,260","$1,540","$1,590","$1,431","$1,749"
13424,METRO46540M46540,"Utica-Rome, NY MSA",$900,$810,$990,$900,$810,$990,"$1,130","$1,017","$1,243","$1,360","$1,224","$1,496","$1,610","$1,449","$1,771"
13425,METRO46540M46540,"Utica-Rome, NY MSA",$900,$810,$990,$910,$819,"$1,001","$1,130","$1,017","$1,243","$1,360","$1,224","$1,496","$1,610","$1,449","$1,771"
13431,METRO46540M46540,"Utica-Rome, NY MSA",$910,$819,"$1,001",$910,$819,"$1,001","$1,140","$1,026","$1,254","$1,370","$1,233","$1,507","$1,620","$1,458","$1,782"
13435,METRO46540M46540,"Utica-Rome, NY MSA",$850,$765,$935,$860,$774,$946,"$1,070",$963,"$1,177","$1,290","$1,161","$1,419","$1,520","$1,368","$1,672"
13438,METRO46540M46540,"Utica-Rome, NY MSA",$850,$765,$935,$860,$774,$946,"$1,070",$963,"$1,177","$1,290","$1,161","$1,419","$1,520","$1,368","$1,672"
13439,METRO46540M46540,"Utica-Rome, NY MSA",$730,$657,$803,$830,$747,$913,"$1,030",$927,"$1,133","$1,240","$1,116","$1,364","$1,390","$1,251","$1,529"
13440,METRO46540M46540,"Utica-Rome, NY MSA",$940,$846,"$1,034",$940,$846,"$1,034","$1,180","$1,062","$1,298","$1,420","$1,278","$1,562","$1,680","$1,512","$1,848"
13441,METRO46540M46540,"Utica-Rome, NY MSA",$910,$819,"$1,001",$910,$819,"$1,001","$1,140","$1,026","$1,254","$1,370","$1,233","$1,507","$1,620","$1,458","$1,782"
13442,METRO46540M46540,"Utica-Rome, NY MSA",$940,$846,"$1,034",$940,$846,"$1,034","$1,180","$1,062","$1,298","$1,420","$1,278","$1,562","$1,680","$1,512","$1,848"
13454,METRO46540M46540,"Utica-Rome, NY MSA",$770,$693,$847,$780,$702,$858,$990,$891,"$1,089","$1,200","$1,080","$1,320","$1,380","$1,242","$1,518"
13455,METRO46540M46540,"Utica-Rome, NY MSA",$870,$783,$957,$880,$792,$968,"$1,100",$990,"$1,210","$1,330","$1,197","$1,463","$1,570","$1,413","$1,727"
13456,METRO46540M46540,"Utica-Rome, NY MSA",$830,$747,$913,$830,$747,$913,"$1,040",$936,"$1,144","$1,250","$1,125","$1,375","$1,480","$1,332","$1,628"
13461,METRO46540M46540,"Utica-Rome, NY MSA","$1,050",$945,"$1,155","$1,060",$954,"$1,166","$1,320","$1,188","$1,452","$1,590","$1,431","$1,749","$1,880","$1,692","$2,068"
13469,METRO46540M46540,"Utica-Rome, NY MSA",$910,$819,"$1,001",$920,$828,"$1,012","$1,150","$1,035","$1,265","$1,380","$1,242","$1,518","$1,630","$1,467","$1,793"
13470,METRO46540M46540,"Utica-Rome, NY MSA",$750,$675,$825,$750,$675,$825,$980,$882,"$1,078","$1,180","$1,062","$1,298","$1,330","$1,197","$1,463"
13471,METRO46540M46540,"Utica-Rome, NY MSA","$1,030",$927,"$1,133","$1,040",$936,"$1,144","$1,300","$1,170","$1,430","$1,570","$1,413","$1,727","$1,850","$1,665","$2,035"
13472,METRO46540M46540,"Utica-Rome, NY MSA",$840,$756,$924,$840,$756,$924,"$1,050",$945,"$1,155","$1,270","$1,143","$1,397","$1,500","$1,350","$1,650"
13475,METRO46540M46540,"Utica-Rome, NY MSA",$770,$693,$847,$850,$765,$935,"$1,020",$918,"$1,122","$1,290","$1,161","$1,419","$1,370","$1,233","$1,507"
13476,METRO46540M46540,"Utica-Rome, NY MSA",$910,$819,"$1,001",$920,$828,"$1,012","$1,150","$1,035","$1,265","$1,390","$1,251","$1,529","$1,640","$1,476","$1,804"
13477,METRO46540M46540,"Utica-Rome, NY MSA",$740,$666,$814,$750,$675,$825,$930,$837,"$1,023","$1,130","$1,017","$1,243","$1,330","$1,197","$1,463"
13478,METRO46540M46540,"Utica-Rome, NY MSA",$900,$810,$990,$900,$810,$990,"$1,130","$1,017","$1,243","$1,360","$1,224","$1,496","$1,610","$1,449","$1,771"
13479,METRO46540M46540,"Utica-Rome, NY MSA",$940,$846,"$1,034",$940,$846,"$1,034","$1,180","$1,062","$1,298","$1,420","$1,278","$1,562","$1,680","$1,512","$1,848"
13480,METRO46540M46540,"Utica-Rome, NY MSA",$870,$783,$957,$880,$792,$968,"$1,100",$990,"$1,210","$1,330","$1,197","$1,463","$1,570","$1,413","$1,727"
13483,METRO46540M46540,"Utica-Rome, NY MSA",$920,$828,"$1,012",$930,$837,"$1,023","$1,170","$1,053","$1,287","$1,420","$1,278","$1,562","$1,680","$1,512","$1,848"
13486,METRO46540M46540,"Utica-Rome, NY MSA",$870,$783,$957,$870,$783,$957,"$1,090",$981,"$1,199","$1,310","$1,179","$1,441","$1,550","$1,395","$1,705"
13489,METRO46540M46540,"Utica-Rome, NY MSA",$850,$765,$935,$860,$774,$946,"$1,080",$972,"$1,188","$1,340","$1,206","$1,474","$1,600","$1,440","$1,760"
13490,METRO46540M46540,"Utica-Rome, NY MSA",$960,$864,"$1,056",$960,$864,"$1,056","$1,200","$1,080","$1,320","$1,450","$1,305","$1,595","$1,710","$1,539","$1,881"
13491,METRO46540M46540,"Utica-Rome, NY MSA",$820,$738,$902,$870,$783,$957,"$1,090",$981,"$1,199","$1,310","$1,179","$1,441","$1,510","$1,359","$1,661"
13492,METRO46540M46540,"Utica-Rome, NY MSA","$1,000",$900,"$1,100","$1,010",$909,"$1,111","$1,260","$1,134","$1,386","$1,520","$1,368","$1,672","$1,790","$1,611","$1,969"
13494,METRO46540M46540,"Utica-Rome, NY MSA","$1,040",$936,"$1,144","$1,040",$936,"$1,144","$1,310","$1,179","$1,441","$1,580","$1,422","$1,738","$1,880","$1,692","$2,068"
13495,METRO46540M46540,"Utica-Rome, NY MSA",$870,$783,$957,$870,$783,$957,"$1,090",$981,"$1,199","$1,310","$1,179","$1,441","$1,550","$1,395","$1,705"
13501,METRO46540M46540,"Utica-Rome, NY MSA",$800,$720,$880,$810,$729,$891,"$1,010",$909,"$1,111","$1,220","$1,098","$1,342","$1,440","$1,296","$1,584"
13502,METRO46540M46540,"Utica-Rome, NY MSA",$970,$873,"$1,067",$980,$882,"$1,078","$1,220","$1,098","$1,342","$1,470","$1,323","$1,617","$1,740","$1,566","$1,914"
13503,METRO46540M46540,"Utica-Rome, NY MSA",$940,$846,"$1,034",$940,$846,"$1,034","$1,180","$1,062","$1,298","$1,420","$1,278","$1,562","$1,680","$1,512","$1,848"
13504,METRO46540M46540,"Utica-Rome, NY MSA",$940,$846,"$1,034",$940,$846,"$1,034","$1,180","$1,062","$1,298","$1,420","$1,278","$1,562","$1,680","$1,512","$1,848"
13505,METRO46540M46540,"Utica-Rome, NY MSA",$940,$846,"$1,034",$940,$846,"$1,034","$1,180","$1,062","$1,298","$1,420","$1,278","$1,562","$1,680","$1,512","$1,848"
13083,METRO48060M48060,"Watertown-Fort Drum, NY MSA",$830,$747,$913,$940,$846,"$1,034","$1,230","$1,107","$1,353","$1,660","$1,494","$1,826","$2,010","$1,809","$2,211"
13145,METRO48060M48060,"Watertown-Fort Drum, NY MSA",$830,$747,$913,$940,$846,"$1,034","$1,230","$1,107","$1,353","$1,660","$1,494","$1,826","$2,010","$1,809","$2,211"
13601,METRO48060M48060,"Watertown-Fort Drum, NY MSA",$830,$747,$913,$940,$846,"$1,034","$1,230","$1,107","$1,353","$1,660","$1,494","$1,826","$2,010","$1,809","$2,211"
13602,METRO48060M48060,"Watertown-Fort Drum, NY MSA","$1,250","$1,125","$1,375","$1,400","$1,260","$1,540","$1,840","$1,656","$2,024","$2,500","$2,250","$2,750","$3,020","$2,718","$3,322"
13603,METRO48060M48060,"Watertown-Fort Drum, NY MSA","$1,120","$1,008","$1,232","$1,230","$1,107","$1,353","$1,610","$1,449","$1,771","$2,190","$1,971","$2,409","$2,680","$2,412","$2,948"
13605,METRO48060M48060,"Watertown-Fort Drum, NY MSA",$830,$747,$913,$940,$846,"$1,034","$1,230","$1,107","$1,353","$1,660","$1,494","$1,826","$2,010","$1,809","$2,211"
13606,METRO48060M48060,"Watertown-Fort Drum, NY MSA",$890,$801,$979,$980,$882,"$1,078","$1,290","$1,161","$1,419","$1,750","$1,575","$1,925","$2,150","$1,935","$2,365"
13607,METRO48060M48060,"Watertown-Fort Drum, NY MSA",$830,$747,$913,$940,$846,"$1,034","$1,230","$1,107","$1,353","$1,660","$1,494","$1,826","$2,010","$1,809","$2,211"
13608,METRO48060M48060,"Watertown-Fort Drum, NY MSA",$830,$747,$913,$940,$846,"$1,034","$1,230","$1,107","$1,353","$1,660","$1,494","$1,826","$2,010","$1,809","$2,211"
13611,METRO48060M48060,"Watertown-Fort Drum, NY MSA",$830,$747,$913,$940,$846,"$1,034","$1,230","$1,107","$1,353","$1,660","$1,494","$1,826","$2,010","$1,809","$2,211"
13612,METRO48060M48060,"Watertown-Fort Drum, NY MSA",$830,$747,$913,$940,$846,"$1,034","$1,230","$1,107","$1,353","$1,660","$1,494","$1,826","$2,010","$1,809","$2,211"
13615,METRO48060M48060,"Watertown-Fort Drum, NY MSA",$830,$747,$913,$940,$846,"$1,034","$1,230","$1,107","$1,353","$1,660","$1,494","$1,826","$2,010","$1,809","$2,211"
13616,METRO48060M48060,"Watertown-Fort Drum, NY MSA",$870,$783,$957,$960,$864,"$1,056","$1,260","$1,134","$1,386","$1,710","$1,539","$1,881","$2,100","$1,890","$2,310"
13618,METRO48060M48060,"Watertown-Fort Drum, NY MSA",$830,$747,$913,$940,$846,"$1,034","$1,230","$1,107","$1,353","$1,660","$1,494","$1,826","$2,010","$1,809","$2,211"
13619,METRO48060M48060,"Watertown-Fort Drum, NY MSA",$830,$747,$913,$940,$846,"$1,034","$1,230","$1,107","$1,353","$1,660","$1,494","$1,826","$2,010","$1,809","$2,211"
13622,METRO48060M48060,"Watertown-Fort Drum, NY MSA",$830,$747,$913,$940,$846,"$1,034","$1,230","$1,107","$1,353","$1,660","$1,494","$1,826","$2,010","$1,809","$2,211"
13624,METRO48060M48060,"Watertown-Fort Drum, NY MSA",$830,$747,$913,$940,$846,"$1,034","$1,230","$1,107","$1,353","$1,660","$1,494","$1,826","$2,010","$1,809","$2,211"
13626,METRO48060M48060,"Watertown-Fort Drum, NY MSA",$830,$747,$913,$940,$846,"$1,034","$1,230","$1,107","$1,353","$1,660","$1,494","$1,826","$2,010","$1,809","$2,211"
13628,METRO48060M48060,"Watertown-Fort Drum, NY MSA",$830,$747,$913,$940,$846,"$1,034","$1,230","$1,107","$1,353","$1,660","$1,494","$1,826","$2,010","$1,809","$2,211"
13631,METRO48060M48060,"Watertown-Fort Drum, NY MSA",$890,$801,$979,$980,$882,"$1,078","$1,280","$1,152","$1,408","$1,740","$1,566","$1,914","$2,130","$1,917","$2,343"
13632,METRO48060M48060,"Watertown-Fort Drum, NY MSA",$830,$747,$913,$940,$846,"$1,034","$1,230","$1,107","$1,353","$1,660","$1,494","$1,826","$2,010","$1,809","$2,211"
13634,METRO48060M48060,"Watertown-Fort Drum, NY MSA",$830,$747,$913,$940,$846,"$1,034","$1,230","$1,107","$1,353","$1,660","$1,494","$1,826","$2,010","$1,809","$2,211"
13636,METRO48060M48060,"Watertown-Fort Drum, NY MSA",$830,$747,$913,$940,$846,"$1,034","$1,230","$1,107","$1,353","$1,660","$1,494","$1,826","$2,010","$1,809","$2,211"
13637,METRO48060M48060,"Watertown-Fort Drum, NY MSA",$970,$873,"$1,067","$1,070",$963,"$1,177","$1,400","$1,260","$1,540","$1,900","$1,710","$2,090","$2,330","$2,097","$2,563"
13638,METRO48060M48060,"Watertown-Fort Drum, NY MSA",$830,$747,$913,$940,$846,"$1,034","$1,230","$1,107","$1,353","$1,660","$1,494","$1,826","$2,010","$1,809","$2,211"
13640,METRO48060M48060,"Watertown-Fort Drum, NY MSA",$830,$747,$913,$940,$846,"$1,034","$1,230","$1,107","$1,353","$1,660","$1,494","$1,826","$2,010","$1,809","$2,211"
13641,METRO48060M48060,"Watertown-Fort Drum, NY MSA",$830,$747,$913,$940,$846,"$1,034","$1,230","$1,107","$1,353","$1,660","$1,494","$1,826","$2,010","$1,809","$2,211"
13642,METRO48060M48060,"Watertown-Fort Drum, NY MSA",$830,$747,$913,$940,$846,"$1,034","$1,230","$1,107","$1,353","$1,660","$1,494","$1,826","$2,010","$1,809","$2,211"
13643,METRO48060M48060,"Watertown-Fort Drum, NY MSA",$830,$747,$913,$940,$846,"$1,034","$1,230","$1,107","$1,353","$1,660","$1,494","$1,826","$2,010","$1,809","$2,211"
13646,METRO48060M48060,"Watertown-Fort Drum, NY MSA",$830,$747,$913,$940,$846,"$1,034","$1,230","$1,107","$1,353","$1,660","$1,494","$1,826","$2,010","$1,809","$2,211"
13650,METRO48060M48060,"Watertown-Fort Drum, NY MSA",$830,$747,$913,$940,$846,"$1,034","$1,230","$1,107","$1,353","$1,660","$1,494","$1,826","$2,010","$1,809","$2,211"
13651,METRO48060M48060,"Watertown-Fort Drum, NY MSA",$830,$747,$913,$940,$846,"$1,034","$1,230","$1,107","$1,353","$1,660","$1,494","$1,826","$2,010","$1,809","$2,211"
13656,METRO48060M48060,"Watertown-Fort Drum, NY MSA",$830,$747,$913,$940,$846,"$1,034","$1,230","$1,107","$1,353","$1,660","$1,494","$1,826","$2,010","$1,809","$2,211"
13659,METRO48060M48060,"Watertown-Fort Drum, NY MSA",$830,$747,$913,$940,$846,"$1,034","$1,230","$1,107","$1,353","$1,660","$1,494","$1,826","$2,010","$1,809","$2,211"
13661,METRO48060M48060,"Watertown-Fort Drum, NY MSA",$830,$747,$913,$940,$846,"$1,034","$1,230","$1,107","$1,353","$1,660","$1,494","$1,826","$2,010","$1,809","$2,211"
13665,METRO48060M48060,"Watertown-Fort Drum, NY MSA",$830,$747,$913,$940,$846,"$1,034","$1,230","$1,107","$1,353","$1,660","$1,494","$1,826","$2,010","$1,809","$2,211"
13671,METRO48060M48060,"Watertown-Fort Drum, NY MSA",$890,$801,$979,$980,$882,"$1,078","$1,280","$1,152","$1,408","$1,740","$1,566","$1,914","$2,130","$1,917","$2,343"
13673,METRO48060M48060,"Watertown-Fort Drum, NY MSA",$830,$747,$913,$940,$846,"$1,034","$1,230","$1,107","$1,353","$1,660","$1,494","$1,826","$2,010","$1,809","$2,211"
13674,METRO48060M48060,"Watertown-Fort Drum, NY MSA",$830,$747,$913,$940,$846,"$1,034","$1,230","$1,107","$1,353","$1,660","$1,494","$1,826","$2,010","$1,809","$2,211"
13675,METRO48060M48060,"Watertown-Fort Drum, NY MSA",$830,$747,$913,$940,$846,"$1,034","$1,230","$1,107","$1,353","$1,660","$1,494","$1,826","$2,010","$1,809","$2,211"
13679,METRO48060M48060,"Watertown-Fort Drum, NY MSA",$830,$747,$913,$940,$846,"$1,034","$1,230","$1,107","$1,353","$1,660","$1,494","$1,826","$2,010","$1,809","$2,211"
13682,METRO48060M48060,"Watertown-Fort Drum, NY MSA",$880,$792,$968,$990,$891,"$1,089","$1,300","$1,170","$1,430","$1,740","$1,566","$1,914","$2,050","$1,845","$2,255"
13685,METRO48060M48060,"Watertown-Fort Drum, NY MSA","$1,020",$918,"$1,122","$1,120","$1,008","$1,232","$1,470","$1,323","$1,617","$2,000","$1,800","$2,200","$2,450","$2,205","$2,695"
13691,METRO48060M48060,"Watertown-Fort Drum, NY MSA",$830,$747,$913,$940,$846,"$1,034","$1,230","$1,107","$1,353","$1,660","$1,494","$1,826","$2,010","$1,809","$2,211"
13692,METRO48060M48060,"Watertown-Fort Drum, NY MSA",$890,$801,$979,$980,$882,"$1,078","$1,280","$1,152","$1,408","$1,740","$1,566","$1,914","$2,130","$1,917","$2,343"
13693,METRO48060M48060,"Watertown-Fort Drum, NY MSA",$830,$747,$913,$940,$846,"$1,034","$1,230","$1,107","$1,353","$1,660","$1,494","$1,826","$2,010","$1,809","$2,211"
