ZIP Code,HUD Area Code,HUD Fair Market Rent Area Name,SAFMR 0BR,SAFMR 0BR - 90% Payment Standard,SAFMR 0BR - 110% Payment Standard,SAFMR 1BR,SAFMR 1BR - 90% Payment Standard,SAFMR 1BR - 110% Payment Standard,SAFMR 2BR,SAFMR 2BR - 90% Payment Standard,SAFMR 2BR - 110% Payment Standard,SAFMR 3BR,SAFMR 3BR - 90% Payment Standard,SAFMR 3BR - 110% Payment Standard,SAFMR 4BR,SAFMR 4BR - 90% Payment Standard,SAFMR 4BR - 110% Payment Standard
12007,METRO10580M10580,"Albany-Schenectady-Troy, NY MSA",$820,$738,$902,$920,$828,"$1,012","$1,130","$1,017","$1,243","$1,410","$1,269","$1,551","$1,530","$1,377","$1,683"
12008,METRO10580M10580,"Albany-Schenectady-Troy, NY MSA",$850,$765,$935,$960,$864,"$1,056","$1,180","$1,062","$1,298","$1,470","$1,323","$1,617","$1,600","$1,440","$1,760"
12009,METRO10580M10580,"Albany-Schenectady-Troy, NY MSA",$850,$765,$935,$960,$864,"$1,056","$1,180","$1,062","$1,298","$1,470","$1,323","$1,617","$1,600","$1,440","$1,760"
12010,METRO10580M10580,"Albany-Schenectady-Troy, NY MSA",$680,$612,$748,$770,$693,$847,$950,$855,"$1,045","$1,190","$1,071","$1,309","$1,290","$1,161","$1,419"
12018,METRO10580M10580,"Albany-Schenectady-Troy, NY MSA",$910,$819,"$1,001","$1,030",$927,"$1,133","$1,260","$1,134","$1,386","$1,570","$1,413","$1,727","$1,710","$1,539","$1,881"
12019,METRO10580M10580,"Albany-Schenectady-Troy, NY MSA",$840,$756,$924,$950,$855,"$1,045","$1,160","$1,044","$1,276","$1,440","$1,296","$1,584","$1,570","$1,413","$1,727"
12020,METRO10580M10580,"Albany-Schenectady-Troy, NY MSA",$920,$828,"$1,012","$1,040",$936,"$1,144","$1,270","$1,143","$1,397","$1,580","$1,422","$1,738","$1,720","$1,548","$1,892"
12022,METRO10580M10580,"Albany-Schenectady-Troy, NY MSA",$780,$702,$858,$880,$792,$968,"$1,080",$972,"$1,188","$1,340","$1,206","$1,474","$1,460","$1,314","$1,606"
12023,METRO10580M10580,"Albany-Schenectady-Troy, NY MSA",$710,$639,$781,$800,$720,$880,$990,$891,"$1,089","$1,230","$1,107","$1,353","$1,340","$1,206","$1,474"
12024,METRO10580M10580,"Albany-Schenectady-Troy, NY MSA",$780,$702,$858,$870,$783,$957,"$1,070",$963,"$1,177","$1,330","$1,197","$1,463","$1,450","$1,305","$1,595"
12025,METRO10580M10580,"Albany-Schenectady-Troy, NY MSA",$680,$612,$748,$770,$693,$847,$950,$855,"$1,045","$1,190","$1,071","$1,309","$1,290","$1,161","$1,419"
12027,METRO10580M10580,"Albany-Schenectady-Troy, NY MSA",$940,$846,"$1,034","$1,060",$954,"$1,166","$1,300","$1,170","$1,430","$1,620","$1,458","$1,782","$1,760","$1,584","$1,936"
12028,METRO10580M10580,"Albany-Schenectady-Troy, NY MSA",$680,$612,$748,$770,$693,$847,$970,$873,"$1,067","$1,240","$1,116","$1,364","$1,330","$1,197","$1,463"
12031,METRO10580M10580,"Albany-Schenectady-Troy, NY MSA",$690,$621,$759,$770,$693,$847,$950,$855,"$1,045","$1,190","$1,071","$1,309","$1,290","$1,161","$1,419"
12033,METRO10580M10580,"Albany-Schenectady-Troy, NY MSA",$830,$747,$913,$940,$846,"$1,034","$1,150","$1,035","$1,265","$1,430","$1,287","$1,573","$1,560","$1,404","$1,716"
12035,METRO10580M10580,"Albany-Schenectady-Troy, NY MSA",$700,$630,$770,$790,$711,$869,$970,$873,"$1,067","$1,210","$1,089","$1,331","$1,320","$1,188","$1,452"
12036,METRO10580M10580,"Albany-Schenectady-Troy, NY MSA",$680,$612,$748,$770,$693,$847,$950,$855,"$1,045","$1,190","$1,071","$1,309","$1,290","$1,161","$1,419"
12040,METRO10580M10580,"Albany-Schenectady-Troy, NY MSA",$770,$693,$847,$870,$783,$957,"$1,060",$954,"$1,166","$1,320","$1,188","$1,452","$1,440","$1,296","$1,584"
12041,METRO10580M10580,"Albany-Schenectady-Troy, NY MSA",$810,$729,$891,$910,$819,"$1,001","$1,120","$1,008","$1,232","$1,390","$1,251","$1,529","$1,510","$1,359","$1,661"
12043,METRO10580M10580,"Albany-Schenectady-Troy, NY MSA",$680,$612,$748,$770,$693,$847,$950,$855,"$1,045","$1,190","$1,071","$1,309","$1,290","$1,161","$1,419"
12045,METRO10580M10580,"Albany-Schenectady-Troy, NY MSA",$680,$612,$748,$770,$693,$847,$950,$855,"$1,045","$1,190","$1,071","$1,309","$1,290","$1,161","$1,419"
12046,METRO10580M10580,"Albany-Schenectady-Troy, NY MSA",$790,$711,$869,$890,$801,$979,"$1,090",$981,"$1,199","$1,360","$1,224","$1,496","$1,490","$1,341","$1,639"
12047,METRO10580M10580,"Albany-Schenectady-Troy, NY MSA",$740,$666,$814,$830,$747,$913,"$1,020",$918,"$1,122","$1,270","$1,143","$1,397","$1,380","$1,242","$1,518"
12052,METRO10580M10580,"Albany-Schenectady-Troy, NY MSA",$710,$639,$781,$800,$720,$880,$980,$882,"$1,078","$1,220","$1,098","$1,342","$1,330","$1,197","$1,463"
12053,METRO10580M10580,"Albany-Schenectady-Troy, NY MSA",$990,$891,"$1,089","$1,120","$1,008","$1,232","$1,370","$1,233","$1,507","$1,700","$1,530","$1,870","$1,860","$1,674","$2,046"
12054,METRO10580M10580,"Albany-Schenectady-Troy, NY MSA",$970,$873,"$1,067","$1,090",$981,"$1,199","$1,340","$1,206","$1,474","$1,670","$1,503","$1,837","$1,820","$1,638","$2,002"
12055,METRO10580M10580,"Albany-Schenectady-Troy, NY MSA",$820,$738,$902,$920,$828,"$1,012","$1,130","$1,017","$1,243","$1,410","$1,269","$1,551","$1,530","$1,377","$1,683"
12056,METRO10580M10580,"Albany-Schenectady-Troy, NY MSA",$780,$702,$858,$870,$783,$957,"$1,070",$963,"$1,177","$1,330","$1,197","$1,463","$1,450","$1,305","$1,595"
12057,METRO10580M10580,"Albany-Schenectady-Troy, NY MSA",$680,$612,$748,$780,$702,$858,$970,$873,"$1,067","$1,240","$1,116","$1,364","$1,330","$1,197","$1,463"
12059,METRO10580M10580,"Albany-Schenectady-Troy, NY MSA",$680,$612,$748,$770,$693,$847,$950,$855,"$1,045","$1,190","$1,071","$1,309","$1,290","$1,161","$1,419"
12061,METRO10580M10580,"Albany-Schenectady-Troy, NY MSA",$990,$891,"$1,089","$1,120","$1,008","$1,232","$1,370","$1,233","$1,507","$1,700","$1,530","$1,870","$1,860","$1,674","$2,046"
12062,METRO10580M10580,"Albany-Schenectady-Troy, NY MSA",$730,$657,$803,$830,$747,$913,"$1,010",$909,"$1,111","$1,260","$1,134","$1,386","$1,370","$1,233","$1,507"
12063,METRO10580M10580,"Albany-Schenectady-Troy, NY MSA",$860,$774,$946,$980,$882,"$1,078","$1,200","$1,080","$1,320","$1,480","$1,332","$1,628","$1,620","$1,458","$1,782"
12064,METRO10580M10580,"Albany-Schenectady-Troy, NY MSA",$680,$612,$748,$770,$693,$847,$950,$855,"$1,045","$1,190","$1,071","$1,309","$1,290","$1,161","$1,419"
12065,METRO10580M10580,"Albany-Schenectady-Troy, NY MSA",$950,$855,"$1,045","$1,070",$963,"$1,177","$1,310","$1,179","$1,441","$1,630","$1,467","$1,793","$1,780","$1,602","$1,958"
12066,METRO10580M10580,"Albany-Schenectady-Troy, NY MSA",$690,$621,$759,$780,$702,$858,$950,$855,"$1,045","$1,190","$1,071","$1,309","$1,290","$1,161","$1,419"
12067,METRO10580M10580,"Albany-Schenectady-Troy, NY MSA",$750,$675,$825,$840,$756,$924,"$1,030",$927,"$1,133","$1,280","$1,152","$1,408","$1,400","$1,260","$1,540"
12071,METRO10580M10580,"Albany-Schenectady-Troy, NY MSA",$680,$612,$748,$770,$693,$847,$950,$855,"$1,045","$1,190","$1,071","$1,309","$1,290","$1,161","$1,419"
12073,METRO10580M10580,"Albany-Schenectady-Troy, NY MSA",$680,$612,$748,$770,$693,$847,$950,$855,"$1,045","$1,190","$1,071","$1,309","$1,290","$1,161","$1,419"
12074,METRO10580M10580,"Albany-Schenectady-Troy, NY MSA",$800,$720,$880,$900,$810,$990,"$1,100",$990,"$1,210","$1,370","$1,233","$1,507","$1,490","$1,341","$1,639"
12076,METRO10580M10580,"Albany-Schenectady-Troy, NY MSA",$740,$666,$814,$830,$747,$913,"$1,020",$918,"$1,122","$1,270","$1,143","$1,397","$1,380","$1,242","$1,518"
12077,METRO10580M10580,"Albany-Schenectady-Troy, NY MSA",$910,$819,"$1,001","$1,030",$927,"$1,133","$1,260","$1,134","$1,386","$1,570","$1,413","$1,727","$1,710","$1,539","$1,881"
12082,METRO10580M10580,"Albany-Schenectady-Troy, NY MSA",$780,$702,$858,$870,$783,$957,"$1,070",$963,"$1,177","$1,330","$1,197","$1,463","$1,450","$1,305","$1,595"
12083,METRO10580M10580,"Albany-Schenectady-Troy, NY MSA",$760,$684,$836,$860,$774,$946,"$1,050",$945,"$1,155","$1,310","$1,179","$1,441","$1,420","$1,278","$1,562"
12084,METRO10580M10580,"Albany-Schenectady-Troy, NY MSA",$980,$882,"$1,078","$1,100",$990,"$1,210","$1,350","$1,215","$1,485","$1,680","$1,512","$1,848","$1,830","$1,647","$2,013"
12085,METRO10580M10580,"Albany-Schenectady-Troy, NY MSA",$860,$774,$946,$970,$873,"$1,067","$1,190","$1,071","$1,309","$1,480","$1,332","$1,628","$1,610","$1,449","$1,771"
12086,METRO10580M10580,"Albany-Schenectady-Troy, NY MSA",$680,$612,$748,$770,$693,$847,$950,$855,"$1,045","$1,190","$1,071","$1,309","$1,290","$1,161","$1,419"
12087,METRO10580M10580,"Albany-Schenectady-Troy, NY MSA",$820,$738,$902,$920,$828,"$1,012","$1,130","$1,017","$1,243","$1,410","$1,269","$1,551","$1,530","$1,377","$1,683"
12089,METRO10580M10580,"Albany-Schenectady-Troy, NY MSA",$750,$675,$825,$840,$756,$924,"$1,030",$927,"$1,133","$1,280","$1,152","$1,408","$1,400","$1,260","$1,540"
12090,METRO10580M10580,"Albany-Schenectady-Troy, NY MSA",$750,$675,$825,$840,$756,$924,"$1,030",$927,"$1,133","$1,280","$1,152","$1,408","$1,400","$1,260","$1,540"
12092,METRO10580M10580,"Albany-Schenectady-Troy, NY MSA",$680,$612,$748,$770,$693,$847,$950,$855,"$1,045","$1,190","$1,071","$1,309","$1,290","$1,161","$1,419"
12093,METRO10580M10580,"Albany-Schenectady-Troy, NY MSA",$680,$612,$748,$770,$693,$847,$950,$855,"$1,045","$1,190","$1,071","$1,309","$1,290","$1,161","$1,419"
12094,METRO10580M10580,"Albany-Schenectady-Troy, NY MSA",$740,$666,$814,$830,$747,$913,"$1,030",$927,"$1,133","$1,290","$1,161","$1,419","$1,400","$1,260","$1,540"
12107,METRO10580M10580,"Albany-Schenectady-Troy, NY MSA",$820,$738,$902,$920,$828,"$1,012","$1,130","$1,017","$1,243","$1,410","$1,269","$1,551","$1,530","$1,377","$1,683"
12110,METRO10580M10580,"Albany-Schenectady-Troy, NY MSA",$970,$873,"$1,067","$1,090",$981,"$1,199","$1,340","$1,206","$1,474","$1,670","$1,503","$1,837","$1,820","$1,638","$2,002"
12118,METRO10580M10580,"Albany-Schenectady-Troy, NY MSA",$750,$675,$825,$840,$756,$924,"$1,030",$927,"$1,133","$1,280","$1,152","$1,408","$1,400","$1,260","$1,540"
12120,METRO10580M10580,"Albany-Schenectady-Troy, NY MSA",$880,$792,$968,"$1,030",$927,"$1,133","$1,260","$1,134","$1,386","$1,580","$1,422","$1,738","$1,710","$1,539","$1,881"
12121,METRO10580M10580,"Albany-Schenectady-Troy, NY MSA",$700,$630,$770,$800,$720,$880,$980,$882,"$1,078","$1,220","$1,098","$1,342","$1,330","$1,197","$1,463"
12122,METRO10580M10580,"Albany-Schenectady-Troy, NY MSA",$680,$612,$748,$770,$693,$847,$950,$855,"$1,045","$1,190","$1,071","$1,309","$1,290","$1,161","$1,419"
12123,METRO10580M10580,"Albany-Schenectady-Troy, NY MSA",$720,$648,$792,$820,$738,$902,"$1,000",$900,"$1,100","$1,240","$1,116","$1,364","$1,360","$1,224","$1,496"
12128,METRO10580M10580,"Albany-Schenectady-Troy, NY MSA",$820,$738,$902,$920,$828,"$1,012","$1,130","$1,017","$1,243","$1,410","$1,269","$1,551","$1,530","$1,377","$1,683"
12131,METRO10580M10580,"Albany-Schenectady-Troy, NY MSA",$680,$612,$748,$770,$693,$847,$950,$855,"$1,045","$1,190","$1,071","$1,309","$1,290","$1,161","$1,419"
12133,METRO10580M10580,"Albany-Schenectady-Troy, NY MSA",$780,$702,$858,$870,$783,$957,"$1,070",$963,"$1,177","$1,330","$1,197","$1,463","$1,450","$1,305","$1,595"
12134,METRO10580M10580,"Albany-Schenectady-Troy, NY MSA",$680,$612,$748,$770,$693,$847,$950,$855,"$1,045","$1,190","$1,071","$1,309","$1,290","$1,161","$1,419"
12137,METRO10580M10580,"Albany-Schenectady-Troy, NY MSA",$830,$747,$913,$940,$846,"$1,034","$1,150","$1,035","$1,265","$1,430","$1,287","$1,573","$1,560","$1,404","$1,716"
12138,METRO10580M10580,"Albany-Schenectady-Troy, NY MSA",$680,$612,$748,$770,$693,$847,$950,$855,"$1,045","$1,190","$1,071","$1,309","$1,290","$1,161","$1,419"
12140,METRO10580M10580,"Albany-Schenectady-Troy, NY MSA",$680,$612,$748,$770,$693,$847,$950,$855,"$1,045","$1,190","$1,071","$1,309","$1,290","$1,161","$1,419"
12141,METRO10580M10580,"Albany-Schenectady-Troy, NY MSA",$760,$684,$836,$860,$774,$946,"$1,050",$945,"$1,155","$1,310","$1,179","$1,441","$1,420","$1,278","$1,562"
12143,METRO10580M10580,"Albany-Schenectady-Troy, NY MSA",$730,$657,$803,$820,$738,$902,"$1,010",$909,"$1,111","$1,260","$1,134","$1,386","$1,370","$1,233","$1,507"
12144,METRO10580M10580,"Albany-Schenectady-Troy, NY MSA",$830,$747,$913,$940,$846,"$1,034","$1,150","$1,035","$1,265","$1,430","$1,287","$1,573","$1,560","$1,404","$1,716"
12147,METRO10580M10580,"Albany-Schenectady-Troy, NY MSA",$700,$630,$770,$790,$711,$869,$970,$873,"$1,067","$1,210","$1,089","$1,331","$1,310","$1,179","$1,441"
12148,METRO10580M10580,"Albany-Schenectady-Troy, NY MSA",$920,$828,"$1,012","$1,030",$927,"$1,133","$1,260","$1,134","$1,386","$1,570","$1,413","$1,727","$1,710","$1,539","$1,881"
12149,METRO10580M10580,"Albany-Schenectady-Troy, NY MSA",$680,$612,$748,$770,$693,$847,$950,$855,"$1,045","$1,190","$1,071","$1,309","$1,290","$1,161","$1,419"
12150,METRO10580M10580,"Albany-Schenectady-Troy, NY MSA",$830,$747,$913,$940,$846,"$1,034","$1,150","$1,035","$1,265","$1,430","$1,287","$1,573","$1,560","$1,404","$1,716"
12151,METRO10580M10580,"Albany-Schenectady-Troy, NY MSA",$910,$819,"$1,001","$1,020",$918,"$1,122","$1,250","$1,125","$1,375","$1,550","$1,395","$1,705","$1,700","$1,530","$1,870"
12153,METRO10580M10580,"Albany-Schenectady-Troy, NY MSA",$770,$693,$847,$870,$783,$957,"$1,060",$954,"$1,166","$1,320","$1,188","$1,452","$1,440","$1,296","$1,584"
12154,METRO10580M10580,"Albany-Schenectady-Troy, NY MSA",$680,$612,$748,$770,$693,$847,$950,$855,"$1,045","$1,190","$1,071","$1,309","$1,290","$1,161","$1,419"
12156,METRO10580M10580,"Albany-Schenectady-Troy, NY MSA",$680,$612,$748,$770,$693,$847,$950,$855,"$1,045","$1,190","$1,071","$1,309","$1,290","$1,161","$1,419"
12157,METRO10580M10580,"Albany-Schenectady-Troy, NY MSA",$680,$612,$748,$770,$693,$847,$950,$855,"$1,045","$1,190","$1,071","$1,309","$1,290","$1,161","$1,419"
12158,METRO10580M10580,"Albany-Schenectady-Troy, NY MSA","$1,020",$918,"$1,122","$1,150","$1,035","$1,265","$1,410","$1,269","$1,551","$1,750","$1,575","$1,925","$1,910","$1,719","$2,101"
12159,METRO10580M10580,"Albany-Schenectady-Troy, NY MSA",$880,$792,$968,"$1,000",$900,"$1,100","$1,220","$1,098","$1,342","$1,520","$1,368","$1,672","$1,650","$1,485","$1,815"
12160,METRO10580M10580,"Albany-Schenectady-Troy, NY MSA",$690,$621,$759,$780,$702,$858,$950,$855,"$1,045","$1,190","$1,071","$1,309","$1,300","$1,170","$1,430"
12161,METRO10580M10580,"Albany-Schenectady-Troy, NY MSA","$1,020",$918,"$1,122","$1,150","$1,035","$1,265","$1,410","$1,269","$1,551","$1,750","$1,575","$1,925","$1,910","$1,719","$2,101"
12166,METRO10580M10580,"Albany-Schenectady-Troy, NY MSA",$680,$612,$748,$770,$693,$847,$950,$855,"$1,045","$1,190","$1,071","$1,309","$1,290","$1,161","$1,419"
12167,METRO10580M10580,"Albany-Schenectady-Troy, NY MSA",$680,$612,$748,$770,$693,$847,$950,$855,"$1,045","$1,190","$1,071","$1,309","$1,290","$1,161","$1,419"
12168,METRO10580M10580,"Albany-Schenectady-Troy, NY MSA",$680,$612,$748,$770,$693,$847,$950,$855,"$1,045","$1,190","$1,071","$1,309","$1,290","$1,161","$1,419"
12169,METRO10580M10580,"Albany-Schenectady-Troy, NY MSA",$720,$648,$792,$820,$738,$902,"$1,000",$900,"$1,100","$1,250","$1,125","$1,375","$1,360","$1,224","$1,496"
12170,METRO10580M10580,"Albany-Schenectady-Troy, NY MSA","$1,040",$936,"$1,144","$1,170","$1,053","$1,287","$1,430","$1,287","$1,573","$1,780","$1,602","$1,958","$1,940","$1,746","$2,134"
12175,METRO10580M10580,"Albany-Schenectady-Troy, NY MSA",$830,$747,$913,$940,$846,"$1,034","$1,150","$1,035","$1,265","$1,430","$1,287","$1,573","$1,560","$1,404","$1,716"
12180,METRO10580M10580,"Albany-Schenectady-Troy, NY MSA",$770,$693,$847,$870,$783,$957,"$1,060",$954,"$1,166","$1,320","$1,188","$1,452","$1,440","$1,296","$1,584"
12181,METRO10580M10580,"Albany-Schenectady-Troy, NY MSA",$780,$702,$858,$870,$783,$957,"$1,070",$963,"$1,177","$1,330","$1,197","$1,463","$1,450","$1,305","$1,595"
12182,METRO10580M10580,"Albany-Schenectady-Troy, NY MSA",$690,$621,$759,$780,$702,$858,$950,$855,"$1,045","$1,190","$1,071","$1,309","$1,290","$1,161","$1,419"
12183,METRO10580M10580,"Albany-Schenectady-Troy, NY MSA",$700,$630,$770,$790,$711,$869,$970,$873,"$1,067","$1,210","$1,089","$1,331","$1,320","$1,188","$1,452"
12184,METRO10580M10580,"Albany-Schenectady-Troy, NY MSA",$780,$702,$858,$870,$783,$957,"$1,070",$963,"$1,177","$1,330","$1,197","$1,463","$1,450","$1,305","$1,595"
12185,METRO10580M10580,"Albany-Schenectady-Troy, NY MSA",$760,$684,$836,$860,$774,$946,"$1,060",$954,"$1,166","$1,330","$1,197","$1,463","$1,440","$1,296","$1,584"
12186,METRO10580M10580,"Albany-Schenectady-Troy, NY MSA",$800,$720,$880,$900,$810,$990,"$1,100",$990,"$1,210","$1,370","$1,233","$1,507","$1,490","$1,341","$1,639"
12187,METRO10580M10580,"Albany-Schenectady-Troy, NY MSA",$680,$612,$748,$770,$693,$847,$950,$855,"$1,045","$1,190","$1,071","$1,309","$1,290","$1,161","$1,419"
12188,METRO10580M10580,"Albany-Schenectady-Troy, NY MSA",$760,$684,$836,$860,$774,$946,"$1,050",$945,"$1,155","$1,310","$1,179","$1,441","$1,420","$1,278","$1,562"
12189,METRO10580M10580,"Albany-Schenectady-Troy, NY MSA",$720,$648,$792,$820,$738,$902,"$1,000",$900,"$1,100","$1,240","$1,116","$1,364","$1,360","$1,224","$1,496"
12193,METRO10580M10580,"Albany-Schenectady-Troy, NY MSA",$920,$828,"$1,012","$1,040",$936,"$1,144","$1,270","$1,143","$1,397","$1,580","$1,422","$1,738","$1,720","$1,548","$1,892"
12194,METRO10580M10580,"Albany-Schenectady-Troy, NY MSA",$680,$612,$748,$770,$693,$847,$950,$855,"$1,045","$1,190","$1,071","$1,309","$1,290","$1,161","$1,419"
12196,METRO10580M10580,"Albany-Schenectady-Troy, NY MSA",$700,$630,$770,$790,$711,$869,$970,$873,"$1,067","$1,210","$1,089","$1,331","$1,320","$1,188","$1,452"
12198,METRO10580M10580,"Albany-Schenectady-Troy, NY MSA",$750,$675,$825,$850,$765,$935,"$1,040",$936,"$1,144","$1,290","$1,161","$1,419","$1,410","$1,269","$1,551"
12201,METRO10580M10580,"Albany-Schenectady-Troy, NY MSA",$820,$738,$902,$920,$828,"$1,012","$1,130","$1,017","$1,243","$1,410","$1,269","$1,551","$1,530","$1,377","$1,683"
12202,METRO10580M10580,"Albany-Schenectady-Troy, NY MSA",$700,$630,$770,$780,$702,$858,$960,$864,"$1,056","$1,190","$1,071","$1,309","$1,300","$1,170","$1,430"
12203,METRO10580M10580,"Albany-Schenectady-Troy, NY MSA",$890,$801,$979,"$1,000",$900,"$1,100","$1,230","$1,107","$1,353","$1,530","$1,377","$1,683","$1,670","$1,503","$1,837"
12204,METRO10580M10580,"Albany-Schenectady-Troy, NY MSA",$830,$747,$913,$940,$846,"$1,034","$1,150","$1,035","$1,265","$1,430","$1,287","$1,573","$1,560","$1,404","$1,716"
12205,METRO10580M10580,"Albany-Schenectady-Troy, NY MSA",$890,$801,$979,"$1,000",$900,"$1,100","$1,230","$1,107","$1,353","$1,530","$1,377","$1,683","$1,670","$1,503","$1,837"
12206,METRO10580M10580,"Albany-Schenectady-Troy, NY MSA",$780,$702,$858,$870,$783,$957,"$1,070",$963,"$1,177","$1,330","$1,197","$1,463","$1,450","$1,305","$1,595"
12207,METRO10580M10580,"Albany-Schenectady-Troy, NY MSA",$680,$612,$748,$770,$693,$847,$950,$855,"$1,045","$1,190","$1,071","$1,309","$1,290","$1,161","$1,419"
12208,METRO10580M10580,"Albany-Schenectady-Troy, NY MSA",$830,$747,$913,$940,$846,"$1,034","$1,150","$1,035","$1,265","$1,430","$1,287","$1,573","$1,560","$1,404","$1,716"
12209,METRO10580M10580,"Albany-Schenectady-Troy, NY MSA",$830,$747,$913,$930,$837,"$1,023","$1,140","$1,026","$1,254","$1,420","$1,278","$1,562","$1,550","$1,395","$1,705"
12210,METRO10580M10580,"Albany-Schenectady-Troy, NY MSA",$750,$675,$825,$840,$756,$924,"$1,030",$927,"$1,133","$1,280","$1,152","$1,408","$1,400","$1,260","$1,540"
12211,METRO10580M10580,"Albany-Schenectady-Troy, NY MSA","$1,220","$1,098","$1,342","$1,370","$1,233","$1,507","$1,680","$1,512","$1,848","$2,090","$1,881","$2,299","$2,280","$2,052","$2,508"
12212,METRO10580M10580,"Albany-Schenectady-Troy, NY MSA",$820,$738,$902,$920,$828,"$1,012","$1,130","$1,017","$1,243","$1,410","$1,269","$1,551","$1,530","$1,377","$1,683"
12220,METRO10580M10580,"Albany-Schenectady-Troy, NY MSA",$820,$738,$902,$920,$828,"$1,012","$1,130","$1,017","$1,243","$1,410","$1,269","$1,551","$1,530","$1,377","$1,683"
12222,METRO10580M10580,"Albany-Schenectady-Troy, NY MSA",$870,$783,$957,$980,$882,"$1,078","$1,200","$1,080","$1,320","$1,490","$1,341","$1,639","$1,630","$1,467","$1,793"
12223,METRO10580M10580,"Albany-Schenectady-Troy, NY MSA",$820,$738,$902,$920,$828,"$1,012","$1,130","$1,017","$1,243","$1,410","$1,269","$1,551","$1,530","$1,377","$1,683"
12226,METRO10580M10580,"Albany-Schenectady-Troy, NY MSA",$820,$738,$902,$920,$828,"$1,012","$1,130","$1,017","$1,243","$1,410","$1,269","$1,551","$1,530","$1,377","$1,683"
12227,METRO10580M10580,"Albany-Schenectady-Troy, NY MSA",$820,$738,$902,$920,$828,"$1,012","$1,130","$1,017","$1,243","$1,410","$1,269","$1,551","$1,530","$1,377","$1,683"
12236,METRO10580M10580,"Albany-Schenectady-Troy, NY MSA",$820,$738,$902,$920,$828,"$1,012","$1,130","$1,017","$1,243","$1,410","$1,269","$1,551","$1,530","$1,377","$1,683"
12237,METRO10580M10580,"Albany-Schenectady-Troy, NY MSA",$820,$738,$902,$920,$828,"$1,012","$1,130","$1,017","$1,243","$1,410","$1,269","$1,551","$1,530","$1,377","$1,683"
12247,METRO10580M10580,"Albany-Schenectady-Troy, NY MSA",$820,$738,$902,$920,$828,"$1,012","$1,130","$1,017","$1,243","$1,410","$1,269","$1,551","$1,530","$1,377","$1,683"
12260,METRO10580M10580,"Albany-Schenectady-Troy, NY MSA",$820,$738,$902,$920,$828,"$1,012","$1,130","$1,017","$1,243","$1,410","$1,269","$1,551","$1,530","$1,377","$1,683"
12288,METRO10580M10580,"Albany-Schenectady-Troy, NY MSA",$820,$738,$902,$920,$828,"$1,012","$1,130","$1,017","$1,243","$1,410","$1,269","$1,551","$1,530","$1,377","$1,683"
12301,METRO10580M10580,"Albany-Schenectady-Troy, NY MSA",$760,$684,$836,$860,$774,$946,"$1,050",$945,"$1,155","$1,310","$1,179","$1,441","$1,420","$1,278","$1,562"
12302,METRO10580M10580,"Albany-Schenectady-Troy, NY MSA",$850,$765,$935,$960,$864,"$1,056","$1,180","$1,062","$1,298","$1,470","$1,323","$1,617","$1,600","$1,440","$1,760"
12303,METRO10580M10580,"Albany-Schenectady-Troy, NY MSA",$750,$675,$825,$850,$765,$935,"$1,040",$936,"$1,144","$1,290","$1,161","$1,419","$1,410","$1,269","$1,551"
12304,METRO10580M10580,"Albany-Schenectady-Troy, NY MSA",$750,$675,$825,$850,$765,$935,"$1,040",$936,"$1,144","$1,290","$1,161","$1,419","$1,410","$1,269","$1,551"
12305,METRO10580M10580,"Albany-Schenectady-Troy, NY MSA",$680,$612,$748,$770,$693,$847,$950,$855,"$1,045","$1,190","$1,071","$1,309","$1,290","$1,161","$1,419"
12306,METRO10580M10580,"Albany-Schenectady-Troy, NY MSA",$780,$702,$858,$870,$783,$957,"$1,070",$963,"$1,177","$1,330","$1,197","$1,463","$1,450","$1,305","$1,595"
12307,METRO10580M10580,"Albany-Schenectady-Troy, NY MSA",$720,$648,$792,$810,$729,$891,$990,$891,"$1,089","$1,230","$1,107","$1,353","$1,340","$1,206","$1,474"
12308,METRO10580M10580,"Albany-Schenectady-Troy, NY MSA",$740,$666,$814,$830,$747,$913,"$1,020",$918,"$1,122","$1,270","$1,143","$1,397","$1,380","$1,242","$1,518"
12309,METRO10580M10580,"Albany-Schenectady-Troy, NY MSA",$880,$792,$968,$990,$891,"$1,089","$1,210","$1,089","$1,331","$1,510","$1,359","$1,661","$1,640","$1,476","$1,804"
12345,METRO10580M10580,"Albany-Schenectady-Troy, NY MSA",$760,$684,$836,$860,$774,$946,"$1,050",$945,"$1,155","$1,310","$1,179","$1,441","$1,420","$1,278","$1,562"
12460,METRO10580M10580,"Albany-Schenectady-Troy, NY MSA",$820,$738,$902,$920,$828,"$1,012","$1,130","$1,017","$1,243","$1,410","$1,269","$1,551","$1,530","$1,377","$1,683"
12469,METRO10580M10580,"Albany-Schenectady-Troy, NY MSA",$690,$621,$759,$770,$693,$847,$950,$855,"$1,045","$1,190","$1,071","$1,309","$1,290","$1,161","$1,419"
12803,METRO10580M10580,"Albany-Schenectady-Troy, NY MSA",$760,$684,$836,$860,$774,$946,"$1,050",$945,"$1,155","$1,310","$1,179","$1,441","$1,420","$1,278","$1,562"
12822,METRO10580M10580,"Albany-Schenectady-Troy, NY MSA",$730,$657,$803,$820,$738,$902,"$1,010",$909,"$1,111","$1,260","$1,134","$1,386","$1,370","$1,233","$1,507"
12828,METRO10580M10580,"Albany-Schenectady-Troy, NY MSA",$700,$630,$770,$800,$720,$880,"$1,010",$909,"$1,111","$1,290","$1,161","$1,419","$1,380","$1,242","$1,518"
12831,METRO10580M10580,"Albany-Schenectady-Troy, NY MSA",$880,$792,$968,"$1,000",$900,"$1,100","$1,220","$1,098","$1,342","$1,520","$1,368","$1,672","$1,650","$1,485","$1,815"
12833,METRO10580M10580,"Albany-Schenectady-Troy, NY MSA",$740,$666,$814,$830,$747,$913,"$1,020",$918,"$1,122","$1,270","$1,143","$1,397","$1,380","$1,242","$1,518"
12835,METRO10580M10580,"Albany-Schenectady-Troy, NY MSA",$700,$630,$770,$780,$702,$858,$960,$864,"$1,056","$1,190","$1,071","$1,309","$1,300","$1,170","$1,430"
12850,METRO10580M10580,"Albany-Schenectady-Troy, NY MSA","$1,010",$909,"$1,111","$1,130","$1,017","$1,243","$1,390","$1,251","$1,529","$1,730","$1,557","$1,903","$1,880","$1,692","$2,068"
12859,METRO10580M10580,"Albany-Schenectady-Troy, NY MSA","$1,060",$954,"$1,166","$1,190","$1,071","$1,309","$1,460","$1,314","$1,606","$1,820","$1,638","$2,002","$1,980","$1,782","$2,178"
12863,METRO10580M10580,"Albany-Schenectady-Troy, NY MSA",$750,$675,$825,$850,$765,$935,"$1,040",$936,"$1,144","$1,290","$1,161","$1,419","$1,410","$1,269","$1,551"
12866,METRO10580M10580,"Albany-Schenectady-Troy, NY MSA","$1,010",$909,"$1,111","$1,130","$1,017","$1,243","$1,390","$1,251","$1,529","$1,730","$1,557","$1,903","$1,880","$1,692","$2,068"
12871,METRO10580M10580,"Albany-Schenectady-Troy, NY MSA",$750,$675,$825,$840,$756,$924,"$1,030",$927,"$1,133","$1,280","$1,152","$1,408","$1,400","$1,260","$1,540"
12884,METRO10580M10580,"Albany-Schenectady-Troy, NY MSA",$850,$765,$935,$960,$864,"$1,056","$1,170","$1,053","$1,287","$1,460","$1,314","$1,606","$1,590","$1,431","$1,749"
13320,METRO10580M10580,"Albany-Schenectady-Troy, NY MSA",$680,$612,$748,$770,$693,$847,$950,$855,"$1,045","$1,190","$1,071","$1,309","$1,290","$1,161","$1,419"
13459,METRO10580M10580,"Albany-Schenectady-Troy, NY MSA",$710,$639,$781,$800,$720,$880,$980,$882,"$1,078","$1,220","$1,098","$1,342","$1,330","$1,197","$1,463"
13730,METRO13780M13780,"Binghamton, NY MSA",$550,$495,$605,$580,$522,$638,$740,$666,$814,$980,$882,"$1,078","$1,120","$1,008","$1,232"
13732,METRO13780M13780,"Binghamton, NY MSA",$550,$495,$605,$580,$522,$638,$740,$666,$814,$980,$882,"$1,078","$1,120","$1,008","$1,232"
13734,METRO13780M13780,"Binghamton, NY MSA",$550,$495,$605,$580,$522,$638,$740,$666,$814,$980,$882,"$1,078","$1,120","$1,008","$1,232"
13736,METRO13780M13780,"Binghamton, NY MSA",$830,$747,$913,$880,$792,$968,"$1,060",$954,"$1,166","$1,350","$1,215","$1,485","$1,580","$1,422","$1,738"
13737,METRO13780M13780,"Binghamton, NY MSA",$630,$567,$693,$660,$594,$726,$850,$765,$935,"$1,120","$1,008","$1,232","$1,290","$1,161","$1,419"
13743,METRO13780M13780,"Binghamton, NY MSA",$550,$495,$605,$580,$522,$638,$740,$666,$814,$980,$882,"$1,078","$1,120","$1,008","$1,232"
13744,METRO13780M13780,"Binghamton, NY MSA",$630,$567,$693,$650,$585,$715,$840,$756,$924,"$1,110",$999,"$1,221","$1,280","$1,152","$1,408"
13745,METRO13780M13780,"Binghamton, NY MSA",$630,$567,$693,$660,$594,$726,$850,$765,$935,"$1,120","$1,008","$1,232","$1,290","$1,161","$1,419"
13746,METRO13780M13780,"Binghamton, NY MSA",$660,$594,$726,$690,$621,$759,$890,$801,$979,"$1,180","$1,062","$1,298","$1,350","$1,215","$1,485"
13748,METRO13780M13780,"Binghamton, NY MSA",$680,$612,$748,$700,$630,$770,$910,$819,"$1,001","$1,200","$1,080","$1,320","$1,380","$1,242","$1,518"
13749,METRO13780M13780,"Binghamton, NY MSA",$630,$567,$693,$660,$594,$726,$850,$765,$935,"$1,120","$1,008","$1,232","$1,290","$1,161","$1,419"
13754,METRO13780M13780,"Binghamton, NY MSA",$620,$558,$682,$640,$576,$704,$830,$747,$913,"$1,100",$990,"$1,210","$1,260","$1,134","$1,386"
13760,METRO13780M13780,"Binghamton, NY MSA",$610,$549,$671,$630,$567,$693,$820,$738,$902,"$1,080",$972,"$1,188","$1,240","$1,116","$1,364"
13761,METRO13780M13780,"Binghamton, NY MSA",$630,$567,$693,$660,$594,$726,$850,$765,$935,"$1,120","$1,008","$1,232","$1,290","$1,161","$1,419"
13762,METRO13780M13780,"Binghamton, NY MSA",$630,$567,$693,$660,$594,$726,$850,$765,$935,"$1,120","$1,008","$1,232","$1,290","$1,161","$1,419"
13777,METRO13780M13780,"Binghamton, NY MSA",$640,$576,$704,$660,$594,$726,$850,$765,$935,"$1,130","$1,017","$1,243","$1,300","$1,170","$1,430"
13778,METRO13780M13780,"Binghamton, NY MSA",$590,$531,$649,$610,$549,$671,$790,$711,$869,"$1,040",$936,"$1,144","$1,200","$1,080","$1,320"
13783,METRO13780M13780,"Binghamton, NY MSA",$630,$567,$693,$660,$594,$726,$850,$765,$935,"$1,120","$1,008","$1,232","$1,290","$1,161","$1,419"
13787,METRO13780M13780,"Binghamton, NY MSA",$580,$522,$638,$600,$540,$660,$770,$693,$847,"$1,020",$918,"$1,122","$1,170","$1,053","$1,287"
13790,METRO13780M13780,"Binghamton, NY MSA",$650,$585,$715,$670,$603,$737,$870,$783,$957,"$1,150","$1,035","$1,265","$1,320","$1,188","$1,452"
13794,METRO13780M13780,"Binghamton, NY MSA",$690,$621,$759,$710,$639,$781,$920,$828,"$1,012","$1,210","$1,089","$1,331","$1,390","$1,251","$1,529"
13795,METRO13780M13780,"Binghamton, NY MSA",$690,$621,$759,$710,$639,$781,$920,$828,"$1,012","$1,220","$1,098","$1,342","$1,400","$1,260","$1,540"
13797,METRO13780M13780,"Binghamton, NY MSA",$720,$648,$792,$750,$675,$825,$970,$873,"$1,067","$1,280","$1,152","$1,408","$1,470","$1,323","$1,617"
13802,METRO13780M13780,"Binghamton, NY MSA",$660,$594,$726,$680,$612,$748,$880,$792,$968,"$1,160","$1,044","$1,276","$1,340","$1,206","$1,474"
13803,METRO13780M13780,"Binghamton, NY MSA",$680,$612,$748,$700,$630,$770,$910,$819,"$1,001","$1,200","$1,080","$1,320","$1,380","$1,242","$1,518"
13811,METRO13780M13780,"Binghamton, NY MSA",$550,$495,$605,$580,$522,$638,$740,$666,$814,$980,$882,"$1,078","$1,120","$1,008","$1,232"
13812,METRO13780M13780,"Binghamton, NY MSA",$690,$621,$759,$720,$648,$792,$930,$837,"$1,023","$1,230","$1,107","$1,353","$1,410","$1,269","$1,551"
13813,METRO13780M13780,"Binghamton, NY MSA",$570,$513,$627,$590,$531,$649,$760,$684,$836,"$1,010",$909,"$1,111","$1,160","$1,044","$1,276"
13826,METRO13780M13780,"Binghamton, NY MSA",$550,$495,$605,$580,$522,$638,$740,$666,$814,$980,$882,"$1,078","$1,120","$1,008","$1,232"
13827,METRO13780M13780,"Binghamton, NY MSA",$610,$549,$671,$630,$567,$693,$820,$738,$902,"$1,080",$972,"$1,188","$1,240","$1,116","$1,364"
13833,METRO13780M13780,"Binghamton, NY MSA",$680,$612,$748,$700,$630,$770,$910,$819,"$1,001","$1,200","$1,080","$1,320","$1,380","$1,242","$1,518"
13835,METRO13780M13780,"Binghamton, NY MSA",$600,$540,$660,$620,$558,$682,$800,$720,$880,"$1,060",$954,"$1,166","$1,210","$1,089","$1,331"
13840,METRO13780M13780,"Binghamton, NY MSA",$610,$549,$671,$630,$567,$693,$810,$729,$891,"$1,070",$963,"$1,177","$1,230","$1,107","$1,353"
13845,METRO13780M13780,"Binghamton, NY MSA",$550,$495,$605,$580,$522,$638,$740,$666,$814,$980,$882,"$1,078","$1,120","$1,008","$1,232"
13848,METRO13780M13780,"Binghamton, NY MSA",$630,$567,$693,$660,$594,$726,$850,$765,$935,"$1,120","$1,008","$1,232","$1,290","$1,161","$1,419"
13850,METRO13780M13780,"Binghamton, NY MSA",$780,$702,$858,$800,$720,$880,"$1,040",$936,"$1,144","$1,370","$1,233","$1,507","$1,580","$1,422","$1,738"
13851,METRO13780M13780,"Binghamton, NY MSA",$630,$567,$693,$660,$594,$726,$850,$765,$935,"$1,120","$1,008","$1,232","$1,290","$1,161","$1,419"
13862,METRO13780M13780,"Binghamton, NY MSA",$620,$558,$682,$640,$576,$704,$830,$747,$913,"$1,100",$990,"$1,210","$1,260","$1,134","$1,386"
13863,METRO13780M13780,"Binghamton, NY MSA",$630,$567,$693,$660,$594,$726,$850,$765,$935,"$1,120","$1,008","$1,232","$1,290","$1,161","$1,419"
13864,METRO13780M13780,"Binghamton, NY MSA",$830,$747,$913,$880,$792,$968,"$1,060",$954,"$1,166","$1,350","$1,215","$1,485","$1,580","$1,422","$1,738"
13865,METRO13780M13780,"Binghamton, NY MSA",$550,$495,$605,$580,$522,$638,$740,$666,$814,$980,$882,"$1,078","$1,120","$1,008","$1,232"
13901,METRO13780M13780,"Binghamton, NY MSA",$610,$549,$671,$630,$567,$693,$820,$738,$902,"$1,080",$972,"$1,188","$1,240","$1,116","$1,364"
13902,METRO13780M13780,"Binghamton, NY MSA",$780,$702,$858,$800,$720,$880,"$1,040",$936,"$1,144","$1,370","$1,233","$1,507","$1,580","$1,422","$1,738"
13903,METRO13780M13780,"Binghamton, NY MSA",$620,$558,$682,$640,$576,$704,$830,$747,$913,"$1,100",$990,"$1,210","$1,260","$1,134","$1,386"
13904,METRO13780M13780,"Binghamton, NY MSA",$630,$567,$693,$650,$585,$715,$840,$756,$924,"$1,110",$999,"$1,221","$1,270","$1,143","$1,397"
13905,METRO13780M13780,"Binghamton, NY MSA",$630,$567,$693,$660,$594,$726,$850,$765,$935,"$1,120","$1,008","$1,232","$1,290","$1,161","$1,419"
14817,METRO13780M13780,"Binghamton, NY MSA",$830,$747,$913,$880,$792,$968,"$1,060",$954,"$1,166","$1,350","$1,215","$1,485","$1,580","$1,422","$1,738"
14859,METRO13780M13780,"Binghamton, NY MSA",$670,$603,$737,$690,$621,$759,$870,$783,$957,"$1,150","$1,035","$1,265","$1,270","$1,143","$1,397"
14883,METRO13780M13780,"Binghamton, NY MSA",$830,$747,$913,$880,$792,$968,"$1,060",$954,"$1,166","$1,350","$1,215","$1,485","$1,580","$1,422","$1,738"
14889,METRO13780M13780,"Binghamton, NY MSA",$770,$693,$847,$780,$702,$858,$980,$882,"$1,078","$1,290","$1,161","$1,419","$1,360","$1,224","$1,496"
14892,METRO13780M13780,"Binghamton, NY MSA",$620,$558,$682,$640,$576,$704,$820,$738,$902,"$1,090",$981,"$1,199","$1,240","$1,116","$1,364"
14001,METRO15380M15380,"Buffalo-Cheektowaga-Niagara Falls, NY MSA",$730,$657,$803,$760,$684,$836,$900,$810,$990,"$1,120","$1,008","$1,232","$1,260","$1,134","$1,386"
14004,METRO15380M15380,"Buffalo-Cheektowaga-Niagara Falls, NY MSA",$690,$621,$759,$720,$648,$792,$860,$774,$946,"$1,070",$963,"$1,177","$1,200","$1,080","$1,320"
14006,METRO15380M15380,"Buffalo-Cheektowaga-Niagara Falls, NY MSA",$750,$675,$825,$780,$702,$858,$930,$837,"$1,023","$1,160","$1,044","$1,276","$1,300","$1,170","$1,430"
14008,METRO15380M15380,"Buffalo-Cheektowaga-Niagara Falls, NY MSA",$780,$702,$858,$810,$729,$891,$960,$864,"$1,056","$1,190","$1,071","$1,309","$1,340","$1,206","$1,474"
14009,METRO15380M15380,"Buffalo-Cheektowaga-Niagara Falls, NY MSA",$760,$684,$836,$790,$711,$869,$940,$846,"$1,034","$1,170","$1,053","$1,287","$1,310","$1,179","$1,441"
14010,METRO15380M15380,"Buffalo-Cheektowaga-Niagara Falls, NY MSA",$760,$684,$836,$790,$711,$869,$940,$846,"$1,034","$1,170","$1,053","$1,287","$1,310","$1,179","$1,441"
14012,METRO15380M15380,"Buffalo-Cheektowaga-Niagara Falls, NY MSA",$800,$720,$880,$830,$747,$913,$990,$891,"$1,089","$1,230","$1,107","$1,353","$1,380","$1,242","$1,518"
14013,METRO15380M15380,"Buffalo-Cheektowaga-Niagara Falls, NY MSA",$760,$684,$836,$790,$711,$869,$940,$846,"$1,034","$1,170","$1,053","$1,287","$1,310","$1,179","$1,441"
14025,METRO15380M15380,"Buffalo-Cheektowaga-Niagara Falls, NY MSA",$760,$684,$836,$790,$711,$869,$940,$846,"$1,034","$1,170","$1,053","$1,287","$1,310","$1,179","$1,441"
14026,METRO15380M15380,"Buffalo-Cheektowaga-Niagara Falls, NY MSA",$740,$666,$814,$770,$693,$847,$920,$828,"$1,012","$1,140","$1,026","$1,254","$1,280","$1,152","$1,408"
14027,METRO15380M15380,"Buffalo-Cheektowaga-Niagara Falls, NY MSA",$760,$684,$836,$790,$711,$869,$940,$846,"$1,034","$1,170","$1,053","$1,287","$1,310","$1,179","$1,441"
14028,METRO15380M15380,"Buffalo-Cheektowaga-Niagara Falls, NY MSA",$800,$720,$880,$830,$747,$913,$990,$891,"$1,089","$1,230","$1,107","$1,353","$1,380","$1,242","$1,518"
14030,METRO15380M15380,"Buffalo-Cheektowaga-Niagara Falls, NY MSA",$760,$684,$836,$790,$711,$869,$940,$846,"$1,034","$1,170","$1,053","$1,287","$1,310","$1,179","$1,441"
14031,METRO15380M15380,"Buffalo-Cheektowaga-Niagara Falls, NY MSA",$680,$612,$748,$710,$639,$781,$840,$756,$924,"$1,040",$936,"$1,144","$1,170","$1,053","$1,287"
14032,METRO15380M15380,"Buffalo-Cheektowaga-Niagara Falls, NY MSA","$1,050",$945,"$1,155","$1,090",$981,"$1,199","$1,300","$1,170","$1,430","$1,620","$1,458","$1,782","$1,810","$1,629","$1,991"
14033,METRO15380M15380,"Buffalo-Cheektowaga-Niagara Falls, NY MSA",$610,$549,$671,$640,$576,$704,$760,$684,$836,$950,$855,"$1,045","$1,080",$972,"$1,188"
14034,METRO15380M15380,"Buffalo-Cheektowaga-Niagara Falls, NY MSA",$610,$549,$671,$640,$576,$704,$760,$684,$836,$950,$855,"$1,045","$1,080",$972,"$1,188"
14035,METRO15380M15380,"Buffalo-Cheektowaga-Niagara Falls, NY MSA",$610,$549,$671,$640,$576,$704,$760,$684,$836,$950,$855,"$1,045","$1,080",$972,"$1,188"
14036,METRO15380M15380,"Buffalo-Cheektowaga-Niagara Falls, NY MSA",$760,$684,$836,$790,$711,$869,$940,$846,"$1,034","$1,170","$1,053","$1,287","$1,310","$1,179","$1,441"
14037,METRO15380M15380,"Buffalo-Cheektowaga-Niagara Falls, NY MSA",$720,$648,$792,$750,$675,$825,$890,$801,$979,"$1,110",$999,"$1,221","$1,250","$1,125","$1,375"
14038,METRO15380M15380,"Buffalo-Cheektowaga-Niagara Falls, NY MSA",$760,$684,$836,$790,$711,$869,$940,$846,"$1,034","$1,170","$1,053","$1,287","$1,310","$1,179","$1,441"
14043,METRO15380M15380,"Buffalo-Cheektowaga-Niagara Falls, NY MSA",$740,$666,$814,$770,$693,$847,$920,$828,"$1,012","$1,140","$1,026","$1,254","$1,280","$1,152","$1,408"
14047,METRO15380M15380,"Buffalo-Cheektowaga-Niagara Falls, NY MSA",$730,$657,$803,$760,$684,$836,$900,$810,$990,"$1,120","$1,008","$1,232","$1,260","$1,134","$1,386"
14051,METRO15380M15380,"Buffalo-Cheektowaga-Niagara Falls, NY MSA","$1,120","$1,008","$1,232","$1,160","$1,044","$1,276","$1,380","$1,242","$1,518","$1,720","$1,548","$1,892","$1,930","$1,737","$2,123"
14052,METRO15380M15380,"Buffalo-Cheektowaga-Niagara Falls, NY MSA",$720,$648,$792,$750,$675,$825,$890,$801,$979,"$1,110",$999,"$1,221","$1,240","$1,116","$1,364"
14055,METRO15380M15380,"Buffalo-Cheektowaga-Niagara Falls, NY MSA",$770,$693,$847,$800,$720,$880,$950,$855,"$1,045","$1,180","$1,062","$1,298","$1,330","$1,197","$1,463"
14057,METRO15380M15380,"Buffalo-Cheektowaga-Niagara Falls, NY MSA",$620,$558,$682,$650,$585,$715,$770,$693,$847,$960,$864,"$1,056","$1,080",$972,"$1,188"
14059,METRO15380M15380,"Buffalo-Cheektowaga-Niagara Falls, NY MSA",$830,$747,$913,$860,$774,$946,"$1,030",$927,"$1,133","$1,280","$1,152","$1,408","$1,440","$1,296","$1,584"
14061,METRO15380M15380,"Buffalo-Cheektowaga-Niagara Falls, NY MSA",$840,$756,$924,$870,$783,$957,"$1,040",$936,"$1,144","$1,290","$1,161","$1,419","$1,450","$1,305","$1,595"
14067,METRO15380M15380,"Buffalo-Cheektowaga-Niagara Falls, NY MSA",$680,$612,$748,$710,$639,$781,$840,$756,$924,"$1,040",$936,"$1,144","$1,170","$1,053","$1,287"
14068,METRO15380M15380,"Buffalo-Cheektowaga-Niagara Falls, NY MSA",$900,$810,$990,$930,$837,"$1,023","$1,110",$999,"$1,221","$1,380","$1,242","$1,518","$1,550","$1,395","$1,705"
14069,METRO15380M15380,"Buffalo-Cheektowaga-Niagara Falls, NY MSA",$720,$648,$792,$750,$675,$825,$890,$801,$979,"$1,100",$990,"$1,210","$1,240","$1,116","$1,364"
14070,METRO15380M15380,"Buffalo-Cheektowaga-Niagara Falls, NY MSA",$610,$549,$671,$640,$576,$704,$760,$684,$836,$950,$855,"$1,045","$1,080",$972,"$1,188"
14072,METRO15380M15380,"Buffalo-Cheektowaga-Niagara Falls, NY MSA",$870,$783,$957,$910,$819,"$1,001","$1,080",$972,"$1,188","$1,340","$1,206","$1,474","$1,510","$1,359","$1,661"
14075,METRO15380M15380,"Buffalo-Cheektowaga-Niagara Falls, NY MSA",$800,$720,$880,$830,$747,$913,$990,$891,"$1,089","$1,230","$1,107","$1,353","$1,380","$1,242","$1,518"
14080,METRO15380M15380,"Buffalo-Cheektowaga-Niagara Falls, NY MSA",$730,$657,$803,$760,$684,$836,$900,$810,$990,"$1,120","$1,008","$1,232","$1,260","$1,134","$1,386"
14081,METRO15380M15380,"Buffalo-Cheektowaga-Niagara Falls, NY MSA",$690,$621,$759,$710,$639,$781,$850,$765,$935,"$1,060",$954,"$1,166","$1,190","$1,071","$1,309"
14085,METRO15380M15380,"Buffalo-Cheektowaga-Niagara Falls, NY MSA",$760,$684,$836,$790,$711,$869,$940,$846,"$1,034","$1,170","$1,053","$1,287","$1,350","$1,215","$1,485"
14086,METRO15380M15380,"Buffalo-Cheektowaga-Niagara Falls, NY MSA",$700,$630,$770,$730,$657,$803,$870,$783,$957,"$1,080",$972,"$1,188","$1,210","$1,089","$1,331"
14091,METRO15380M15380,"Buffalo-Cheektowaga-Niagara Falls, NY MSA",$630,$567,$693,$650,$585,$715,$770,$693,$847,$960,$864,"$1,056","$1,080",$972,"$1,188"
14092,METRO15380M15380,"Buffalo-Cheektowaga-Niagara Falls, NY MSA",$780,$702,$858,$810,$729,$891,$960,$864,"$1,056","$1,190","$1,071","$1,309","$1,340","$1,206","$1,474"
14094,METRO15380M15380,"Buffalo-Cheektowaga-Niagara Falls, NY MSA",$690,$621,$759,$710,$639,$781,$850,$765,$935,"$1,060",$954,"$1,166","$1,190","$1,071","$1,309"
14095,METRO15380M15380,"Buffalo-Cheektowaga-Niagara Falls, NY MSA",$670,$603,$737,$700,$630,$770,$830,$747,$913,"$1,030",$927,"$1,133","$1,160","$1,044","$1,276"
14098,METRO15380M15380,"Buffalo-Cheektowaga-Niagara Falls, NY MSA",$670,$603,$737,$770,$693,$847,$960,$864,"$1,056","$1,190","$1,071","$1,309","$1,300","$1,170","$1,430"
14102,METRO15380M15380,"Buffalo-Cheektowaga-Niagara Falls, NY MSA",$750,$675,$825,$780,$702,$858,$930,$837,"$1,023","$1,150","$1,035","$1,265","$1,290","$1,161","$1,419"
14103,METRO15380M15380,"Buffalo-Cheektowaga-Niagara Falls, NY MSA",$610,$549,$671,$700,$630,$770,$880,$792,$968,"$1,090",$981,"$1,199","$1,190","$1,071","$1,309"
14105,METRO15380M15380,"Buffalo-Cheektowaga-Niagara Falls, NY MSA",$630,$567,$693,$700,$630,$770,$880,$792,$968,"$1,090",$981,"$1,199","$1,190","$1,071","$1,309"
14107,METRO15380M15380,"Buffalo-Cheektowaga-Niagara Falls, NY MSA",$670,$603,$737,$700,$630,$770,$830,$747,$913,"$1,030",$927,"$1,133","$1,160","$1,044","$1,276"
14108,METRO15380M15380,"Buffalo-Cheektowaga-Niagara Falls, NY MSA",$690,$621,$759,$720,$648,$792,$860,$774,$946,"$1,070",$963,"$1,177","$1,200","$1,080","$1,320"
14109,METRO15380M15380,"Buffalo-Cheektowaga-Niagara Falls, NY MSA",$730,$657,$803,$760,$684,$836,$900,$810,$990,"$1,120","$1,008","$1,232","$1,260","$1,134","$1,386"
14110,METRO15380M15380,"Buffalo-Cheektowaga-Niagara Falls, NY MSA",$760,$684,$836,$790,$711,$869,$940,$846,"$1,034","$1,170","$1,053","$1,287","$1,310","$1,179","$1,441"
14111,METRO15380M15380,"Buffalo-Cheektowaga-Niagara Falls, NY MSA",$650,$585,$715,$670,$603,$737,$800,$720,$880,"$1,000",$900,"$1,100","$1,120","$1,008","$1,232"
14112,METRO15380M15380,"Buffalo-Cheektowaga-Niagara Falls, NY MSA",$730,$657,$803,$760,$684,$836,$900,$810,$990,"$1,120","$1,008","$1,232","$1,260","$1,134","$1,386"
14120,METRO15380M15380,"Buffalo-Cheektowaga-Niagara Falls, NY MSA",$690,$621,$759,$720,$648,$792,$860,$774,$946,"$1,070",$963,"$1,177","$1,200","$1,080","$1,320"
14126,METRO15380M15380,"Buffalo-Cheektowaga-Niagara Falls, NY MSA",$760,$684,$836,$790,$711,$869,$940,$846,"$1,034","$1,170","$1,053","$1,287","$1,310","$1,179","$1,441"
14127,METRO15380M15380,"Buffalo-Cheektowaga-Niagara Falls, NY MSA",$870,$783,$957,$910,$819,"$1,001","$1,080",$972,"$1,188","$1,340","$1,206","$1,474","$1,510","$1,359","$1,661"
14131,METRO15380M15380,"Buffalo-Cheektowaga-Niagara Falls, NY MSA",$970,$873,"$1,067","$1,010",$909,"$1,111","$1,200","$1,080","$1,320","$1,490","$1,341","$1,639","$1,670","$1,503","$1,837"
14132,METRO15380M15380,"Buffalo-Cheektowaga-Niagara Falls, NY MSA",$650,$585,$715,$680,$612,$748,$810,$729,$891,"$1,010",$909,"$1,111","$1,130","$1,017","$1,243"
14134,METRO15380M15380,"Buffalo-Cheektowaga-Niagara Falls, NY MSA",$770,$693,$847,$800,$720,$880,$950,$855,"$1,045","$1,180","$1,062","$1,298","$1,330","$1,197","$1,463"
14139,METRO15380M15380,"Buffalo-Cheektowaga-Niagara Falls, NY MSA",$670,$603,$737,$700,$630,$770,$830,$747,$913,"$1,030",$927,"$1,133","$1,160","$1,044","$1,276"
14140,METRO15380M15380,"Buffalo-Cheektowaga-Niagara Falls, NY MSA",$760,$684,$836,$790,$711,$869,$940,$846,"$1,034","$1,170","$1,053","$1,287","$1,310","$1,179","$1,441"
14141,METRO15380M15380,"Buffalo-Cheektowaga-Niagara Falls, NY MSA",$610,$549,$671,$640,$576,$704,$760,$684,$836,$950,$855,"$1,045","$1,080",$972,"$1,188"
14144,METRO15380M15380,"Buffalo-Cheektowaga-Niagara Falls, NY MSA",$670,$603,$737,$700,$630,$770,$830,$747,$913,"$1,030",$927,"$1,133","$1,160","$1,044","$1,276"
14145,METRO15380M15380,"Buffalo-Cheektowaga-Niagara Falls, NY MSA",$750,$675,$825,$780,$702,$858,$930,$837,"$1,023","$1,160","$1,044","$1,276","$1,300","$1,170","$1,430"
14150,METRO15380M15380,"Buffalo-Cheektowaga-Niagara Falls, NY MSA",$780,$702,$858,$810,$729,$891,$970,$873,"$1,067","$1,210","$1,089","$1,331","$1,350","$1,215","$1,485"
14151,METRO15380M15380,"Buffalo-Cheektowaga-Niagara Falls, NY MSA",$760,$684,$836,$790,$711,$869,$940,$846,"$1,034","$1,170","$1,053","$1,287","$1,310","$1,179","$1,441"
14169,METRO15380M15380,"Buffalo-Cheektowaga-Niagara Falls, NY MSA",$720,$648,$792,$750,$675,$825,$890,$801,$979,"$1,110",$999,"$1,221","$1,240","$1,116","$1,364"
14170,METRO15380M15380,"Buffalo-Cheektowaga-Niagara Falls, NY MSA",$630,$567,$693,$650,$585,$715,$780,$702,$858,$970,$873,"$1,067","$1,090",$981,"$1,199"
14172,METRO15380M15380,"Buffalo-Cheektowaga-Niagara Falls, NY MSA",$760,$684,$836,$790,$711,$869,$940,$846,"$1,034","$1,170","$1,053","$1,287","$1,310","$1,179","$1,441"
14174,METRO15380M15380,"Buffalo-Cheektowaga-Niagara Falls, NY MSA",$690,$621,$759,$710,$639,$781,$850,$765,$935,"$1,060",$954,"$1,166","$1,190","$1,071","$1,309"
14201,METRO15380M15380,"Buffalo-Cheektowaga-Niagara Falls, NY MSA",$700,$630,$770,$730,$657,$803,$870,$783,$957,"$1,080",$972,"$1,188","$1,210","$1,089","$1,331"
14202,METRO15380M15380,"Buffalo-Cheektowaga-Niagara Falls, NY MSA",$780,$702,$858,$810,$729,$891,$960,$864,"$1,056","$1,190","$1,071","$1,309","$1,340","$1,206","$1,474"
14203,METRO15380M15380,"Buffalo-Cheektowaga-Niagara Falls, NY MSA","$1,010",$909,"$1,111","$1,050",$945,"$1,155","$1,250","$1,125","$1,375","$1,550","$1,395","$1,705","$1,740","$1,566","$1,914"
14204,METRO15380M15380,"Buffalo-Cheektowaga-Niagara Falls, NY MSA",$640,$576,$704,$660,$594,$726,$790,$711,$869,$980,$882,"$1,078","$1,100",$990,"$1,210"
14205,METRO15380M15380,"Buffalo-Cheektowaga-Niagara Falls, NY MSA",$760,$684,$836,$790,$711,$869,$940,$846,"$1,034","$1,170","$1,053","$1,287","$1,310","$1,179","$1,441"
14206,METRO15380M15380,"Buffalo-Cheektowaga-Niagara Falls, NY MSA",$700,$630,$770,$730,$657,$803,$870,$783,$957,"$1,080",$972,"$1,188","$1,210","$1,089","$1,331"
14207,METRO15380M15380,"Buffalo-Cheektowaga-Niagara Falls, NY MSA",$650,$585,$715,$680,$612,$748,$810,$729,$891,"$1,010",$909,"$1,111","$1,130","$1,017","$1,243"
14208,METRO15380M15380,"Buffalo-Cheektowaga-Niagara Falls, NY MSA",$800,$720,$880,$830,$747,$913,$990,$891,"$1,089","$1,230","$1,107","$1,353","$1,380","$1,242","$1,518"
14209,METRO15380M15380,"Buffalo-Cheektowaga-Niagara Falls, NY MSA",$740,$666,$814,$770,$693,$847,$920,$828,"$1,012","$1,140","$1,026","$1,254","$1,280","$1,152","$1,408"
14210,METRO15380M15380,"Buffalo-Cheektowaga-Niagara Falls, NY MSA",$710,$639,$781,$740,$666,$814,$880,$792,$968,"$1,090",$981,"$1,199","$1,230","$1,107","$1,353"
14211,METRO15380M15380,"Buffalo-Cheektowaga-Niagara Falls, NY MSA",$650,$585,$715,$680,$612,$748,$810,$729,$891,"$1,010",$909,"$1,111","$1,130","$1,017","$1,243"
14212,METRO15380M15380,"Buffalo-Cheektowaga-Niagara Falls, NY MSA",$650,$585,$715,$680,$612,$748,$810,$729,$891,"$1,010",$909,"$1,111","$1,130","$1,017","$1,243"
14213,METRO15380M15380,"Buffalo-Cheektowaga-Niagara Falls, NY MSA",$720,$648,$792,$750,$675,$825,$890,$801,$979,"$1,110",$999,"$1,221","$1,240","$1,116","$1,364"
14214,METRO15380M15380,"Buffalo-Cheektowaga-Niagara Falls, NY MSA",$780,$702,$858,$810,$729,$891,$960,$864,"$1,056","$1,190","$1,071","$1,309","$1,340","$1,206","$1,474"
14215,METRO15380M15380,"Buffalo-Cheektowaga-Niagara Falls, NY MSA",$680,$612,$748,$710,$639,$781,$840,$756,$924,"$1,040",$936,"$1,144","$1,170","$1,053","$1,287"
14216,METRO15380M15380,"Buffalo-Cheektowaga-Niagara Falls, NY MSA",$800,$720,$880,$830,$747,$913,$990,$891,"$1,089","$1,230","$1,107","$1,353","$1,380","$1,242","$1,518"
14217,METRO15380M15380,"Buffalo-Cheektowaga-Niagara Falls, NY MSA",$740,$666,$814,$760,$684,$836,$910,$819,"$1,001","$1,130","$1,017","$1,243","$1,270","$1,143","$1,397"
14218,METRO15380M15380,"Buffalo-Cheektowaga-Niagara Falls, NY MSA",$630,$567,$693,$650,$585,$715,$780,$702,$858,$970,$873,"$1,067","$1,090",$981,"$1,199"
14219,METRO15380M15380,"Buffalo-Cheektowaga-Niagara Falls, NY MSA",$710,$639,$781,$740,$666,$814,$880,$792,$968,"$1,090",$981,"$1,199","$1,230","$1,107","$1,353"
14220,METRO15380M15380,"Buffalo-Cheektowaga-Niagara Falls, NY MSA",$700,$630,$770,$730,$657,$803,$870,$783,$957,"$1,080",$972,"$1,188","$1,210","$1,089","$1,331"
14221,METRO15380M15380,"Buffalo-Cheektowaga-Niagara Falls, NY MSA","$1,000",$900,"$1,100","$1,040",$936,"$1,144","$1,240","$1,116","$1,364","$1,540","$1,386","$1,694","$1,730","$1,557","$1,903"
14222,METRO15380M15380,"Buffalo-Cheektowaga-Niagara Falls, NY MSA",$930,$837,"$1,023",$970,$873,"$1,067","$1,150","$1,035","$1,265","$1,430","$1,287","$1,573","$1,600","$1,440","$1,760"
14223,METRO15380M15380,"Buffalo-Cheektowaga-Niagara Falls, NY MSA",$730,$657,$803,$760,$684,$836,$900,$810,$990,"$1,120","$1,008","$1,232","$1,260","$1,134","$1,386"
14224,METRO15380M15380,"Buffalo-Cheektowaga-Niagara Falls, NY MSA",$780,$702,$858,$810,$729,$891,$960,$864,"$1,056","$1,190","$1,071","$1,309","$1,340","$1,206","$1,474"
14225,METRO15380M15380,"Buffalo-Cheektowaga-Niagara Falls, NY MSA",$710,$639,$781,$740,$666,$814,$880,$792,$968,"$1,090",$981,"$1,199","$1,230","$1,107","$1,353"
14226,METRO15380M15380,"Buffalo-Cheektowaga-Niagara Falls, NY MSA",$830,$747,$913,$860,$774,$946,"$1,030",$927,"$1,133","$1,280","$1,152","$1,408","$1,440","$1,296","$1,584"
14227,METRO15380M15380,"Buffalo-Cheektowaga-Niagara Falls, NY MSA",$850,$765,$935,$880,$792,$968,"$1,050",$945,"$1,155","$1,310","$1,179","$1,441","$1,470","$1,323","$1,617"
14228,METRO15380M15380,"Buffalo-Cheektowaga-Niagara Falls, NY MSA",$950,$855,"$1,045",$980,$882,"$1,078","$1,170","$1,053","$1,287","$1,460","$1,314","$1,606","$1,630","$1,467","$1,793"
14231,METRO15380M15380,"Buffalo-Cheektowaga-Niagara Falls, NY MSA",$760,$684,$836,$790,$711,$869,$940,$846,"$1,034","$1,170","$1,053","$1,287","$1,310","$1,179","$1,441"
14233,METRO15380M15380,"Buffalo-Cheektowaga-Niagara Falls, NY MSA",$760,$684,$836,$790,$711,$869,$940,$846,"$1,034","$1,170","$1,053","$1,287","$1,310","$1,179","$1,441"
14240,METRO15380M15380,"Buffalo-Cheektowaga-Niagara Falls, NY MSA",$760,$684,$836,$790,$711,$869,$940,$846,"$1,034","$1,170","$1,053","$1,287","$1,310","$1,179","$1,441"
14261,METRO15380M15380,"Buffalo-Cheektowaga-Niagara Falls, NY MSA",$960,$864,"$1,056",$990,$891,"$1,089","$1,180","$1,062","$1,298","$1,470","$1,323","$1,617","$1,650","$1,485","$1,815"
14263,METRO15380M15380,"Buffalo-Cheektowaga-Niagara Falls, NY MSA",$760,$684,$836,$790,$711,$869,$940,$846,"$1,034","$1,170","$1,053","$1,287","$1,310","$1,179","$1,441"
14272,METRO15380M15380,"Buffalo-Cheektowaga-Niagara Falls, NY MSA",$760,$684,$836,$790,$711,$869,$940,$846,"$1,034","$1,170","$1,053","$1,287","$1,310","$1,179","$1,441"
14273,METRO15380M15380,"Buffalo-Cheektowaga-Niagara Falls, NY MSA",$760,$684,$836,$790,$711,$869,$940,$846,"$1,034","$1,170","$1,053","$1,287","$1,310","$1,179","$1,441"
14280,METRO15380M15380,"Buffalo-Cheektowaga-Niagara Falls, NY MSA",$760,$684,$836,$790,$711,$869,$940,$846,"$1,034","$1,170","$1,053","$1,287","$1,310","$1,179","$1,441"
14301,METRO15380M15380,"Buffalo-Cheektowaga-Niagara Falls, NY MSA",$620,$558,$682,$650,$585,$715,$770,$693,$847,$960,$864,"$1,056","$1,080",$972,"$1,188"
14302,METRO15380M15380,"Buffalo-Cheektowaga-Niagara Falls, NY MSA",$620,$558,$682,$650,$585,$715,$770,$693,$847,$960,$864,"$1,056","$1,080",$972,"$1,188"
14303,METRO15380M15380,"Buffalo-Cheektowaga-Niagara Falls, NY MSA",$690,$621,$759,$710,$639,$781,$850,$765,$935,"$1,060",$954,"$1,166","$1,190","$1,071","$1,309"
14304,METRO15380M15380,"Buffalo-Cheektowaga-Niagara Falls, NY MSA",$670,$603,$737,$700,$630,$770,$830,$747,$913,"$1,030",$927,"$1,133","$1,160","$1,044","$1,276"
14305,METRO15380M15380,"Buffalo-Cheektowaga-Niagara Falls, NY MSA",$720,$648,$792,$750,$675,$825,$890,$801,$979,"$1,110",$999,"$1,221","$1,240","$1,116","$1,364"
14805,METRO21300M21300,"Elmira, NY MSA",$730,$657,$803,$730,$657,$803,$920,$828,"$1,012","$1,210","$1,089","$1,331","$1,280","$1,152","$1,408"
14812,METRO21300M21300,"Elmira, NY MSA",$670,$603,$737,$670,$603,$737,$850,$765,$935,"$1,120","$1,008","$1,232","$1,180","$1,062","$1,298"
14814,METRO21300M21300,"Elmira, NY MSA",$950,$855,"$1,045",$950,$855,"$1,045","$1,200","$1,080","$1,320","$1,580","$1,422","$1,738","$1,670","$1,503","$1,837"
14816,METRO21300M21300,"Elmira, NY MSA",$800,$720,$880,$800,$720,$880,"$1,010",$909,"$1,111","$1,330","$1,197","$1,463","$1,400","$1,260","$1,540"
14824,METRO21300M21300,"Elmira, NY MSA",$760,$684,$836,$760,$684,$836,$960,$864,"$1,056","$1,270","$1,143","$1,397","$1,330","$1,197","$1,463"
14825,METRO21300M21300,"Elmira, NY MSA",$730,$657,$803,$730,$657,$803,$920,$828,"$1,012","$1,210","$1,089","$1,331","$1,280","$1,152","$1,408"
14830,METRO21300M21300,"Elmira, NY MSA",$750,$675,$825,$750,$675,$825,$950,$855,"$1,045","$1,250","$1,125","$1,375","$1,320","$1,188","$1,452"
14838,METRO21300M21300,"Elmira, NY MSA",$790,$711,$869,$790,$711,$869,"$1,000",$900,"$1,100","$1,320","$1,188","$1,452","$1,390","$1,251","$1,529"
14845,METRO21300M21300,"Elmira, NY MSA",$840,$756,$924,$840,$756,$924,"$1,060",$954,"$1,166","$1,400","$1,260","$1,540","$1,470","$1,323","$1,617"
14859,METRO21300M21300,"Elmira, NY MSA",$670,$603,$737,$690,$621,$759,$870,$783,$957,"$1,150","$1,035","$1,265","$1,270","$1,143","$1,397"
14861,METRO21300M21300,"Elmira, NY MSA",$750,$675,$825,$750,$675,$825,$950,$855,"$1,045","$1,250","$1,125","$1,375","$1,320","$1,188","$1,452"
14864,METRO21300M21300,"Elmira, NY MSA",$740,$666,$814,$750,$675,$825,$940,$846,"$1,034","$1,240","$1,116","$1,364","$1,310","$1,179","$1,441"
14867,METRO21300M21300,"Elmira, NY MSA",$830,$747,$913,$890,$801,$979,"$1,080",$972,"$1,188","$1,380","$1,242","$1,518","$1,580","$1,422","$1,738"
14871,METRO21300M21300,"Elmira, NY MSA",$780,$702,$858,$790,$711,$869,$990,$891,"$1,089","$1,310","$1,179","$1,441","$1,370","$1,233","$1,507"
14872,METRO21300M21300,"Elmira, NY MSA",$650,$585,$715,$660,$594,$726,$830,$747,$913,"$1,100",$990,"$1,210","$1,150","$1,035","$1,265"
14883,METRO21300M21300,"Elmira, NY MSA",$830,$747,$913,$880,$792,$968,"$1,060",$954,"$1,166","$1,350","$1,215","$1,485","$1,580","$1,422","$1,738"
14889,METRO21300M21300,"Elmira, NY MSA",$770,$693,$847,$780,$702,$858,$980,$882,"$1,078","$1,290","$1,161","$1,419","$1,360","$1,224","$1,496"
14892,METRO21300M21300,"Elmira, NY MSA",$620,$558,$682,$640,$576,$704,$820,$738,$902,"$1,090",$981,"$1,199","$1,240","$1,116","$1,364"
14894,METRO21300M21300,"Elmira, NY MSA",$700,$630,$770,$710,$639,$781,$890,$801,$979,"$1,170","$1,053","$1,287","$1,240","$1,116","$1,364"
14901,METRO21300M21300,"Elmira, NY MSA",$650,$585,$715,$660,$594,$726,$830,$747,$913,"$1,100",$990,"$1,210","$1,150","$1,035","$1,265"
14902,METRO21300M21300,"Elmira, NY MSA",$730,$657,$803,$730,$657,$803,$920,$828,"$1,012","$1,210","$1,089","$1,331","$1,280","$1,152","$1,408"
14903,METRO21300M21300,"Elmira, NY MSA",$770,$693,$847,$780,$702,$858,$980,$882,"$1,078","$1,290","$1,161","$1,419","$1,360","$1,224","$1,496"
14904,METRO21300M21300,"Elmira, NY MSA",$690,$621,$759,$690,$621,$759,$870,$783,$957,"$1,150","$1,035","$1,265","$1,210","$1,089","$1,331"
14905,METRO21300M21300,"Elmira, NY MSA",$730,$657,$803,$730,$657,$803,$920,$828,"$1,012","$1,210","$1,089","$1,331","$1,280","$1,152","$1,408"
12028,METRO24020M24020,"Glens Falls, NY MSA",$680,$612,$748,$770,$693,$847,$970,$873,"$1,067","$1,240","$1,116","$1,364","$1,330","$1,197","$1,463"
12057,METRO24020M24020,"Glens Falls, NY MSA",$680,$612,$748,$780,$702,$858,$970,$873,"$1,067","$1,240","$1,116","$1,364","$1,330","$1,197","$1,463"
12090,METRO24020M24020,"Glens Falls, NY MSA",$750,$675,$825,$840,$756,$924,"$1,030",$927,"$1,133","$1,280","$1,152","$1,408","$1,400","$1,260","$1,540"
12094,METRO24020M24020,"Glens Falls, NY MSA",$740,$666,$814,$830,$747,$913,"$1,030",$927,"$1,133","$1,290","$1,161","$1,419","$1,400","$1,260","$1,540"
12154,METRO24020M24020,"Glens Falls, NY MSA",$680,$612,$748,$770,$693,$847,$950,$855,"$1,045","$1,190","$1,071","$1,309","$1,290","$1,161","$1,419"
12185,METRO24020M24020,"Glens Falls, NY MSA",$760,$684,$836,$860,$774,$946,"$1,060",$954,"$1,166","$1,330","$1,197","$1,463","$1,440","$1,296","$1,584"
12801,METRO24020M24020,"Glens Falls, NY MSA",$680,$612,$748,$800,$720,$880,"$1,010",$909,"$1,111","$1,320","$1,188","$1,452","$1,390","$1,251","$1,529"
12803,METRO24020M24020,"Glens Falls, NY MSA",$760,$684,$836,$860,$774,$946,"$1,050",$945,"$1,155","$1,310","$1,179","$1,441","$1,420","$1,278","$1,562"
12804,METRO24020M24020,"Glens Falls, NY MSA",$820,$738,$902,$960,$864,"$1,056","$1,220","$1,098","$1,342","$1,590","$1,431","$1,749","$1,680","$1,512","$1,848"
12808,METRO24020M24020,"Glens Falls, NY MSA",$640,$576,$704,$750,$675,$825,$950,$855,"$1,045","$1,240","$1,116","$1,364","$1,300","$1,170","$1,430"
12809,METRO24020M24020,"Glens Falls, NY MSA",$630,$567,$693,$730,$657,$803,$930,$837,"$1,023","$1,210","$1,089","$1,331","$1,280","$1,152","$1,408"
12810,METRO24020M24020,"Glens Falls, NY MSA",$620,$558,$682,$730,$657,$803,$920,$828,"$1,012","$1,200","$1,080","$1,320","$1,260","$1,134","$1,386"
12811,METRO24020M24020,"Glens Falls, NY MSA",$610,$549,$671,$720,$648,$792,$910,$819,"$1,001","$1,190","$1,071","$1,309","$1,250","$1,125","$1,375"
12814,METRO24020M24020,"Glens Falls, NY MSA",$630,$567,$693,$730,$657,$803,$930,$837,"$1,023","$1,210","$1,089","$1,331","$1,270","$1,143","$1,397"
12815,METRO24020M24020,"Glens Falls, NY MSA",$640,$576,$704,$750,$675,$825,$950,$855,"$1,045","$1,240","$1,116","$1,364","$1,300","$1,170","$1,430"
12816,METRO24020M24020,"Glens Falls, NY MSA",$630,$567,$693,$730,$657,$803,$930,$837,"$1,023","$1,210","$1,089","$1,331","$1,280","$1,152","$1,408"
12817,METRO24020M24020,"Glens Falls, NY MSA",$610,$549,$671,$680,$612,$748,$870,$783,$957,"$1,110",$999,"$1,221","$1,210","$1,089","$1,331"
12819,METRO24020M24020,"Glens Falls, NY MSA",$810,$729,$891,$950,$855,"$1,045","$1,200","$1,080","$1,320","$1,570","$1,413","$1,727","$1,650","$1,485","$1,815"
12820,METRO24020M24020,"Glens Falls, NY MSA",$690,$621,$759,$810,$729,$891,"$1,030",$927,"$1,133","$1,340","$1,206","$1,474","$1,410","$1,269","$1,551"
12821,METRO24020M24020,"Glens Falls, NY MSA",$660,$594,$726,$780,$702,$858,$980,$882,"$1,078","$1,280","$1,152","$1,408","$1,350","$1,215","$1,485"
12823,METRO24020M24020,"Glens Falls, NY MSA",$650,$585,$715,$760,$684,$836,$970,$873,"$1,067","$1,270","$1,143","$1,397","$1,340","$1,206","$1,474"
12824,METRO24020M24020,"Glens Falls, NY MSA",$630,$567,$693,$740,$666,$814,$940,$846,"$1,034","$1,220","$1,098","$1,342","$1,320","$1,188","$1,452"
12827,METRO24020M24020,"Glens Falls, NY MSA",$650,$585,$715,$770,$693,$847,$970,$873,"$1,067","$1,270","$1,143","$1,397","$1,330","$1,197","$1,463"
12828,METRO24020M24020,"Glens Falls, NY MSA",$700,$630,$770,$800,$720,$880,"$1,010",$909,"$1,111","$1,290","$1,161","$1,419","$1,380","$1,242","$1,518"
12832,METRO24020M24020,"Glens Falls, NY MSA",$610,$549,$671,$680,$612,$748,$870,$783,$957,"$1,110",$999,"$1,221","$1,210","$1,089","$1,331"
12834,METRO24020M24020,"Glens Falls, NY MSA",$660,$594,$726,$770,$693,$847,$980,$882,"$1,078","$1,280","$1,152","$1,408","$1,350","$1,215","$1,485"
12835,METRO24020M24020,"Glens Falls, NY MSA",$700,$630,$770,$780,$702,$858,$960,$864,"$1,056","$1,190","$1,071","$1,309","$1,300","$1,170","$1,430"
12836,METRO24020M24020,"Glens Falls, NY MSA",$660,$594,$726,$770,$693,$847,$980,$882,"$1,078","$1,280","$1,152","$1,408","$1,350","$1,215","$1,485"
12837,METRO24020M24020,"Glens Falls, NY MSA",$670,$603,$737,$790,$711,$869,"$1,000",$900,"$1,100","$1,300","$1,170","$1,430","$1,370","$1,233","$1,507"
12838,METRO24020M24020,"Glens Falls, NY MSA",$750,$675,$825,$880,$792,$968,"$1,110",$999,"$1,221","$1,450","$1,305","$1,595","$1,520","$1,368","$1,672"
12839,METRO24020M24020,"Glens Falls, NY MSA",$670,$603,$737,$790,$711,$869,"$1,000",$900,"$1,100","$1,300","$1,170","$1,430","$1,370","$1,233","$1,507"
12841,METRO24020M24020,"Glens Falls, NY MSA",$750,$675,$825,$890,$801,$979,"$1,120","$1,008","$1,232","$1,460","$1,314","$1,606","$1,540","$1,386","$1,694"
12843,METRO24020M24020,"Glens Falls, NY MSA",$610,$549,$671,$720,$648,$792,$910,$819,"$1,001","$1,180","$1,062","$1,298","$1,250","$1,125","$1,375"
12844,METRO24020M24020,"Glens Falls, NY MSA",$680,$612,$748,$800,$720,$880,"$1,010",$909,"$1,111","$1,320","$1,188","$1,452","$1,390","$1,251","$1,529"
12845,METRO24020M24020,"Glens Falls, NY MSA",$710,$639,$781,$830,$747,$913,"$1,050",$945,"$1,155","$1,370","$1,233","$1,507","$1,440","$1,296","$1,584"
12846,METRO24020M24020,"Glens Falls, NY MSA",$690,$621,$759,$810,$729,$891,"$1,030",$927,"$1,133","$1,340","$1,206","$1,474","$1,410","$1,269","$1,551"
12848,METRO24020M24020,"Glens Falls, NY MSA",$660,$594,$726,$770,$693,$847,$980,$882,"$1,078","$1,280","$1,152","$1,408","$1,350","$1,215","$1,485"
12849,METRO24020M24020,"Glens Falls, NY MSA",$610,$549,$671,$680,$612,$748,$870,$783,$957,"$1,110",$999,"$1,221","$1,210","$1,089","$1,331"
12853,METRO24020M24020,"Glens Falls, NY MSA",$610,$549,$671,$720,$648,$792,$910,$819,"$1,001","$1,190","$1,071","$1,309","$1,250","$1,125","$1,375"
12854,METRO24020M24020,"Glens Falls, NY MSA",$660,$594,$726,$770,$693,$847,$980,$882,"$1,078","$1,280","$1,152","$1,408","$1,350","$1,215","$1,485"
12856,METRO24020M24020,"Glens Falls, NY MSA",$690,$621,$759,$810,$729,$891,"$1,030",$927,"$1,133","$1,340","$1,206","$1,474","$1,410","$1,269","$1,551"
12857,METRO24020M24020,"Glens Falls, NY MSA",$710,$639,$781,$830,$747,$913,"$1,050",$945,"$1,155","$1,370","$1,233","$1,507","$1,440","$1,296","$1,584"
12860,METRO24020M24020,"Glens Falls, NY MSA",$610,$549,$671,$720,$648,$792,$910,$819,"$1,001","$1,190","$1,071","$1,309","$1,250","$1,125","$1,375"
12861,METRO24020M24020,"Glens Falls, NY MSA",$690,$621,$759,$810,$729,$891,"$1,020",$918,"$1,122","$1,330","$1,197","$1,463","$1,400","$1,260","$1,540"
12862,METRO24020M24020,"Glens Falls, NY MSA",$610,$549,$671,$720,$648,$792,$910,$819,"$1,001","$1,180","$1,062","$1,298","$1,250","$1,125","$1,375"
12865,METRO24020M24020,"Glens Falls, NY MSA",$660,$594,$726,$770,$693,$847,$980,$882,"$1,078","$1,280","$1,152","$1,408","$1,350","$1,215","$1,485"
12870,METRO24020M24020,"Glens Falls, NY MSA",$630,$567,$693,$740,$666,$814,$940,$846,"$1,034","$1,230","$1,107","$1,353","$1,290","$1,161","$1,419"
12873,METRO24020M24020,"Glens Falls, NY MSA",$640,$576,$704,$750,$675,$825,$950,$855,"$1,045","$1,240","$1,116","$1,364","$1,310","$1,179","$1,441"
12874,METRO24020M24020,"Glens Falls, NY MSA",$660,$594,$726,$770,$693,$847,$980,$882,"$1,078","$1,280","$1,152","$1,408","$1,350","$1,215","$1,485"
12878,METRO24020M24020,"Glens Falls, NY MSA",$610,$549,$671,$690,$621,$759,$870,$783,$957,"$1,140","$1,026","$1,254","$1,210","$1,089","$1,331"
12883,METRO24020M24020,"Glens Falls, NY MSA",$660,$594,$726,$770,$693,$847,$980,$882,"$1,078","$1,280","$1,152","$1,408","$1,350","$1,215","$1,485"
12885,METRO24020M24020,"Glens Falls, NY MSA",$610,$549,$671,$710,$639,$781,$900,$810,$990,"$1,170","$1,053","$1,287","$1,240","$1,116","$1,364"
12886,METRO24020M24020,"Glens Falls, NY MSA",$610,$549,$671,$720,$648,$792,$910,$819,"$1,001","$1,190","$1,071","$1,309","$1,250","$1,125","$1,375"
12887,METRO24020M24020,"Glens Falls, NY MSA",$670,$603,$737,$790,$711,$869,"$1,000",$900,"$1,100","$1,300","$1,170","$1,430","$1,370","$1,233","$1,507"
13045,METRO27060M27060,"Ithaca, NY MSA",$830,$747,$913,$880,$792,$968,"$1,060",$954,"$1,166","$1,350","$1,215","$1,485","$1,580","$1,422","$1,738"
13053,METRO27060M27060,"Ithaca, NY MSA",$830,$747,$913,$880,$792,$968,"$1,060",$954,"$1,166","$1,350","$1,215","$1,485","$1,580","$1,422","$1,738"
13062,METRO27060M27060,"Ithaca, NY MSA",$830,$747,$913,$900,$810,$990,"$1,080",$972,"$1,188","$1,380","$1,242","$1,518","$1,580","$1,422","$1,738"
13068,METRO27060M27060,"Ithaca, NY MSA",$830,$747,$913,$880,$792,$968,"$1,060",$954,"$1,166","$1,350","$1,215","$1,485","$1,580","$1,422","$1,738"
13073,METRO27060M27060,"Ithaca, NY MSA",$830,$747,$913,$880,$792,$968,"$1,060",$954,"$1,166","$1,350","$1,215","$1,485","$1,580","$1,422","$1,738"
13081,METRO27060M27060,"Ithaca, NY MSA",$980,$882,"$1,078","$1,050",$945,"$1,155","$1,270","$1,143","$1,397","$1,620","$1,458","$1,782","$1,810","$1,629","$1,991"
13092,METRO27060M27060,"Ithaca, NY MSA",$830,$747,$913,$880,$792,$968,"$1,060",$954,"$1,166","$1,350","$1,215","$1,485","$1,580","$1,422","$1,738"
13102,METRO27060M27060,"Ithaca, NY MSA",$830,$747,$913,$880,$792,$968,"$1,060",$954,"$1,166","$1,350","$1,215","$1,485","$1,580","$1,422","$1,738"
13736,METRO27060M27060,"Ithaca, NY MSA",$830,$747,$913,$880,$792,$968,"$1,060",$954,"$1,166","$1,350","$1,215","$1,485","$1,580","$1,422","$1,738"
13864,METRO27060M27060,"Ithaca, NY MSA",$830,$747,$913,$880,$792,$968,"$1,060",$954,"$1,166","$1,350","$1,215","$1,485","$1,580","$1,422","$1,738"
14817,METRO27060M27060,"Ithaca, NY MSA",$830,$747,$913,$880,$792,$968,"$1,060",$954,"$1,166","$1,350","$1,215","$1,485","$1,580","$1,422","$1,738"
14850,METRO27060M27060,"Ithaca, NY MSA","$1,040",$936,"$1,144","$1,120","$1,008","$1,232","$1,350","$1,215","$1,485","$1,720","$1,548","$1,892","$1,930","$1,737","$2,123"
14851,METRO27060M27060,"Ithaca, NY MSA",$980,$882,"$1,078","$1,050",$945,"$1,155","$1,270","$1,143","$1,397","$1,620","$1,458","$1,782","$1,810","$1,629","$1,991"
14852,METRO27060M27060,"Ithaca, NY MSA",$980,$882,"$1,078","$1,050",$945,"$1,155","$1,270","$1,143","$1,397","$1,620","$1,458","$1,782","$1,810","$1,629","$1,991"
14853,METRO27060M27060,"Ithaca, NY MSA","$1,040",$936,"$1,144","$1,120","$1,008","$1,232","$1,350","$1,215","$1,485","$1,720","$1,548","$1,892","$1,930","$1,737","$2,123"
14854,METRO27060M27060,"Ithaca, NY MSA",$870,$783,$957,$930,$837,"$1,023","$1,130","$1,017","$1,243","$1,440","$1,296","$1,584","$1,610","$1,449","$1,771"
14867,METRO27060M27060,"Ithaca, NY MSA",$830,$747,$913,$890,$801,$979,"$1,080",$972,"$1,188","$1,380","$1,242","$1,518","$1,580","$1,422","$1,738"
14881,METRO27060M27060,"Ithaca, NY MSA",$880,$792,$968,$950,$855,"$1,045","$1,140","$1,026","$1,254","$1,460","$1,314","$1,606","$1,630","$1,467","$1,793"
14882,METRO27060M27060,"Ithaca, NY MSA","$1,150","$1,035","$1,265","$1,230","$1,107","$1,353","$1,490","$1,341","$1,639","$1,900","$1,710","$2,090","$2,130","$1,917","$2,343"
14883,METRO27060M27060,"Ithaca, NY MSA",$830,$747,$913,$880,$792,$968,"$1,060",$954,"$1,166","$1,350","$1,215","$1,485","$1,580","$1,422","$1,738"
14886,METRO27060M27060,"Ithaca, NY MSA",$870,$783,$957,$930,$837,"$1,023","$1,130","$1,017","$1,243","$1,440","$1,296","$1,584","$1,610","$1,449","$1,771"
12401,METRO28740M28740,"Kingston, NY MSA",$860,$774,$946,"$1,020",$918,"$1,122","$1,300","$1,170","$1,430","$1,690","$1,521","$1,859","$1,910","$1,719","$2,101"
12402,METRO28740M28740,"Kingston, NY MSA",$860,$774,$946,"$1,020",$918,"$1,122","$1,300","$1,170","$1,430","$1,690","$1,521","$1,859","$1,910","$1,719","$2,101"
12404,METRO28740M28740,"Kingston, NY MSA",$870,$783,$957,"$1,030",$927,"$1,133","$1,310","$1,179","$1,441","$1,700","$1,530","$1,870","$1,930","$1,737","$2,123"
12406,METRO28740M28740,"Kingston, NY MSA",$720,$648,$792,$880,$792,$968,"$1,100",$990,"$1,210","$1,410","$1,269","$1,551","$1,600","$1,440","$1,760"
12409,METRO28740M28740,"Kingston, NY MSA",$900,$810,$990,"$1,060",$954,"$1,166","$1,350","$1,215","$1,485","$1,760","$1,584","$1,936","$1,990","$1,791","$2,189"
12410,METRO28740M28740,"Kingston, NY MSA",$860,$774,$946,"$1,020",$918,"$1,122","$1,300","$1,170","$1,430","$1,690","$1,521","$1,859","$1,910","$1,719","$2,101"
12411,METRO28740M28740,"Kingston, NY MSA",$860,$774,$946,"$1,020",$918,"$1,122","$1,300","$1,170","$1,430","$1,690","$1,521","$1,859","$1,910","$1,719","$2,101"
12412,METRO28740M28740,"Kingston, NY MSA",$830,$747,$913,$980,$882,"$1,078","$1,250","$1,125","$1,375","$1,630","$1,467","$1,793","$1,840","$1,656","$2,024"
12416,METRO28740M28740,"Kingston, NY MSA",$860,$774,$946,"$1,020",$918,"$1,122","$1,300","$1,170","$1,430","$1,690","$1,521","$1,859","$1,910","$1,719","$2,101"
12417,METRO28740M28740,"Kingston, NY MSA",$980,$882,"$1,078","$1,160","$1,044","$1,276","$1,480","$1,332","$1,628","$1,920","$1,728","$2,112","$2,180","$1,962","$2,398"
12419,METRO28740M28740,"Kingston, NY MSA",$820,$738,$902,$980,$882,"$1,078","$1,240","$1,116","$1,364","$1,610","$1,449","$1,771","$1,820","$1,638","$2,002"
12420,METRO28740M28740,"Kingston, NY MSA",$840,$756,$924,$970,$873,"$1,067","$1,230","$1,107","$1,353","$1,590","$1,431","$1,749","$1,800","$1,620","$1,980"
12428,METRO28740M28740,"Kingston, NY MSA",$800,$720,$880,$950,$855,"$1,045","$1,210","$1,089","$1,331","$1,570","$1,413","$1,727","$1,780","$1,602","$1,958"
12429,METRO28740M28740,"Kingston, NY MSA",$980,$882,"$1,078","$1,160","$1,044","$1,276","$1,470","$1,323","$1,617","$1,910","$1,719","$2,101","$2,170","$1,953","$2,387"
12432,METRO28740M28740,"Kingston, NY MSA",$930,$837,"$1,023","$1,100",$990,"$1,210","$1,400","$1,260","$1,540","$1,820","$1,638","$2,002","$2,060","$1,854","$2,266"
12433,METRO28740M28740,"Kingston, NY MSA",$890,$801,$979,"$1,050",$945,"$1,155","$1,330","$1,197","$1,463","$1,740","$1,566","$1,914","$1,970","$1,773","$2,167"
12435,METRO28740M28740,"Kingston, NY MSA",$780,$702,$858,$930,$837,"$1,023","$1,180","$1,062","$1,298","$1,530","$1,377","$1,683","$1,740","$1,566","$1,914"
12440,METRO28740M28740,"Kingston, NY MSA","$1,070",$963,"$1,177","$1,270","$1,143","$1,397","$1,610","$1,449","$1,771","$2,090","$1,881","$2,299","$2,370","$2,133","$2,607"
12441,METRO28740M28740,"Kingston, NY MSA",$860,$774,$946,"$1,020",$918,"$1,122","$1,300","$1,170","$1,430","$1,690","$1,521","$1,859","$1,910","$1,719","$2,101"
12443,METRO28740M28740,"Kingston, NY MSA","$1,080",$972,"$1,188","$1,280","$1,152","$1,408","$1,630","$1,467","$1,793","$2,120","$1,908","$2,332","$2,400","$2,160","$2,640"
12446,METRO28740M28740,"Kingston, NY MSA",$770,$693,$847,$910,$819,"$1,001","$1,160","$1,044","$1,276","$1,510","$1,359","$1,661","$1,710","$1,539","$1,881"
12448,METRO28740M28740,"Kingston, NY MSA",$860,$774,$946,"$1,020",$918,"$1,122","$1,300","$1,170","$1,430","$1,690","$1,521","$1,859","$1,910","$1,719","$2,101"
12449,METRO28740M28740,"Kingston, NY MSA",$870,$783,$957,"$1,030",$927,"$1,133","$1,310","$1,179","$1,441","$1,700","$1,530","$1,870","$1,930","$1,737","$2,123"
12453,METRO28740M28740,"Kingston, NY MSA",$820,$738,$902,$980,$882,"$1,078","$1,240","$1,116","$1,364","$1,610","$1,449","$1,771","$1,820","$1,638","$2,002"
12455,METRO28740M28740,"Kingston, NY MSA",$720,$648,$792,$880,$792,$968,"$1,100",$990,"$1,210","$1,410","$1,269","$1,551","$1,600","$1,440","$1,760"
12456,METRO28740M28740,"Kingston, NY MSA",$890,$801,$979,"$1,080",$972,"$1,188","$1,350","$1,215","$1,485","$1,740","$1,566","$1,914","$1,970","$1,773","$2,167"
12457,METRO28740M28740,"Kingston, NY MSA",$840,$756,$924,$990,$891,"$1,089","$1,270","$1,143","$1,397","$1,650","$1,485","$1,815","$1,860","$1,674","$2,046"
12458,METRO28740M28740,"Kingston, NY MSA",$720,$648,$792,$880,$792,$968,"$1,100",$990,"$1,210","$1,410","$1,269","$1,551","$1,600","$1,440","$1,760"
12461,METRO28740M28740,"Kingston, NY MSA",$720,$648,$792,$880,$792,$968,"$1,100",$990,"$1,210","$1,410","$1,269","$1,551","$1,600","$1,440","$1,760"
12463,METRO28740M28740,"Kingston, NY MSA",$860,$774,$946,"$1,020",$918,"$1,122","$1,300","$1,170","$1,430","$1,690","$1,521","$1,859","$1,910","$1,719","$2,101"
12464,METRO28740M28740,"Kingston, NY MSA",$800,$720,$880,$940,$846,"$1,034","$1,200","$1,080","$1,320","$1,560","$1,404","$1,716","$1,760","$1,584","$1,936"
12465,METRO28740M28740,"Kingston, NY MSA",$860,$774,$946,"$1,020",$918,"$1,122","$1,300","$1,170","$1,430","$1,690","$1,521","$1,859","$1,910","$1,719","$2,101"
12466,METRO28740M28740,"Kingston, NY MSA",$820,$738,$902,$970,$873,"$1,067","$1,230","$1,107","$1,353","$1,600","$1,440","$1,760","$1,810","$1,629","$1,991"
12471,METRO28740M28740,"Kingston, NY MSA",$980,$882,"$1,078","$1,160","$1,044","$1,276","$1,470","$1,323","$1,617","$1,910","$1,719","$2,101","$2,170","$1,953","$2,387"
12472,METRO28740M28740,"Kingston, NY MSA",$840,$756,$924,$990,$891,"$1,089","$1,260","$1,134","$1,386","$1,640","$1,476","$1,804","$1,850","$1,665","$2,035"
12475,METRO28740M28740,"Kingston, NY MSA","$1,210","$1,089","$1,331","$1,440","$1,296","$1,584","$1,830","$1,647","$2,013","$2,380","$2,142","$2,618","$2,690","$2,421","$2,959"
12477,METRO28740M28740,"Kingston, NY MSA",$820,$738,$902,$980,$882,"$1,078","$1,240","$1,116","$1,364","$1,610","$1,449","$1,771","$1,820","$1,638","$2,002"
12480,METRO28740M28740,"Kingston, NY MSA",$860,$774,$946,"$1,020",$918,"$1,122","$1,300","$1,170","$1,430","$1,690","$1,521","$1,859","$1,910","$1,719","$2,101"
12481,METRO28740M28740,"Kingston, NY MSA",$850,$765,$935,"$1,010",$909,"$1,111","$1,280","$1,152","$1,408","$1,670","$1,503","$1,837","$1,890","$1,701","$2,079"
12483,METRO28740M28740,"Kingston, NY MSA",$860,$774,$946,"$1,020",$918,"$1,122","$1,300","$1,170","$1,430","$1,690","$1,521","$1,859","$1,910","$1,719","$2,101"
12484,METRO28740M28740,"Kingston, NY MSA",$930,$837,"$1,023","$1,100",$990,"$1,210","$1,400","$1,260","$1,540","$1,820","$1,638","$2,002","$2,060","$1,854","$2,266"
12486,METRO28740M28740,"Kingston, NY MSA","$1,000",$900,"$1,100","$1,220","$1,098","$1,342","$1,530","$1,377","$1,683","$1,980","$1,782","$2,178","$2,230","$2,007","$2,453"
12487,METRO28740M28740,"Kingston, NY MSA",$980,$882,"$1,078","$1,160","$1,044","$1,276","$1,480","$1,332","$1,628","$1,920","$1,728","$2,112","$2,180","$1,962","$2,398"
12489,METRO28740M28740,"Kingston, NY MSA",$720,$648,$792,$880,$792,$968,"$1,100",$990,"$1,210","$1,410","$1,269","$1,551","$1,600","$1,440","$1,760"
12490,METRO28740M28740,"Kingston, NY MSA",$820,$738,$902,$980,$882,"$1,078","$1,240","$1,116","$1,364","$1,610","$1,449","$1,771","$1,820","$1,638","$2,002"
12491,METRO28740M28740,"Kingston, NY MSA",$940,$846,"$1,034","$1,110",$999,"$1,221","$1,410","$1,269","$1,551","$1,840","$1,656","$2,024","$2,080","$1,872","$2,288"
12493,METRO28740M28740,"Kingston, NY MSA",$930,$837,"$1,023","$1,110",$999,"$1,221","$1,400","$1,260","$1,540","$1,820","$1,638","$2,002","$2,070","$1,863","$2,277"
12494,METRO28740M28740,"Kingston, NY MSA",$730,$657,$803,$880,$792,$968,"$1,100",$990,"$1,210","$1,420","$1,278","$1,562","$1,610","$1,449","$1,771"
12495,METRO28740M28740,"Kingston, NY MSA",$860,$774,$946,"$1,020",$918,"$1,122","$1,300","$1,170","$1,430","$1,690","$1,521","$1,859","$1,910","$1,719","$2,101"
12498,METRO28740M28740,"Kingston, NY MSA",$870,$783,$957,"$1,030",$927,"$1,133","$1,310","$1,179","$1,441","$1,700","$1,530","$1,870","$1,930","$1,737","$2,123"
12515,METRO28740M28740,"Kingston, NY MSA",$810,$729,$891,$960,$864,"$1,056","$1,220","$1,098","$1,342","$1,590","$1,431","$1,749","$1,790","$1,611","$1,969"
12525,METRO28740M28740,"Kingston, NY MSA",$900,$810,$990,"$1,060",$954,"$1,166","$1,350","$1,215","$1,485","$1,760","$1,584","$1,936","$1,990","$1,791","$2,189"
12528,METRO28740M28740,"Kingston, NY MSA",$920,$828,"$1,012","$1,090",$981,"$1,199","$1,380","$1,242","$1,518","$1,790","$1,611","$1,969","$2,030","$1,827","$2,233"
12542,METRO28740M28740,"Kingston, NY MSA",$920,$828,"$1,012","$1,010",$909,"$1,111","$1,260","$1,134","$1,386","$1,610","$1,449","$1,771","$1,850","$1,665","$2,035"
12547,METRO28740M28740,"Kingston, NY MSA",$980,$882,"$1,078","$1,160","$1,044","$1,276","$1,470","$1,323","$1,617","$1,910","$1,719","$2,101","$2,160","$1,944","$2,376"
12548,METRO28740M28740,"Kingston, NY MSA",$890,$801,$979,"$1,040",$936,"$1,144","$1,320","$1,188","$1,452","$1,720","$1,548","$1,892","$1,950","$1,755","$2,145"
12561,METRO28740M28740,"Kingston, NY MSA",$970,$873,"$1,067","$1,150","$1,035","$1,265","$1,460","$1,314","$1,606","$1,900","$1,710","$2,090","$2,150","$1,935","$2,365"
12566,METRO28740M28740,"Kingston, NY MSA",$920,$828,"$1,012","$1,010",$909,"$1,111","$1,260","$1,134","$1,386","$1,610","$1,449","$1,771","$1,850","$1,665","$2,035"
12568,METRO28740M28740,"Kingston, NY MSA",$860,$774,$946,"$1,020",$918,"$1,122","$1,300","$1,170","$1,430","$1,690","$1,521","$1,859","$1,910","$1,719","$2,101"
12586,METRO28740M28740,"Kingston, NY MSA","$1,150","$1,035","$1,265","$1,230","$1,107","$1,353","$1,550","$1,395","$1,705","$1,970","$1,773","$2,167","$2,220","$1,998","$2,442"
12588,METRO28740M28740,"Kingston, NY MSA",$860,$774,$946,"$1,020",$918,"$1,122","$1,300","$1,170","$1,430","$1,690","$1,521","$1,859","$1,910","$1,719","$2,101"
12589,METRO28740M28740,"Kingston, NY MSA",$920,$828,"$1,012","$1,010",$909,"$1,111","$1,260","$1,134","$1,386","$1,620","$1,458","$1,782","$1,850","$1,665","$2,035"
12725,METRO28740M28740,"Kingston, NY MSA",$850,$765,$935,"$1,010",$909,"$1,111","$1,280","$1,152","$1,408","$1,670","$1,503","$1,837","$1,890","$1,701","$2,079"
12740,METRO28740M28740,"Kingston, NY MSA",$860,$774,$946,"$1,020",$918,"$1,122","$1,290","$1,161","$1,419","$1,680","$1,512","$1,848","$1,900","$1,710","$2,090"
12758,METRO28740M28740,"Kingston, NY MSA",$870,$783,$957,"$1,030",$927,"$1,133","$1,310","$1,179","$1,441","$1,700","$1,530","$1,870","$1,930","$1,737","$2,123"
12763,METRO28740M28740,"Kingston, NY MSA",$860,$774,$946,"$1,020",$918,"$1,122","$1,300","$1,170","$1,430","$1,690","$1,521","$1,859","$1,910","$1,719","$2,101"
12789,METRO28740M28740,"Kingston, NY MSA",$860,$774,$946,"$1,020",$918,"$1,122","$1,300","$1,170","$1,430","$1,690","$1,521","$1,859","$1,910","$1,719","$2,101"
13731,METRO28740M28740,"Kingston, NY MSA",$860,$774,$946,"$1,020",$918,"$1,122","$1,300","$1,170","$1,430","$1,690","$1,521","$1,859","$1,910","$1,719","$2,101"
10512,METRO35620M39100,"Poughkeepsie-Newburgh-Middletown, NY HUD Metro
FMR Area","$1,600","$1,440","$1,760","$1,640","$1,476","$1,804","$1,870","$1,683","$2,057","$2,370","$2,133","$2,607","$2,540","$2,286","$2,794"
10910,METRO35620M39100,"Poughkeepsie-Newburgh-Middletown, NY HUD Metro
FMR Area","$1,130","$1,017","$1,243","$1,230","$1,107","$1,353","$1,540","$1,386","$1,694","$1,970","$1,773","$2,167","$2,260","$2,034","$2,486"
10911,METRO35620M39100,"Poughkeepsie-Newburgh-Middletown, NY HUD Metro
FMR Area","$1,770","$1,593","$1,947","$1,810","$1,629","$1,991","$2,080","$1,872","$2,288","$2,630","$2,367","$2,893","$2,820","$2,538","$3,102"
10912,METRO35620M39100,"Poughkeepsie-Newburgh-Middletown, NY HUD Metro
FMR Area","$1,100",$990,"$1,210","$1,170","$1,053","$1,287","$1,480","$1,332","$1,628","$1,880","$1,692","$2,068","$2,120","$1,908","$2,332"
10914,METRO35620M39100,"Poughkeepsie-Newburgh-Middletown, NY HUD Metro
FMR Area","$1,050",$945,"$1,155","$1,120","$1,008","$1,232","$1,420","$1,278","$1,562","$1,810","$1,629","$1,991","$2,030","$1,827","$2,233"
10915,METRO35620M39100,"Poughkeepsie-Newburgh-Middletown, NY HUD Metro
FMR Area","$1,030",$927,"$1,133","$1,120","$1,008","$1,232","$1,420","$1,278","$1,562","$1,810","$1,629","$1,991","$2,040","$1,836","$2,244"
10916,METRO35620M39100,"Poughkeepsie-Newburgh-Middletown, NY HUD Metro
FMR Area","$1,380","$1,242","$1,518","$1,510","$1,359","$1,661","$1,890","$1,701","$2,079","$2,420","$2,178","$2,662","$2,780","$2,502","$3,058"
10917,METRO35620M39100,"Poughkeepsie-Newburgh-Middletown, NY HUD Metro
FMR Area","$1,410","$1,269","$1,551","$1,500","$1,350","$1,650","$1,900","$1,710","$2,090","$2,420","$2,178","$2,662","$2,720","$2,448","$2,992"
10918,METRO35620M39100,"Poughkeepsie-Newburgh-Middletown, NY HUD Metro
FMR Area","$1,300","$1,170","$1,430","$1,380","$1,242","$1,518","$1,750","$1,575","$1,925","$2,230","$2,007","$2,453","$2,500","$2,250","$2,750"
10919,METRO35620M39100,"Poughkeepsie-Newburgh-Middletown, NY HUD Metro
FMR Area","$1,110",$999,"$1,221","$1,190","$1,071","$1,309","$1,500","$1,350","$1,650","$1,920","$1,728","$2,112","$2,150","$1,935","$2,365"
10921,METRO35620M39100,"Poughkeepsie-Newburgh-Middletown, NY HUD Metro
FMR Area","$1,140","$1,026","$1,254","$1,210","$1,089","$1,331","$1,530","$1,377","$1,683","$1,950","$1,755","$2,145","$2,190","$1,971","$2,409"
10922,METRO35620M39100,"Poughkeepsie-Newburgh-Middletown, NY HUD Metro
FMR Area","$1,560","$1,404","$1,716","$1,660","$1,494","$1,826","$2,100","$1,890","$2,310","$2,670","$2,403","$2,937","$3,000","$2,700","$3,300"
10924,METRO35620M39100,"Poughkeepsie-Newburgh-Middletown, NY HUD Metro
FMR Area","$1,090",$981,"$1,199","$1,160","$1,044","$1,276","$1,470","$1,323","$1,617","$1,870","$1,683","$2,057","$2,100","$1,890","$2,310"
10925,METRO35620M39100,"Poughkeepsie-Newburgh-Middletown, NY HUD Metro
FMR Area","$1,040",$936,"$1,144","$1,110",$999,"$1,221","$1,400","$1,260","$1,540","$1,780","$1,602","$1,958","$2,000","$1,800","$2,200"
10926,METRO35620M39100,"Poughkeepsie-Newburgh-Middletown, NY HUD Metro
FMR Area","$1,310","$1,179","$1,441","$1,390","$1,251","$1,529","$1,760","$1,584","$1,936","$2,240","$2,016","$2,464","$2,520","$2,268","$2,772"
10928,METRO35620M39100,"Poughkeepsie-Newburgh-Middletown, NY HUD Metro
FMR Area","$1,060",$954,"$1,166","$1,130","$1,017","$1,243","$1,430","$1,287","$1,573","$1,820","$1,638","$2,002","$2,040","$1,836","$2,244"
10930,METRO35620M39100,"Poughkeepsie-Newburgh-Middletown, NY HUD Metro
FMR Area","$1,160","$1,044","$1,276","$1,230","$1,107","$1,353","$1,560","$1,404","$1,716","$1,990","$1,791","$2,189","$2,240","$2,016","$2,464"
10932,METRO35620M39100,"Poughkeepsie-Newburgh-Middletown, NY HUD Metro
FMR Area","$1,070",$963,"$1,177","$1,140","$1,026","$1,254","$1,440","$1,296","$1,584","$1,830","$1,647","$2,013","$2,060","$1,854","$2,266"
10933,METRO35620M39100,"Poughkeepsie-Newburgh-Middletown, NY HUD Metro
FMR Area","$1,240","$1,116","$1,364","$1,320","$1,188","$1,452","$1,670","$1,503","$1,837","$2,130","$1,917","$2,343","$2,390","$2,151","$2,629"
10940,METRO35620M39100,"Poughkeepsie-Newburgh-Middletown, NY HUD Metro
FMR Area","$1,070",$963,"$1,177","$1,140","$1,026","$1,254","$1,440","$1,296","$1,584","$1,830","$1,647","$2,013","$2,060","$1,854","$2,266"
10941,METRO35620M39100,"Poughkeepsie-Newburgh-Middletown, NY HUD Metro
FMR Area","$1,140","$1,026","$1,254","$1,220","$1,098","$1,342","$1,540","$1,386","$1,694","$1,960","$1,764","$2,156","$2,200","$1,980","$2,420"
10949,METRO35620M39100,"Poughkeepsie-Newburgh-Middletown, NY HUD Metro
FMR Area","$1,100",$990,"$1,210","$1,170","$1,053","$1,287","$1,480","$1,332","$1,628","$1,880","$1,692","$2,068","$2,120","$1,908","$2,332"
10950,METRO35620M39100,"Poughkeepsie-Newburgh-Middletown, NY HUD Metro
FMR Area",$980,$882,"$1,078","$1,040",$936,"$1,144","$1,320","$1,188","$1,452","$1,680","$1,512","$1,848","$1,890","$1,701","$2,079"
10953,METRO35620M39100,"Poughkeepsie-Newburgh-Middletown, NY HUD Metro
FMR Area","$1,150","$1,035","$1,265","$1,230","$1,107","$1,353","$1,560","$1,404","$1,716","$1,980","$1,782","$2,178","$2,220","$1,998","$2,442"
10958,METRO35620M39100,"Poughkeepsie-Newburgh-Middletown, NY HUD Metro
FMR Area","$1,020",$918,"$1,122","$1,080",$972,"$1,188","$1,370","$1,233","$1,507","$1,740","$1,566","$1,914","$1,960","$1,764","$2,156"
10959,METRO35620M39100,"Poughkeepsie-Newburgh-Middletown, NY HUD Metro
FMR Area","$1,100",$990,"$1,210","$1,170","$1,053","$1,287","$1,480","$1,332","$1,628","$1,880","$1,692","$2,068","$2,120","$1,908","$2,332"
10963,METRO35620M39100,"Poughkeepsie-Newburgh-Middletown, NY HUD Metro
FMR Area","$1,370","$1,233","$1,507","$1,460","$1,314","$1,606","$1,850","$1,665","$2,035","$2,360","$2,124","$2,596","$2,640","$2,376","$2,904"
10969,METRO35620M39100,"Poughkeepsie-Newburgh-Middletown, NY HUD Metro
FMR Area","$1,250","$1,125","$1,375","$1,350","$1,215","$1,485","$1,710","$1,539","$1,881","$2,170","$1,953","$2,387","$2,500","$2,250","$2,750"
10973,METRO35620M39100,"Poughkeepsie-Newburgh-Middletown, NY HUD Metro
FMR Area","$1,230","$1,107","$1,353","$1,310","$1,179","$1,441","$1,660","$1,494","$1,826","$2,110","$1,899","$2,321","$2,370","$2,133","$2,607"
10975,METRO35620M39100,"Poughkeepsie-Newburgh-Middletown, NY HUD Metro
FMR Area","$1,190","$1,071","$1,309","$1,300","$1,170","$1,430","$1,630","$1,467","$1,793","$2,080","$1,872","$2,288","$2,390","$2,151","$2,629"
10979,METRO35620M39100,"Poughkeepsie-Newburgh-Middletown, NY HUD Metro
FMR Area","$1,220","$1,098","$1,342","$1,340","$1,206","$1,474","$1,670","$1,503","$1,837","$2,110","$1,899","$2,321","$2,430","$2,187","$2,673"
10981,METRO35620M39100,"Poughkeepsie-Newburgh-Middletown, NY HUD Metro
FMR Area","$1,100",$990,"$1,210","$1,170","$1,053","$1,287","$1,480","$1,332","$1,628","$1,880","$1,692","$2,068","$2,120","$1,908","$2,332"
10985,METRO35620M39100,"Poughkeepsie-Newburgh-Middletown, NY HUD Metro
FMR Area",$940,$846,"$1,034","$1,040",$936,"$1,144","$1,310","$1,179","$1,441","$1,680","$1,512","$1,848","$1,890","$1,701","$2,079"
10987,METRO35620M39100,"Poughkeepsie-Newburgh-Middletown, NY HUD Metro
FMR Area","$1,500","$1,350","$1,650","$1,550","$1,395","$1,705","$1,760","$1,584","$1,936","$2,230","$2,007","$2,453","$2,490","$2,241","$2,739"
10988,METRO35620M39100,"Poughkeepsie-Newburgh-Middletown, NY HUD Metro
FMR Area","$1,020",$918,"$1,122","$1,080",$972,"$1,188","$1,370","$1,233","$1,507","$1,740","$1,566","$1,914","$1,960","$1,764","$2,156"
10990,METRO35620M39100,"Poughkeepsie-Newburgh-Middletown, NY HUD Metro
FMR Area",$950,$855,"$1,045","$1,010",$909,"$1,111","$1,280","$1,152","$1,408","$1,630","$1,467","$1,793","$1,850","$1,665","$2,035"
10992,METRO35620M39100,"Poughkeepsie-Newburgh-Middletown, NY HUD Metro
FMR Area",$920,$828,"$1,012","$1,010",$909,"$1,111","$1,260","$1,134","$1,386","$1,610","$1,449","$1,771","$1,850","$1,665","$2,035"
10996,METRO35620M39100,"Poughkeepsie-Newburgh-Middletown, NY HUD Metro
FMR Area","$1,630","$1,467","$1,793","$1,740","$1,566","$1,914","$2,200","$1,980","$2,420","$2,800","$2,520","$3,080","$3,140","$2,826","$3,454"
10998,METRO35620M39100,"Poughkeepsie-Newburgh-Middletown, NY HUD Metro
FMR Area","$1,260","$1,134","$1,386","$1,340","$1,206","$1,474","$1,700","$1,530","$1,870","$2,160","$1,944","$2,376","$2,430","$2,187","$2,673"
12501,METRO35620M39100,"Poughkeepsie-Newburgh-Middletown, NY HUD Metro
FMR Area","$1,060",$954,"$1,166","$1,130","$1,017","$1,243","$1,430","$1,287","$1,573","$1,820","$1,638","$2,002","$2,040","$1,836","$2,244"
12504,METRO35620M39100,"Poughkeepsie-Newburgh-Middletown, NY HUD Metro
FMR Area","$1,370","$1,233","$1,507","$1,460","$1,314","$1,606","$1,850","$1,665","$2,035","$2,360","$2,124","$2,596","$2,640","$2,376","$2,904"
12506,METRO35620M39100,"Poughkeepsie-Newburgh-Middletown, NY HUD Metro
FMR Area","$1,080",$972,"$1,188","$1,150","$1,035","$1,265","$1,450","$1,305","$1,595","$1,850","$1,665","$2,035","$2,070","$1,863","$2,277"
12507,METRO35620M39100,"Poughkeepsie-Newburgh-Middletown, NY HUD Metro
FMR Area","$1,120","$1,008","$1,232","$1,200","$1,080","$1,320","$1,510","$1,359","$1,661","$1,930","$1,737","$2,123","$2,160","$1,944","$2,376"
12508,METRO35620M39100,"Poughkeepsie-Newburgh-Middletown, NY HUD Metro
FMR Area","$1,210","$1,089","$1,331","$1,290","$1,161","$1,419","$1,630","$1,467","$1,793","$2,080","$1,872","$2,288","$2,330","$2,097","$2,563"
12510,METRO35620M39100,"Poughkeepsie-Newburgh-Middletown, NY HUD Metro
FMR Area","$1,080",$972,"$1,188","$1,150","$1,035","$1,265","$1,450","$1,305","$1,595","$1,850","$1,665","$2,035","$2,070","$1,863","$2,277"
12511,METRO35620M39100,"Poughkeepsie-Newburgh-Middletown, NY HUD Metro
FMR Area","$1,080",$972,"$1,188","$1,150","$1,035","$1,265","$1,450","$1,305","$1,595","$1,850","$1,665","$2,035","$2,070","$1,863","$2,277"
12512,METRO35620M39100,"Poughkeepsie-Newburgh-Middletown, NY HUD Metro
FMR Area","$1,220","$1,098","$1,342","$1,300","$1,170","$1,430","$1,640","$1,476","$1,804","$2,090","$1,881","$2,299","$2,340","$2,106","$2,574"
12514,METRO35620M39100,"Poughkeepsie-Newburgh-Middletown, NY HUD Metro
FMR Area","$1,160","$1,044","$1,276","$1,240","$1,116","$1,364","$1,570","$1,413","$1,727","$2,000","$1,800","$2,200","$2,240","$2,016","$2,464"
12518,METRO35620M39100,"Poughkeepsie-Newburgh-Middletown, NY HUD Metro
FMR Area","$1,210","$1,089","$1,331","$1,290","$1,161","$1,419","$1,630","$1,467","$1,793","$2,080","$1,872","$2,288","$2,330","$2,097","$2,563"
12520,METRO35620M39100,"Poughkeepsie-Newburgh-Middletown, NY HUD Metro
FMR Area","$1,220","$1,098","$1,342","$1,300","$1,170","$1,430","$1,640","$1,476","$1,804","$2,090","$1,881","$2,299","$2,340","$2,106","$2,574"
12522,METRO35620M39100,"Poughkeepsie-Newburgh-Middletown, NY HUD Metro
FMR Area",$920,$828,"$1,012","$1,010",$909,"$1,111","$1,260","$1,134","$1,386","$1,610","$1,449","$1,771","$1,850","$1,665","$2,035"
12524,METRO35620M39100,"Poughkeepsie-Newburgh-Middletown, NY HUD Metro
FMR Area","$1,500","$1,350","$1,650","$1,550","$1,395","$1,705","$1,760","$1,584","$1,936","$2,230","$2,007","$2,453","$2,400","$2,160","$2,640"
12527,METRO35620M39100,"Poughkeepsie-Newburgh-Middletown, NY HUD Metro
FMR Area","$1,080",$972,"$1,188","$1,150","$1,035","$1,265","$1,450","$1,305","$1,595","$1,850","$1,665","$2,035","$2,070","$1,863","$2,277"
12531,METRO35620M39100,"Poughkeepsie-Newburgh-Middletown, NY HUD Metro
FMR Area","$1,500","$1,350","$1,650","$1,550","$1,395","$1,705","$1,760","$1,584","$1,936","$2,230","$2,007","$2,453","$2,380","$2,142","$2,618"
12533,METRO35620M39100,"Poughkeepsie-Newburgh-Middletown, NY HUD Metro
FMR Area","$1,500","$1,350","$1,650","$1,550","$1,395","$1,705","$1,760","$1,584","$1,936","$2,230","$2,007","$2,453","$2,380","$2,142","$2,618"
12537,METRO35620M39100,"Poughkeepsie-Newburgh-Middletown, NY HUD Metro
FMR Area","$1,080",$972,"$1,188","$1,150","$1,035","$1,265","$1,450","$1,305","$1,595","$1,850","$1,665","$2,035","$2,070","$1,863","$2,277"
12538,METRO35620M39100,"Poughkeepsie-Newburgh-Middletown, NY HUD Metro
FMR Area",$990,$891,"$1,089","$1,050",$945,"$1,155","$1,330","$1,197","$1,463","$1,690","$1,521","$1,859","$1,900","$1,710","$2,090"
12540,METRO35620M39100,"Poughkeepsie-Newburgh-Middletown, NY HUD Metro
FMR Area","$1,370","$1,233","$1,507","$1,460","$1,314","$1,606","$1,840","$1,656","$2,024","$2,340","$2,106","$2,574","$2,630","$2,367","$2,893"
12542,METRO35620M39100,"Poughkeepsie-Newburgh-Middletown, NY HUD Metro
FMR Area",$920,$828,"$1,012","$1,010",$909,"$1,111","$1,260","$1,134","$1,386","$1,610","$1,449","$1,771","$1,850","$1,665","$2,035"
12543,METRO35620M39100,"Poughkeepsie-Newburgh-Middletown, NY HUD Metro
FMR Area","$1,000",$900,"$1,100","$1,070",$963,"$1,177","$1,350","$1,215","$1,485","$1,720","$1,548","$1,892","$1,930","$1,737","$2,123"
12545,METRO35620M39100,"Poughkeepsie-Newburgh-Middletown, NY HUD Metro
FMR Area","$1,060",$954,"$1,166","$1,130","$1,017","$1,243","$1,430","$1,287","$1,573","$1,820","$1,638","$2,002","$2,040","$1,836","$2,244"
12546,METRO35620M39100,"Poughkeepsie-Newburgh-Middletown, NY HUD Metro
FMR Area","$1,010",$909,"$1,111","$1,080",$972,"$1,188","$1,360","$1,224","$1,496","$1,730","$1,557","$1,903","$1,940","$1,746","$2,134"
12549,METRO35620M39100,"Poughkeepsie-Newburgh-Middletown, NY HUD Metro
FMR Area","$1,140","$1,026","$1,254","$1,210","$1,089","$1,331","$1,530","$1,377","$1,683","$1,950","$1,755","$2,145","$2,190","$1,971","$2,409"
12550,METRO35620M39100,"Poughkeepsie-Newburgh-Middletown, NY HUD Metro
FMR Area","$1,020",$918,"$1,122","$1,080",$972,"$1,188","$1,370","$1,233","$1,507","$1,740","$1,566","$1,914","$1,960","$1,764","$2,156"
12551,METRO35620M39100,"Poughkeepsie-Newburgh-Middletown, NY HUD Metro
FMR Area","$1,100",$990,"$1,210","$1,170","$1,053","$1,287","$1,480","$1,332","$1,628","$1,880","$1,692","$2,068","$2,120","$1,908","$2,332"
12552,METRO35620M39100,"Poughkeepsie-Newburgh-Middletown, NY HUD Metro
FMR Area","$1,100",$990,"$1,210","$1,170","$1,053","$1,287","$1,480","$1,332","$1,628","$1,880","$1,692","$2,068","$2,120","$1,908","$2,332"
12553,METRO35620M39100,"Poughkeepsie-Newburgh-Middletown, NY HUD Metro
FMR Area","$1,120","$1,008","$1,232","$1,190","$1,071","$1,309","$1,510","$1,359","$1,661","$1,920","$1,728","$2,112","$2,160","$1,944","$2,376"
12555,METRO35620M39100,"Poughkeepsie-Newburgh-Middletown, NY HUD Metro
FMR Area","$1,100",$990,"$1,210","$1,170","$1,053","$1,287","$1,480","$1,332","$1,628","$1,880","$1,692","$2,068","$2,120","$1,908","$2,332"
12564,METRO35620M39100,"Poughkeepsie-Newburgh-Middletown, NY HUD Metro
FMR Area","$1,500","$1,350","$1,650","$1,550","$1,395","$1,705","$1,760","$1,584","$1,936","$2,230","$2,007","$2,453","$2,380","$2,142","$2,618"
12566,METRO35620M39100,"Poughkeepsie-Newburgh-Middletown, NY HUD Metro
FMR Area",$920,$828,"$1,012","$1,010",$909,"$1,111","$1,260","$1,134","$1,386","$1,610","$1,449","$1,771","$1,850","$1,665","$2,035"
12567,METRO35620M39100,"Poughkeepsie-Newburgh-Middletown, NY HUD Metro
FMR Area","$1,050",$945,"$1,155","$1,120","$1,008","$1,232","$1,410","$1,269","$1,551","$1,800","$1,620","$1,980","$2,020","$1,818","$2,222"
12569,METRO35620M39100,"Poughkeepsie-Newburgh-Middletown, NY HUD Metro
FMR Area","$1,220","$1,098","$1,342","$1,300","$1,170","$1,430","$1,640","$1,476","$1,804","$2,090","$1,881","$2,299","$2,340","$2,106","$2,574"
12570,METRO35620M39100,"Poughkeepsie-Newburgh-Middletown, NY HUD Metro
FMR Area","$1,350","$1,215","$1,485","$1,440","$1,296","$1,584","$1,820","$1,638","$2,002","$2,320","$2,088","$2,552","$2,600","$2,340","$2,860"
12571,METRO35620M39100,"Poughkeepsie-Newburgh-Middletown, NY HUD Metro
FMR Area","$1,040",$936,"$1,144","$1,110",$999,"$1,221","$1,400","$1,260","$1,540","$1,780","$1,602","$1,958","$2,000","$1,800","$2,200"
12572,METRO35620M39100,"Poughkeepsie-Newburgh-Middletown, NY HUD Metro
FMR Area","$1,120","$1,008","$1,232","$1,190","$1,071","$1,309","$1,510","$1,359","$1,661","$1,920","$1,728","$2,112","$2,160","$1,944","$2,376"
12574,METRO35620M39100,"Poughkeepsie-Newburgh-Middletown, NY HUD Metro
FMR Area","$1,120","$1,008","$1,232","$1,190","$1,071","$1,309","$1,510","$1,359","$1,661","$1,920","$1,728","$2,112","$2,160","$1,944","$2,376"
12575,METRO35620M39100,"Poughkeepsie-Newburgh-Middletown, NY HUD Metro
FMR Area","$1,030",$927,"$1,133","$1,100",$990,"$1,210","$1,390","$1,251","$1,529","$1,770","$1,593","$1,947","$1,980","$1,782","$2,178"
12577,METRO35620M39100,"Poughkeepsie-Newburgh-Middletown, NY HUD Metro
FMR Area","$1,580","$1,422","$1,738","$1,680","$1,512","$1,848","$2,130","$1,917","$2,343","$2,710","$2,439","$2,981","$3,040","$2,736","$3,344"
12578,METRO35620M39100,"Poughkeepsie-Newburgh-Middletown, NY HUD Metro
FMR Area","$1,090",$981,"$1,199","$1,160","$1,044","$1,276","$1,470","$1,323","$1,617","$1,870","$1,683","$2,057","$2,100","$1,890","$2,310"
12580,METRO35620M39100,"Poughkeepsie-Newburgh-Middletown, NY HUD Metro
FMR Area",$920,$828,"$1,012","$1,010",$909,"$1,111","$1,260","$1,134","$1,386","$1,610","$1,449","$1,771","$1,850","$1,665","$2,035"
12581,METRO35620M39100,"Poughkeepsie-Newburgh-Middletown, NY HUD Metro
FMR Area","$1,080",$972,"$1,188","$1,150","$1,035","$1,265","$1,450","$1,305","$1,595","$1,850","$1,665","$2,035","$2,070","$1,863","$2,277"
12582,METRO35620M39100,"Poughkeepsie-Newburgh-Middletown, NY HUD Metro
FMR Area","$1,500","$1,350","$1,650","$1,550","$1,395","$1,705","$1,760","$1,584","$1,936","$2,230","$2,007","$2,453","$2,380","$2,142","$2,618"
12583,METRO35620M39100,"Poughkeepsie-Newburgh-Middletown, NY HUD Metro
FMR Area","$1,220","$1,098","$1,342","$1,300","$1,170","$1,430","$1,640","$1,476","$1,804","$2,090","$1,881","$2,299","$2,340","$2,106","$2,574"
12584,METRO35620M39100,"Poughkeepsie-Newburgh-Middletown, NY HUD Metro
FMR Area","$1,100",$990,"$1,210","$1,170","$1,053","$1,287","$1,480","$1,332","$1,628","$1,880","$1,692","$2,068","$2,120","$1,908","$2,332"
12585,METRO35620M39100,"Poughkeepsie-Newburgh-Middletown, NY HUD Metro
FMR Area",$920,$828,"$1,012","$1,010",$909,"$1,111","$1,260","$1,134","$1,386","$1,610","$1,449","$1,771","$1,850","$1,665","$2,035"
12586,METRO35620M39100,"Poughkeepsie-Newburgh-Middletown, NY HUD Metro
FMR Area","$1,150","$1,035","$1,265","$1,230","$1,107","$1,353","$1,550","$1,395","$1,705","$1,970","$1,773","$2,167","$2,220","$1,998","$2,442"
12589,METRO35620M39100,"Poughkeepsie-Newburgh-Middletown, NY HUD Metro
FMR Area",$920,$828,"$1,012","$1,010",$909,"$1,111","$1,260","$1,134","$1,386","$1,620","$1,458","$1,782","$1,850","$1,665","$2,035"
12590,METRO35620M39100,"Poughkeepsie-Newburgh-Middletown, NY HUD Metro
FMR Area","$1,220","$1,098","$1,342","$1,300","$1,170","$1,430","$1,640","$1,476","$1,804","$2,090","$1,881","$2,299","$2,340","$2,106","$2,574"
12592,METRO35620M39100,"Poughkeepsie-Newburgh-Middletown, NY HUD Metro
FMR Area",$980,$882,"$1,078","$1,040",$936,"$1,144","$1,320","$1,188","$1,452","$1,680","$1,512","$1,848","$1,880","$1,692","$2,068"
12594,METRO35620M39100,"Poughkeepsie-Newburgh-Middletown, NY HUD Metro
FMR Area",$920,$828,"$1,012","$1,010",$909,"$1,111","$1,260","$1,134","$1,386","$1,610","$1,449","$1,771","$1,850","$1,665","$2,035"
12601,METRO35620M39100,"Poughkeepsie-Newburgh-Middletown, NY HUD Metro
FMR Area","$1,050",$945,"$1,155","$1,120","$1,008","$1,232","$1,410","$1,269","$1,551","$1,800","$1,620","$1,980","$2,020","$1,818","$2,222"
12602,METRO35620M39100,"Poughkeepsie-Newburgh-Middletown, NY HUD Metro
FMR Area","$1,080",$972,"$1,188","$1,150","$1,035","$1,265","$1,450","$1,305","$1,595","$1,850","$1,665","$2,035","$2,070","$1,863","$2,277"
12603,METRO35620M39100,"Poughkeepsie-Newburgh-Middletown, NY HUD Metro
FMR Area","$1,110",$999,"$1,221","$1,180","$1,062","$1,298","$1,490","$1,341","$1,639","$1,900","$1,710","$2,090","$2,130","$1,917","$2,343"
12604,METRO35620M39100,"Poughkeepsie-Newburgh-Middletown, NY HUD Metro
FMR Area","$1,110",$999,"$1,221","$1,180","$1,062","$1,298","$1,490","$1,341","$1,639","$1,900","$1,710","$2,090","$2,130","$1,917","$2,343"
12721,METRO35620M39100,"Poughkeepsie-Newburgh-Middletown, NY HUD Metro
FMR Area","$1,020",$918,"$1,122","$1,090",$981,"$1,199","$1,380","$1,242","$1,518","$1,760","$1,584","$1,936","$1,970","$1,773","$2,167"
12729,METRO35620M39100,"Poughkeepsie-Newburgh-Middletown, NY HUD Metro
FMR Area","$1,050",$945,"$1,155","$1,120","$1,008","$1,232","$1,410","$1,269","$1,551","$1,800","$1,620","$1,980","$2,020","$1,818","$2,222"
12746,METRO35620M39100,"Poughkeepsie-Newburgh-Middletown, NY HUD Metro
FMR Area",$990,$891,"$1,089","$1,060",$954,"$1,166","$1,340","$1,206","$1,474","$1,710","$1,539","$1,881","$1,920","$1,728","$2,112"
12754,METRO35620M39100,"Poughkeepsie-Newburgh-Middletown, NY HUD Metro
FMR Area","$1,100",$990,"$1,210","$1,170","$1,053","$1,287","$1,480","$1,332","$1,628","$1,880","$1,692","$2,068","$2,120","$1,908","$2,332"
12771,METRO35620M39100,"Poughkeepsie-Newburgh-Middletown, NY HUD Metro
FMR Area",$920,$828,"$1,012","$1,010",$909,"$1,111","$1,260","$1,134","$1,386","$1,610","$1,449","$1,771","$1,850","$1,665","$2,035"
12780,METRO35620M39100,"Poughkeepsie-Newburgh-Middletown, NY HUD Metro
FMR Area","$1,050",$945,"$1,155","$1,120","$1,008","$1,232","$1,410","$1,269","$1,551","$1,800","$1,620","$1,980","$2,020","$1,818","$2,222"
12785,METRO35620M39100,"Poughkeepsie-Newburgh-Middletown, NY HUD Metro
FMR Area","$1,010",$909,"$1,111","$1,080",$972,"$1,188","$1,360","$1,224","$1,496","$1,730","$1,557","$1,903","$1,940","$1,746","$2,134"
06390,METRO35620MM5380,"Nassau-Suffolk, NY HUD Metro FMR Area","$1,170","$1,053","$1,287","$1,470","$1,323","$1,617","$1,800","$1,620","$1,980","$2,310","$2,079","$2,541","$2,580","$2,322","$2,838"
11001,METRO35620MM5380,"Nassau-Suffolk, NY HUD Metro FMR Area","$1,500","$1,350","$1,650","$1,590","$1,431","$1,749","$1,920","$1,728","$2,112","$2,450","$2,205","$2,695","$2,700","$2,430","$2,970"
11002,METRO35620MM5380,"Nassau-Suffolk, NY HUD Metro FMR Area","$1,370","$1,233","$1,507","$1,690","$1,521","$1,859","$2,070","$1,863","$2,277","$2,650","$2,385","$2,915","$2,950","$2,655","$3,245"
11003,METRO35620MM5380,"Nassau-Suffolk, NY HUD Metro FMR Area","$1,500","$1,350","$1,650","$1,670","$1,503","$1,837","$2,050","$1,845","$2,255","$2,630","$2,367","$2,893","$2,920","$2,628","$3,212"
11004,METRO35620MM5380,"Nassau-Suffolk, NY HUD Metro FMR Area","$1,760","$1,584","$1,936","$1,800","$1,620","$1,980","$2,050","$1,845","$2,255","$2,590","$2,331","$2,849","$2,780","$2,502","$3,058"
11005,METRO35620MM5380,"Nassau-Suffolk, NY HUD Metro FMR Area","$2,640","$2,376","$2,904","$2,700","$2,430","$2,970","$3,080","$2,772","$3,388","$3,900","$3,510","$4,290","$4,180","$3,762","$4,598"
11010,METRO35620MM5380,"Nassau-Suffolk, NY HUD Metro FMR Area","$1,230","$1,107","$1,353","$1,520","$1,368","$1,672","$1,860","$1,674","$2,046","$2,380","$2,142","$2,618","$2,650","$2,385","$2,915"
11020,METRO35620MM5380,"Nassau-Suffolk, NY HUD Metro FMR Area","$1,760","$1,584","$1,936","$2,200","$1,980","$2,420","$2,700","$2,430","$2,970","$3,470","$3,123","$3,817","$3,870","$3,483","$4,257"
11021,METRO35620MM5380,"Nassau-Suffolk, NY HUD Metro FMR Area","$1,370","$1,233","$1,507","$1,700","$1,530","$1,870","$2,080","$1,872","$2,288","$2,660","$2,394","$2,926","$2,960","$2,664","$3,256"
11022,METRO35620MM5380,"Nassau-Suffolk, NY HUD Metro FMR Area","$1,370","$1,233","$1,507","$1,690","$1,521","$1,859","$2,070","$1,863","$2,277","$2,650","$2,385","$2,915","$2,950","$2,655","$3,245"
11023,METRO35620MM5380,"Nassau-Suffolk, NY HUD Metro FMR Area","$2,010","$1,809","$2,211","$2,490","$2,241","$2,739","$3,050","$2,745","$3,355","$3,910","$3,519","$4,301","$4,340","$3,906","$4,774"
11024,METRO35620MM5380,"Nassau-Suffolk, NY HUD Metro FMR Area","$1,290","$1,161","$1,419","$1,600","$1,440","$1,760","$1,960","$1,764","$2,156","$2,510","$2,259","$2,761","$2,790","$2,511","$3,069"
11030,METRO35620MM5380,"Nassau-Suffolk, NY HUD Metro FMR Area","$1,440","$1,296","$1,584","$1,790","$1,611","$1,969","$2,190","$1,971","$2,409","$2,800","$2,520","$3,080","$3,120","$2,808","$3,432"
11040,METRO35620MM5380,"Nassau-Suffolk, NY HUD Metro FMR Area","$1,500","$1,350","$1,650","$1,680","$1,512","$1,848","$2,050","$1,845","$2,255","$2,620","$2,358","$2,882","$2,910","$2,619","$3,201"
11042,METRO35620MM5380,"Nassau-Suffolk, NY HUD Metro FMR Area","$1,570","$1,413","$1,727","$1,820","$1,638","$2,002","$2,190","$1,971","$2,409","$2,790","$2,511","$3,069","$3,090","$2,781","$3,399"
11050,METRO35620MM5380,"Nassau-Suffolk, NY HUD Metro FMR Area","$1,600","$1,440","$1,760","$1,970","$1,773","$2,167","$2,420","$2,178","$2,662","$3,100","$2,790","$3,410","$3,440","$3,096","$3,784"
11096,METRO35620MM5380,"Nassau-Suffolk, NY HUD Metro FMR Area","$1,170","$1,053","$1,287","$1,470","$1,323","$1,617","$1,800","$1,620","$1,980","$2,310","$2,079","$2,541","$2,580","$2,322","$2,838"
11501,METRO35620MM5380,"Nassau-Suffolk, NY HUD Metro FMR Area","$1,250","$1,125","$1,375","$1,550","$1,395","$1,705","$1,900","$1,710","$2,090","$2,430","$2,187","$2,673","$2,700","$2,430","$2,970"
11507,METRO35620MM5380,"Nassau-Suffolk, NY HUD Metro FMR Area","$1,570","$1,413","$1,727","$1,940","$1,746","$2,134","$2,380","$2,142","$2,618","$3,050","$2,745","$3,355","$3,390","$3,051","$3,729"
11509,METRO35620MM5380,"Nassau-Suffolk, NY HUD Metro FMR Area","$2,010","$1,809","$2,211","$2,490","$2,241","$2,739","$3,050","$2,745","$3,355","$3,910","$3,519","$4,301","$4,340","$3,906","$4,774"
11510,METRO35620MM5380,"Nassau-Suffolk, NY HUD Metro FMR Area","$1,440","$1,296","$1,584","$1,780","$1,602","$1,958","$2,180","$1,962","$2,398","$2,790","$2,511","$3,069","$3,100","$2,790","$3,410"
11514,METRO35620MM5380,"Nassau-Suffolk, NY HUD Metro FMR Area","$1,330","$1,197","$1,463","$1,640","$1,476","$1,804","$2,010","$1,809","$2,211","$2,570","$2,313","$2,827","$2,860","$2,574","$3,146"
11516,METRO35620MM5380,"Nassau-Suffolk, NY HUD Metro FMR Area","$1,380","$1,242","$1,518","$1,700","$1,530","$1,870","$2,090","$1,881","$2,299","$2,680","$2,412","$2,948","$2,970","$2,673","$3,267"
11518,METRO35620MM5380,"Nassau-Suffolk, NY HUD Metro FMR Area","$1,530","$1,377","$1,683","$1,890","$1,701","$2,079","$2,320","$2,088","$2,552","$2,970","$2,673","$3,267","$3,300","$2,970","$3,630"
11520,METRO35620MM5380,"Nassau-Suffolk, NY HUD Metro FMR Area","$1,170","$1,053","$1,287","$1,470","$1,323","$1,617","$1,800","$1,620","$1,980","$2,310","$2,079","$2,541","$2,580","$2,322","$2,838"
11530,METRO35620MM5380,"Nassau-Suffolk, NY HUD Metro FMR Area","$2,010","$1,809","$2,211","$2,490","$2,241","$2,739","$3,050","$2,745","$3,355","$3,910","$3,519","$4,301","$4,340","$3,906","$4,774"
11531,METRO35620MM5380,"Nassau-Suffolk, NY HUD Metro FMR Area","$1,370","$1,233","$1,507","$1,690","$1,521","$1,859","$2,070","$1,863","$2,277","$2,650","$2,385","$2,915","$2,950","$2,655","$3,245"
11542,METRO35620MM5380,"Nassau-Suffolk, NY HUD Metro FMR Area","$1,420","$1,278","$1,562","$1,750","$1,575","$1,925","$2,150","$1,935","$2,365","$2,750","$2,475","$3,025","$3,060","$2,754","$3,366"
11545,METRO35620MM5380,"Nassau-Suffolk, NY HUD Metro FMR Area","$1,430","$1,287","$1,573","$1,770","$1,593","$1,947","$2,170","$1,953","$2,387","$2,780","$2,502","$3,058","$3,090","$2,781","$3,399"
11547,METRO35620MM5380,"Nassau-Suffolk, NY HUD Metro FMR Area","$1,540","$1,386","$1,694","$1,900","$1,710","$2,090","$2,330","$2,097","$2,563","$2,990","$2,691","$3,289","$3,320","$2,988","$3,652"
11548,METRO35620MM5380,"Nassau-Suffolk, NY HUD Metro FMR Area","$1,520","$1,368","$1,672","$1,880","$1,692","$2,068","$2,300","$2,070","$2,530","$2,950","$2,655","$3,245","$3,280","$2,952","$3,608"
11549,METRO35620MM5380,"Nassau-Suffolk, NY HUD Metro FMR Area","$1,180","$1,062","$1,298","$1,470","$1,323","$1,617","$1,800","$1,620","$1,980","$2,310","$2,079","$2,541","$2,580","$2,322","$2,838"
11550,METRO35620MM5380,"Nassau-Suffolk, NY HUD Metro FMR Area","$1,210","$1,089","$1,331","$1,500","$1,350","$1,650","$1,840","$1,656","$2,024","$2,360","$2,124","$2,596","$2,620","$2,358","$2,882"
11551,METRO35620MM5380,"Nassau-Suffolk, NY HUD Metro FMR Area","$1,370","$1,233","$1,507","$1,690","$1,521","$1,859","$2,070","$1,863","$2,277","$2,650","$2,385","$2,915","$2,950","$2,655","$3,245"
11552,METRO35620MM5380,"Nassau-Suffolk, NY HUD Metro FMR Area","$1,480","$1,332","$1,628","$1,830","$1,647","$2,013","$2,240","$2,016","$2,464","$2,870","$2,583","$3,157","$3,190","$2,871","$3,509"
11553,METRO35620MM5380,"Nassau-Suffolk, NY HUD Metro FMR Area","$1,170","$1,053","$1,287","$1,470","$1,323","$1,617","$1,800","$1,620","$1,980","$2,310","$2,079","$2,541","$2,580","$2,322","$2,838"
11554,METRO35620MM5380,"Nassau-Suffolk, NY HUD Metro FMR Area","$1,710","$1,539","$1,881","$2,110","$1,899","$2,321","$2,590","$2,331","$2,849","$3,320","$2,988","$3,652","$3,690","$3,321","$4,059"
11556,METRO35620MM5380,"Nassau-Suffolk, NY HUD Metro FMR Area","$1,370","$1,233","$1,507","$1,690","$1,521","$1,859","$2,070","$1,863","$2,277","$2,650","$2,385","$2,915","$2,950","$2,655","$3,245"
11557,METRO35620MM5380,"Nassau-Suffolk, NY HUD Metro FMR Area","$1,320","$1,188","$1,452","$1,640","$1,476","$1,804","$2,030","$1,827","$2,233","$2,610","$2,349","$2,871","$2,920","$2,628","$3,212"
11558,METRO35620MM5380,"Nassau-Suffolk, NY HUD Metro FMR Area","$1,330","$1,197","$1,463","$1,650","$1,485","$1,815","$2,020","$1,818","$2,222","$2,590","$2,331","$2,849","$2,870","$2,583","$3,157"
11559,METRO35620MM5380,"Nassau-Suffolk, NY HUD Metro FMR Area","$1,500","$1,350","$1,650","$1,660","$1,494","$1,826","$2,030","$1,827","$2,233","$2,600","$2,340","$2,860","$2,890","$2,601","$3,179"
11560,METRO35620MM5380,"Nassau-Suffolk, NY HUD Metro FMR Area","$1,440","$1,296","$1,584","$1,780","$1,602","$1,958","$2,180","$1,962","$2,398","$2,790","$2,511","$3,069","$3,100","$2,790","$3,410"
11561,METRO35620MM5380,"Nassau-Suffolk, NY HUD Metro FMR Area","$1,580","$1,422","$1,738","$1,960","$1,764","$2,156","$2,400","$2,160","$2,640","$3,070","$2,763","$3,377","$3,420","$3,078","$3,762"
11563,METRO35620MM5380,"Nassau-Suffolk, NY HUD Metro FMR Area","$1,380","$1,242","$1,518","$1,700","$1,530","$1,870","$2,090","$1,881","$2,299","$2,680","$2,412","$2,948","$2,970","$2,673","$3,267"
11565,METRO35620MM5380,"Nassau-Suffolk, NY HUD Metro FMR Area","$1,260","$1,134","$1,386","$1,560","$1,404","$1,716","$1,910","$1,719","$2,101","$2,450","$2,205","$2,695","$2,720","$2,448","$2,992"
11566,METRO35620MM5380,"Nassau-Suffolk, NY HUD Metro FMR Area","$1,710","$1,539","$1,881","$2,110","$1,899","$2,321","$2,590","$2,331","$2,849","$3,320","$2,988","$3,652","$3,690","$3,321","$4,059"
11568,METRO35620MM5380,"Nassau-Suffolk, NY HUD Metro FMR Area","$1,500","$1,350","$1,650","$1,850","$1,665","$2,035","$2,270","$2,043","$2,497","$2,910","$2,619","$3,201","$3,230","$2,907","$3,553"
11569,METRO35620MM5380,"Nassau-Suffolk, NY HUD Metro FMR Area","$1,520","$1,368","$1,672","$1,880","$1,692","$2,068","$2,310","$2,079","$2,541","$2,960","$2,664","$3,256","$3,290","$2,961","$3,619"
11570,METRO35620MM5380,"Nassau-Suffolk, NY HUD Metro FMR Area","$1,320","$1,188","$1,452","$1,630","$1,467","$1,793","$2,000","$1,800","$2,200","$2,560","$2,304","$2,816","$2,850","$2,565","$3,135"
11571,METRO35620MM5380,"Nassau-Suffolk, NY HUD Metro FMR Area","$1,370","$1,233","$1,507","$1,690","$1,521","$1,859","$2,070","$1,863","$2,277","$2,650","$2,385","$2,915","$2,950","$2,655","$3,245"
11572,METRO35620MM5380,"Nassau-Suffolk, NY HUD Metro FMR Area","$1,170","$1,053","$1,287","$1,470","$1,323","$1,617","$1,800","$1,620","$1,980","$2,310","$2,079","$2,541","$2,580","$2,322","$2,838"
11575,METRO35620MM5380,"Nassau-Suffolk, NY HUD Metro FMR Area","$1,440","$1,296","$1,584","$1,790","$1,611","$1,969","$2,190","$1,971","$2,409","$2,800","$2,520","$3,080","$3,120","$2,808","$3,432"
11576,METRO35620MM5380,"Nassau-Suffolk, NY HUD Metro FMR Area","$1,680","$1,512","$1,848","$2,080","$1,872","$2,288","$2,550","$2,295","$2,805","$3,270","$2,943","$3,597","$3,630","$3,267","$3,993"
11577,METRO35620MM5380,"Nassau-Suffolk, NY HUD Metro FMR Area","$1,620","$1,458","$1,782","$2,000","$1,800","$2,200","$2,450","$2,205","$2,695","$3,140","$2,826","$3,454","$3,490","$3,141","$3,839"
11579,METRO35620MM5380,"Nassau-Suffolk, NY HUD Metro FMR Area","$1,530","$1,377","$1,683","$1,890","$1,701","$2,079","$2,320","$2,088","$2,552","$2,970","$2,673","$3,267","$3,300","$2,970","$3,630"
11580,METRO35620MM5380,"Nassau-Suffolk, NY HUD Metro FMR Area","$1,500","$1,350","$1,650","$1,560","$1,404","$1,716","$1,910","$1,719","$2,101","$2,450","$2,205","$2,695","$2,720","$2,448","$2,992"
11581,METRO35620MM5380,"Nassau-Suffolk, NY HUD Metro FMR Area","$1,360","$1,224","$1,496","$1,680","$1,512","$1,848","$2,060","$1,854","$2,266","$2,640","$2,376","$2,904","$2,930","$2,637","$3,223"
11582,METRO35620MM5380,"Nassau-Suffolk, NY HUD Metro FMR Area","$1,370","$1,233","$1,507","$1,690","$1,521","$1,859","$2,070","$1,863","$2,277","$2,650","$2,385","$2,915","$2,950","$2,655","$3,245"
11590,METRO35620MM5380,"Nassau-Suffolk, NY HUD Metro FMR Area","$1,490","$1,341","$1,639","$1,840","$1,656","$2,024","$2,260","$2,034","$2,486","$2,890","$2,601","$3,179","$3,220","$2,898","$3,542"
11596,METRO35620MM5380,"Nassau-Suffolk, NY HUD Metro FMR Area","$1,380","$1,242","$1,518","$1,700","$1,530","$1,870","$2,090","$1,881","$2,299","$2,680","$2,412","$2,948","$2,970","$2,673","$3,267"
11598,METRO35620MM5380,"Nassau-Suffolk, NY HUD Metro FMR Area","$1,500","$1,350","$1,650","$1,860","$1,674","$2,046","$2,280","$2,052","$2,508","$2,920","$2,628","$3,212","$3,240","$2,916","$3,564"
11691,METRO35620MM5380,"Nassau-Suffolk, NY HUD Metro FMR Area","$1,670","$1,503","$1,837","$1,710","$1,539","$1,881","$1,950","$1,755","$2,145","$2,470","$2,223","$2,717","$2,640","$2,376","$2,904"
11701,METRO35620MM5380,"Nassau-Suffolk, NY HUD Metro FMR Area","$1,190","$1,071","$1,309","$1,480","$1,332","$1,628","$1,810","$1,629","$1,991","$2,320","$2,088","$2,552","$2,580","$2,322","$2,838"
11702,METRO35620MM5380,"Nassau-Suffolk, NY HUD Metro FMR Area","$1,410","$1,269","$1,551","$1,740","$1,566","$1,914","$2,130","$1,917","$2,343","$2,730","$2,457","$3,003","$3,030","$2,727","$3,333"
11703,METRO35620MM5380,"Nassau-Suffolk, NY HUD Metro FMR Area","$1,440","$1,296","$1,584","$1,790","$1,611","$1,969","$2,190","$1,971","$2,409","$2,800","$2,520","$3,080","$3,120","$2,808","$3,432"
11704,METRO35620MM5380,"Nassau-Suffolk, NY HUD Metro FMR Area","$1,310","$1,179","$1,441","$1,610","$1,449","$1,771","$1,980","$1,782","$2,178","$2,540","$2,286","$2,794","$2,820","$2,538","$3,102"
11705,METRO35620MM5380,"Nassau-Suffolk, NY HUD Metro FMR Area","$1,390","$1,251","$1,529","$1,710","$1,539","$1,881","$2,100","$1,890","$2,310","$2,690","$2,421","$2,959","$2,990","$2,691","$3,289"
11706,METRO35620MM5380,"Nassau-Suffolk, NY HUD Metro FMR Area","$1,250","$1,125","$1,375","$1,540","$1,386","$1,694","$1,890","$1,701","$2,079","$2,420","$2,178","$2,662","$2,690","$2,421","$2,959"
11709,METRO35620MM5380,"Nassau-Suffolk, NY HUD Metro FMR Area","$1,170","$1,053","$1,287","$1,470","$1,323","$1,617","$1,800","$1,620","$1,980","$2,310","$2,079","$2,541","$2,580","$2,322","$2,838"
11710,METRO35620MM5380,"Nassau-Suffolk, NY HUD Metro FMR Area","$1,340","$1,206","$1,474","$1,660","$1,494","$1,826","$2,030","$1,827","$2,233","$2,600","$2,340","$2,860","$2,890","$2,601","$3,179"
11713,METRO35620MM5380,"Nassau-Suffolk, NY HUD Metro FMR Area","$1,650","$1,485","$1,815","$2,040","$1,836","$2,244","$2,500","$2,250","$2,750","$3,200","$2,880","$3,520","$3,560","$3,204","$3,916"
11714,METRO35620MM5380,"Nassau-Suffolk, NY HUD Metro FMR Area","$1,510","$1,359","$1,661","$1,870","$1,683","$2,057","$2,290","$2,061","$2,519","$2,930","$2,637","$3,223","$3,260","$2,934","$3,586"
11715,METRO35620MM5380,"Nassau-Suffolk, NY HUD Metro FMR Area","$1,300","$1,170","$1,430","$1,610","$1,449","$1,771","$1,970","$1,773","$2,167","$2,520","$2,268","$2,772","$2,800","$2,520","$3,080"
11716,METRO35620MM5380,"Nassau-Suffolk, NY HUD Metro FMR Area","$1,320","$1,188","$1,452","$1,630","$1,467","$1,793","$2,000","$1,800","$2,200","$2,560","$2,304","$2,816","$2,850","$2,565","$3,135"
11717,METRO35620MM5380,"Nassau-Suffolk, NY HUD Metro FMR Area","$1,180","$1,062","$1,298","$1,470","$1,323","$1,617","$1,800","$1,620","$1,980","$2,310","$2,079","$2,541","$2,580","$2,322","$2,838"
11718,METRO35620MM5380,"Nassau-Suffolk, NY HUD Metro FMR Area","$1,170","$1,053","$1,287","$1,470","$1,323","$1,617","$1,800","$1,620","$1,980","$2,310","$2,079","$2,541","$2,580","$2,322","$2,838"
11719,METRO35620MM5380,"Nassau-Suffolk, NY HUD Metro FMR Area","$1,190","$1,071","$1,309","$1,480","$1,332","$1,628","$1,810","$1,629","$1,991","$2,320","$2,088","$2,552","$2,580","$2,322","$2,838"
11720,METRO35620MM5380,"Nassau-Suffolk, NY HUD Metro FMR Area","$1,380","$1,242","$1,518","$1,700","$1,530","$1,870","$2,090","$1,881","$2,299","$2,680","$2,412","$2,948","$3,000","$2,700","$3,300"
11721,METRO35620MM5380,"Nassau-Suffolk, NY HUD Metro FMR Area","$1,290","$1,161","$1,419","$1,620","$1,458","$1,782","$1,980","$1,782","$2,178","$2,540","$2,286","$2,794","$2,850","$2,565","$3,135"
11722,METRO35620MM5380,"Nassau-Suffolk, NY HUD Metro FMR Area","$1,310","$1,179","$1,441","$1,610","$1,449","$1,771","$1,980","$1,782","$2,178","$2,540","$2,286","$2,794","$2,820","$2,538","$3,102"
11724,METRO35620MM5380,"Nassau-Suffolk, NY HUD Metro FMR Area","$1,980","$1,782","$2,178","$2,450","$2,205","$2,695","$3,000","$2,700","$3,300","$3,840","$3,456","$4,224","$4,270","$3,843","$4,697"
11725,METRO35620MM5380,"Nassau-Suffolk, NY HUD Metro FMR Area","$1,370","$1,233","$1,507","$1,700","$1,530","$1,870","$2,080","$1,872","$2,288","$2,660","$2,394","$2,926","$2,960","$2,664","$3,256"
11726,METRO35620MM5380,"Nassau-Suffolk, NY HUD Metro FMR Area","$1,240","$1,116","$1,364","$1,530","$1,377","$1,683","$1,880","$1,692","$2,068","$2,410","$2,169","$2,651","$2,680","$2,412","$2,948"
11727,METRO35620MM5380,"Nassau-Suffolk, NY HUD Metro FMR Area","$1,480","$1,332","$1,628","$1,830","$1,647","$2,013","$2,250","$2,025","$2,475","$2,880","$2,592","$3,168","$3,200","$2,880","$3,520"
11729,METRO35620MM5380,"Nassau-Suffolk, NY HUD Metro FMR Area","$1,290","$1,161","$1,419","$1,590","$1,431","$1,749","$1,950","$1,755","$2,145","$2,500","$2,250","$2,750","$2,770","$2,493","$3,047"
11730,METRO35620MM5380,"Nassau-Suffolk, NY HUD Metro FMR Area","$1,480","$1,332","$1,628","$1,830","$1,647","$2,013","$2,240","$2,016","$2,464","$2,870","$2,583","$3,157","$3,190","$2,871","$3,509"
11731,METRO35620MM5380,"Nassau-Suffolk, NY HUD Metro FMR Area","$1,480","$1,332","$1,628","$1,830","$1,647","$2,013","$2,250","$2,025","$2,475","$2,880","$2,592","$3,168","$3,200","$2,880","$3,520"
11732,METRO35620MM5380,"Nassau-Suffolk, NY HUD Metro FMR Area","$1,740","$1,566","$1,914","$2,150","$1,935","$2,365","$2,640","$2,376","$2,904","$3,380","$3,042","$3,718","$3,760","$3,384","$4,136"
11733,METRO35620MM5380,"Nassau-Suffolk, NY HUD Metro FMR Area","$1,810","$1,629","$1,991","$2,240","$2,016","$2,464","$2,750","$2,475","$3,025","$3,520","$3,168","$3,872","$3,910","$3,519","$4,301"
11735,METRO35620MM5380,"Nassau-Suffolk, NY HUD Metro FMR Area","$1,330","$1,197","$1,463","$1,640","$1,476","$1,804","$2,010","$1,809","$2,211","$2,570","$2,313","$2,827","$2,860","$2,574","$3,146"
11738,METRO35620MM5380,"Nassau-Suffolk, NY HUD Metro FMR Area","$1,520","$1,368","$1,672","$1,880","$1,692","$2,068","$2,300","$2,070","$2,530","$2,950","$2,655","$3,245","$3,270","$2,943","$3,597"
11739,METRO35620MM5380,"Nassau-Suffolk, NY HUD Metro FMR Area","$1,400","$1,260","$1,540","$1,730","$1,557","$1,903","$2,120","$1,908","$2,332","$2,720","$2,448","$2,992","$3,020","$2,718","$3,322"
11740,METRO35620MM5380,"Nassau-Suffolk, NY HUD Metro FMR Area","$1,440","$1,296","$1,584","$1,780","$1,602","$1,958","$2,190","$1,971","$2,409","$2,800","$2,520","$3,080","$3,110","$2,799","$3,421"
11741,METRO35620MM5380,"Nassau-Suffolk, NY HUD Metro FMR Area","$1,470","$1,323","$1,617","$1,820","$1,638","$2,002","$2,230","$2,007","$2,453","$2,860","$2,574","$3,146","$3,170","$2,853","$3,487"
11742,METRO35620MM5380,"Nassau-Suffolk, NY HUD Metro FMR Area","$1,330","$1,197","$1,463","$1,640","$1,476","$1,804","$2,010","$1,809","$2,211","$2,570","$2,313","$2,827","$2,860","$2,574","$3,146"
11743,METRO35620MM5380,"Nassau-Suffolk, NY HUD Metro FMR Area","$1,480","$1,332","$1,628","$1,830","$1,647","$2,013","$2,250","$2,025","$2,475","$2,880","$2,592","$3,168","$3,200","$2,880","$3,520"
11746,METRO35620MM5380,"Nassau-Suffolk, NY HUD Metro FMR Area","$1,390","$1,251","$1,529","$1,710","$1,539","$1,881","$2,100","$1,890","$2,310","$2,690","$2,421","$2,959","$2,990","$2,691","$3,289"
11747,METRO35620MM5380,"Nassau-Suffolk, NY HUD Metro FMR Area","$1,950","$1,755","$2,145","$2,410","$2,169","$2,651","$2,960","$2,664","$3,256","$3,790","$3,411","$4,169","$4,210","$3,789","$4,631"
11749,METRO35620MM5380,"Nassau-Suffolk, NY HUD Metro FMR Area","$1,480","$1,332","$1,628","$1,830","$1,647","$2,013","$2,240","$2,016","$2,464","$2,870","$2,583","$3,157","$3,190","$2,871","$3,509"
11751,METRO35620MM5380,"Nassau-Suffolk, NY HUD Metro FMR Area","$1,170","$1,053","$1,287","$1,470","$1,323","$1,617","$1,800","$1,620","$1,980","$2,310","$2,079","$2,541","$2,580","$2,322","$2,838"
11752,METRO35620MM5380,"Nassau-Suffolk, NY HUD Metro FMR Area","$1,420","$1,278","$1,562","$1,750","$1,575","$1,925","$2,150","$1,935","$2,365","$2,750","$2,475","$3,025","$3,060","$2,754","$3,366"
11753,METRO35620MM5380,"Nassau-Suffolk, NY HUD Metro FMR Area","$1,410","$1,269","$1,551","$1,740","$1,566","$1,914","$2,130","$1,917","$2,343","$2,730","$2,457","$3,003","$3,030","$2,727","$3,333"
11754,METRO35620MM5380,"Nassau-Suffolk, NY HUD Metro FMR Area","$1,170","$1,053","$1,287","$1,470","$1,323","$1,617","$1,800","$1,620","$1,980","$2,310","$2,079","$2,541","$2,580","$2,322","$2,838"
11755,METRO35620MM5380,"Nassau-Suffolk, NY HUD Metro FMR Area","$1,420","$1,278","$1,562","$1,750","$1,575","$1,925","$2,150","$1,935","$2,365","$2,750","$2,475","$3,025","$3,060","$2,754","$3,366"
11756,METRO35620MM5380,"Nassau-Suffolk, NY HUD Metro FMR Area","$1,530","$1,377","$1,683","$1,890","$1,701","$2,079","$2,320","$2,088","$2,552","$2,970","$2,673","$3,267","$3,300","$2,970","$3,630"
11757,METRO35620MM5380,"Nassau-Suffolk, NY HUD Metro FMR Area","$1,200","$1,080","$1,320","$1,480","$1,332","$1,628","$1,820","$1,638","$2,002","$2,330","$2,097","$2,563","$2,590","$2,331","$2,849"
11758,METRO35620MM5380,"Nassau-Suffolk, NY HUD Metro FMR Area","$1,460","$1,314","$1,606","$1,810","$1,629","$1,991","$2,220","$1,998","$2,442","$2,840","$2,556","$3,124","$3,160","$2,844","$3,476"
11762,METRO35620MM5380,"Nassau-Suffolk, NY HUD Metro FMR Area","$1,870","$1,683","$2,057","$2,310","$2,079","$2,541","$2,830","$2,547","$3,113","$3,620","$3,258","$3,982","$4,030","$3,627","$4,433"
11763,METRO35620MM5380,"Nassau-Suffolk, NY HUD Metro FMR Area","$1,480","$1,332","$1,628","$1,830","$1,647","$2,013","$2,250","$2,025","$2,475","$2,880","$2,592","$3,168","$3,200","$2,880","$3,520"
11764,METRO35620MM5380,"Nassau-Suffolk, NY HUD Metro FMR Area","$1,170","$1,053","$1,287","$1,470","$1,323","$1,617","$1,800","$1,620","$1,980","$2,310","$2,079","$2,541","$2,580","$2,322","$2,838"
11765,METRO35620MM5380,"Nassau-Suffolk, NY HUD Metro FMR Area","$2,010","$1,809","$2,211","$2,490","$2,241","$2,739","$3,050","$2,745","$3,355","$3,910","$3,519","$4,301","$4,340","$3,906","$4,774"
11766,METRO35620MM5380,"Nassau-Suffolk, NY HUD Metro FMR Area","$1,330","$1,197","$1,463","$1,640","$1,476","$1,804","$2,010","$1,809","$2,211","$2,570","$2,313","$2,827","$2,860","$2,574","$3,146"
11767,METRO35620MM5380,"Nassau-Suffolk, NY HUD Metro FMR Area","$1,350","$1,215","$1,485","$1,670","$1,503","$1,837","$2,050","$1,845","$2,255","$2,620","$2,358","$2,882","$2,920","$2,628","$3,212"
11768,METRO35620MM5380,"Nassau-Suffolk, NY HUD Metro FMR Area","$1,330","$1,197","$1,463","$1,640","$1,476","$1,804","$2,010","$1,809","$2,211","$2,570","$2,313","$2,827","$2,860","$2,574","$3,146"
11769,METRO35620MM5380,"Nassau-Suffolk, NY HUD Metro FMR Area","$1,210","$1,089","$1,331","$1,500","$1,350","$1,650","$1,840","$1,656","$2,024","$2,360","$2,124","$2,596","$2,620","$2,358","$2,882"
11770,METRO35620MM5380,"Nassau-Suffolk, NY HUD Metro FMR Area","$1,250","$1,125","$1,375","$1,540","$1,386","$1,694","$1,890","$1,701","$2,079","$2,420","$2,178","$2,662","$2,690","$2,421","$2,959"
11771,METRO35620MM5380,"Nassau-Suffolk, NY HUD Metro FMR Area","$1,380","$1,242","$1,518","$1,700","$1,530","$1,870","$2,090","$1,881","$2,299","$2,680","$2,412","$2,948","$2,970","$2,673","$3,267"
11772,METRO35620MM5380,"Nassau-Suffolk, NY HUD Metro FMR Area","$1,240","$1,116","$1,364","$1,530","$1,377","$1,683","$1,880","$1,692","$2,068","$2,410","$2,169","$2,651","$2,680","$2,412","$2,948"
11773,METRO35620MM5380,"Nassau-Suffolk, NY HUD Metro FMR Area","$1,370","$1,233","$1,507","$1,690","$1,521","$1,859","$2,070","$1,863","$2,277","$2,650","$2,385","$2,915","$2,950","$2,655","$3,245"
11776,METRO35620MM5380,"Nassau-Suffolk, NY HUD Metro FMR Area","$1,410","$1,269","$1,551","$1,740","$1,566","$1,914","$2,130","$1,917","$2,343","$2,730","$2,457","$3,003","$3,030","$2,727","$3,333"
11777,METRO35620MM5380,"Nassau-Suffolk, NY HUD Metro FMR Area","$1,350","$1,215","$1,485","$1,660","$1,494","$1,826","$2,040","$1,836","$2,244","$2,610","$2,349","$2,871","$2,900","$2,610","$3,190"
11778,METRO35620MM5380,"Nassau-Suffolk, NY HUD Metro FMR Area","$1,170","$1,053","$1,287","$1,470","$1,323","$1,617","$1,800","$1,620","$1,980","$2,310","$2,079","$2,541","$2,580","$2,322","$2,838"
11779,METRO35620MM5380,"Nassau-Suffolk, NY HUD Metro FMR Area","$1,210","$1,089","$1,331","$1,490","$1,341","$1,639","$1,830","$1,647","$2,013","$2,340","$2,106","$2,574","$2,600","$2,340","$2,860"
11780,METRO35620MM5380,"Nassau-Suffolk, NY HUD Metro FMR Area","$1,390","$1,251","$1,529","$1,710","$1,539","$1,881","$2,100","$1,890","$2,310","$2,690","$2,421","$2,959","$2,990","$2,691","$3,289"
11782,METRO35620MM5380,"Nassau-Suffolk, NY HUD Metro FMR Area","$1,390","$1,251","$1,529","$1,720","$1,548","$1,892","$2,110","$1,899","$2,321","$2,700","$2,430","$2,970","$3,000","$2,700","$3,300"
11783,METRO35620MM5380,"Nassau-Suffolk, NY HUD Metro FMR Area","$1,540","$1,386","$1,694","$1,910","$1,719","$2,101","$2,340","$2,106","$2,574","$3,000","$2,700","$3,300","$3,330","$2,997","$3,663"
11784,METRO35620MM5380,"Nassau-Suffolk, NY HUD Metro FMR Area","$1,380","$1,242","$1,518","$1,700","$1,530","$1,870","$2,090","$1,881","$2,299","$2,680","$2,412","$2,948","$2,970","$2,673","$3,267"
11786,METRO35620MM5380,"Nassau-Suffolk, NY HUD Metro FMR Area","$1,920","$1,728","$2,112","$2,370","$2,133","$2,607","$2,910","$2,619","$3,201","$3,730","$3,357","$4,103","$4,140","$3,726","$4,554"
11787,METRO35620MM5380,"Nassau-Suffolk, NY HUD Metro FMR Area","$1,290","$1,161","$1,419","$1,600","$1,440","$1,760","$1,960","$1,764","$2,156","$2,510","$2,259","$2,761","$2,790","$2,511","$3,069"
11788,METRO35620MM5380,"Nassau-Suffolk, NY HUD Metro FMR Area","$1,550","$1,395","$1,705","$1,920","$1,728","$2,112","$2,350","$2,115","$2,585","$3,010","$2,709","$3,311","$3,340","$3,006","$3,674"
11789,METRO35620MM5380,"Nassau-Suffolk, NY HUD Metro FMR Area","$1,230","$1,107","$1,353","$1,520","$1,368","$1,672","$1,860","$1,674","$2,046","$2,380","$2,142","$2,618","$2,650","$2,385","$2,915"
11790,METRO35620MM5380,"Nassau-Suffolk, NY HUD Metro FMR Area","$2,010","$1,809","$2,211","$2,490","$2,241","$2,739","$3,050","$2,745","$3,355","$3,910","$3,519","$4,301","$4,340","$3,906","$4,774"
11791,METRO35620MM5380,"Nassau-Suffolk, NY HUD Metro FMR Area","$2,010","$1,809","$2,211","$2,490","$2,241","$2,739","$3,050","$2,745","$3,355","$3,910","$3,519","$4,301","$4,340","$3,906","$4,774"
11792,METRO35620MM5380,"Nassau-Suffolk, NY HUD Metro FMR Area","$1,460","$1,314","$1,606","$1,810","$1,629","$1,991","$2,220","$1,998","$2,442","$2,840","$2,556","$3,124","$3,160","$2,844","$3,476"
11793,METRO35620MM5380,"Nassau-Suffolk, NY HUD Metro FMR Area","$1,480","$1,332","$1,628","$1,830","$1,647","$2,013","$2,250","$2,025","$2,475","$2,880","$2,592","$3,168","$3,200","$2,880","$3,520"
11794,METRO35620MM5380,"Nassau-Suffolk, NY HUD Metro FMR Area","$2,010","$1,809","$2,211","$2,490","$2,241","$2,739","$3,050","$2,745","$3,355","$3,910","$3,519","$4,301","$4,340","$3,906","$4,774"
11795,METRO35620MM5380,"Nassau-Suffolk, NY HUD Metro FMR Area","$1,210","$1,089","$1,331","$1,500","$1,350","$1,650","$1,840","$1,656","$2,024","$2,360","$2,124","$2,596","$2,620","$2,358","$2,882"
11796,METRO35620MM5380,"Nassau-Suffolk, NY HUD Metro FMR Area","$1,250","$1,125","$1,375","$1,550","$1,395","$1,705","$1,900","$1,710","$2,090","$2,430","$2,187","$2,673","$2,700","$2,430","$2,970"
11797,METRO35620MM5380,"Nassau-Suffolk, NY HUD Metro FMR Area","$1,910","$1,719","$2,101","$2,360","$2,124","$2,596","$2,890","$2,601","$3,179","$3,700","$3,330","$4,070","$4,110","$3,699","$4,521"
11798,METRO35620MM5380,"Nassau-Suffolk, NY HUD Metro FMR Area","$1,350","$1,215","$1,485","$1,670","$1,503","$1,837","$2,050","$1,845","$2,255","$2,620","$2,358","$2,882","$2,920","$2,628","$3,212"
11801,METRO35620MM5380,"Nassau-Suffolk, NY HUD Metro FMR Area","$1,440","$1,296","$1,584","$1,790","$1,611","$1,969","$2,190","$1,971","$2,409","$2,800","$2,520","$3,080","$3,120","$2,808","$3,432"
11802,METRO35620MM5380,"Nassau-Suffolk, NY HUD Metro FMR Area","$1,370","$1,233","$1,507","$1,690","$1,521","$1,859","$2,070","$1,863","$2,277","$2,650","$2,385","$2,915","$2,950","$2,655","$3,245"
11803,METRO35620MM5380,"Nassau-Suffolk, NY HUD Metro FMR Area","$1,720","$1,548","$1,892","$2,120","$1,908","$2,332","$2,600","$2,340","$2,860","$3,330","$2,997","$3,663","$3,700","$3,330","$4,070"
11804,METRO35620MM5380,"Nassau-Suffolk, NY HUD Metro FMR Area","$1,590","$1,431","$1,749","$1,960","$1,764","$2,156","$2,400","$2,160","$2,640","$3,070","$2,763","$3,377","$3,420","$3,078","$3,762"
11901,METRO35620MM5380,"Nassau-Suffolk, NY HUD Metro FMR Area","$1,170","$1,053","$1,287","$1,470","$1,323","$1,617","$1,800","$1,620","$1,980","$2,310","$2,079","$2,541","$2,580","$2,322","$2,838"
11930,METRO35620MM5380,"Nassau-Suffolk, NY HUD Metro FMR Area","$1,470","$1,323","$1,617","$1,840","$1,656","$2,024","$2,250","$2,025","$2,475","$2,900","$2,610","$3,190","$3,240","$2,916","$3,564"
11931,METRO35620MM5380,"Nassau-Suffolk, NY HUD Metro FMR Area","$1,170","$1,053","$1,287","$1,470","$1,323","$1,617","$1,800","$1,620","$1,980","$2,310","$2,079","$2,541","$2,580","$2,322","$2,838"
11932,METRO35620MM5380,"Nassau-Suffolk, NY HUD Metro FMR Area","$1,640","$1,476","$1,804","$2,060","$1,854","$2,266","$2,520","$2,268","$2,772","$3,240","$2,916","$3,564","$3,620","$3,258","$3,982"
11933,METRO35620MM5380,"Nassau-Suffolk, NY HUD Metro FMR Area","$1,500","$1,350","$1,650","$1,860","$1,674","$2,046","$2,280","$2,052","$2,508","$2,920","$2,628","$3,212","$3,240","$2,916","$3,564"
11934,METRO35620MM5380,"Nassau-Suffolk, NY HUD Metro FMR Area","$1,170","$1,053","$1,287","$1,470","$1,323","$1,617","$1,800","$1,620","$1,980","$2,310","$2,079","$2,541","$2,580","$2,322","$2,838"
11935,METRO35620MM5380,"Nassau-Suffolk, NY HUD Metro FMR Area","$1,350","$1,215","$1,485","$1,690","$1,521","$1,859","$2,070","$1,863","$2,277","$2,670","$2,403","$2,937","$3,000","$2,700","$3,300"
11937,METRO35620MM5380,"Nassau-Suffolk, NY HUD Metro FMR Area","$1,440","$1,296","$1,584","$1,780","$1,602","$1,958","$2,180","$1,962","$2,398","$2,790","$2,511","$3,069","$3,100","$2,790","$3,410"
11939,METRO35620MM5380,"Nassau-Suffolk, NY HUD Metro FMR Area","$1,290","$1,161","$1,419","$1,600","$1,440","$1,760","$1,960","$1,764","$2,156","$2,510","$2,259","$2,761","$2,790","$2,511","$3,069"
11940,METRO35620MM5380,"Nassau-Suffolk, NY HUD Metro FMR Area","$1,370","$1,233","$1,507","$1,700","$1,530","$1,870","$2,080","$1,872","$2,288","$2,660","$2,394","$2,926","$2,960","$2,664","$3,256"
11941,METRO35620MM5380,"Nassau-Suffolk, NY HUD Metro FMR Area","$1,170","$1,053","$1,287","$1,470","$1,323","$1,617","$1,800","$1,620","$1,980","$2,310","$2,079","$2,541","$2,580","$2,322","$2,838"
11942,METRO35620MM5380,"Nassau-Suffolk, NY HUD Metro FMR Area","$1,420","$1,278","$1,562","$1,750","$1,575","$1,925","$2,150","$1,935","$2,365","$2,750","$2,475","$3,025","$3,060","$2,754","$3,366"
11944,METRO35620MM5380,"Nassau-Suffolk, NY HUD Metro FMR Area","$1,170","$1,053","$1,287","$1,470","$1,323","$1,617","$1,800","$1,620","$1,980","$2,310","$2,079","$2,541","$2,580","$2,322","$2,838"
11946,METRO35620MM5380,"Nassau-Suffolk, NY HUD Metro FMR Area","$1,340","$1,206","$1,474","$1,660","$1,494","$1,826","$2,030","$1,827","$2,233","$2,600","$2,340","$2,860","$2,890","$2,601","$3,179"
11947,METRO35620MM5380,"Nassau-Suffolk, NY HUD Metro FMR Area","$1,330","$1,197","$1,463","$1,640","$1,476","$1,804","$2,010","$1,809","$2,211","$2,570","$2,313","$2,827","$2,860","$2,574","$3,146"
11948,METRO35620MM5380,"Nassau-Suffolk, NY HUD Metro FMR Area","$1,170","$1,053","$1,287","$1,470","$1,323","$1,617","$1,800","$1,620","$1,980","$2,310","$2,079","$2,541","$2,580","$2,322","$2,838"
11949,METRO35620MM5380,"Nassau-Suffolk, NY HUD Metro FMR Area","$1,240","$1,116","$1,364","$1,530","$1,377","$1,683","$1,880","$1,692","$2,068","$2,410","$2,169","$2,651","$2,680","$2,412","$2,948"
11950,METRO35620MM5380,"Nassau-Suffolk, NY HUD Metro FMR Area","$1,390","$1,251","$1,529","$1,720","$1,548","$1,892","$2,110","$1,899","$2,321","$2,700","$2,430","$2,970","$3,000","$2,700","$3,300"
11951,METRO35620MM5380,"Nassau-Suffolk, NY HUD Metro FMR Area","$1,430","$1,287","$1,573","$1,760","$1,584","$1,936","$2,160","$1,944","$2,376","$2,770","$2,493","$3,047","$3,070","$2,763","$3,377"
11952,METRO35620MM5380,"Nassau-Suffolk, NY HUD Metro FMR Area","$1,170","$1,053","$1,287","$1,470","$1,323","$1,617","$1,800","$1,620","$1,980","$2,310","$2,079","$2,541","$2,580","$2,322","$2,838"
11953,METRO35620MM5380,"Nassau-Suffolk, NY HUD Metro FMR Area","$1,350","$1,215","$1,485","$1,670","$1,503","$1,837","$2,050","$1,845","$2,255","$2,620","$2,358","$2,882","$2,920","$2,628","$3,212"
11954,METRO35620MM5380,"Nassau-Suffolk, NY HUD Metro FMR Area","$1,580","$1,422","$1,738","$1,960","$1,764","$2,156","$2,400","$2,160","$2,640","$3,070","$2,763","$3,377","$3,420","$3,078","$3,762"
11955,METRO35620MM5380,"Nassau-Suffolk, NY HUD Metro FMR Area","$1,360","$1,224","$1,496","$1,680","$1,512","$1,848","$2,060","$1,854","$2,266","$2,640","$2,376","$2,904","$2,930","$2,637","$3,223"
11956,METRO35620MM5380,"Nassau-Suffolk, NY HUD Metro FMR Area","$1,550","$1,395","$1,705","$1,920","$1,728","$2,112","$2,350","$2,115","$2,585","$3,010","$2,709","$3,311","$3,340","$3,006","$3,674"
11957,METRO35620MM5380,"Nassau-Suffolk, NY HUD Metro FMR Area","$1,210","$1,089","$1,331","$1,490","$1,341","$1,639","$1,830","$1,647","$2,013","$2,340","$2,106","$2,574","$2,600","$2,340","$2,860"
11958,METRO35620MM5380,"Nassau-Suffolk, NY HUD Metro FMR Area","$1,210","$1,089","$1,331","$1,500","$1,350","$1,650","$1,840","$1,656","$2,024","$2,350","$2,115","$2,585","$2,610","$2,349","$2,871"
11959,METRO35620MM5380,"Nassau-Suffolk, NY HUD Metro FMR Area","$1,310","$1,179","$1,441","$1,620","$1,458","$1,782","$1,990","$1,791","$2,189","$2,550","$2,295","$2,805","$2,830","$2,547","$3,113"
11960,METRO35620MM5380,"Nassau-Suffolk, NY HUD Metro FMR Area","$1,330","$1,197","$1,463","$1,640","$1,476","$1,804","$2,010","$1,809","$2,211","$2,570","$2,313","$2,827","$2,860","$2,574","$3,146"
11961,METRO35620MM5380,"Nassau-Suffolk, NY HUD Metro FMR Area","$1,170","$1,053","$1,287","$1,470","$1,323","$1,617","$1,800","$1,620","$1,980","$2,310","$2,079","$2,541","$2,580","$2,322","$2,838"
11962,METRO35620MM5380,"Nassau-Suffolk, NY HUD Metro FMR Area","$1,350","$1,215","$1,485","$1,690","$1,521","$1,859","$2,070","$1,863","$2,277","$2,660","$2,394","$2,926","$2,970","$2,673","$3,267"
11963,METRO35620MM5380,"Nassau-Suffolk, NY HUD Metro FMR Area","$1,560","$1,404","$1,716","$1,930","$1,737","$2,123","$2,370","$2,133","$2,607","$3,030","$2,727","$3,333","$3,370","$3,033","$3,707"
11964,METRO35620MM5380,"Nassau-Suffolk, NY HUD Metro FMR Area","$1,510","$1,359","$1,661","$1,870","$1,683","$2,057","$2,290","$2,061","$2,519","$2,930","$2,637","$3,223","$3,260","$2,934","$3,586"
11965,METRO35620MM5380,"Nassau-Suffolk, NY HUD Metro FMR Area","$1,170","$1,053","$1,287","$1,470","$1,323","$1,617","$1,800","$1,620","$1,980","$2,310","$2,079","$2,541","$2,580","$2,322","$2,838"
11967,METRO35620MM5380,"Nassau-Suffolk, NY HUD Metro FMR Area","$1,580","$1,422","$1,738","$1,960","$1,764","$2,156","$2,400","$2,160","$2,640","$3,070","$2,763","$3,377","$3,420","$3,078","$3,762"
11968,METRO35620MM5380,"Nassau-Suffolk, NY HUD Metro FMR Area","$1,510","$1,359","$1,661","$1,870","$1,683","$2,057","$2,290","$2,061","$2,519","$2,930","$2,637","$3,223","$3,260","$2,934","$3,586"
11969,METRO35620MM5380,"Nassau-Suffolk, NY HUD Metro FMR Area","$1,330","$1,197","$1,463","$1,640","$1,476","$1,804","$2,010","$1,809","$2,211","$2,570","$2,313","$2,827","$2,860","$2,574","$3,146"
11970,METRO35620MM5380,"Nassau-Suffolk, NY HUD Metro FMR Area","$1,330","$1,197","$1,463","$1,640","$1,476","$1,804","$2,010","$1,809","$2,211","$2,570","$2,313","$2,827","$2,860","$2,574","$3,146"
11971,METRO35620MM5380,"Nassau-Suffolk, NY HUD Metro FMR Area","$1,170","$1,053","$1,287","$1,470","$1,323","$1,617","$1,800","$1,620","$1,980","$2,310","$2,079","$2,541","$2,580","$2,322","$2,838"
11972,METRO35620MM5380,"Nassau-Suffolk, NY HUD Metro FMR Area","$1,210","$1,089","$1,331","$1,490","$1,341","$1,639","$1,830","$1,647","$2,013","$2,340","$2,106","$2,574","$2,600","$2,340","$2,860"
11973,METRO35620MM5380,"Nassau-Suffolk, NY HUD Metro FMR Area","$1,330","$1,197","$1,463","$1,640","$1,476","$1,804","$2,020","$1,818","$2,222","$2,580","$2,322","$2,838","$2,870","$2,583","$3,157"
11975,METRO35620MM5380,"Nassau-Suffolk, NY HUD Metro FMR Area","$1,440","$1,296","$1,584","$1,780","$1,602","$1,958","$2,180","$1,962","$2,398","$2,790","$2,511","$3,069","$3,100","$2,790","$3,410"
11976,METRO35620MM5380,"Nassau-Suffolk, NY HUD Metro FMR Area","$2,010","$1,809","$2,211","$2,490","$2,241","$2,739","$3,050","$2,745","$3,355","$3,910","$3,519","$4,301","$4,340","$3,906","$4,774"
11977,METRO35620MM5380,"Nassau-Suffolk, NY HUD Metro FMR Area","$1,820","$1,638","$2,002","$2,250","$2,025","$2,475","$2,760","$2,484","$3,036","$3,530","$3,177","$3,883","$3,930","$3,537","$4,323"
11978,METRO35620MM5380,"Nassau-Suffolk, NY HUD Metro FMR Area","$1,460","$1,314","$1,606","$1,800","$1,620","$1,980","$2,210","$1,989","$2,431","$2,830","$2,547","$3,113","$3,140","$2,826","$3,454"
11980,METRO35620MM5380,"Nassau-Suffolk, NY HUD Metro FMR Area","$1,680","$1,512","$1,848","$2,070","$1,863","$2,277","$2,540","$2,286","$2,794","$3,250","$2,925","$3,575","$3,610","$3,249","$3,971"
10001,METRO35620MM5600,"New York, NY HUD Metro FMR Area","$2,150","$1,935","$2,365","$2,200","$1,980","$2,420","$2,510","$2,259","$2,761","$3,180","$2,862","$3,498","$3,400","$3,060","$3,740"
10002,METRO35620MM5600,"New York, NY HUD Metro FMR Area","$1,500","$1,350","$1,650","$1,550","$1,395","$1,705","$1,760","$1,584","$1,936","$2,230","$2,007","$2,453","$2,380","$2,142","$2,618"
10003,METRO35620MM5600,"New York, NY HUD Metro FMR Area","$2,640","$2,376","$2,904","$2,700","$2,430","$2,970","$3,080","$2,772","$3,388","$3,900","$3,510","$4,290","$4,180","$3,762","$4,598"
10004,METRO35620MM5600,"New York, NY HUD Metro FMR Area","$2,640","$2,376","$2,904","$2,700","$2,430","$2,970","$3,080","$2,772","$3,388","$3,900","$3,510","$4,290","$4,180","$3,762","$4,598"
10005,METRO35620MM5600,"New York, NY HUD Metro FMR Area","$2,640","$2,376","$2,904","$2,700","$2,430","$2,970","$3,080","$2,772","$3,388","$3,900","$3,510","$4,290","$4,180","$3,762","$4,598"
10006,METRO35620MM5600,"New York, NY HUD Metro FMR Area","$2,640","$2,376","$2,904","$2,700","$2,430","$2,970","$3,080","$2,772","$3,388","$3,900","$3,510","$4,290","$4,180","$3,762","$4,598"
10007,METRO35620MM5600,"New York, NY HUD Metro FMR Area","$2,640","$2,376","$2,904","$2,700","$2,430","$2,970","$3,080","$2,772","$3,388","$3,900","$3,510","$4,290","$4,180","$3,762","$4,598"
10008,METRO35620MM5600,"New York, NY HUD Metro FMR Area","$2,270","$2,043","$2,497","$2,320","$2,088","$2,552","$2,650","$2,385","$2,915","$3,350","$3,015","$3,685","$3,590","$3,231","$3,949"
10009,METRO35620MM5600,"New York, NY HUD Metro FMR Area","$2,120","$1,908","$2,332","$2,170","$1,953","$2,387","$2,470","$2,223","$2,717","$3,130","$2,817","$3,443","$3,350","$3,015","$3,685"
10010,METRO35620MM5600,"New York, NY HUD Metro FMR Area","$2,640","$2,376","$2,904","$2,700","$2,430","$2,970","$3,080","$2,772","$3,388","$3,900","$3,510","$4,290","$4,180","$3,762","$4,598"
10011,METRO35620MM5600,"New York, NY HUD Metro FMR Area","$2,430","$2,187","$2,673","$2,490","$2,241","$2,739","$2,840","$2,556","$3,124","$3,590","$3,231","$3,949","$3,850","$3,465","$4,235"
10012,METRO35620MM5600,"New York, NY HUD Metro FMR Area","$2,640","$2,376","$2,904","$2,700","$2,430","$2,970","$3,080","$2,772","$3,388","$3,900","$3,510","$4,290","$4,180","$3,762","$4,598"
10013,METRO35620MM5600,"New York, NY HUD Metro FMR Area","$1,850","$1,665","$2,035","$1,890","$1,701","$2,079","$2,160","$1,944","$2,376","$2,730","$2,457","$3,003","$2,930","$2,637","$3,223"
10014,METRO35620MM5600,"New York, NY HUD Metro FMR Area","$2,640","$2,376","$2,904","$2,700","$2,430","$2,970","$3,080","$2,772","$3,388","$3,900","$3,510","$4,290","$4,180","$3,762","$4,598"
10016,METRO35620MM5600,"New York, NY HUD Metro FMR Area","$2,640","$2,376","$2,904","$2,700","$2,430","$2,970","$3,080","$2,772","$3,388","$3,900","$3,510","$4,290","$4,180","$3,762","$4,598"
10017,METRO35620MM5600,"New York, NY HUD Metro FMR Area","$2,640","$2,376","$2,904","$2,700","$2,430","$2,970","$3,080","$2,772","$3,388","$3,900","$3,510","$4,290","$4,180","$3,762","$4,598"
10018,METRO35620MM5600,"New York, NY HUD Metro FMR Area","$2,640","$2,376","$2,904","$2,700","$2,430","$2,970","$3,080","$2,772","$3,388","$3,900","$3,510","$4,290","$4,180","$3,762","$4,598"
10019,METRO35620MM5600,"New York, NY HUD Metro FMR Area","$2,240","$2,016","$2,464","$2,290","$2,061","$2,519","$2,610","$2,349","$2,871","$3,300","$2,970","$3,630","$3,540","$3,186","$3,894"
10020,METRO35620MM5600,"New York, NY HUD Metro FMR Area","$2,270","$2,043","$2,497","$2,320","$2,088","$2,552","$2,650","$2,385","$2,915","$3,350","$3,015","$3,685","$3,590","$3,231","$3,949"
10021,METRO35620MM5600,"New York, NY HUD Metro FMR Area","$2,640","$2,376","$2,904","$2,700","$2,430","$2,970","$3,080","$2,772","$3,388","$3,900","$3,510","$4,290","$4,180","$3,762","$4,598"
10022,METRO35620MM5600,"New York, NY HUD Metro FMR Area","$2,640","$2,376","$2,904","$2,700","$2,430","$2,970","$3,080","$2,772","$3,388","$3,900","$3,510","$4,290","$4,180","$3,762","$4,598"
10023,METRO35620MM5600,"New York, NY HUD Metro FMR Area","$2,640","$2,376","$2,904","$2,700","$2,430","$2,970","$3,080","$2,772","$3,388","$3,900","$3,510","$4,290","$4,180","$3,762","$4,598"
10024,METRO35620MM5600,"New York, NY HUD Metro FMR Area","$2,430","$2,187","$2,673","$2,480","$2,232","$2,728","$2,830","$2,547","$3,113","$3,580","$3,222","$3,938","$3,840","$3,456","$4,224"
10025,METRO35620MM5600,"New York, NY HUD Metro FMR Area","$1,860","$1,674","$2,046","$1,900","$1,710","$2,090","$2,170","$1,953","$2,387","$2,750","$2,475","$3,025","$2,940","$2,646","$3,234"
10026,METRO35620MM5600,"New York, NY HUD Metro FMR Area","$1,670","$1,503","$1,837","$1,710","$1,539","$1,881","$1,950","$1,755","$2,145","$2,470","$2,223","$2,717","$2,640","$2,376","$2,904"
10027,METRO35620MM5600,"New York, NY HUD Metro FMR Area","$1,500","$1,350","$1,650","$1,550","$1,395","$1,705","$1,760","$1,584","$1,936","$2,230","$2,007","$2,453","$2,380","$2,142","$2,618"
10028,METRO35620MM5600,"New York, NY HUD Metro FMR Area","$2,640","$2,376","$2,904","$2,700","$2,430","$2,970","$3,080","$2,772","$3,388","$3,900","$3,510","$4,290","$4,180","$3,762","$4,598"
10029,METRO35620MM5600,"New York, NY HUD Metro FMR Area","$1,500","$1,350","$1,650","$1,550","$1,395","$1,705","$1,760","$1,584","$1,936","$2,230","$2,007","$2,453","$2,380","$2,142","$2,618"
10030,METRO35620MM5600,"New York, NY HUD Metro FMR Area","$1,530","$1,377","$1,683","$1,570","$1,413","$1,727","$1,790","$1,611","$1,969","$2,270","$2,043","$2,497","$2,430","$2,187","$2,673"
10031,METRO35620MM5600,"New York, NY HUD Metro FMR Area","$1,620","$1,458","$1,782","$1,660","$1,494","$1,826","$1,890","$1,701","$2,079","$2,390","$2,151","$2,629","$2,560","$2,304","$2,816"
10032,METRO35620MM5600,"New York, NY HUD Metro FMR Area","$1,540","$1,386","$1,694","$1,580","$1,422","$1,738","$1,800","$1,620","$1,980","$2,280","$2,052","$2,508","$2,440","$2,196","$2,684"
10033,METRO35620MM5600,"New York, NY HUD Metro FMR Area","$1,680","$1,512","$1,848","$1,720","$1,548","$1,892","$1,960","$1,764","$2,156","$2,480","$2,232","$2,728","$2,660","$2,394","$2,926"
10034,METRO35620MM5600,"New York, NY HUD Metro FMR Area","$1,600","$1,440","$1,760","$1,640","$1,476","$1,804","$1,870","$1,683","$2,057","$2,370","$2,133","$2,607","$2,540","$2,286","$2,794"
10035,METRO35620MM5600,"New York, NY HUD Metro FMR Area","$1,530","$1,377","$1,683","$1,570","$1,413","$1,727","$1,790","$1,611","$1,969","$2,270","$2,043","$2,497","$2,430","$2,187","$2,673"
10036,METRO35620MM5600,"New York, NY HUD Metro FMR Area","$2,640","$2,376","$2,904","$2,700","$2,430","$2,970","$3,080","$2,772","$3,388","$3,900","$3,510","$4,290","$4,180","$3,762","$4,598"
10037,METRO35620MM5600,"New York, NY HUD Metro FMR Area","$1,540","$1,386","$1,694","$1,580","$1,422","$1,738","$1,800","$1,620","$1,980","$2,280","$2,052","$2,508","$2,440","$2,196","$2,684"
10038,METRO35620MM5600,"New York, NY HUD Metro FMR Area","$2,640","$2,376","$2,904","$2,700","$2,430","$2,970","$3,080","$2,772","$3,388","$3,900","$3,510","$4,290","$4,180","$3,762","$4,598"
10039,METRO35620MM5600,"New York, NY HUD Metro FMR Area","$1,500","$1,350","$1,650","$1,550","$1,395","$1,705","$1,760","$1,584","$1,936","$2,230","$2,007","$2,453","$2,380","$2,142","$2,618"
10040,METRO35620MM5600,"New York, NY HUD Metro FMR Area","$1,630","$1,467","$1,793","$1,670","$1,503","$1,837","$1,900","$1,710","$2,090","$2,400","$2,160","$2,640","$2,580","$2,322","$2,838"
10041,METRO35620MM5600,"New York, NY HUD Metro FMR Area","$2,270","$2,043","$2,497","$2,320","$2,088","$2,552","$2,650","$2,385","$2,915","$3,350","$3,015","$3,685","$3,590","$3,231","$3,949"
10043,METRO35620MM5600,"New York, NY HUD Metro FMR Area","$2,270","$2,043","$2,497","$2,320","$2,088","$2,552","$2,650","$2,385","$2,915","$3,350","$3,015","$3,685","$3,590","$3,231","$3,949"
10044,METRO35620MM5600,"New York, NY HUD Metro FMR Area","$2,640","$2,376","$2,904","$2,700","$2,430","$2,970","$3,080","$2,772","$3,388","$3,900","$3,510","$4,290","$4,180","$3,762","$4,598"
10045,METRO35620MM5600,"New York, NY HUD Metro FMR Area","$2,270","$2,043","$2,497","$2,320","$2,088","$2,552","$2,650","$2,385","$2,915","$3,350","$3,015","$3,685","$3,590","$3,231","$3,949"
10055,METRO35620MM5600,"New York, NY HUD Metro FMR Area","$2,270","$2,043","$2,497","$2,320","$2,088","$2,552","$2,650","$2,385","$2,915","$3,350","$3,015","$3,685","$3,590","$3,231","$3,949"
10065,METRO35620MM5600,"New York, NY HUD Metro FMR Area","$2,640","$2,376","$2,904","$2,700","$2,430","$2,970","$3,080","$2,772","$3,388","$3,900","$3,510","$4,290","$4,180","$3,762","$4,598"
10069,METRO35620MM5600,"New York, NY HUD Metro FMR Area","$2,640","$2,376","$2,904","$2,700","$2,430","$2,970","$3,080","$2,772","$3,388","$3,900","$3,510","$4,290","$4,180","$3,762","$4,598"
10075,METRO35620MM5600,"New York, NY HUD Metro FMR Area","$2,580","$2,322","$2,838","$2,640","$2,376","$2,904","$3,010","$2,709","$3,311","$3,810","$3,429","$4,191","$4,080","$3,672","$4,488"
10080,METRO35620MM5600,"New York, NY HUD Metro FMR Area","$2,270","$2,043","$2,497","$2,320","$2,088","$2,552","$2,650","$2,385","$2,915","$3,350","$3,015","$3,685","$3,590","$3,231","$3,949"
10081,METRO35620MM5600,"New York, NY HUD Metro FMR Area","$2,270","$2,043","$2,497","$2,320","$2,088","$2,552","$2,650","$2,385","$2,915","$3,350","$3,015","$3,685","$3,590","$3,231","$3,949"
10101,METRO35620MM5600,"New York, NY HUD Metro FMR Area","$2,270","$2,043","$2,497","$2,320","$2,088","$2,552","$2,650","$2,385","$2,915","$3,350","$3,015","$3,685","$3,590","$3,231","$3,949"
10103,METRO35620MM5600,"New York, NY HUD Metro FMR Area","$2,270","$2,043","$2,497","$2,320","$2,088","$2,552","$2,650","$2,385","$2,915","$3,350","$3,015","$3,685","$3,590","$3,231","$3,949"
10104,METRO35620MM5600,"New York, NY HUD Metro FMR Area","$2,270","$2,043","$2,497","$2,320","$2,088","$2,552","$2,650","$2,385","$2,915","$3,350","$3,015","$3,685","$3,590","$3,231","$3,949"
10105,METRO35620MM5600,"New York, NY HUD Metro FMR Area","$2,270","$2,043","$2,497","$2,320","$2,088","$2,552","$2,650","$2,385","$2,915","$3,350","$3,015","$3,685","$3,590","$3,231","$3,949"
10106,METRO35620MM5600,"New York, NY HUD Metro FMR Area","$2,270","$2,043","$2,497","$2,320","$2,088","$2,552","$2,650","$2,385","$2,915","$3,350","$3,015","$3,685","$3,590","$3,231","$3,949"
10107,METRO35620MM5600,"New York, NY HUD Metro FMR Area","$2,270","$2,043","$2,497","$2,320","$2,088","$2,552","$2,650","$2,385","$2,915","$3,350","$3,015","$3,685","$3,590","$3,231","$3,949"
10108,METRO35620MM5600,"New York, NY HUD Metro FMR Area","$2,270","$2,043","$2,497","$2,320","$2,088","$2,552","$2,650","$2,385","$2,915","$3,350","$3,015","$3,685","$3,590","$3,231","$3,949"
10110,METRO35620MM5600,"New York, NY HUD Metro FMR Area","$2,270","$2,043","$2,497","$2,320","$2,088","$2,552","$2,650","$2,385","$2,915","$3,350","$3,015","$3,685","$3,590","$3,231","$3,949"
10111,METRO35620MM5600,"New York, NY HUD Metro FMR Area","$2,270","$2,043","$2,497","$2,320","$2,088","$2,552","$2,650","$2,385","$2,915","$3,350","$3,015","$3,685","$3,590","$3,231","$3,949"
10112,METRO35620MM5600,"New York, NY HUD Metro FMR Area","$2,270","$2,043","$2,497","$2,320","$2,088","$2,552","$2,650","$2,385","$2,915","$3,350","$3,015","$3,685","$3,590","$3,231","$3,949"
10113,METRO35620MM5600,"New York, NY HUD Metro FMR Area","$2,270","$2,043","$2,497","$2,320","$2,088","$2,552","$2,650","$2,385","$2,915","$3,350","$3,015","$3,685","$3,590","$3,231","$3,949"
10115,METRO35620MM5600,"New York, NY HUD Metro FMR Area","$2,270","$2,043","$2,497","$2,320","$2,088","$2,552","$2,650","$2,385","$2,915","$3,350","$3,015","$3,685","$3,590","$3,231","$3,949"
10116,METRO35620MM5600,"New York, NY HUD Metro FMR Area","$2,270","$2,043","$2,497","$2,320","$2,088","$2,552","$2,650","$2,385","$2,915","$3,350","$3,015","$3,685","$3,590","$3,231","$3,949"
10117,METRO35620MM5600,"New York, NY HUD Metro FMR Area","$2,270","$2,043","$2,497","$2,320","$2,088","$2,552","$2,650","$2,385","$2,915","$3,350","$3,015","$3,685","$3,590","$3,231","$3,949"
10118,METRO35620MM5600,"New York, NY HUD Metro FMR Area","$2,270","$2,043","$2,497","$2,320","$2,088","$2,552","$2,650","$2,385","$2,915","$3,350","$3,015","$3,685","$3,590","$3,231","$3,949"
10119,METRO35620MM5600,"New York, NY HUD Metro FMR Area","$2,270","$2,043","$2,497","$2,320","$2,088","$2,552","$2,650","$2,385","$2,915","$3,350","$3,015","$3,685","$3,590","$3,231","$3,949"
10120,METRO35620MM5600,"New York, NY HUD Metro FMR Area","$2,270","$2,043","$2,497","$2,320","$2,088","$2,552","$2,650","$2,385","$2,915","$3,350","$3,015","$3,685","$3,590","$3,231","$3,949"
10121,METRO35620MM5600,"New York, NY HUD Metro FMR Area","$2,270","$2,043","$2,497","$2,320","$2,088","$2,552","$2,650","$2,385","$2,915","$3,350","$3,015","$3,685","$3,590","$3,231","$3,949"
10122,METRO35620MM5600,"New York, NY HUD Metro FMR Area","$2,270","$2,043","$2,497","$2,320","$2,088","$2,552","$2,650","$2,385","$2,915","$3,350","$3,015","$3,685","$3,590","$3,231","$3,949"
10123,METRO35620MM5600,"New York, NY HUD Metro FMR Area","$2,270","$2,043","$2,497","$2,320","$2,088","$2,552","$2,650","$2,385","$2,915","$3,350","$3,015","$3,685","$3,590","$3,231","$3,949"
10124,METRO35620MM5600,"New York, NY HUD Metro FMR Area","$2,270","$2,043","$2,497","$2,320","$2,088","$2,552","$2,650","$2,385","$2,915","$3,350","$3,015","$3,685","$3,590","$3,231","$3,949"
10125,METRO35620MM5600,"New York, NY HUD Metro FMR Area","$2,270","$2,043","$2,497","$2,320","$2,088","$2,552","$2,650","$2,385","$2,915","$3,350","$3,015","$3,685","$3,590","$3,231","$3,949"
10126,METRO35620MM5600,"New York, NY HUD Metro FMR Area","$2,270","$2,043","$2,497","$2,320","$2,088","$2,552","$2,650","$2,385","$2,915","$3,350","$3,015","$3,685","$3,590","$3,231","$3,949"
10128,METRO35620MM5600,"New York, NY HUD Metro FMR Area","$2,610","$2,349","$2,871","$2,680","$2,412","$2,948","$3,050","$2,745","$3,355","$3,860","$3,474","$4,246","$4,140","$3,726","$4,554"
10129,METRO35620MM5600,"New York, NY HUD Metro FMR Area","$2,270","$2,043","$2,497","$2,320","$2,088","$2,552","$2,650","$2,385","$2,915","$3,350","$3,015","$3,685","$3,590","$3,231","$3,949"
10130,METRO35620MM5600,"New York, NY HUD Metro FMR Area","$2,270","$2,043","$2,497","$2,320","$2,088","$2,552","$2,650","$2,385","$2,915","$3,350","$3,015","$3,685","$3,590","$3,231","$3,949"
10131,METRO35620MM5600,"New York, NY HUD Metro FMR Area","$2,270","$2,043","$2,497","$2,320","$2,088","$2,552","$2,650","$2,385","$2,915","$3,350","$3,015","$3,685","$3,590","$3,231","$3,949"
10133,METRO35620MM5600,"New York, NY HUD Metro FMR Area","$2,270","$2,043","$2,497","$2,320","$2,088","$2,552","$2,650","$2,385","$2,915","$3,350","$3,015","$3,685","$3,590","$3,231","$3,949"
10138,METRO35620MM5600,"New York, NY HUD Metro FMR Area","$2,270","$2,043","$2,497","$2,320","$2,088","$2,552","$2,650","$2,385","$2,915","$3,350","$3,015","$3,685","$3,590","$3,231","$3,949"
10150,METRO35620MM5600,"New York, NY HUD Metro FMR Area","$2,270","$2,043","$2,497","$2,320","$2,088","$2,552","$2,650","$2,385","$2,915","$3,350","$3,015","$3,685","$3,590","$3,231","$3,949"
10151,METRO35620MM5600,"New York, NY HUD Metro FMR Area","$2,270","$2,043","$2,497","$2,320","$2,088","$2,552","$2,650","$2,385","$2,915","$3,350","$3,015","$3,685","$3,590","$3,231","$3,949"
10152,METRO35620MM5600,"New York, NY HUD Metro FMR Area","$2,270","$2,043","$2,497","$2,320","$2,088","$2,552","$2,650","$2,385","$2,915","$3,350","$3,015","$3,685","$3,590","$3,231","$3,949"
10153,METRO35620MM5600,"New York, NY HUD Metro FMR Area","$2,270","$2,043","$2,497","$2,320","$2,088","$2,552","$2,650","$2,385","$2,915","$3,350","$3,015","$3,685","$3,590","$3,231","$3,949"
10154,METRO35620MM5600,"New York, NY HUD Metro FMR Area","$2,270","$2,043","$2,497","$2,320","$2,088","$2,552","$2,650","$2,385","$2,915","$3,350","$3,015","$3,685","$3,590","$3,231","$3,949"
10155,METRO35620MM5600,"New York, NY HUD Metro FMR Area","$2,270","$2,043","$2,497","$2,320","$2,088","$2,552","$2,650","$2,385","$2,915","$3,350","$3,015","$3,685","$3,590","$3,231","$3,949"
10156,METRO35620MM5600,"New York, NY HUD Metro FMR Area","$2,270","$2,043","$2,497","$2,320","$2,088","$2,552","$2,650","$2,385","$2,915","$3,350","$3,015","$3,685","$3,590","$3,231","$3,949"
10157,METRO35620MM5600,"New York, NY HUD Metro FMR Area","$2,270","$2,043","$2,497","$2,320","$2,088","$2,552","$2,650","$2,385","$2,915","$3,350","$3,015","$3,685","$3,590","$3,231","$3,949"
10158,METRO35620MM5600,"New York, NY HUD Metro FMR Area","$2,270","$2,043","$2,497","$2,320","$2,088","$2,552","$2,650","$2,385","$2,915","$3,350","$3,015","$3,685","$3,590","$3,231","$3,949"
10159,METRO35620MM5600,"New York, NY HUD Metro FMR Area","$2,270","$2,043","$2,497","$2,320","$2,088","$2,552","$2,650","$2,385","$2,915","$3,350","$3,015","$3,685","$3,590","$3,231","$3,949"
10160,METRO35620MM5600,"New York, NY HUD Metro FMR Area","$2,270","$2,043","$2,497","$2,320","$2,088","$2,552","$2,650","$2,385","$2,915","$3,350","$3,015","$3,685","$3,590","$3,231","$3,949"
10162,METRO35620MM5600,"New York, NY HUD Metro FMR Area","$2,640","$2,376","$2,904","$2,700","$2,430","$2,970","$3,080","$2,772","$3,388","$3,900","$3,510","$4,290","$4,180","$3,762","$4,598"
10163,METRO35620MM5600,"New York, NY HUD Metro FMR Area","$2,270","$2,043","$2,497","$2,320","$2,088","$2,552","$2,650","$2,385","$2,915","$3,350","$3,015","$3,685","$3,590","$3,231","$3,949"
10164,METRO35620MM5600,"New York, NY HUD Metro FMR Area","$2,270","$2,043","$2,497","$2,320","$2,088","$2,552","$2,650","$2,385","$2,915","$3,350","$3,015","$3,685","$3,590","$3,231","$3,949"
10165,METRO35620MM5600,"New York, NY HUD Metro FMR Area","$2,270","$2,043","$2,497","$2,320","$2,088","$2,552","$2,650","$2,385","$2,915","$3,350","$3,015","$3,685","$3,590","$3,231","$3,949"
10166,METRO35620MM5600,"New York, NY HUD Metro FMR Area","$2,270","$2,043","$2,497","$2,320","$2,088","$2,552","$2,650","$2,385","$2,915","$3,350","$3,015","$3,685","$3,590","$3,231","$3,949"
10167,METRO35620MM5600,"New York, NY HUD Metro FMR Area","$2,270","$2,043","$2,497","$2,320","$2,088","$2,552","$2,650","$2,385","$2,915","$3,350","$3,015","$3,685","$3,590","$3,231","$3,949"
10168,METRO35620MM5600,"New York, NY HUD Metro FMR Area","$2,270","$2,043","$2,497","$2,320","$2,088","$2,552","$2,650","$2,385","$2,915","$3,350","$3,015","$3,685","$3,590","$3,231","$3,949"
10169,METRO35620MM5600,"New York, NY HUD Metro FMR Area","$2,270","$2,043","$2,497","$2,320","$2,088","$2,552","$2,650","$2,385","$2,915","$3,350","$3,015","$3,685","$3,590","$3,231","$3,949"
10170,METRO35620MM5600,"New York, NY HUD Metro FMR Area","$2,270","$2,043","$2,497","$2,320","$2,088","$2,552","$2,650","$2,385","$2,915","$3,350","$3,015","$3,685","$3,590","$3,231","$3,949"
10171,METRO35620MM5600,"New York, NY HUD Metro FMR Area","$2,270","$2,043","$2,497","$2,320","$2,088","$2,552","$2,650","$2,385","$2,915","$3,350","$3,015","$3,685","$3,590","$3,231","$3,949"
10172,METRO35620MM5600,"New York, NY HUD Metro FMR Area","$2,270","$2,043","$2,497","$2,320","$2,088","$2,552","$2,650","$2,385","$2,915","$3,350","$3,015","$3,685","$3,590","$3,231","$3,949"
10173,METRO35620MM5600,"New York, NY HUD Metro FMR Area","$2,270","$2,043","$2,497","$2,320","$2,088","$2,552","$2,650","$2,385","$2,915","$3,350","$3,015","$3,685","$3,590","$3,231","$3,949"
10174,METRO35620MM5600,"New York, NY HUD Metro FMR Area","$2,270","$2,043","$2,497","$2,320","$2,088","$2,552","$2,650","$2,385","$2,915","$3,350","$3,015","$3,685","$3,590","$3,231","$3,949"
10175,METRO35620MM5600,"New York, NY HUD Metro FMR Area","$2,270","$2,043","$2,497","$2,320","$2,088","$2,552","$2,650","$2,385","$2,915","$3,350","$3,015","$3,685","$3,590","$3,231","$3,949"
10176,METRO35620MM5600,"New York, NY HUD Metro FMR Area","$2,270","$2,043","$2,497","$2,320","$2,088","$2,552","$2,650","$2,385","$2,915","$3,350","$3,015","$3,685","$3,590","$3,231","$3,949"
10177,METRO35620MM5600,"New York, NY HUD Metro FMR Area","$2,270","$2,043","$2,497","$2,320","$2,088","$2,552","$2,650","$2,385","$2,915","$3,350","$3,015","$3,685","$3,590","$3,231","$3,949"
10178,METRO35620MM5600,"New York, NY HUD Metro FMR Area","$2,270","$2,043","$2,497","$2,320","$2,088","$2,552","$2,650","$2,385","$2,915","$3,350","$3,015","$3,685","$3,590","$3,231","$3,949"
10179,METRO35620MM5600,"New York, NY HUD Metro FMR Area","$2,270","$2,043","$2,497","$2,320","$2,088","$2,552","$2,650","$2,385","$2,915","$3,350","$3,015","$3,685","$3,590","$3,231","$3,949"
10185,METRO35620MM5600,"New York, NY HUD Metro FMR Area","$2,270","$2,043","$2,497","$2,320","$2,088","$2,552","$2,650","$2,385","$2,915","$3,350","$3,015","$3,685","$3,590","$3,231","$3,949"
10199,METRO35620MM5600,"New York, NY HUD Metro FMR Area","$2,150","$1,935","$2,365","$2,200","$1,980","$2,420","$2,510","$2,259","$2,761","$3,180","$2,862","$3,498","$3,400","$3,060","$3,740"
10203,METRO35620MM5600,"New York, NY HUD Metro FMR Area","$2,270","$2,043","$2,497","$2,320","$2,088","$2,552","$2,650","$2,385","$2,915","$3,350","$3,015","$3,685","$3,590","$3,231","$3,949"
10211,METRO35620MM5600,"New York, NY HUD Metro FMR Area","$2,270","$2,043","$2,497","$2,320","$2,088","$2,552","$2,650","$2,385","$2,915","$3,350","$3,015","$3,685","$3,590","$3,231","$3,949"
10212,METRO35620MM5600,"New York, NY HUD Metro FMR Area","$2,270","$2,043","$2,497","$2,320","$2,088","$2,552","$2,650","$2,385","$2,915","$3,350","$3,015","$3,685","$3,590","$3,231","$3,949"
10213,METRO35620MM5600,"New York, NY HUD Metro FMR Area","$2,270","$2,043","$2,497","$2,320","$2,088","$2,552","$2,650","$2,385","$2,915","$3,350","$3,015","$3,685","$3,590","$3,231","$3,949"
10258,METRO35620MM5600,"New York, NY HUD Metro FMR Area","$2,270","$2,043","$2,497","$2,320","$2,088","$2,552","$2,650","$2,385","$2,915","$3,350","$3,015","$3,685","$3,590","$3,231","$3,949"
10268,METRO35620MM5600,"New York, NY HUD Metro FMR Area","$2,270","$2,043","$2,497","$2,320","$2,088","$2,552","$2,650","$2,385","$2,915","$3,350","$3,015","$3,685","$3,590","$3,231","$3,949"
10269,METRO35620MM5600,"New York, NY HUD Metro FMR Area","$2,270","$2,043","$2,497","$2,320","$2,088","$2,552","$2,650","$2,385","$2,915","$3,350","$3,015","$3,685","$3,590","$3,231","$3,949"
10271,METRO35620MM5600,"New York, NY HUD Metro FMR Area","$2,270","$2,043","$2,497","$2,320","$2,088","$2,552","$2,650","$2,385","$2,915","$3,350","$3,015","$3,685","$3,590","$3,231","$3,949"
10272,METRO35620MM5600,"New York, NY HUD Metro FMR Area","$2,270","$2,043","$2,497","$2,320","$2,088","$2,552","$2,650","$2,385","$2,915","$3,350","$3,015","$3,685","$3,590","$3,231","$3,949"
10274,METRO35620MM5600,"New York, NY HUD Metro FMR Area","$2,270","$2,043","$2,497","$2,320","$2,088","$2,552","$2,650","$2,385","$2,915","$3,350","$3,015","$3,685","$3,590","$3,231","$3,949"
10275,METRO35620MM5600,"New York, NY HUD Metro FMR Area","$2,270","$2,043","$2,497","$2,320","$2,088","$2,552","$2,650","$2,385","$2,915","$3,350","$3,015","$3,685","$3,590","$3,231","$3,949"
10276,METRO35620MM5600,"New York, NY HUD Metro FMR Area","$2,270","$2,043","$2,497","$2,320","$2,088","$2,552","$2,650","$2,385","$2,915","$3,350","$3,015","$3,685","$3,590","$3,231","$3,949"
10277,METRO35620MM5600,"New York, NY HUD Metro FMR Area","$2,270","$2,043","$2,497","$2,320","$2,088","$2,552","$2,650","$2,385","$2,915","$3,350","$3,015","$3,685","$3,590","$3,231","$3,949"
10278,METRO35620MM5600,"New York, NY HUD Metro FMR Area","$2,270","$2,043","$2,497","$2,320","$2,088","$2,552","$2,650","$2,385","$2,915","$3,350","$3,015","$3,685","$3,590","$3,231","$3,949"
10279,METRO35620MM5600,"New York, NY HUD Metro FMR Area","$2,640","$2,376","$2,904","$2,700","$2,430","$2,970","$3,080","$2,772","$3,388","$3,900","$3,510","$4,290","$4,180","$3,762","$4,598"
10280,METRO35620MM5600,"New York, NY HUD Metro FMR Area","$2,640","$2,376","$2,904","$2,700","$2,430","$2,970","$3,080","$2,772","$3,388","$3,900","$3,510","$4,290","$4,180","$3,762","$4,598"
10281,METRO35620MM5600,"New York, NY HUD Metro FMR Area","$2,270","$2,043","$2,497","$2,320","$2,088","$2,552","$2,650","$2,385","$2,915","$3,350","$3,015","$3,685","$3,590","$3,231","$3,949"
10282,METRO35620MM5600,"New York, NY HUD Metro FMR Area","$2,640","$2,376","$2,904","$2,700","$2,430","$2,970","$3,080","$2,772","$3,388","$3,900","$3,510","$4,290","$4,180","$3,762","$4,598"
10285,METRO35620MM5600,"New York, NY HUD Metro FMR Area","$2,270","$2,043","$2,497","$2,320","$2,088","$2,552","$2,650","$2,385","$2,915","$3,350","$3,015","$3,685","$3,590","$3,231","$3,949"
10301,METRO35620MM5600,"New York, NY HUD Metro FMR Area","$1,750","$1,575","$1,925","$1,790","$1,611","$1,969","$2,040","$1,836","$2,244","$2,580","$2,322","$2,838","$2,770","$2,493","$3,047"
10302,METRO35620MM5600,"New York, NY HUD Metro FMR Area","$1,590","$1,431","$1,749","$1,620","$1,458","$1,782","$1,850","$1,665","$2,035","$2,340","$2,106","$2,574","$2,510","$2,259","$2,761"
10303,METRO35620MM5600,"New York, NY HUD Metro FMR Area","$1,590","$1,431","$1,749","$1,620","$1,458","$1,782","$1,850","$1,665","$2,035","$2,340","$2,106","$2,574","$2,510","$2,259","$2,761"
10304,METRO35620MM5600,"New York, NY HUD Metro FMR Area","$1,530","$1,377","$1,683","$1,570","$1,413","$1,727","$1,790","$1,611","$1,969","$2,270","$2,043","$2,497","$2,430","$2,187","$2,673"
10305,METRO35620MM5600,"New York, NY HUD Metro FMR Area","$1,650","$1,485","$1,815","$1,680","$1,512","$1,848","$1,920","$1,728","$2,112","$2,430","$2,187","$2,673","$2,600","$2,340","$2,860"
10306,METRO35620MM5600,"New York, NY HUD Metro FMR Area","$1,650","$1,485","$1,815","$1,690","$1,521","$1,859","$1,930","$1,737","$2,123","$2,440","$2,196","$2,684","$2,620","$2,358","$2,882"
10307,METRO35620MM5600,"New York, NY HUD Metro FMR Area","$1,500","$1,350","$1,650","$1,550","$1,395","$1,705","$1,760","$1,584","$1,936","$2,230","$2,007","$2,453","$2,380","$2,142","$2,618"
10308,METRO35620MM5600,"New York, NY HUD Metro FMR Area","$1,790","$1,611","$1,969","$1,830","$1,647","$2,013","$2,090","$1,881","$2,299","$2,640","$2,376","$2,904","$2,830","$2,547","$3,113"
10309,METRO35620MM5600,"New York, NY HUD Metro FMR Area","$1,700","$1,530","$1,870","$1,740","$1,566","$1,914","$1,980","$1,782","$2,178","$2,510","$2,259","$2,761","$2,680","$2,412","$2,948"
10310,METRO35620MM5600,"New York, NY HUD Metro FMR Area","$1,590","$1,431","$1,749","$1,620","$1,458","$1,782","$1,850","$1,665","$2,035","$2,340","$2,106","$2,574","$2,510","$2,259","$2,761"
10311,METRO35620MM5600,"New York, NY HUD Metro FMR Area","$1,610","$1,449","$1,771","$1,650","$1,485","$1,815","$1,880","$1,692","$2,068","$2,380","$2,142","$2,618","$2,550","$2,295","$2,805"
10312,METRO35620MM5600,"New York, NY HUD Metro FMR Area","$1,510","$1,359","$1,661","$1,550","$1,395","$1,705","$1,760","$1,584","$1,936","$2,230","$2,007","$2,453","$2,390","$2,151","$2,629"
10313,METRO35620MM5600,"New York, NY HUD Metro FMR Area","$1,610","$1,449","$1,771","$1,650","$1,485","$1,815","$1,880","$1,692","$2,068","$2,380","$2,142","$2,618","$2,550","$2,295","$2,805"
10314,METRO35620MM5600,"New York, NY HUD Metro FMR Area","$1,770","$1,593","$1,947","$1,810","$1,629","$1,991","$2,060","$1,854","$2,266","$2,610","$2,349","$2,871","$2,790","$2,511","$3,069"
10451,METRO35620MM5600,"New York, NY HUD Metro FMR Area","$1,500","$1,350","$1,650","$1,550","$1,395","$1,705","$1,760","$1,584","$1,936","$2,230","$2,007","$2,453","$2,380","$2,142","$2,618"
10452,METRO35620MM5600,"New York, NY HUD Metro FMR Area","$1,500","$1,350","$1,650","$1,550","$1,395","$1,705","$1,760","$1,584","$1,936","$2,230","$2,007","$2,453","$2,380","$2,142","$2,618"
10453,METRO35620MM5600,"New York, NY HUD Metro FMR Area","$1,510","$1,359","$1,661","$1,550","$1,395","$1,705","$1,760","$1,584","$1,936","$2,230","$2,007","$2,453","$2,390","$2,151","$2,629"
10454,METRO35620MM5600,"New York, NY HUD Metro FMR Area","$1,500","$1,350","$1,650","$1,550","$1,395","$1,705","$1,760","$1,584","$1,936","$2,230","$2,007","$2,453","$2,380","$2,142","$2,618"
10455,METRO35620MM5600,"New York, NY HUD Metro FMR Area","$1,500","$1,350","$1,650","$1,550","$1,395","$1,705","$1,760","$1,584","$1,936","$2,230","$2,007","$2,453","$2,380","$2,142","$2,618"
10456,METRO35620MM5600,"New York, NY HUD Metro FMR Area","$1,500","$1,350","$1,650","$1,550","$1,395","$1,705","$1,760","$1,584","$1,936","$2,230","$2,007","$2,453","$2,380","$2,142","$2,618"
10457,METRO35620MM5600,"New York, NY HUD Metro FMR Area","$1,560","$1,404","$1,716","$1,600","$1,440","$1,760","$1,820","$1,638","$2,002","$2,300","$2,070","$2,530","$2,470","$2,223","$2,717"
10458,METRO35620MM5600,"New York, NY HUD Metro FMR Area","$1,650","$1,485","$1,815","$1,680","$1,512","$1,848","$1,920","$1,728","$2,112","$2,430","$2,187","$2,673","$2,600","$2,340","$2,860"
10459,METRO35620MM5600,"New York, NY HUD Metro FMR Area","$1,500","$1,350","$1,650","$1,550","$1,395","$1,705","$1,760","$1,584","$1,936","$2,230","$2,007","$2,453","$2,380","$2,142","$2,618"
10460,METRO35620MM5600,"New York, NY HUD Metro FMR Area","$1,500","$1,350","$1,650","$1,550","$1,395","$1,705","$1,760","$1,584","$1,936","$2,230","$2,007","$2,453","$2,380","$2,142","$2,618"
10461,METRO35620MM5600,"New York, NY HUD Metro FMR Area","$1,830","$1,647","$2,013","$1,870","$1,683","$2,057","$2,130","$1,917","$2,343","$2,700","$2,430","$2,970","$2,890","$2,601","$3,179"
10462,METRO35620MM5600,"New York, NY HUD Metro FMR Area","$1,770","$1,593","$1,947","$1,820","$1,638","$2,002","$2,070","$1,863","$2,277","$2,620","$2,358","$2,882","$2,810","$2,529","$3,091"
10463,METRO35620MM5600,"New York, NY HUD Metro FMR Area","$1,650","$1,485","$1,815","$1,690","$1,521","$1,859","$1,930","$1,737","$2,123","$2,440","$2,196","$2,684","$2,620","$2,358","$2,882"
10464,METRO35620MM5600,"New York, NY HUD Metro FMR Area","$1,590","$1,431","$1,749","$1,620","$1,458","$1,782","$1,850","$1,665","$2,035","$2,340","$2,106","$2,574","$2,510","$2,259","$2,761"
10465,METRO35620MM5600,"New York, NY HUD Metro FMR Area","$1,820","$1,638","$2,002","$1,860","$1,674","$2,046","$2,120","$1,908","$2,332","$2,680","$2,412","$2,948","$2,870","$2,583","$3,157"
10466,METRO35620MM5600,"New York, NY HUD Metro FMR Area","$1,670","$1,503","$1,837","$1,710","$1,539","$1,881","$1,950","$1,755","$2,145","$2,470","$2,223","$2,717","$2,640","$2,376","$2,904"
10467,METRO35620MM5600,"New York, NY HUD Metro FMR Area","$1,660","$1,494","$1,826","$1,700","$1,530","$1,870","$1,940","$1,746","$2,134","$2,460","$2,214","$2,706","$2,630","$2,367","$2,893"
10468,METRO35620MM5600,"New York, NY HUD Metro FMR Area","$1,620","$1,458","$1,782","$1,660","$1,494","$1,826","$1,890","$1,701","$2,079","$2,390","$2,151","$2,629","$2,560","$2,304","$2,816"
10469,METRO35620MM5600,"New York, NY HUD Metro FMR Area","$1,710","$1,539","$1,881","$1,750","$1,575","$1,925","$2,000","$1,800","$2,200","$2,530","$2,277","$2,783","$2,710","$2,439","$2,981"
10470,METRO35620MM5600,"New York, NY HUD Metro FMR Area","$1,840","$1,656","$2,024","$1,890","$1,701","$2,079","$2,150","$1,935","$2,365","$2,720","$2,448","$2,992","$2,920","$2,628","$3,212"
10471,METRO35620MM5600,"New York, NY HUD Metro FMR Area","$2,010","$1,809","$2,211","$2,050","$1,845","$2,255","$2,340","$2,106","$2,574","$2,960","$2,664","$3,256","$3,170","$2,853","$3,487"
10472,METRO35620MM5600,"New York, NY HUD Metro FMR Area","$1,520","$1,368","$1,672","$1,550","$1,395","$1,705","$1,770","$1,593","$1,947","$2,240","$2,016","$2,464","$2,400","$2,160","$2,640"
10473,METRO35620MM5600,"New York, NY HUD Metro FMR Area","$1,500","$1,350","$1,650","$1,550","$1,395","$1,705","$1,760","$1,584","$1,936","$2,230","$2,007","$2,453","$2,380","$2,142","$2,618"
10474,METRO35620MM5600,"New York, NY HUD Metro FMR Area","$1,500","$1,350","$1,650","$1,550","$1,395","$1,705","$1,760","$1,584","$1,936","$2,230","$2,007","$2,453","$2,380","$2,142","$2,618"
10475,METRO35620MM5600,"New York, NY HUD Metro FMR Area","$1,500","$1,350","$1,650","$1,550","$1,395","$1,705","$1,760","$1,584","$1,936","$2,230","$2,007","$2,453","$2,380","$2,142","$2,618"
10505,METRO35620MM5600,"New York, NY HUD Metro FMR Area","$1,500","$1,350","$1,650","$1,550","$1,395","$1,705","$1,780","$1,602","$1,958","$2,290","$2,061","$2,519","$2,570","$2,313","$2,827"
10509,METRO35620MM5600,"New York, NY HUD Metro FMR Area","$1,650","$1,485","$1,815","$1,690","$1,521","$1,859","$1,930","$1,737","$2,123","$2,440","$2,196","$2,684","$2,620","$2,358","$2,882"
10512,METRO35620MM5600,"New York, NY HUD Metro FMR Area","$1,600","$1,440","$1,760","$1,640","$1,476","$1,804","$1,870","$1,683","$2,057","$2,370","$2,133","$2,607","$2,540","$2,286","$2,794"
10516,METRO35620MM5600,"New York, NY HUD Metro FMR Area","$1,870","$1,683","$2,057","$1,910","$1,719","$2,101","$2,180","$1,962","$2,398","$2,760","$2,484","$3,036","$2,960","$2,664","$3,256"
10524,METRO35620MM5600,"New York, NY HUD Metro FMR Area","$1,860","$1,674","$2,046","$1,970","$1,773","$2,167","$2,270","$2,043","$2,497","$2,890","$2,601","$3,179","$3,150","$2,835","$3,465"
10537,METRO35620MM5600,"New York, NY HUD Metro FMR Area","$1,870","$1,683","$2,057","$2,020","$1,818","$2,222","$2,350","$2,115","$2,585","$2,990","$2,691","$3,289","$3,280","$2,952","$3,608"
10541,METRO35620MM5600,"New York, NY HUD Metro FMR Area","$1,710","$1,539","$1,881","$1,760","$1,584","$1,936","$2,010","$1,809","$2,211","$2,550","$2,295","$2,805","$2,740","$2,466","$3,014"
10542,METRO35620MM5600,"New York, NY HUD Metro FMR Area","$1,670","$1,503","$1,837","$1,710","$1,539","$1,881","$1,950","$1,755","$2,145","$2,470","$2,223","$2,717","$2,640","$2,376","$2,904"
10550,METRO35620MM5600,"New York, NY HUD Metro FMR Area","$1,500","$1,350","$1,650","$1,550","$1,395","$1,705","$1,780","$1,602","$1,958","$2,290","$2,061","$2,519","$2,570","$2,313","$2,827"
10567,METRO35620MM5600,"New York, NY HUD Metro FMR Area","$1,680","$1,512","$1,848","$1,970","$1,773","$2,167","$2,360","$2,124","$2,596","$3,020","$2,718","$3,322","$3,430","$3,087","$3,773"
10579,METRO35620MM5600,"New York, NY HUD Metro FMR Area","$2,010","$1,809","$2,211","$2,050","$1,845","$2,255","$2,340","$2,106","$2,574","$2,960","$2,664","$3,256","$3,170","$2,853","$3,487"
10588,METRO35620MM5600,"New York, NY HUD Metro FMR Area","$1,510","$1,359","$1,661","$1,760","$1,584","$1,936","$2,110","$1,899","$2,321","$2,690","$2,421","$2,959","$3,050","$2,745","$3,355"
10598,METRO35620MM5600,"New York, NY HUD Metro FMR Area","$1,500","$1,350","$1,650","$1,570","$1,413","$1,727","$1,890","$1,701","$2,079","$2,420","$2,178","$2,662","$2,750","$2,475","$3,025"
10803,METRO35620MM5600,"New York, NY HUD Metro FMR Area","$1,680","$1,512","$1,848","$1,970","$1,773","$2,167","$2,360","$2,124","$2,596","$3,020","$2,718","$3,322","$3,430","$3,087","$3,773"
10901,METRO35620MM5600,"New York, NY HUD Metro FMR Area","$1,820","$1,638","$2,002","$1,860","$1,674","$2,046","$2,120","$1,908","$2,332","$2,680","$2,412","$2,948","$2,870","$2,583","$3,157"
10911,METRO35620MM5600,"New York, NY HUD Metro FMR Area","$1,770","$1,593","$1,947","$1,810","$1,629","$1,991","$2,080","$1,872","$2,288","$2,630","$2,367","$2,893","$2,820","$2,538","$3,102"
10913,METRO35620MM5600,"New York, NY HUD Metro FMR Area","$1,620","$1,458","$1,782","$1,660","$1,494","$1,826","$1,890","$1,701","$2,079","$2,390","$2,151","$2,629","$2,560","$2,304","$2,816"
10920,METRO35620MM5600,"New York, NY HUD Metro FMR Area","$1,840","$1,656","$2,024","$1,890","$1,701","$2,079","$2,150","$1,935","$2,365","$2,720","$2,448","$2,992","$2,920","$2,628","$3,212"
10923,METRO35620MM5600,"New York, NY HUD Metro FMR Area","$1,740","$1,566","$1,914","$1,780","$1,602","$1,958","$2,030","$1,827","$2,233","$2,570","$2,313","$2,827","$2,750","$2,475","$3,025"
10927,METRO35620MM5600,"New York, NY HUD Metro FMR Area","$1,660","$1,494","$1,826","$1,700","$1,530","$1,870","$1,940","$1,746","$2,134","$2,460","$2,214","$2,706","$2,630","$2,367","$2,893"
10931,METRO35620MM5600,"New York, NY HUD Metro FMR Area","$1,960","$1,764","$2,156","$2,010","$1,809","$2,211","$2,290","$2,061","$2,519","$2,900","$2,610","$3,190","$3,110","$2,799","$3,421"
10952,METRO35620MM5600,"New York, NY HUD Metro FMR Area","$1,860","$1,674","$2,046","$1,900","$1,710","$2,090","$2,170","$1,953","$2,387","$2,750","$2,475","$3,025","$2,940","$2,646","$3,234"
10954,METRO35620MM5600,"New York, NY HUD Metro FMR Area","$2,390","$2,151","$2,629","$2,450","$2,205","$2,695","$2,790","$2,511","$3,069","$3,530","$3,177","$3,883","$3,780","$3,402","$4,158"
10956,METRO35620MM5600,"New York, NY HUD Metro FMR Area","$1,770","$1,593","$1,947","$1,820","$1,638","$2,002","$2,070","$1,863","$2,277","$2,620","$2,358","$2,882","$2,810","$2,529","$3,091"
10960,METRO35620MM5600,"New York, NY HUD Metro FMR Area","$2,020","$1,818","$2,222","$2,070","$1,863","$2,277","$2,360","$2,124","$2,596","$2,990","$2,691","$3,289","$3,200","$2,880","$3,520"
10962,METRO35620MM5600,"New York, NY HUD Metro FMR Area","$1,500","$1,350","$1,650","$1,550","$1,395","$1,705","$1,760","$1,584","$1,936","$2,230","$2,007","$2,453","$2,380","$2,142","$2,618"
10964,METRO35620MM5600,"New York, NY HUD Metro FMR Area","$1,870","$1,683","$2,057","$2,040","$1,836","$2,244","$2,360","$2,124","$2,596","$2,970","$2,673","$3,267","$3,400","$3,060","$3,740"
10965,METRO35620MM5600,"New York, NY HUD Metro FMR Area","$1,650","$1,485","$1,815","$1,680","$1,512","$1,848","$1,920","$1,728","$2,112","$2,430","$2,187","$2,673","$2,600","$2,340","$2,860"
10968,METRO35620MM5600,"New York, NY HUD Metro FMR Area","$2,190","$1,971","$2,409","$2,250","$2,025","$2,475","$2,560","$2,304","$2,816","$3,240","$2,916","$3,564","$3,470","$3,123","$3,817"
10970,METRO35620MM5600,"New York, NY HUD Metro FMR Area","$2,070","$1,863","$2,277","$2,110","$1,899","$2,321","$2,410","$2,169","$2,651","$3,050","$2,745","$3,355","$3,270","$2,943","$3,597"
10974,METRO35620MM5600,"New York, NY HUD Metro FMR Area","$1,800","$1,620","$1,980","$1,840","$1,656","$2,024","$2,100","$1,890","$2,310","$2,660","$2,394","$2,926","$2,850","$2,565","$3,135"
10976,METRO35620MM5600,"New York, NY HUD Metro FMR Area","$1,950","$1,755","$2,145","$2,000","$1,800","$2,200","$2,280","$2,052","$2,508","$2,890","$2,601","$3,179","$3,090","$2,781","$3,399"
10977,METRO35620MM5600,"New York, NY HUD Metro FMR Area","$1,620","$1,458","$1,782","$1,660","$1,494","$1,826","$1,890","$1,701","$2,079","$2,390","$2,151","$2,629","$2,560","$2,304","$2,816"
10980,METRO35620MM5600,"New York, NY HUD Metro FMR Area","$1,890","$1,701","$2,079","$1,930","$1,737","$2,123","$2,200","$1,980","$2,420","$2,780","$2,502","$3,058","$2,980","$2,682","$3,278"
10982,METRO35620MM5600,"New York, NY HUD Metro FMR Area","$1,820","$1,638","$2,002","$1,860","$1,674","$2,046","$2,120","$1,908","$2,332","$2,680","$2,412","$2,948","$2,870","$2,583","$3,157"
10983,METRO35620MM5600,"New York, NY HUD Metro FMR Area","$2,640","$2,376","$2,904","$2,700","$2,430","$2,970","$3,080","$2,772","$3,388","$3,900","$3,510","$4,290","$4,180","$3,762","$4,598"
10984,METRO35620MM5600,"New York, NY HUD Metro FMR Area","$2,340","$2,106","$2,574","$2,390","$2,151","$2,629","$2,730","$2,457","$3,003","$3,450","$3,105","$3,795","$3,700","$3,330","$4,070"
10986,METRO35620MM5600,"New York, NY HUD Metro FMR Area","$1,630","$1,467","$1,793","$1,670","$1,503","$1,837","$1,900","$1,710","$2,090","$2,400","$2,160","$2,640","$2,580","$2,322","$2,838"
10987,METRO35620MM5600,"New York, NY HUD Metro FMR Area","$1,500","$1,350","$1,650","$1,550","$1,395","$1,705","$1,760","$1,584","$1,936","$2,230","$2,007","$2,453","$2,490","$2,241","$2,739"
10989,METRO35620MM5600,"New York, NY HUD Metro FMR Area","$2,360","$2,124","$2,596","$2,410","$2,169","$2,651","$2,750","$2,475","$3,025","$3,480","$3,132","$3,828","$3,730","$3,357","$4,103"
10993,METRO35620MM5600,"New York, NY HUD Metro FMR Area","$1,650","$1,485","$1,815","$1,680","$1,512","$1,848","$1,920","$1,728","$2,112","$2,430","$2,187","$2,673","$2,600","$2,340","$2,860"
10994,METRO35620MM5600,"New York, NY HUD Metro FMR Area","$2,060","$1,854","$2,266","$2,110","$1,899","$2,321","$2,410","$2,169","$2,651","$3,050","$2,745","$3,355","$3,260","$2,934","$3,586"
11001,METRO35620MM5600,"New York, NY HUD Metro FMR Area","$1,500","$1,350","$1,650","$1,590","$1,431","$1,749","$1,920","$1,728","$2,112","$2,450","$2,205","$2,695","$2,700","$2,430","$2,970"
11003,METRO35620MM5600,"New York, NY HUD Metro FMR Area","$1,500","$1,350","$1,650","$1,670","$1,503","$1,837","$2,050","$1,845","$2,255","$2,630","$2,367","$2,893","$2,920","$2,628","$3,212"
11004,METRO35620MM5600,"New York, NY HUD Metro FMR Area","$1,760","$1,584","$1,936","$1,800","$1,620","$1,980","$2,050","$1,845","$2,255","$2,590","$2,331","$2,849","$2,780","$2,502","$3,058"
11005,METRO35620MM5600,"New York, NY HUD Metro FMR Area","$2,640","$2,376","$2,904","$2,700","$2,430","$2,970","$3,080","$2,772","$3,388","$3,900","$3,510","$4,290","$4,180","$3,762","$4,598"
11020,METRO35620MM5600,"New York, NY HUD Metro FMR Area","$1,760","$1,584","$1,936","$2,200","$1,980","$2,420","$2,700","$2,430","$2,970","$3,470","$3,123","$3,817","$3,870","$3,483","$4,257"
11040,METRO35620MM5600,"New York, NY HUD Metro FMR Area","$1,500","$1,350","$1,650","$1,680","$1,512","$1,848","$2,050","$1,845","$2,255","$2,620","$2,358","$2,882","$2,910","$2,619","$3,201"
11101,METRO35620MM5600,"New York, NY HUD Metro FMR Area","$2,160","$1,944","$2,376","$2,210","$1,989","$2,431","$2,520","$2,268","$2,772","$3,190","$2,871","$3,509","$3,420","$3,078","$3,762"
11102,METRO35620MM5600,"New York, NY HUD Metro FMR Area","$2,090","$1,881","$2,299","$2,140","$1,926","$2,354","$2,440","$2,196","$2,684","$3,090","$2,781","$3,399","$3,310","$2,979","$3,641"
11103,METRO35620MM5600,"New York, NY HUD Metro FMR Area","$2,050","$1,845","$2,255","$2,100","$1,890","$2,310","$2,390","$2,151","$2,629","$3,020","$2,718","$3,322","$3,240","$2,916","$3,564"
11104,METRO35620MM5600,"New York, NY HUD Metro FMR Area","$2,030","$1,827","$2,233","$2,080","$1,872","$2,288","$2,370","$2,133","$2,607","$3,000","$2,700","$3,300","$3,210","$2,889","$3,531"
11105,METRO35620MM5600,"New York, NY HUD Metro FMR Area","$2,120","$1,908","$2,332","$2,170","$1,953","$2,387","$2,470","$2,223","$2,717","$3,130","$2,817","$3,443","$3,350","$3,015","$3,685"
11106,METRO35620MM5600,"New York, NY HUD Metro FMR Area","$2,090","$1,881","$2,299","$2,140","$1,926","$2,354","$2,440","$2,196","$2,684","$3,090","$2,781","$3,399","$3,310","$2,979","$3,641"
11109,METRO35620MM5600,"New York, NY HUD Metro FMR Area","$2,640","$2,376","$2,904","$2,700","$2,430","$2,970","$3,080","$2,772","$3,388","$3,900","$3,510","$4,290","$4,180","$3,762","$4,598"
11201,METRO35620MM5600,"New York, NY HUD Metro FMR Area","$2,640","$2,376","$2,904","$2,700","$2,430","$2,970","$3,080","$2,772","$3,388","$3,900","$3,510","$4,290","$4,180","$3,762","$4,598"
11202,METRO35620MM5600,"New York, NY HUD Metro FMR Area","$1,710","$1,539","$1,881","$1,750","$1,575","$1,925","$2,000","$1,800","$2,200","$2,530","$2,277","$2,783","$2,710","$2,439","$2,981"
11203,METRO35620MM5600,"New York, NY HUD Metro FMR Area","$1,650","$1,485","$1,815","$1,680","$1,512","$1,848","$1,920","$1,728","$2,112","$2,430","$2,187","$2,673","$2,600","$2,340","$2,860"
11204,METRO35620MM5600,"New York, NY HUD Metro FMR Area","$1,650","$1,485","$1,815","$1,680","$1,512","$1,848","$1,920","$1,728","$2,112","$2,430","$2,187","$2,673","$2,600","$2,340","$2,860"
11205,METRO35620MM5600,"New York, NY HUD Metro FMR Area","$1,750","$1,575","$1,925","$1,790","$1,611","$1,969","$2,040","$1,836","$2,244","$2,580","$2,322","$2,838","$2,770","$2,493","$3,047"
11206,METRO35620MM5600,"New York, NY HUD Metro FMR Area","$1,570","$1,413","$1,727","$1,610","$1,449","$1,771","$1,830","$1,647","$2,013","$2,320","$2,088","$2,552","$2,480","$2,232","$2,728"
11207,METRO35620MM5600,"New York, NY HUD Metro FMR Area","$1,650","$1,485","$1,815","$1,680","$1,512","$1,848","$1,920","$1,728","$2,112","$2,430","$2,187","$2,673","$2,600","$2,340","$2,860"
11208,METRO35620MM5600,"New York, NY HUD Metro FMR Area","$1,600","$1,440","$1,760","$1,640","$1,476","$1,804","$1,870","$1,683","$2,057","$2,370","$2,133","$2,607","$2,540","$2,286","$2,794"
11209,METRO35620MM5600,"New York, NY HUD Metro FMR Area","$2,010","$1,809","$2,211","$2,050","$1,845","$2,255","$2,340","$2,106","$2,574","$2,960","$2,664","$3,256","$3,170","$2,853","$3,487"
11210,METRO35620MM5600,"New York, NY HUD Metro FMR Area","$1,700","$1,530","$1,870","$1,740","$1,566","$1,914","$1,980","$1,782","$2,178","$2,510","$2,259","$2,761","$2,680","$2,412","$2,948"
11211,METRO35620MM5600,"New York, NY HUD Metro FMR Area","$1,940","$1,746","$2,134","$1,980","$1,782","$2,178","$2,260","$2,034","$2,486","$2,860","$2,574","$3,146","$3,060","$2,754","$3,366"
11212,METRO35620MM5600,"New York, NY HUD Metro FMR Area","$1,520","$1,368","$1,672","$1,550","$1,395","$1,705","$1,770","$1,593","$1,947","$2,240","$2,016","$2,464","$2,400","$2,160","$2,640"
11213,METRO35620MM5600,"New York, NY HUD Metro FMR Area","$1,590","$1,431","$1,749","$1,620","$1,458","$1,782","$1,850","$1,665","$2,035","$2,340","$2,106","$2,574","$2,510","$2,259","$2,761"
11214,METRO35620MM5600,"New York, NY HUD Metro FMR Area","$1,670","$1,503","$1,837","$1,710","$1,539","$1,881","$1,950","$1,755","$2,145","$2,470","$2,223","$2,717","$2,640","$2,376","$2,904"
11215,METRO35620MM5600,"New York, NY HUD Metro FMR Area","$2,640","$2,376","$2,904","$2,700","$2,430","$2,970","$3,080","$2,772","$3,388","$3,900","$3,510","$4,290","$4,180","$3,762","$4,598"
11216,METRO35620MM5600,"New York, NY HUD Metro FMR Area","$1,710","$1,539","$1,881","$1,750","$1,575","$1,925","$1,990","$1,791","$2,189","$2,520","$2,268","$2,772","$2,700","$2,430","$2,970"
11217,METRO35620MM5600,"New York, NY HUD Metro FMR Area","$2,640","$2,376","$2,904","$2,700","$2,430","$2,970","$3,080","$2,772","$3,388","$3,900","$3,510","$4,290","$4,180","$3,762","$4,598"
11218,METRO35620MM5600,"New York, NY HUD Metro FMR Area","$1,890","$1,701","$2,079","$1,930","$1,737","$2,123","$2,200","$1,980","$2,420","$2,780","$2,502","$3,058","$2,980","$2,682","$3,278"
11219,METRO35620MM5600,"New York, NY HUD Metro FMR Area","$1,650","$1,485","$1,815","$1,690","$1,521","$1,859","$1,930","$1,737","$2,123","$2,440","$2,196","$2,684","$2,620","$2,358","$2,882"
11220,METRO35620MM5600,"New York, NY HUD Metro FMR Area","$1,650","$1,485","$1,815","$1,680","$1,512","$1,848","$1,920","$1,728","$2,112","$2,430","$2,187","$2,673","$2,600","$2,340","$2,860"
11221,METRO35620MM5600,"New York, NY HUD Metro FMR Area","$1,670","$1,503","$1,837","$1,710","$1,539","$1,881","$1,950","$1,755","$2,145","$2,470","$2,223","$2,717","$2,640","$2,376","$2,904"
11222,METRO35620MM5600,"New York, NY HUD Metro FMR Area","$2,260","$2,034","$2,486","$2,320","$2,088","$2,552","$2,640","$2,376","$2,904","$3,340","$3,006","$3,674","$3,580","$3,222","$3,938"
11223,METRO35620MM5600,"New York, NY HUD Metro FMR Area","$1,750","$1,575","$1,925","$1,790","$1,611","$1,969","$2,040","$1,836","$2,244","$2,580","$2,322","$2,838","$2,770","$2,493","$3,047"
11224,METRO35620MM5600,"New York, NY HUD Metro FMR Area","$1,500","$1,350","$1,650","$1,550","$1,395","$1,705","$1,760","$1,584","$1,936","$2,230","$2,007","$2,453","$2,380","$2,142","$2,618"
11225,METRO35620MM5600,"New York, NY HUD Metro FMR Area","$1,660","$1,494","$1,826","$1,700","$1,530","$1,870","$1,940","$1,746","$2,134","$2,460","$2,214","$2,706","$2,630","$2,367","$2,893"
11226,METRO35620MM5600,"New York, NY HUD Metro FMR Area","$1,690","$1,521","$1,859","$1,730","$1,557","$1,903","$1,970","$1,773","$2,167","$2,490","$2,241","$2,739","$2,670","$2,403","$2,937"
11228,METRO35620MM5600,"New York, NY HUD Metro FMR Area","$1,750","$1,575","$1,925","$1,790","$1,611","$1,969","$2,040","$1,836","$2,244","$2,580","$2,322","$2,838","$2,770","$2,493","$3,047"
11229,METRO35620MM5600,"New York, NY HUD Metro FMR Area","$1,750","$1,575","$1,925","$1,790","$1,611","$1,969","$2,040","$1,836","$2,244","$2,580","$2,322","$2,838","$2,770","$2,493","$3,047"
11230,METRO35620MM5600,"New York, NY HUD Metro FMR Area","$1,780","$1,602","$1,958","$1,820","$1,638","$2,002","$2,080","$1,872","$2,288","$2,630","$2,367","$2,893","$2,820","$2,538","$3,102"
11231,METRO35620MM5600,"New York, NY HUD Metro FMR Area","$2,570","$2,313","$2,827","$2,630","$2,367","$2,893","$3,000","$2,700","$3,300","$3,800","$3,420","$4,180","$4,070","$3,663","$4,477"
11232,METRO35620MM5600,"New York, NY HUD Metro FMR Area","$1,740","$1,566","$1,914","$1,780","$1,602","$1,958","$2,030","$1,827","$2,233","$2,570","$2,313","$2,827","$2,750","$2,475","$3,025"
11233,METRO35620MM5600,"New York, NY HUD Metro FMR Area","$1,590","$1,431","$1,749","$1,630","$1,467","$1,793","$1,860","$1,674","$2,046","$2,350","$2,115","$2,585","$2,520","$2,268","$2,772"
11234,METRO35620MM5600,"New York, NY HUD Metro FMR Area","$1,760","$1,584","$1,936","$1,800","$1,620","$1,980","$2,050","$1,845","$2,255","$2,590","$2,331","$2,849","$2,780","$2,502","$3,058"
11235,METRO35620MM5600,"New York, NY HUD Metro FMR Area","$1,830","$1,647","$2,013","$1,880","$1,692","$2,068","$2,140","$1,926","$2,354","$2,710","$2,439","$2,981","$2,900","$2,610","$3,190"
11236,METRO35620MM5600,"New York, NY HUD Metro FMR Area","$1,730","$1,557","$1,903","$1,770","$1,593","$1,947","$2,020","$1,818","$2,222","$2,560","$2,304","$2,816","$2,740","$2,466","$3,014"
11237,METRO35620MM5600,"New York, NY HUD Metro FMR Area","$1,640","$1,476","$1,804","$1,680","$1,512","$1,848","$1,910","$1,719","$2,101","$2,420","$2,178","$2,662","$2,590","$2,331","$2,849"
11238,METRO35620MM5600,"New York, NY HUD Metro FMR Area","$2,000","$1,800","$2,200","$2,040","$1,836","$2,244","$2,330","$2,097","$2,563","$2,950","$2,655","$3,245","$3,160","$2,844","$3,476"
11239,METRO35620MM5600,"New York, NY HUD Metro FMR Area","$1,500","$1,350","$1,650","$1,550","$1,395","$1,705","$1,760","$1,584","$1,936","$2,230","$2,007","$2,453","$2,380","$2,142","$2,618"
11241,METRO35620MM5600,"New York, NY HUD Metro FMR Area","$1,710","$1,539","$1,881","$1,750","$1,575","$1,925","$2,000","$1,800","$2,200","$2,530","$2,277","$2,783","$2,710","$2,439","$2,981"
11242,METRO35620MM5600,"New York, NY HUD Metro FMR Area","$1,710","$1,539","$1,881","$1,750","$1,575","$1,925","$2,000","$1,800","$2,200","$2,530","$2,277","$2,783","$2,710","$2,439","$2,981"
11243,METRO35620MM5600,"New York, NY HUD Metro FMR Area","$1,710","$1,539","$1,881","$1,750","$1,575","$1,925","$2,000","$1,800","$2,200","$2,530","$2,277","$2,783","$2,710","$2,439","$2,981"
11247,METRO35620MM5600,"New York, NY HUD Metro FMR Area","$1,710","$1,539","$1,881","$1,750","$1,575","$1,925","$2,000","$1,800","$2,200","$2,530","$2,277","$2,783","$2,710","$2,439","$2,981"
11249,METRO35620MM5600,"New York, NY HUD Metro FMR Area","$1,710","$1,539","$1,881","$1,750","$1,575","$1,925","$2,000","$1,800","$2,200","$2,530","$2,277","$2,783","$2,710","$2,439","$2,981"
11252,METRO35620MM5600,"New York, NY HUD Metro FMR Area","$1,710","$1,539","$1,881","$1,750","$1,575","$1,925","$2,000","$1,800","$2,200","$2,530","$2,277","$2,783","$2,710","$2,439","$2,981"
11256,METRO35620MM5600,"New York, NY HUD Metro FMR Area","$1,710","$1,539","$1,881","$1,750","$1,575","$1,925","$2,000","$1,800","$2,200","$2,530","$2,277","$2,783","$2,710","$2,439","$2,981"
11351,METRO35620MM5600,"New York, NY HUD Metro FMR Area","$1,810","$1,629","$1,991","$1,850","$1,665","$2,035","$2,110","$1,899","$2,321","$2,670","$2,403","$2,937","$2,860","$2,574","$3,146"
11352,METRO35620MM5600,"New York, NY HUD Metro FMR Area","$1,810","$1,629","$1,991","$1,850","$1,665","$2,035","$2,110","$1,899","$2,321","$2,670","$2,403","$2,937","$2,860","$2,574","$3,146"
11354,METRO35620MM5600,"New York, NY HUD Metro FMR Area","$1,920","$1,728","$2,112","$1,970","$1,773","$2,167","$2,240","$2,016","$2,464","$2,830","$2,547","$3,113","$3,040","$2,736","$3,344"
11355,METRO35620MM5600,"New York, NY HUD Metro FMR Area","$1,720","$1,548","$1,892","$1,760","$1,584","$1,936","$2,010","$1,809","$2,211","$2,540","$2,286","$2,794","$2,730","$2,457","$3,003"
11356,METRO35620MM5600,"New York, NY HUD Metro FMR Area","$1,950","$1,755","$2,145","$1,990","$1,791","$2,189","$2,270","$2,043","$2,497","$2,870","$2,583","$3,157","$3,080","$2,772","$3,388"
11357,METRO35620MM5600,"New York, NY HUD Metro FMR Area","$2,050","$1,845","$2,255","$2,100","$1,890","$2,310","$2,390","$2,151","$2,629","$3,020","$2,718","$3,322","$3,240","$2,916","$3,564"
11358,METRO35620MM5600,"New York, NY HUD Metro FMR Area","$1,970","$1,773","$2,167","$2,020","$1,818","$2,222","$2,300","$2,070","$2,530","$2,910","$2,619","$3,201","$3,120","$2,808","$3,432"
11359,METRO35620MM5600,"New York, NY HUD Metro FMR Area","$1,810","$1,629","$1,991","$1,850","$1,665","$2,035","$2,110","$1,899","$2,321","$2,670","$2,403","$2,937","$2,860","$2,574","$3,146"
11360,METRO35620MM5600,"New York, NY HUD Metro FMR Area","$2,460","$2,214","$2,706","$2,520","$2,268","$2,772","$2,870","$2,583","$3,157","$3,630","$3,267","$3,993","$3,890","$3,501","$4,279"
11361,METRO35620MM5600,"New York, NY HUD Metro FMR Area","$2,120","$1,908","$2,332","$2,170","$1,953","$2,387","$2,470","$2,223","$2,717","$3,130","$2,817","$3,443","$3,350","$3,015","$3,685"
11362,METRO35620MM5600,"New York, NY HUD Metro FMR Area","$2,150","$1,935","$2,365","$2,200","$1,980","$2,420","$2,510","$2,259","$2,761","$3,180","$2,862","$3,498","$3,400","$3,060","$3,740"
11363,METRO35620MM5600,"New York, NY HUD Metro FMR Area","$2,330","$2,097","$2,563","$2,390","$2,151","$2,629","$2,720","$2,448","$2,992","$3,440","$3,096","$3,784","$3,690","$3,321","$4,059"
11364,METRO35620MM5600,"New York, NY HUD Metro FMR Area","$2,030","$1,827","$2,233","$2,080","$1,872","$2,288","$2,370","$2,133","$2,607","$3,000","$2,700","$3,300","$3,210","$2,889","$3,531"
11365,METRO35620MM5600,"New York, NY HUD Metro FMR Area","$1,750","$1,575","$1,925","$1,790","$1,611","$1,969","$2,040","$1,836","$2,244","$2,580","$2,322","$2,838","$2,770","$2,493","$3,047"
11366,METRO35620MM5600,"New York, NY HUD Metro FMR Area","$2,040","$1,836","$2,244","$2,090","$1,881","$2,299","$2,380","$2,142","$2,618","$3,010","$2,709","$3,311","$3,230","$2,907","$3,553"
11367,METRO35620MM5600,"New York, NY HUD Metro FMR Area","$1,770","$1,593","$1,947","$1,810","$1,629","$1,991","$2,060","$1,854","$2,266","$2,610","$2,349","$2,871","$2,790","$2,511","$3,069"
11368,METRO35620MM5600,"New York, NY HUD Metro FMR Area","$1,910","$1,719","$2,101","$1,960","$1,764","$2,156","$2,230","$2,007","$2,453","$2,820","$2,538","$3,102","$3,020","$2,718","$3,322"
11369,METRO35620MM5600,"New York, NY HUD Metro FMR Area","$1,870","$1,683","$2,057","$1,910","$1,719","$2,101","$2,180","$1,962","$2,398","$2,760","$2,484","$3,036","$2,960","$2,664","$3,256"
11370,METRO35620MM5600,"New York, NY HUD Metro FMR Area","$1,980","$1,782","$2,178","$2,030","$1,827","$2,233","$2,310","$2,079","$2,541","$2,920","$2,628","$3,212","$3,130","$2,817","$3,443"
11371,METRO35620MM5600,"New York, NY HUD Metro FMR Area","$1,810","$1,629","$1,991","$1,850","$1,665","$2,035","$2,110","$1,899","$2,321","$2,670","$2,403","$2,937","$2,860","$2,574","$3,146"
11372,METRO35620MM5600,"New York, NY HUD Metro FMR Area","$1,780","$1,602","$1,958","$1,820","$1,638","$2,002","$2,080","$1,872","$2,288","$2,630","$2,367","$2,893","$2,820","$2,538","$3,102"
11373,METRO35620MM5600,"New York, NY HUD Metro FMR Area","$1,910","$1,719","$2,101","$1,960","$1,764","$2,156","$2,230","$2,007","$2,453","$2,820","$2,538","$3,102","$3,020","$2,718","$3,322"
11374,METRO35620MM5600,"New York, NY HUD Metro FMR Area","$1,940","$1,746","$2,134","$1,980","$1,782","$2,178","$2,260","$2,034","$2,486","$2,860","$2,574","$3,146","$3,060","$2,754","$3,366"
11375,METRO35620MM5600,"New York, NY HUD Metro FMR Area","$2,230","$2,007","$2,453","$2,280","$2,052","$2,508","$2,600","$2,340","$2,860","$3,290","$2,961","$3,619","$3,530","$3,177","$3,883"
11377,METRO35620MM5600,"New York, NY HUD Metro FMR Area","$1,920","$1,728","$2,112","$1,970","$1,773","$2,167","$2,240","$2,016","$2,464","$2,830","$2,547","$3,113","$3,040","$2,736","$3,344"
11378,METRO35620MM5600,"New York, NY HUD Metro FMR Area","$1,860","$1,674","$2,046","$1,900","$1,710","$2,090","$2,170","$1,953","$2,387","$2,750","$2,475","$3,025","$2,940","$2,646","$3,234"
11379,METRO35620MM5600,"New York, NY HUD Metro FMR Area","$1,920","$1,728","$2,112","$1,970","$1,773","$2,167","$2,240","$2,016","$2,464","$2,830","$2,547","$3,113","$3,040","$2,736","$3,344"
11380,METRO35620MM5600,"New York, NY HUD Metro FMR Area","$1,810","$1,629","$1,991","$1,850","$1,665","$2,035","$2,110","$1,899","$2,321","$2,670","$2,403","$2,937","$2,860","$2,574","$3,146"
11381,METRO35620MM5600,"New York, NY HUD Metro FMR Area","$1,810","$1,629","$1,991","$1,850","$1,665","$2,035","$2,110","$1,899","$2,321","$2,670","$2,403","$2,937","$2,860","$2,574","$3,146"
11385,METRO35620MM5600,"New York, NY HUD Metro FMR Area","$1,690","$1,521","$1,859","$1,730","$1,557","$1,903","$1,970","$1,773","$2,167","$2,490","$2,241","$2,739","$2,670","$2,403","$2,937"
11386,METRO35620MM5600,"New York, NY HUD Metro FMR Area","$1,810","$1,629","$1,991","$1,850","$1,665","$2,035","$2,110","$1,899","$2,321","$2,670","$2,403","$2,937","$2,860","$2,574","$3,146"
11411,METRO35620MM5600,"New York, NY HUD Metro FMR Area","$1,880","$1,692","$2,068","$1,920","$1,728","$2,112","$2,190","$1,971","$2,409","$2,770","$2,493","$3,047","$2,970","$2,673","$3,267"
11412,METRO35620MM5600,"New York, NY HUD Metro FMR Area","$1,710","$1,539","$1,881","$1,750","$1,575","$1,925","$2,000","$1,800","$2,200","$2,530","$2,277","$2,783","$2,710","$2,439","$2,981"
11413,METRO35620MM5600,"New York, NY HUD Metro FMR Area","$1,820","$1,638","$2,002","$1,860","$1,674","$2,046","$2,120","$1,908","$2,332","$2,680","$2,412","$2,948","$2,870","$2,583","$3,157"
11414,METRO35620MM5600,"New York, NY HUD Metro FMR Area","$1,880","$1,692","$2,068","$1,920","$1,728","$2,112","$2,190","$1,971","$2,409","$2,770","$2,493","$3,047","$2,970","$2,673","$3,267"
11415,METRO35620MM5600,"New York, NY HUD Metro FMR Area","$1,990","$1,791","$2,189","$2,040","$1,836","$2,244","$2,320","$2,088","$2,552","$2,940","$2,646","$3,234","$3,150","$2,835","$3,465"
11416,METRO35620MM5600,"New York, NY HUD Metro FMR Area","$1,710","$1,539","$1,881","$1,750","$1,575","$1,925","$1,990","$1,791","$2,189","$2,520","$2,268","$2,772","$2,700","$2,430","$2,970"
11417,METRO35620MM5600,"New York, NY HUD Metro FMR Area","$1,790","$1,611","$1,969","$1,830","$1,647","$2,013","$2,090","$1,881","$2,299","$2,640","$2,376","$2,904","$2,830","$2,547","$3,113"
11418,METRO35620MM5600,"New York, NY HUD Metro FMR Area","$1,780","$1,602","$1,958","$1,820","$1,638","$2,002","$2,080","$1,872","$2,288","$2,630","$2,367","$2,893","$2,820","$2,538","$3,102"
11419,METRO35620MM5600,"New York, NY HUD Metro FMR Area","$1,770","$1,593","$1,947","$1,820","$1,638","$2,002","$2,070","$1,863","$2,277","$2,620","$2,358","$2,882","$2,810","$2,529","$3,091"
11420,METRO35620MM5600,"New York, NY HUD Metro FMR Area","$1,750","$1,575","$1,925","$1,790","$1,611","$1,969","$2,040","$1,836","$2,244","$2,580","$2,322","$2,838","$2,770","$2,493","$3,047"
11421,METRO35620MM5600,"New York, NY HUD Metro FMR Area","$1,840","$1,656","$2,024","$1,890","$1,701","$2,079","$2,150","$1,935","$2,365","$2,720","$2,448","$2,992","$2,920","$2,628","$3,212"
11422,METRO35620MM5600,"New York, NY HUD Metro FMR Area","$2,000","$1,800","$2,200","$2,040","$1,836","$2,244","$2,330","$2,097","$2,563","$2,950","$2,655","$3,245","$3,160","$2,844","$3,476"
11423,METRO35620MM5600,"New York, NY HUD Metro FMR Area","$1,650","$1,485","$1,815","$1,690","$1,521","$1,859","$1,930","$1,737","$2,123","$2,440","$2,196","$2,684","$2,620","$2,358","$2,882"
11424,METRO35620MM5600,"New York, NY HUD Metro FMR Area","$1,810","$1,629","$1,991","$1,850","$1,665","$2,035","$2,110","$1,899","$2,321","$2,670","$2,403","$2,937","$2,860","$2,574","$3,146"
11425,METRO35620MM5600,"New York, NY HUD Metro FMR Area","$1,710","$1,539","$1,881","$1,750","$1,575","$1,925","$2,000","$1,800","$2,200","$2,530","$2,277","$2,783","$2,710","$2,439","$2,981"
11426,METRO35620MM5600,"New York, NY HUD Metro FMR Area","$2,030","$1,827","$2,233","$2,080","$1,872","$2,288","$2,370","$2,133","$2,607","$3,000","$2,700","$3,300","$3,210","$2,889","$3,531"
11427,METRO35620MM5600,"New York, NY HUD Metro FMR Area","$1,640","$1,476","$1,804","$1,680","$1,512","$1,848","$1,910","$1,719","$2,101","$2,420","$2,178","$2,662","$2,590","$2,331","$2,849"
11428,METRO35620MM5600,"New York, NY HUD Metro FMR Area","$1,740","$1,566","$1,914","$1,780","$1,602","$1,958","$2,030","$1,827","$2,233","$2,570","$2,313","$2,827","$2,750","$2,475","$3,025"
11429,METRO35620MM5600,"New York, NY HUD Metro FMR Area","$1,740","$1,566","$1,914","$1,780","$1,602","$1,958","$2,030","$1,827","$2,233","$2,570","$2,313","$2,827","$2,750","$2,475","$3,025"
11430,METRO35620MM5600,"New York, NY HUD Metro FMR Area","$1,620","$1,458","$1,782","$1,690","$1,521","$1,859","$1,950","$1,755","$2,145","$2,470","$2,223","$2,717","$2,660","$2,394","$2,926"
11431,METRO35620MM5600,"New York, NY HUD Metro FMR Area","$1,810","$1,629","$1,991","$1,850","$1,665","$2,035","$2,110","$1,899","$2,321","$2,670","$2,403","$2,937","$2,860","$2,574","$3,146"
11432,METRO35620MM5600,"New York, NY HUD Metro FMR Area","$1,890","$1,701","$2,079","$1,940","$1,746","$2,134","$2,210","$1,989","$2,431","$2,800","$2,520","$3,080","$3,000","$2,700","$3,300"
11433,METRO35620MM5600,"New York, NY HUD Metro FMR Area","$1,620","$1,458","$1,782","$1,660","$1,494","$1,826","$1,890","$1,701","$2,079","$2,390","$2,151","$2,629","$2,560","$2,304","$2,816"
11434,METRO35620MM5600,"New York, NY HUD Metro FMR Area","$1,500","$1,350","$1,650","$1,550","$1,395","$1,705","$1,760","$1,584","$1,936","$2,230","$2,007","$2,453","$2,380","$2,142","$2,618"
11435,METRO35620MM5600,"New York, NY HUD Metro FMR Area","$1,730","$1,557","$1,903","$1,770","$1,593","$1,947","$2,020","$1,818","$2,222","$2,560","$2,304","$2,816","$2,740","$2,466","$3,014"
11436,METRO35620MM5600,"New York, NY HUD Metro FMR Area","$1,860","$1,674","$2,046","$1,900","$1,710","$2,090","$2,170","$1,953","$2,387","$2,750","$2,475","$3,025","$2,940","$2,646","$3,234"
11439,METRO35620MM5600,"New York, NY HUD Metro FMR Area","$1,810","$1,629","$1,991","$1,850","$1,665","$2,035","$2,110","$1,899","$2,321","$2,670","$2,403","$2,937","$2,860","$2,574","$3,146"
11451,METRO35620MM5600,"New York, NY HUD Metro FMR Area","$1,810","$1,629","$1,991","$1,850","$1,665","$2,035","$2,110","$1,899","$2,321","$2,670","$2,403","$2,937","$2,860","$2,574","$3,146"
11559,METRO35620MM5600,"New York, NY HUD Metro FMR Area","$1,500","$1,350","$1,650","$1,660","$1,494","$1,826","$2,030","$1,827","$2,233","$2,600","$2,340","$2,860","$2,890","$2,601","$3,179"
11580,METRO35620MM5600,"New York, NY HUD Metro FMR Area","$1,500","$1,350","$1,650","$1,560","$1,404","$1,716","$1,910","$1,719","$2,101","$2,450","$2,205","$2,695","$2,720","$2,448","$2,992"
11691,METRO35620MM5600,"New York, NY HUD Metro FMR Area","$1,670","$1,503","$1,837","$1,710","$1,539","$1,881","$1,950","$1,755","$2,145","$2,470","$2,223","$2,717","$2,640","$2,376","$2,904"
11692,METRO35620MM5600,"New York, NY HUD Metro FMR Area","$1,500","$1,350","$1,650","$1,550","$1,395","$1,705","$1,760","$1,584","$1,936","$2,230","$2,007","$2,453","$2,380","$2,142","$2,618"
11693,METRO35620MM5600,"New York, NY HUD Metro FMR Area","$1,500","$1,350","$1,650","$1,550","$1,395","$1,705","$1,760","$1,584","$1,936","$2,230","$2,007","$2,453","$2,380","$2,142","$2,618"
11694,METRO35620MM5600,"New York, NY HUD Metro FMR Area","$1,580","$1,422","$1,738","$1,610","$1,449","$1,771","$1,840","$1,656","$2,024","$2,330","$2,097","$2,563","$2,500","$2,250","$2,750"
11697,METRO35620MM5600,"New York, NY HUD Metro FMR Area","$1,580","$1,422","$1,738","$1,610","$1,449","$1,771","$1,840","$1,656","$2,024","$2,330","$2,097","$2,563","$2,500","$2,250","$2,750"
12524,METRO35620MM5600,"New York, NY HUD Metro FMR Area","$1,500","$1,350","$1,650","$1,550","$1,395","$1,705","$1,760","$1,584","$1,936","$2,230","$2,007","$2,453","$2,400","$2,160","$2,640"
12531,METRO35620MM5600,"New York, NY HUD Metro FMR Area","$1,500","$1,350","$1,650","$1,550","$1,395","$1,705","$1,760","$1,584","$1,936","$2,230","$2,007","$2,453","$2,380","$2,142","$2,618"
12533,METRO35620MM5600,"New York, NY HUD Metro FMR Area","$1,500","$1,350","$1,650","$1,550","$1,395","$1,705","$1,760","$1,584","$1,936","$2,230","$2,007","$2,453","$2,380","$2,142","$2,618"
12563,METRO35620MM5600,"New York, NY HUD Metro FMR Area","$1,500","$1,350","$1,650","$1,550","$1,395","$1,705","$1,760","$1,584","$1,936","$2,230","$2,007","$2,453","$2,380","$2,142","$2,618"
12564,METRO35620MM5600,"New York, NY HUD Metro FMR Area","$1,500","$1,350","$1,650","$1,550","$1,395","$1,705","$1,760","$1,584","$1,936","$2,230","$2,007","$2,453","$2,380","$2,142","$2,618"
12582,METRO35620MM5600,"New York, NY HUD Metro FMR Area","$1,500","$1,350","$1,650","$1,550","$1,395","$1,705","$1,760","$1,584","$1,936","$2,230","$2,007","$2,453","$2,380","$2,142","$2,618"
13143,METRO40380M40380,"Rochester, NY HUD Metro FMR Area",$610,$549,$671,$700,$630,$770,$880,$792,$968,"$1,090",$981,"$1,199","$1,190","$1,071","$1,309"
13146,METRO40380M40380,"Rochester, NY HUD Metro FMR Area",$660,$594,$726,$760,$684,$836,$950,$855,"$1,045","$1,180","$1,062","$1,298","$1,290","$1,161","$1,419"
13148,METRO40380M40380,"Rochester, NY HUD Metro FMR Area",$620,$558,$682,$710,$639,$781,$890,$801,$979,"$1,110",$999,"$1,221","$1,210","$1,089","$1,331"
13154,METRO40380M40380,"Rochester, NY HUD Metro FMR Area",$620,$558,$682,$710,$639,$781,$890,$801,$979,"$1,110",$999,"$1,221","$1,210","$1,089","$1,331"
13156,METRO40380M40380,"Rochester, NY HUD Metro FMR Area",$610,$549,$671,$700,$630,$770,$880,$792,$968,"$1,090",$981,"$1,199","$1,190","$1,071","$1,309"
13165,METRO40380M40380,"Rochester, NY HUD Metro FMR Area",$620,$558,$682,$710,$639,$781,$890,$801,$979,"$1,110",$999,"$1,221","$1,210","$1,089","$1,331"
14012,METRO40380M40380,"Rochester, NY HUD Metro FMR Area",$800,$720,$880,$830,$747,$913,$990,$891,"$1,089","$1,230","$1,107","$1,353","$1,380","$1,242","$1,518"
14058,METRO40380M40380,"Rochester, NY HUD Metro FMR Area",$610,$549,$671,$700,$630,$770,$880,$792,$968,"$1,090",$981,"$1,199","$1,190","$1,071","$1,309"
14098,METRO40380M40380,"Rochester, NY HUD Metro FMR Area",$670,$603,$737,$770,$693,$847,$960,$864,"$1,056","$1,190","$1,071","$1,309","$1,300","$1,170","$1,430"
14103,METRO40380M40380,"Rochester, NY HUD Metro FMR Area",$610,$549,$671,$700,$630,$770,$880,$792,$968,"$1,090",$981,"$1,199","$1,190","$1,071","$1,309"
14105,METRO40380M40380,"Rochester, NY HUD Metro FMR Area",$630,$567,$693,$700,$630,$770,$880,$792,$968,"$1,090",$981,"$1,199","$1,190","$1,071","$1,309"
14125,METRO40380M40380,"Rochester, NY HUD Metro FMR Area",$610,$549,$671,$700,$630,$770,$880,$792,$968,"$1,090",$981,"$1,199","$1,190","$1,071","$1,309"
14410,METRO40380M40380,"Rochester, NY HUD Metro FMR Area",$710,$639,$781,$820,$738,$902,"$1,030",$927,"$1,133","$1,280","$1,152","$1,408","$1,400","$1,260","$1,540"
14411,METRO40380M40380,"Rochester, NY HUD Metro FMR Area",$610,$549,$671,$700,$630,$770,$880,$792,$968,"$1,090",$981,"$1,199","$1,190","$1,071","$1,309"
14413,METRO40380M40380,"Rochester, NY HUD Metro FMR Area",$620,$558,$682,$710,$639,$781,$890,$801,$979,"$1,110",$999,"$1,221","$1,210","$1,089","$1,331"
14414,METRO40380M40380,"Rochester, NY HUD Metro FMR Area",$660,$594,$726,$760,$684,$836,$950,$855,"$1,045","$1,180","$1,062","$1,298","$1,290","$1,161","$1,419"
14416,METRO40380M40380,"Rochester, NY HUD Metro FMR Area",$640,$576,$704,$740,$666,$814,$920,$828,"$1,012","$1,140","$1,026","$1,254","$1,250","$1,125","$1,375"
14420,METRO40380M40380,"Rochester, NY HUD Metro FMR Area",$670,$603,$737,$780,$702,$858,$970,$873,"$1,067","$1,210","$1,089","$1,331","$1,320","$1,188","$1,452"
14422,METRO40380M40380,"Rochester, NY HUD Metro FMR Area",$610,$549,$671,$700,$630,$770,$880,$792,$968,"$1,090",$981,"$1,199","$1,190","$1,071","$1,309"
14423,METRO40380M40380,"Rochester, NY HUD Metro FMR Area",$610,$549,$671,$700,$630,$770,$880,$792,$968,"$1,090",$981,"$1,199","$1,190","$1,071","$1,309"
14424,METRO40380M40380,"Rochester, NY HUD Metro FMR Area",$720,$648,$792,$830,$747,$913,"$1,040",$936,"$1,144","$1,290","$1,161","$1,419","$1,410","$1,269","$1,551"
14425,METRO40380M40380,"Rochester, NY HUD Metro FMR Area",$870,$783,$957,"$1,000",$900,"$1,100","$1,250","$1,125","$1,375","$1,550","$1,395","$1,705","$1,700","$1,530","$1,870"
14428,METRO40380M40380,"Rochester, NY HUD Metro FMR Area",$840,$756,$924,$970,$873,"$1,067","$1,210","$1,089","$1,331","$1,510","$1,359","$1,661","$1,640","$1,476","$1,804"
14429,METRO40380M40380,"Rochester, NY HUD Metro FMR Area",$610,$549,$671,$700,$630,$770,$880,$792,$968,"$1,090",$981,"$1,199","$1,190","$1,071","$1,309"
14430,METRO40380M40380,"Rochester, NY HUD Metro FMR Area",$710,$639,$781,$820,$738,$902,"$1,030",$927,"$1,133","$1,280","$1,152","$1,408","$1,400","$1,260","$1,540"
14432,METRO40380M40380,"Rochester, NY HUD Metro FMR Area",$610,$549,$671,$700,$630,$770,$880,$792,$968,"$1,090",$981,"$1,199","$1,190","$1,071","$1,309"
14433,METRO40380M40380,"Rochester, NY HUD Metro FMR Area",$650,$585,$715,$750,$675,$825,$940,$846,"$1,034","$1,170","$1,053","$1,287","$1,270","$1,143","$1,397"
14435,METRO40380M40380,"Rochester, NY HUD Metro FMR Area",$720,$648,$792,$830,$747,$913,"$1,040",$936,"$1,144","$1,290","$1,161","$1,419","$1,410","$1,269","$1,551"
14437,METRO40380M40380,"Rochester, NY HUD Metro FMR Area",$610,$549,$671,$700,$630,$770,$880,$792,$968,"$1,090",$981,"$1,199","$1,190","$1,071","$1,309"
14445,METRO40380M40380,"Rochester, NY HUD Metro FMR Area",$710,$639,$781,$820,$738,$902,"$1,020",$918,"$1,122","$1,270","$1,143","$1,397","$1,380","$1,242","$1,518"
14449,METRO40380M40380,"Rochester, NY HUD Metro FMR Area",$620,$558,$682,$710,$639,$781,$890,$801,$979,"$1,110",$999,"$1,221","$1,210","$1,089","$1,331"
14450,METRO40380M40380,"Rochester, NY HUD Metro FMR Area",$810,$729,$891,$940,$846,"$1,034","$1,170","$1,053","$1,287","$1,460","$1,314","$1,606","$1,590","$1,431","$1,749"
14452,METRO40380M40380,"Rochester, NY HUD Metro FMR Area",$610,$549,$671,$700,$630,$770,$880,$792,$968,"$1,090",$981,"$1,199","$1,190","$1,071","$1,309"
14453,METRO40380M40380,"Rochester, NY HUD Metro FMR Area",$690,$621,$759,$800,$720,$880,"$1,000",$900,"$1,100","$1,240","$1,116","$1,364","$1,360","$1,224","$1,496"
14454,METRO40380M40380,"Rochester, NY HUD Metro FMR Area",$710,$639,$781,$820,$738,$902,"$1,020",$918,"$1,122","$1,270","$1,143","$1,397","$1,380","$1,242","$1,518"
14456,METRO40380M40380,"Rochester, NY HUD Metro FMR Area",$630,$567,$693,$730,$657,$803,$910,$819,"$1,001","$1,130","$1,017","$1,243","$1,230","$1,107","$1,353"
14461,METRO40380M40380,"Rochester, NY HUD Metro FMR Area",$690,$621,$759,$800,$720,$880,"$1,000",$900,"$1,100","$1,240","$1,116","$1,364","$1,360","$1,224","$1,496"
14462,METRO40380M40380,"Rochester, NY HUD Metro FMR Area",$610,$549,$671,$700,$630,$770,$880,$792,$968,"$1,090",$981,"$1,199","$1,190","$1,071","$1,309"
14463,METRO40380M40380,"Rochester, NY HUD Metro FMR Area",$690,$621,$759,$800,$720,$880,"$1,000",$900,"$1,100","$1,240","$1,116","$1,364","$1,360","$1,224","$1,496"
14464,METRO40380M40380,"Rochester, NY HUD Metro FMR Area",$610,$549,$671,$700,$630,$770,$880,$792,$968,"$1,090",$981,"$1,199","$1,190","$1,071","$1,309"
14466,METRO40380M40380,"Rochester, NY HUD Metro FMR Area",$610,$549,$671,$700,$630,$770,$880,$792,$968,"$1,090",$981,"$1,199","$1,190","$1,071","$1,309"
14467,METRO40380M40380,"Rochester, NY HUD Metro FMR Area",$770,$693,$847,$890,$801,$979,"$1,110",$999,"$1,221","$1,380","$1,242","$1,518","$1,510","$1,359","$1,661"
14468,METRO40380M40380,"Rochester, NY HUD Metro FMR Area",$760,$684,$836,$880,$792,$968,"$1,100",$990,"$1,210","$1,370","$1,233","$1,507","$1,490","$1,341","$1,639"
14469,METRO40380M40380,"Rochester, NY HUD Metro FMR Area",$630,$567,$693,$730,$657,$803,$910,$819,"$1,001","$1,130","$1,017","$1,243","$1,230","$1,107","$1,353"
14470,METRO40380M40380,"Rochester, NY HUD Metro FMR Area",$610,$549,$671,$700,$630,$770,$880,$792,$968,"$1,090",$981,"$1,199","$1,190","$1,071","$1,309"
14471,METRO40380M40380,"Rochester, NY HUD Metro FMR Area",$740,$666,$814,$850,$765,$935,"$1,060",$954,"$1,166","$1,320","$1,188","$1,452","$1,440","$1,296","$1,584"
14472,METRO40380M40380,"Rochester, NY HUD Metro FMR Area",$690,$621,$759,$800,$720,$880,"$1,000",$900,"$1,100","$1,240","$1,116","$1,364","$1,360","$1,224","$1,496"
14475,METRO40380M40380,"Rochester, NY HUD Metro FMR Area",$730,$657,$803,$850,$765,$935,"$1,060",$954,"$1,166","$1,320","$1,188","$1,452","$1,440","$1,296","$1,584"
14476,METRO40380M40380,"Rochester, NY HUD Metro FMR Area",$700,$630,$770,$810,$729,$891,"$1,010",$909,"$1,111","$1,260","$1,134","$1,386","$1,370","$1,233","$1,507"
14477,METRO40380M40380,"Rochester, NY HUD Metro FMR Area",$740,$666,$814,$860,$774,$946,"$1,070",$963,"$1,177","$1,330","$1,197","$1,463","$1,450","$1,305","$1,595"
14479,METRO40380M40380,"Rochester, NY HUD Metro FMR Area",$610,$549,$671,$700,$630,$770,$880,$792,$968,"$1,090",$981,"$1,199","$1,190","$1,071","$1,309"
14480,METRO40380M40380,"Rochester, NY HUD Metro FMR Area",$660,$594,$726,$760,$684,$836,$950,$855,"$1,045","$1,180","$1,062","$1,298","$1,290","$1,161","$1,419"
14481,METRO40380M40380,"Rochester, NY HUD Metro FMR Area",$660,$594,$726,$760,$684,$836,$950,$855,"$1,045","$1,180","$1,062","$1,298","$1,290","$1,161","$1,419"
14482,METRO40380M40380,"Rochester, NY HUD Metro FMR Area",$610,$549,$671,$700,$630,$770,$880,$792,$968,"$1,090",$981,"$1,199","$1,190","$1,071","$1,309"
14485,METRO40380M40380,"Rochester, NY HUD Metro FMR Area",$610,$549,$671,$700,$630,$770,$880,$792,$968,"$1,090",$981,"$1,199","$1,190","$1,071","$1,309"
14486,METRO40380M40380,"Rochester, NY HUD Metro FMR Area",$610,$549,$671,$700,$630,$770,$880,$792,$968,"$1,090",$981,"$1,199","$1,190","$1,071","$1,309"
14487,METRO40380M40380,"Rochester, NY HUD Metro FMR Area",$700,$630,$770,$810,$729,$891,"$1,010",$909,"$1,111","$1,260","$1,134","$1,386","$1,370","$1,233","$1,507"
14488,METRO40380M40380,"Rochester, NY HUD Metro FMR Area",$620,$558,$682,$710,$639,$781,$890,$801,$979,"$1,110",$999,"$1,221","$1,210","$1,089","$1,331"
14489,METRO40380M40380,"Rochester, NY HUD Metro FMR Area",$610,$549,$671,$700,$630,$770,$880,$792,$968,"$1,090",$981,"$1,199","$1,190","$1,071","$1,309"
14502,METRO40380M40380,"Rochester, NY HUD Metro FMR Area",$620,$558,$682,$710,$639,$781,$890,$801,$979,"$1,110",$999,"$1,221","$1,210","$1,089","$1,331"
14504,METRO40380M40380,"Rochester, NY HUD Metro FMR Area",$700,$630,$770,$810,$729,$891,"$1,010",$909,"$1,111","$1,260","$1,134","$1,386","$1,370","$1,233","$1,507"
14505,METRO40380M40380,"Rochester, NY HUD Metro FMR Area",$670,$603,$737,$770,$693,$847,$960,$864,"$1,056","$1,190","$1,071","$1,309","$1,300","$1,170","$1,430"
14506,METRO40380M40380,"Rochester, NY HUD Metro FMR Area",$830,$747,$913,$960,$864,"$1,056","$1,210","$1,089","$1,331","$1,500","$1,350","$1,650","$1,640","$1,476","$1,804"
14508,METRO40380M40380,"Rochester, NY HUD Metro FMR Area",$710,$639,$781,$820,$738,$902,"$1,030",$927,"$1,133","$1,280","$1,152","$1,408","$1,400","$1,260","$1,540"
14510,METRO40380M40380,"Rochester, NY HUD Metro FMR Area",$610,$549,$671,$700,$630,$770,$880,$792,$968,"$1,090",$981,"$1,199","$1,190","$1,071","$1,309"
14511,METRO40380M40380,"Rochester, NY HUD Metro FMR Area",$760,$684,$836,$880,$792,$968,"$1,100",$990,"$1,210","$1,370","$1,233","$1,507","$1,490","$1,341","$1,639"
14512,METRO40380M40380,"Rochester, NY HUD Metro FMR Area",$610,$549,$671,$700,$630,$770,$880,$792,$968,"$1,090",$981,"$1,199","$1,190","$1,071","$1,309"
14513,METRO40380M40380,"Rochester, NY HUD Metro FMR Area",$610,$549,$671,$700,$630,$770,$880,$792,$968,"$1,090",$981,"$1,199","$1,190","$1,071","$1,309"
14514,METRO40380M40380,"Rochester, NY HUD Metro FMR Area",$800,$720,$880,$930,$837,"$1,023","$1,160","$1,044","$1,276","$1,440","$1,296","$1,584","$1,570","$1,413","$1,727"
14515,METRO40380M40380,"Rochester, NY HUD Metro FMR Area",$710,$639,$781,$820,$738,$902,"$1,030",$927,"$1,133","$1,280","$1,152","$1,408","$1,400","$1,260","$1,540"
14516,METRO40380M40380,"Rochester, NY HUD Metro FMR Area",$680,$612,$748,$780,$702,$858,$980,$882,"$1,078","$1,220","$1,098","$1,342","$1,330","$1,197","$1,463"
14517,METRO40380M40380,"Rochester, NY HUD Metro FMR Area",$610,$549,$671,$700,$630,$770,$880,$792,$968,"$1,090",$981,"$1,199","$1,190","$1,071","$1,309"
14518,METRO40380M40380,"Rochester, NY HUD Metro FMR Area",$690,$621,$759,$800,$720,$880,"$1,000",$900,"$1,100","$1,240","$1,116","$1,364","$1,360","$1,224","$1,496"
14519,METRO40380M40380,"Rochester, NY HUD Metro FMR Area",$690,$621,$759,$790,$711,$869,$990,$891,"$1,089","$1,230","$1,107","$1,353","$1,340","$1,206","$1,474"
14520,METRO40380M40380,"Rochester, NY HUD Metro FMR Area",$620,$558,$682,$710,$639,$781,$890,$801,$979,"$1,110",$999,"$1,221","$1,210","$1,089","$1,331"
14522,METRO40380M40380,"Rochester, NY HUD Metro FMR Area",$610,$549,$671,$700,$630,$770,$880,$792,$968,"$1,090",$981,"$1,199","$1,190","$1,071","$1,309"
14525,METRO40380M40380,"Rochester, NY HUD Metro FMR Area",$610,$549,$671,$700,$630,$770,$880,$792,$968,"$1,090",$981,"$1,199","$1,190","$1,071","$1,309"
14526,METRO40380M40380,"Rochester, NY HUD Metro FMR Area",$700,$630,$770,$810,$729,$891,"$1,010",$909,"$1,111","$1,260","$1,134","$1,386","$1,370","$1,233","$1,507"
14530,METRO40380M40380,"Rochester, NY HUD Metro FMR Area",$620,$558,$682,$710,$639,$781,$890,$801,$979,"$1,110",$999,"$1,221","$1,210","$1,089","$1,331"
14532,METRO40380M40380,"Rochester, NY HUD Metro FMR Area",$610,$549,$671,$700,$630,$770,$880,$792,$968,"$1,090",$981,"$1,199","$1,190","$1,071","$1,309"
14533,METRO40380M40380,"Rochester, NY HUD Metro FMR Area",$610,$549,$671,$700,$630,$770,$880,$792,$968,"$1,090",$981,"$1,199","$1,190","$1,071","$1,309"
14534,METRO40380M40380,"Rochester, NY HUD Metro FMR Area","$1,000",$900,"$1,100","$1,150","$1,035","$1,265","$1,440","$1,296","$1,584","$1,790","$1,611","$1,969","$1,950","$1,755","$2,145"
14537,METRO40380M40380,"Rochester, NY HUD Metro FMR Area",$610,$549,$671,$700,$630,$770,$880,$792,$968,"$1,090",$981,"$1,199","$1,190","$1,071","$1,309"
14538,METRO40380M40380,"Rochester, NY HUD Metro FMR Area",$620,$558,$682,$710,$639,$781,$890,$801,$979,"$1,110",$999,"$1,221","$1,210","$1,089","$1,331"
14539,METRO40380M40380,"Rochester, NY HUD Metro FMR Area",$610,$549,$671,$700,$630,$770,$880,$792,$968,"$1,090",$981,"$1,199","$1,190","$1,071","$1,309"
14542,METRO40380M40380,"Rochester, NY HUD Metro FMR Area",$660,$594,$726,$760,$684,$836,$960,$864,"$1,056","$1,190","$1,071","$1,309","$1,300","$1,170","$1,430"
14543,METRO40380M40380,"Rochester, NY HUD Metro FMR Area",$780,$702,$858,$900,$810,$990,"$1,130","$1,017","$1,243","$1,410","$1,269","$1,551","$1,530","$1,377","$1,683"
14544,METRO40380M40380,"Rochester, NY HUD Metro FMR Area",$610,$549,$671,$700,$630,$770,$880,$792,$968,"$1,090",$981,"$1,199","$1,190","$1,071","$1,309"
14545,METRO40380M40380,"Rochester, NY HUD Metro FMR Area",$610,$549,$671,$700,$630,$770,$880,$792,$968,"$1,090",$981,"$1,199","$1,190","$1,071","$1,309"
14546,METRO40380M40380,"Rochester, NY HUD Metro FMR Area",$850,$765,$935,$980,$882,"$1,078","$1,230","$1,107","$1,353","$1,530","$1,377","$1,683","$1,670","$1,503","$1,837"
14547,METRO40380M40380,"Rochester, NY HUD Metro FMR Area",$690,$621,$759,$800,$720,$880,"$1,000",$900,"$1,100","$1,240","$1,116","$1,364","$1,360","$1,224","$1,496"
14548,METRO40380M40380,"Rochester, NY HUD Metro FMR Area",$710,$639,$781,$820,$738,$902,"$1,020",$918,"$1,122","$1,270","$1,143","$1,397","$1,380","$1,242","$1,518"
14551,METRO40380M40380,"Rochester, NY HUD Metro FMR Area",$670,$603,$737,$780,$702,$858,$970,$873,"$1,067","$1,210","$1,089","$1,331","$1,320","$1,188","$1,452"
14555,METRO40380M40380,"Rochester, NY HUD Metro FMR Area",$670,$603,$737,$780,$702,$858,$970,$873,"$1,067","$1,210","$1,089","$1,331","$1,320","$1,188","$1,452"
14556,METRO40380M40380,"Rochester, NY HUD Metro FMR Area",$620,$558,$682,$710,$639,$781,$890,$801,$979,"$1,110",$999,"$1,221","$1,210","$1,089","$1,331"
14558,METRO40380M40380,"Rochester, NY HUD Metro FMR Area",$620,$558,$682,$710,$639,$781,$890,$801,$979,"$1,110",$999,"$1,221","$1,210","$1,089","$1,331"
14559,METRO40380M40380,"Rochester, NY HUD Metro FMR Area",$810,$729,$891,$940,$846,"$1,034","$1,170","$1,053","$1,287","$1,460","$1,314","$1,606","$1,590","$1,431","$1,749"
14560,METRO40380M40380,"Rochester, NY HUD Metro FMR Area",$830,$747,$913,$950,$855,"$1,045","$1,190","$1,071","$1,309","$1,480","$1,332","$1,628","$1,610","$1,449","$1,771"
14561,METRO40380M40380,"Rochester, NY HUD Metro FMR Area",$640,$576,$704,$740,$666,$814,$930,$837,"$1,023","$1,160","$1,044","$1,276","$1,260","$1,134","$1,386"
14563,METRO40380M40380,"Rochester, NY HUD Metro FMR Area",$620,$558,$682,$710,$639,$781,$890,$801,$979,"$1,110",$999,"$1,221","$1,210","$1,089","$1,331"
14564,METRO40380M40380,"Rochester, NY HUD Metro FMR Area","$1,010",$909,"$1,111","$1,170","$1,053","$1,287","$1,460","$1,314","$1,606","$1,820","$1,638","$2,002","$1,980","$1,782","$2,178"
14568,METRO40380M40380,"Rochester, NY HUD Metro FMR Area",$610,$549,$671,$700,$630,$770,$880,$792,$968,"$1,090",$981,"$1,199","$1,190","$1,071","$1,309"
14571,METRO40380M40380,"Rochester, NY HUD Metro FMR Area",$640,$576,$704,$740,$666,$814,$920,$828,"$1,012","$1,140","$1,026","$1,254","$1,250","$1,125","$1,375"
14572,METRO40380M40380,"Rochester, NY HUD Metro FMR Area",$630,$567,$693,$730,$657,$803,$910,$819,"$1,001","$1,130","$1,017","$1,243","$1,230","$1,107","$1,353"
14580,METRO40380M40380,"Rochester, NY HUD Metro FMR Area",$800,$720,$880,$930,$837,"$1,023","$1,160","$1,044","$1,276","$1,440","$1,296","$1,584","$1,570","$1,413","$1,727"
14585,METRO40380M40380,"Rochester, NY HUD Metro FMR Area",$610,$549,$671,$700,$630,$770,$880,$792,$968,"$1,090",$981,"$1,199","$1,190","$1,071","$1,309"
14586,METRO40380M40380,"Rochester, NY HUD Metro FMR Area",$960,$864,"$1,056","$1,100",$990,"$1,210","$1,380","$1,242","$1,518","$1,720","$1,548","$1,892","$1,870","$1,683","$2,057"
14589,METRO40380M40380,"Rochester, NY HUD Metro FMR Area",$640,$576,$704,$740,$666,$814,$920,$828,"$1,012","$1,140","$1,026","$1,254","$1,250","$1,125","$1,375"
14590,METRO40380M40380,"Rochester, NY HUD Metro FMR Area",$610,$549,$671,$700,$630,$770,$880,$792,$968,"$1,090",$981,"$1,199","$1,190","$1,071","$1,309"
14592,METRO40380M40380,"Rochester, NY HUD Metro FMR Area",$610,$549,$671,$700,$630,$770,$880,$792,$968,"$1,090",$981,"$1,199","$1,190","$1,071","$1,309"
14602,METRO40380M40380,"Rochester, NY HUD Metro FMR Area",$710,$639,$781,$820,$738,$902,"$1,030",$927,"$1,133","$1,280","$1,152","$1,408","$1,400","$1,260","$1,540"
14603,METRO40380M40380,"Rochester, NY HUD Metro FMR Area",$710,$639,$781,$820,$738,$902,"$1,030",$927,"$1,133","$1,280","$1,152","$1,408","$1,400","$1,260","$1,540"
14604,METRO40380M40380,"Rochester, NY HUD Metro FMR Area",$670,$603,$737,$770,$693,$847,$960,$864,"$1,056","$1,190","$1,071","$1,309","$1,300","$1,170","$1,430"
14605,METRO40380M40380,"Rochester, NY HUD Metro FMR Area",$610,$549,$671,$700,$630,$770,$880,$792,$968,"$1,090",$981,"$1,199","$1,190","$1,071","$1,309"
14606,METRO40380M40380,"Rochester, NY HUD Metro FMR Area",$670,$603,$737,$780,$702,$858,$970,$873,"$1,067","$1,210","$1,089","$1,331","$1,320","$1,188","$1,452"
14607,METRO40380M40380,"Rochester, NY HUD Metro FMR Area",$780,$702,$858,$900,$810,$990,"$1,120","$1,008","$1,232","$1,390","$1,251","$1,529","$1,520","$1,368","$1,672"
14608,METRO40380M40380,"Rochester, NY HUD Metro FMR Area",$650,$585,$715,$750,$675,$825,$940,$846,"$1,034","$1,170","$1,053","$1,287","$1,270","$1,143","$1,397"
14609,METRO40380M40380,"Rochester, NY HUD Metro FMR Area",$670,$603,$737,$770,$693,$847,$960,$864,"$1,056","$1,190","$1,071","$1,309","$1,300","$1,170","$1,430"
14610,METRO40380M40380,"Rochester, NY HUD Metro FMR Area",$710,$639,$781,$820,$738,$902,"$1,020",$918,"$1,122","$1,270","$1,143","$1,397","$1,380","$1,242","$1,518"
14611,METRO40380M40380,"Rochester, NY HUD Metro FMR Area",$680,$612,$748,$780,$702,$858,$980,$882,"$1,078","$1,220","$1,098","$1,342","$1,330","$1,197","$1,463"
14612,METRO40380M40380,"Rochester, NY HUD Metro FMR Area",$740,$666,$814,$860,$774,$946,"$1,070",$963,"$1,177","$1,330","$1,197","$1,463","$1,450","$1,305","$1,595"
14613,METRO40380M40380,"Rochester, NY HUD Metro FMR Area",$660,$594,$726,$760,$684,$836,$950,$855,"$1,045","$1,180","$1,062","$1,298","$1,290","$1,161","$1,419"
14614,METRO40380M40380,"Rochester, NY HUD Metro FMR Area",$640,$576,$704,$740,$666,$814,$920,$828,"$1,012","$1,150","$1,035","$1,265","$1,240","$1,116","$1,364"
14615,METRO40380M40380,"Rochester, NY HUD Metro FMR Area",$690,$621,$759,$790,$711,$869,$990,$891,"$1,089","$1,230","$1,107","$1,353","$1,340","$1,206","$1,474"
14616,METRO40380M40380,"Rochester, NY HUD Metro FMR Area",$690,$621,$759,$790,$711,$869,$990,$891,"$1,089","$1,230","$1,107","$1,353","$1,340","$1,206","$1,474"
14617,METRO40380M40380,"Rochester, NY HUD Metro FMR Area",$700,$630,$770,$810,$729,$891,"$1,010",$909,"$1,111","$1,260","$1,134","$1,386","$1,370","$1,233","$1,507"
14618,METRO40380M40380,"Rochester, NY HUD Metro FMR Area",$850,$765,$935,$980,$882,"$1,078","$1,220","$1,098","$1,342","$1,520","$1,368","$1,672","$1,650","$1,485","$1,815"
14619,METRO40380M40380,"Rochester, NY HUD Metro FMR Area",$760,$684,$836,$870,$783,$957,"$1,090",$981,"$1,199","$1,360","$1,224","$1,496","$1,480","$1,332","$1,628"
14620,METRO40380M40380,"Rochester, NY HUD Metro FMR Area",$720,$648,$792,$830,$747,$913,"$1,040",$936,"$1,144","$1,290","$1,161","$1,419","$1,410","$1,269","$1,551"
14621,METRO40380M40380,"Rochester, NY HUD Metro FMR Area",$620,$558,$682,$710,$639,$781,$890,$801,$979,"$1,110",$999,"$1,221","$1,210","$1,089","$1,331"
14622,METRO40380M40380,"Rochester, NY HUD Metro FMR Area",$710,$639,$781,$820,$738,$902,"$1,030",$927,"$1,133","$1,280","$1,152","$1,408","$1,400","$1,260","$1,540"
14623,METRO40380M40380,"Rochester, NY HUD Metro FMR Area",$780,$702,$858,$900,$810,$990,"$1,120","$1,008","$1,232","$1,390","$1,251","$1,529","$1,520","$1,368","$1,672"
14624,METRO40380M40380,"Rochester, NY HUD Metro FMR Area",$790,$711,$869,$910,$819,"$1,001","$1,140","$1,026","$1,254","$1,420","$1,278","$1,562","$1,550","$1,395","$1,705"
14625,METRO40380M40380,"Rochester, NY HUD Metro FMR Area",$780,$702,$858,$900,$810,$990,"$1,130","$1,017","$1,243","$1,410","$1,269","$1,551","$1,530","$1,377","$1,683"
14626,METRO40380M40380,"Rochester, NY HUD Metro FMR Area",$800,$720,$880,$930,$837,"$1,023","$1,160","$1,044","$1,276","$1,440","$1,296","$1,584","$1,570","$1,413","$1,727"
14627,METRO40380M40380,"Rochester, NY HUD Metro FMR Area",$760,$684,$836,$870,$783,$957,"$1,090",$981,"$1,199","$1,350","$1,215","$1,485","$1,480","$1,332","$1,628"
14638,METRO40380M40380,"Rochester, NY HUD Metro FMR Area",$710,$639,$781,$820,$738,$902,"$1,030",$927,"$1,133","$1,280","$1,152","$1,408","$1,400","$1,260","$1,540"
14639,METRO40380M40380,"Rochester, NY HUD Metro FMR Area",$710,$639,$781,$820,$738,$902,"$1,030",$927,"$1,133","$1,280","$1,152","$1,408","$1,400","$1,260","$1,540"
14642,METRO40380M40380,"Rochester, NY HUD Metro FMR Area",$710,$639,$781,$820,$738,$902,"$1,030",$927,"$1,133","$1,280","$1,152","$1,408","$1,400","$1,260","$1,540"
14643,METRO40380M40380,"Rochester, NY HUD Metro FMR Area",$710,$639,$781,$820,$738,$902,"$1,030",$927,"$1,133","$1,280","$1,152","$1,408","$1,400","$1,260","$1,540"
14646,METRO40380M40380,"Rochester, NY HUD Metro FMR Area",$710,$639,$781,$820,$738,$902,"$1,030",$927,"$1,133","$1,280","$1,152","$1,408","$1,400","$1,260","$1,540"
14647,METRO40380M40380,"Rochester, NY HUD Metro FMR Area",$710,$639,$781,$820,$738,$902,"$1,030",$927,"$1,133","$1,280","$1,152","$1,408","$1,400","$1,260","$1,540"
14649,METRO40380M40380,"Rochester, NY HUD Metro FMR Area",$710,$639,$781,$820,$738,$902,"$1,030",$927,"$1,133","$1,280","$1,152","$1,408","$1,400","$1,260","$1,540"
14650,METRO40380M40380,"Rochester, NY HUD Metro FMR Area",$710,$639,$781,$820,$738,$902,"$1,030",$927,"$1,133","$1,280","$1,152","$1,408","$1,400","$1,260","$1,540"
14651,METRO40380M40380,"Rochester, NY HUD Metro FMR Area",$710,$639,$781,$820,$738,$902,"$1,030",$927,"$1,133","$1,280","$1,152","$1,408","$1,400","$1,260","$1,540"
14652,METRO40380M40380,"Rochester, NY HUD Metro FMR Area",$710,$639,$781,$820,$738,$902,"$1,030",$927,"$1,133","$1,280","$1,152","$1,408","$1,400","$1,260","$1,540"
14653,METRO40380M40380,"Rochester, NY HUD Metro FMR Area",$710,$639,$781,$820,$738,$902,"$1,030",$927,"$1,133","$1,280","$1,152","$1,408","$1,400","$1,260","$1,540"
14692,METRO40380M40380,"Rochester, NY HUD Metro FMR Area",$710,$639,$781,$820,$738,$902,"$1,030",$927,"$1,133","$1,280","$1,152","$1,408","$1,400","$1,260","$1,540"
14822,METRO40380M40380,"Rochester, NY HUD Metro FMR Area",$680,$612,$748,$780,$702,$858,$980,$882,"$1,078","$1,220","$1,098","$1,342","$1,330","$1,197","$1,463"
14836,METRO40380M40380,"Rochester, NY HUD Metro FMR Area",$610,$549,$671,$700,$630,$770,$880,$792,$968,"$1,090",$981,"$1,199","$1,190","$1,071","$1,309"
14846,METRO40380M40380,"Rochester, NY HUD Metro FMR Area",$610,$549,$671,$700,$630,$770,$880,$792,$968,"$1,090",$981,"$1,199","$1,190","$1,071","$1,309"
14884,METRO40380M40380,"Rochester, NY HUD Metro FMR Area",$620,$558,$682,$710,$639,$781,$890,$801,$979,"$1,110",$999,"$1,221","$1,210","$1,089","$1,331"
14415,METRO40380N36123,"Yates County, NY HUD Metro FMR Area",$570,$513,$627,$670,$603,$737,$830,$747,$913,"$1,100",$990,"$1,210","$1,120","$1,008","$1,232"
14418,METRO40380N36123,"Yates County, NY HUD Metro FMR Area",$810,$729,$891,$950,$855,"$1,045","$1,160","$1,044","$1,276","$1,570","$1,413","$1,727","$1,570","$1,413","$1,727"
14441,METRO40380N36123,"Yates County, NY HUD Metro FMR Area",$650,$585,$715,$770,$693,$847,$940,$846,"$1,034","$1,270","$1,143","$1,397","$1,270","$1,143","$1,397"
14456,METRO40380N36123,"Yates County, NY HUD Metro FMR Area",$630,$567,$693,$730,$657,$803,$910,$819,"$1,001","$1,130","$1,017","$1,243","$1,230","$1,107","$1,353"
14478,METRO40380N36123,"Yates County, NY HUD Metro FMR Area",$600,$540,$660,$710,$639,$781,$870,$783,$957,"$1,170","$1,053","$1,287","$1,180","$1,062","$1,298"
14507,METRO40380N36123,"Yates County, NY HUD Metro FMR Area",$530,$477,$583,$630,$567,$693,$770,$693,$847,"$1,040",$936,"$1,144","$1,040",$936,"$1,144"
14512,METRO40380N36123,"Yates County, NY HUD Metro FMR Area",$610,$549,$671,$700,$630,$770,$880,$792,$968,"$1,090",$981,"$1,199","$1,190","$1,071","$1,309"
14527,METRO40380N36123,"Yates County, NY HUD Metro FMR Area",$560,$504,$616,$660,$594,$726,$810,$729,$891,"$1,090",$981,"$1,199","$1,100",$990,"$1,210"
14544,METRO40380N36123,"Yates County, NY HUD Metro FMR Area",$610,$549,$671,$700,$630,$770,$880,$792,$968,"$1,090",$981,"$1,199","$1,190","$1,071","$1,309"
14561,METRO40380N36123,"Yates County, NY HUD Metro FMR Area",$640,$576,$704,$740,$666,$814,$930,$837,"$1,023","$1,160","$1,044","$1,276","$1,260","$1,134","$1,386"
14837,METRO40380N36123,"Yates County, NY HUD Metro FMR Area",$520,$468,$572,$610,$549,$671,$750,$675,$825,"$1,010",$909,"$1,111","$1,020",$918,"$1,122"
14842,METRO40380N36123,"Yates County, NY HUD Metro FMR Area",$540,$486,$594,$640,$576,$704,$790,$711,$869,"$1,060",$954,"$1,166","$1,070",$963,"$1,177"
14857,METRO40380N36123,"Yates County, NY HUD Metro FMR Area",$570,$513,$627,$670,$603,$737,$820,$738,$902,"$1,110",$999,"$1,221","$1,110",$999,"$1,221"
14873,METRO40380N36123,"Yates County, NY HUD Metro FMR Area",$570,$513,$627,$670,$603,$737,$820,$738,$902,"$1,110",$999,"$1,221","$1,110",$999,"$1,221"
14878,METRO40380N36123,"Yates County, NY HUD Metro FMR Area",$550,$495,$605,$650,$585,$715,$790,$711,$869,"$1,070",$963,"$1,177","$1,070",$963,"$1,177"
13020,METRO45060M45060,"Syracuse, NY MSA",$690,$621,$759,$780,$702,$858,$960,$864,"$1,056","$1,200","$1,080","$1,320","$1,390","$1,251","$1,529"
13021,METRO45060M45060,"Syracuse, NY MSA",$600,$540,$660,$670,$603,$737,$830,$747,$913,"$1,040",$936,"$1,144","$1,200","$1,080","$1,320"
13027,METRO45060M45060,"Syracuse, NY MSA",$680,$612,$748,$760,$684,$836,$940,$846,"$1,034","$1,170","$1,053","$1,287","$1,360","$1,224","$1,496"
13028,METRO45060M45060,"Syracuse, NY MSA",$750,$675,$825,$840,$756,$924,"$1,040",$936,"$1,144","$1,300","$1,170","$1,430","$1,500","$1,350","$1,650"
13029,METRO45060M45060,"Syracuse, NY MSA",$760,$684,$836,$850,$765,$935,"$1,060",$954,"$1,166","$1,320","$1,188","$1,452","$1,520","$1,368","$1,672"
13030,METRO45060M45060,"Syracuse, NY MSA",$580,$522,$638,$660,$594,$726,$810,$729,$891,"$1,020",$918,"$1,122","$1,170","$1,053","$1,287"
13031,METRO45060M45060,"Syracuse, NY MSA",$710,$639,$781,$800,$720,$880,$990,$891,"$1,089","$1,240","$1,116","$1,364","$1,430","$1,287","$1,573"
13032,METRO45060M45060,"Syracuse, NY MSA",$650,$585,$715,$730,$657,$803,$900,$810,$990,"$1,120","$1,008","$1,232","$1,300","$1,170","$1,430"
13033,METRO45060M45060,"Syracuse, NY MSA",$640,$576,$704,$720,$648,$792,$890,$801,$979,"$1,110",$999,"$1,221","$1,290","$1,161","$1,419"
13035,METRO45060M45060,"Syracuse, NY MSA",$710,$639,$781,$790,$711,$869,$980,$882,"$1,078","$1,220","$1,098","$1,342","$1,420","$1,278","$1,562"
13036,METRO45060M45060,"Syracuse, NY MSA",$640,$576,$704,$720,$648,$792,$890,$801,$979,"$1,110",$999,"$1,221","$1,290","$1,161","$1,419"
13037,METRO45060M45060,"Syracuse, NY MSA",$600,$540,$660,$670,$603,$737,$830,$747,$913,"$1,040",$936,"$1,144","$1,200","$1,080","$1,320"
13039,METRO45060M45060,"Syracuse, NY MSA",$680,$612,$748,$770,$693,$847,$950,$855,"$1,045","$1,190","$1,071","$1,309","$1,370","$1,233","$1,507"
13041,METRO45060M45060,"Syracuse, NY MSA",$890,$801,$979,"$1,000",$900,"$1,100","$1,240","$1,116","$1,364","$1,550","$1,395","$1,705","$1,790","$1,611","$1,969"
13042,METRO45060M45060,"Syracuse, NY MSA",$800,$720,$880,$880,$792,$968,"$1,100",$990,"$1,210","$1,370","$1,233","$1,507","$1,580","$1,422","$1,738"
13043,METRO45060M45060,"Syracuse, NY MSA",$610,$549,$671,$690,$621,$759,$850,$765,$935,"$1,060",$954,"$1,166","$1,230","$1,107","$1,353"
13044,METRO45060M45060,"Syracuse, NY MSA",$570,$513,$627,$660,$594,$726,$810,$729,$891,"$1,050",$945,"$1,155","$1,170","$1,053","$1,287"
13051,METRO45060M45060,"Syracuse, NY MSA",$580,$522,$638,$660,$594,$726,$810,$729,$891,"$1,020",$918,"$1,122","$1,170","$1,053","$1,287"
13052,METRO45060M45060,"Syracuse, NY MSA",$580,$522,$638,$660,$594,$726,$810,$729,$891,"$1,020",$918,"$1,122","$1,170","$1,053","$1,287"
13057,METRO45060M45060,"Syracuse, NY MSA",$640,$576,$704,$720,$648,$792,$890,$801,$979,"$1,110",$999,"$1,221","$1,290","$1,161","$1,419"
13060,METRO45060M45060,"Syracuse, NY MSA",$650,$585,$715,$730,$657,$803,$900,$810,$990,"$1,120","$1,008","$1,232","$1,300","$1,170","$1,430"
13061,METRO45060M45060,"Syracuse, NY MSA",$650,$585,$715,$750,$675,$825,$930,$837,"$1,023","$1,170","$1,053","$1,287","$1,340","$1,206","$1,474"
13063,METRO45060M45060,"Syracuse, NY MSA",$680,$612,$748,$770,$693,$847,$950,$855,"$1,045","$1,190","$1,071","$1,309","$1,370","$1,233","$1,507"
13066,METRO45060M45060,"Syracuse, NY MSA",$760,$684,$836,$860,$774,$946,"$1,060",$954,"$1,166","$1,320","$1,188","$1,452","$1,530","$1,377","$1,683"
13069,METRO45060M45060,"Syracuse, NY MSA",$580,$522,$638,$660,$594,$726,$810,$729,$891,"$1,020",$918,"$1,122","$1,170","$1,053","$1,287"
13072,METRO45060M45060,"Syracuse, NY MSA",$810,$729,$891,$910,$819,"$1,001","$1,120","$1,008","$1,232","$1,400","$1,260","$1,540","$1,620","$1,458","$1,782"
13074,METRO45060M45060,"Syracuse, NY MSA",$610,$549,$671,$690,$621,$759,$850,$765,$935,"$1,060",$954,"$1,166","$1,230","$1,107","$1,353"
13076,METRO45060M45060,"Syracuse, NY MSA",$640,$576,$704,$710,$639,$781,$880,$792,$968,"$1,100",$990,"$1,210","$1,280","$1,152","$1,408"
13077,METRO45060M45060,"Syracuse, NY MSA",$600,$540,$660,$680,$612,$748,$840,$756,$924,"$1,050",$945,"$1,155","$1,210","$1,089","$1,331"
13078,METRO45060M45060,"Syracuse, NY MSA",$810,$729,$891,$910,$819,"$1,001","$1,120","$1,008","$1,232","$1,400","$1,260","$1,540","$1,620","$1,458","$1,782"
13080,METRO45060M45060,"Syracuse, NY MSA",$570,$513,$627,$660,$594,$726,$810,$729,$891,"$1,020",$918,"$1,122","$1,170","$1,053","$1,287"
13082,METRO45060M45060,"Syracuse, NY MSA",$650,$585,$715,$730,$657,$803,$900,$810,$990,"$1,120","$1,008","$1,232","$1,300","$1,170","$1,430"
13083,METRO45060M45060,"Syracuse, NY MSA",$650,$585,$715,$760,$684,$836,$990,$891,"$1,089","$1,290","$1,161","$1,419","$1,480","$1,332","$1,628"
13084,METRO45060M45060,"Syracuse, NY MSA",$690,$621,$759,$780,$702,$858,$960,$864,"$1,056","$1,200","$1,080","$1,320","$1,390","$1,251","$1,529"
13088,METRO45060M45060,"Syracuse, NY MSA",$700,$630,$770,$790,$711,$869,$970,$873,"$1,067","$1,210","$1,089","$1,331","$1,400","$1,260","$1,540"
13089,METRO45060M45060,"Syracuse, NY MSA",$660,$594,$726,$740,$666,$814,$920,$828,"$1,012","$1,150","$1,035","$1,265","$1,330","$1,197","$1,463"
13090,METRO45060M45060,"Syracuse, NY MSA",$730,$657,$803,$820,$738,$902,"$1,010",$909,"$1,111","$1,260","$1,134","$1,386","$1,460","$1,314","$1,606"
13093,METRO45060M45060,"Syracuse, NY MSA",$600,$540,$660,$670,$603,$737,$830,$747,$913,"$1,040",$936,"$1,144","$1,200","$1,080","$1,320"
13103,METRO45060M45060,"Syracuse, NY MSA",$640,$576,$704,$720,$648,$792,$890,$801,$979,"$1,110",$999,"$1,221","$1,290","$1,161","$1,419"
13104,METRO45060M45060,"Syracuse, NY MSA",$680,$612,$748,$760,$684,$836,$940,$846,"$1,034","$1,170","$1,053","$1,287","$1,360","$1,224","$1,496"
13108,METRO45060M45060,"Syracuse, NY MSA",$620,$558,$682,$700,$630,$770,$860,$774,$946,"$1,070",$963,"$1,177","$1,240","$1,116","$1,364"
13110,METRO45060M45060,"Syracuse, NY MSA",$680,$612,$748,$770,$693,$847,$950,$855,"$1,045","$1,190","$1,071","$1,309","$1,380","$1,242","$1,518"
13111,METRO45060M45060,"Syracuse, NY MSA",$570,$513,$627,$660,$594,$726,$810,$729,$891,"$1,020",$918,"$1,122","$1,170","$1,053","$1,287"
13112,METRO45060M45060,"Syracuse, NY MSA",$610,$549,$671,$680,$612,$748,$850,$765,$935,"$1,060",$954,"$1,166","$1,220","$1,098","$1,342"
13114,METRO45060M45060,"Syracuse, NY MSA",$570,$513,$627,$660,$594,$726,$810,$729,$891,"$1,020",$918,"$1,122","$1,170","$1,053","$1,287"
13115,METRO45060M45060,"Syracuse, NY MSA",$590,$531,$649,$660,$594,$726,$820,$738,$902,"$1,020",$918,"$1,122","$1,190","$1,071","$1,309"
13116,METRO45060M45060,"Syracuse, NY MSA",$630,$567,$693,$700,$630,$770,$870,$783,$957,"$1,090",$981,"$1,199","$1,260","$1,134","$1,386"
13119,METRO45060M45060,"Syracuse, NY MSA",$660,$594,$726,$740,$666,$814,$920,$828,"$1,012","$1,150","$1,035","$1,265","$1,330","$1,197","$1,463"
13120,METRO45060M45060,"Syracuse, NY MSA",$570,$513,$627,$660,$594,$726,$810,$729,$891,"$1,020",$918,"$1,122","$1,170","$1,053","$1,287"
13121,METRO45060M45060,"Syracuse, NY MSA",$600,$540,$660,$670,$603,$737,$830,$747,$913,"$1,040",$936,"$1,144","$1,200","$1,080","$1,320"
13122,METRO45060M45060,"Syracuse, NY MSA",$670,$603,$737,$750,$675,$825,$920,$828,"$1,012","$1,150","$1,035","$1,265","$1,340","$1,206","$1,474"
13126,METRO45060M45060,"Syracuse, NY MSA",$590,$531,$649,$660,$594,$726,$820,$738,$902,"$1,020",$918,"$1,122","$1,190","$1,071","$1,309"
13131,METRO45060M45060,"Syracuse, NY MSA",$630,$567,$693,$700,$630,$770,$870,$783,$957,"$1,090",$981,"$1,199","$1,260","$1,134","$1,386"
13132,METRO45060M45060,"Syracuse, NY MSA",$660,$594,$726,$740,$666,$814,$920,$828,"$1,012","$1,150","$1,035","$1,265","$1,330","$1,197","$1,463"
13134,METRO45060M45060,"Syracuse, NY MSA",$570,$513,$627,$660,$594,$726,$810,$729,$891,"$1,020",$918,"$1,122","$1,170","$1,053","$1,287"
13135,METRO45060M45060,"Syracuse, NY MSA",$580,$522,$638,$660,$594,$726,$810,$729,$891,"$1,020",$918,"$1,122","$1,170","$1,053","$1,287"
13137,METRO45060M45060,"Syracuse, NY MSA",$660,$594,$726,$740,$666,$814,$920,$828,"$1,012","$1,150","$1,035","$1,265","$1,330","$1,197","$1,463"
13138,METRO45060M45060,"Syracuse, NY MSA",$660,$594,$726,$740,$666,$814,$920,$828,"$1,012","$1,150","$1,035","$1,265","$1,330","$1,197","$1,463"
13141,METRO45060M45060,"Syracuse, NY MSA",$700,$630,$770,$790,$711,$869,$970,$873,"$1,067","$1,210","$1,089","$1,331","$1,400","$1,260","$1,540"
13142,METRO45060M45060,"Syracuse, NY MSA",$590,$531,$649,$660,$594,$726,$820,$738,$902,"$1,020",$918,"$1,122","$1,190","$1,071","$1,309"
13144,METRO45060M45060,"Syracuse, NY MSA",$590,$531,$649,$660,$594,$726,$820,$738,$902,"$1,020",$918,"$1,122","$1,190","$1,071","$1,309"
13145,METRO45060M45060,"Syracuse, NY MSA",$650,$585,$715,$760,$684,$836,$990,$891,"$1,089","$1,290","$1,161","$1,419","$1,480","$1,332","$1,628"
13152,METRO45060M45060,"Syracuse, NY MSA",$760,$684,$836,$860,$774,$946,"$1,060",$954,"$1,166","$1,320","$1,188","$1,452","$1,530","$1,377","$1,683"
13153,METRO45060M45060,"Syracuse, NY MSA",$610,$549,$671,$690,$621,$759,$860,$774,$946,"$1,080",$972,"$1,188","$1,230","$1,107","$1,353"
13156,METRO45060M45060,"Syracuse, NY MSA",$610,$549,$671,$700,$630,$770,$880,$792,$968,"$1,090",$981,"$1,199","$1,190","$1,071","$1,309"
13158,METRO45060M45060,"Syracuse, NY MSA",$590,$531,$649,$660,$594,$726,$820,$738,$902,"$1,020",$918,"$1,122","$1,190","$1,071","$1,309"
13159,METRO45060M45060,"Syracuse, NY MSA",$690,$621,$759,$780,$702,$858,$960,$864,"$1,056","$1,200","$1,080","$1,320","$1,390","$1,251","$1,529"
13163,METRO45060M45060,"Syracuse, NY MSA",$620,$558,$682,$700,$630,$770,$870,$783,$957,"$1,080",$972,"$1,188","$1,250","$1,125","$1,375"
13164,METRO45060M45060,"Syracuse, NY MSA",$600,$540,$660,$680,$612,$748,$840,$756,$924,"$1,050",$945,"$1,155","$1,210","$1,089","$1,331"
13166,METRO45060M45060,"Syracuse, NY MSA",$640,$576,$704,$720,$648,$792,$890,$801,$979,"$1,110",$999,"$1,221","$1,290","$1,161","$1,419"
13167,METRO45060M45060,"Syracuse, NY MSA",$650,$585,$715,$740,$666,$814,$910,$819,"$1,001","$1,140","$1,026","$1,254","$1,320","$1,188","$1,452"
13201,METRO45060M45060,"Syracuse, NY MSA",$660,$594,$726,$740,$666,$814,$920,$828,"$1,012","$1,150","$1,035","$1,265","$1,330","$1,197","$1,463"
13202,METRO45060M45060,"Syracuse, NY MSA",$770,$693,$847,$870,$783,$957,"$1,070",$963,"$1,177","$1,340","$1,206","$1,474","$1,550","$1,395","$1,705"
13203,METRO45060M45060,"Syracuse, NY MSA",$630,$567,$693,$700,$630,$770,$870,$783,$957,"$1,090",$981,"$1,199","$1,260","$1,134","$1,386"
13204,METRO45060M45060,"Syracuse, NY MSA",$600,$540,$660,$680,$612,$748,$840,$756,$924,"$1,050",$945,"$1,155","$1,210","$1,089","$1,331"
13205,METRO45060M45060,"Syracuse, NY MSA",$580,$522,$638,$660,$594,$726,$810,$729,$891,"$1,020",$918,"$1,122","$1,170","$1,053","$1,287"
13206,METRO45060M45060,"Syracuse, NY MSA",$600,$540,$660,$670,$603,$737,$830,$747,$913,"$1,040",$936,"$1,144","$1,200","$1,080","$1,320"
13207,METRO45060M45060,"Syracuse, NY MSA",$680,$612,$748,$770,$693,$847,$950,$855,"$1,045","$1,190","$1,071","$1,309","$1,370","$1,233","$1,507"
13208,METRO45060M45060,"Syracuse, NY MSA",$590,$531,$649,$660,$594,$726,$820,$738,$902,"$1,020",$918,"$1,122","$1,190","$1,071","$1,309"
13209,METRO45060M45060,"Syracuse, NY MSA",$610,$549,$671,$690,$621,$759,$850,$765,$935,"$1,060",$954,"$1,166","$1,230","$1,107","$1,353"
13210,METRO45060M45060,"Syracuse, NY MSA",$680,$612,$748,$760,$684,$836,$940,$846,"$1,034","$1,170","$1,053","$1,287","$1,360","$1,224","$1,496"
13211,METRO45060M45060,"Syracuse, NY MSA",$710,$639,$781,$800,$720,$880,$990,$891,"$1,089","$1,240","$1,116","$1,364","$1,430","$1,287","$1,573"
13212,METRO45060M45060,"Syracuse, NY MSA",$670,$603,$737,$750,$675,$825,$930,$837,"$1,023","$1,160","$1,044","$1,276","$1,350","$1,215","$1,485"
13214,METRO45060M45060,"Syracuse, NY MSA",$640,$576,$704,$720,$648,$792,$890,$801,$979,"$1,110",$999,"$1,221","$1,290","$1,161","$1,419"
13215,METRO45060M45060,"Syracuse, NY MSA",$730,$657,$803,$830,$747,$913,"$1,020",$918,"$1,122","$1,270","$1,143","$1,397","$1,480","$1,332","$1,628"
13217,METRO45060M45060,"Syracuse, NY MSA",$660,$594,$726,$740,$666,$814,$920,$828,"$1,012","$1,150","$1,035","$1,265","$1,330","$1,197","$1,463"
13218,METRO45060M45060,"Syracuse, NY MSA",$660,$594,$726,$740,$666,$814,$920,$828,"$1,012","$1,150","$1,035","$1,265","$1,330","$1,197","$1,463"
13219,METRO45060M45060,"Syracuse, NY MSA",$680,$612,$748,$770,$693,$847,$950,$855,"$1,045","$1,190","$1,071","$1,309","$1,370","$1,233","$1,507"
13220,METRO45060M45060,"Syracuse, NY MSA",$660,$594,$726,$740,$666,$814,$920,$828,"$1,012","$1,150","$1,035","$1,265","$1,330","$1,197","$1,463"
13224,METRO45060M45060,"Syracuse, NY MSA",$640,$576,$704,$720,$648,$792,$890,$801,$979,"$1,110",$999,"$1,221","$1,290","$1,161","$1,419"
13225,METRO45060M45060,"Syracuse, NY MSA",$660,$594,$726,$740,$666,$814,$920,$828,"$1,012","$1,150","$1,035","$1,265","$1,330","$1,197","$1,463"
13235,METRO45060M45060,"Syracuse, NY MSA",$660,$594,$726,$740,$666,$814,$920,$828,"$1,012","$1,150","$1,035","$1,265","$1,330","$1,197","$1,463"
13244,METRO45060M45060,"Syracuse, NY MSA",$660,$594,$726,$740,$666,$814,$920,$828,"$1,012","$1,150","$1,035","$1,265","$1,330","$1,197","$1,463"
13261,METRO45060M45060,"Syracuse, NY MSA",$660,$594,$726,$740,$666,$814,$920,$828,"$1,012","$1,150","$1,035","$1,265","$1,330","$1,197","$1,463"
13290,METRO45060M45060,"Syracuse, NY MSA",$660,$594,$726,$740,$666,$814,$920,$828,"$1,012","$1,150","$1,035","$1,265","$1,330","$1,197","$1,463"
13302,METRO45060M45060,"Syracuse, NY MSA",$650,$585,$715,$730,$657,$803,$900,$810,$990,"$1,120","$1,008","$1,232","$1,300","$1,170","$1,430"
13310,METRO45060M45060,"Syracuse, NY MSA",$660,$594,$726,$740,$666,$814,$910,$819,"$1,001","$1,140","$1,026","$1,254","$1,320","$1,188","$1,452"
13314,METRO45060M45060,"Syracuse, NY MSA",$620,$558,$682,$690,$621,$759,$860,$774,$946,"$1,070",$963,"$1,177","$1,240","$1,116","$1,364"
13316,METRO45060M45060,"Syracuse, NY MSA",$570,$513,$627,$660,$594,$726,$810,$729,$891,"$1,020",$918,"$1,122","$1,170","$1,053","$1,287"
13332,METRO45060M45060,"Syracuse, NY MSA",$650,$585,$715,$740,$666,$814,$910,$819,"$1,001","$1,140","$1,026","$1,254","$1,320","$1,188","$1,452"
13334,METRO45060M45060,"Syracuse, NY MSA",$680,$612,$748,$770,$693,$847,$950,$855,"$1,045","$1,180","$1,062","$1,298","$1,370","$1,233","$1,507"
13346,METRO45060M45060,"Syracuse, NY MSA",$750,$675,$825,$840,$756,$924,"$1,040",$936,"$1,144","$1,300","$1,170","$1,430","$1,500","$1,350","$1,650"
13355,METRO45060M45060,"Syracuse, NY MSA",$650,$585,$715,$740,$666,$814,$910,$819,"$1,001","$1,140","$1,026","$1,254","$1,320","$1,188","$1,452"
13364,METRO45060M45060,"Syracuse, NY MSA",$600,$540,$660,$670,$603,$737,$830,$747,$913,"$1,030",$927,"$1,133","$1,190","$1,071","$1,309"
13402,METRO45060M45060,"Syracuse, NY MSA",$610,$549,$671,$690,$621,$759,$850,$765,$935,"$1,060",$954,"$1,166","$1,230","$1,107","$1,353"
13408,METRO45060M45060,"Syracuse, NY MSA",$620,$558,$682,$700,$630,$770,$860,$774,$946,"$1,070",$963,"$1,177","$1,240","$1,116","$1,364"
13409,METRO45060M45060,"Syracuse, NY MSA",$630,$567,$693,$700,$630,$770,$870,$783,$957,"$1,090",$981,"$1,199","$1,260","$1,134","$1,386"
13418,METRO45060M45060,"Syracuse, NY MSA",$620,$558,$682,$690,$621,$759,$860,$774,$946,"$1,070",$963,"$1,177","$1,240","$1,116","$1,364"
13421,METRO45060M45060,"Syracuse, NY MSA",$570,$513,$627,$660,$594,$726,$810,$729,$891,"$1,020",$918,"$1,122","$1,170","$1,053","$1,287"
13425,METRO45060M45060,"Syracuse, NY MSA",$570,$513,$627,$660,$594,$726,$810,$729,$891,"$1,020",$918,"$1,122","$1,170","$1,053","$1,287"
13426,METRO45060M45060,"Syracuse, NY MSA",$600,$540,$660,$670,$603,$737,$830,$747,$913,"$1,040",$936,"$1,144","$1,200","$1,080","$1,320"
13437,METRO45060M45060,"Syracuse, NY MSA",$570,$513,$627,$660,$594,$726,$810,$729,$891,"$1,020",$918,"$1,122","$1,170","$1,053","$1,287"
13460,METRO45060M45060,"Syracuse, NY MSA",$570,$513,$627,$660,$594,$726,$810,$729,$891,"$1,020",$918,"$1,122","$1,170","$1,053","$1,287"
13464,METRO45060M45060,"Syracuse, NY MSA",$610,$549,$671,$690,$621,$759,$850,$765,$935,"$1,060",$954,"$1,166","$1,230","$1,107","$1,353"
13480,METRO45060M45060,"Syracuse, NY MSA",$570,$513,$627,$660,$594,$726,$810,$729,$891,"$1,020",$918,"$1,122","$1,170","$1,053","$1,287"
13483,METRO45060M45060,"Syracuse, NY MSA",$700,$630,$770,$750,$675,$825,$950,$855,"$1,045","$1,180","$1,062","$1,298","$1,360","$1,224","$1,496"
13484,METRO45060M45060,"Syracuse, NY MSA",$620,$558,$682,$700,$630,$770,$860,$774,$946,"$1,070",$963,"$1,177","$1,240","$1,116","$1,364"
13485,METRO45060M45060,"Syracuse, NY MSA",$630,$567,$693,$710,$639,$781,$880,$792,$968,"$1,100",$990,"$1,210","$1,270","$1,143","$1,397"
13491,METRO45060M45060,"Syracuse, NY MSA",$570,$513,$627,$660,$594,$726,$810,$729,$891,"$1,020",$918,"$1,122","$1,170","$1,053","$1,287"
13493,METRO45060M45060,"Syracuse, NY MSA",$600,$540,$660,$680,$612,$748,$840,$756,$924,"$1,050",$945,"$1,155","$1,210","$1,089","$1,331"
13661,METRO45060M45060,"Syracuse, NY MSA",$650,$585,$715,$760,$684,$836,$990,$891,"$1,089","$1,290","$1,161","$1,419","$1,480","$1,332","$1,628"
13032,METRO46540M46540,"Utica-Rome, NY MSA",$650,$585,$715,$730,$657,$803,$900,$810,$990,"$1,120","$1,008","$1,232","$1,300","$1,170","$1,430"
13042,METRO46540M46540,"Utica-Rome, NY MSA",$800,$720,$880,$880,$792,$968,"$1,100",$990,"$1,210","$1,370","$1,233","$1,507","$1,580","$1,422","$1,738"
13054,METRO46540M46540,"Utica-Rome, NY MSA",$590,$531,$649,$650,$585,$715,$810,$729,$891,"$1,010",$909,"$1,111","$1,160","$1,044","$1,276"
13123,METRO46540M46540,"Utica-Rome, NY MSA",$660,$594,$726,$710,$639,$781,$900,$810,$990,"$1,120","$1,008","$1,232","$1,290","$1,161","$1,419"
13157,METRO46540M46540,"Utica-Rome, NY MSA",$750,$675,$825,$800,$720,$880,"$1,020",$918,"$1,122","$1,270","$1,143","$1,397","$1,460","$1,314","$1,606"
13162,METRO46540M46540,"Utica-Rome, NY MSA",$730,$657,$803,$790,$711,$869,"$1,000",$900,"$1,100","$1,250","$1,125","$1,375","$1,430","$1,287","$1,573"
13301,METRO46540M46540,"Utica-Rome, NY MSA",$600,$540,$660,$650,$585,$715,$820,$738,$902,"$1,020",$918,"$1,122","$1,180","$1,062","$1,298"
13303,METRO46540M46540,"Utica-Rome, NY MSA",$720,$648,$792,$760,$684,$836,$970,$873,"$1,067","$1,210","$1,089","$1,331","$1,390","$1,251","$1,529"
13304,METRO46540M46540,"Utica-Rome, NY MSA",$600,$540,$660,$640,$576,$704,$820,$738,$902,"$1,020",$918,"$1,122","$1,170","$1,053","$1,287"
13308,METRO46540M46540,"Utica-Rome, NY MSA",$630,$567,$693,$680,$612,$748,$860,$774,$946,"$1,070",$963,"$1,177","$1,230","$1,107","$1,353"
13309,METRO46540M46540,"Utica-Rome, NY MSA",$540,$486,$594,$580,$522,$638,$730,$657,$803,$910,$819,"$1,001","$1,060",$954,"$1,166"
13313,METRO46540M46540,"Utica-Rome, NY MSA",$560,$504,$616,$600,$540,$660,$760,$684,$836,$950,$855,"$1,045","$1,090",$981,"$1,199"
13316,METRO46540M46540,"Utica-Rome, NY MSA",$570,$513,$627,$660,$594,$726,$810,$729,$891,"$1,020",$918,"$1,122","$1,170","$1,053","$1,287"
13318,METRO46540M46540,"Utica-Rome, NY MSA",$690,$621,$759,$740,$666,$814,$970,$873,"$1,067","$1,210","$1,089","$1,331","$1,350","$1,215","$1,485"
13319,METRO46540M46540,"Utica-Rome, NY MSA",$600,$540,$660,$640,$576,$704,$820,$738,$902,"$1,020",$918,"$1,122","$1,170","$1,053","$1,287"
13321,METRO46540M46540,"Utica-Rome, NY MSA",$550,$495,$605,$580,$522,$638,$740,$666,$814,$920,$828,"$1,012","$1,060",$954,"$1,166"
13322,METRO46540M46540,"Utica-Rome, NY MSA",$550,$495,$605,$580,$522,$638,$740,$666,$814,$920,$828,"$1,012","$1,060",$954,"$1,166"
13323,METRO46540M46540,"Utica-Rome, NY MSA",$770,$693,$847,$820,$738,$902,"$1,040",$936,"$1,144","$1,290","$1,161","$1,419","$1,490","$1,341","$1,639"
13324,METRO46540M46540,"Utica-Rome, NY MSA",$570,$513,$627,$600,$540,$660,$770,$693,$847,$960,$864,"$1,056","$1,100",$990,"$1,210"
13328,METRO46540M46540,"Utica-Rome, NY MSA",$540,$486,$594,$580,$522,$638,$730,$657,$803,$910,$819,"$1,001","$1,060",$954,"$1,166"
13329,METRO46540M46540,"Utica-Rome, NY MSA",$540,$486,$594,$580,$522,$638,$730,$657,$803,$910,$819,"$1,001","$1,060",$954,"$1,166"
13331,METRO46540M46540,"Utica-Rome, NY MSA",$560,$504,$616,$600,$540,$660,$750,$675,$825,$940,$846,"$1,034","$1,080",$972,"$1,188"
13338,METRO46540M46540,"Utica-Rome, NY MSA",$630,$567,$693,$680,$612,$748,$860,$774,$946,"$1,070",$963,"$1,177","$1,230","$1,107","$1,353"
13339,METRO46540M46540,"Utica-Rome, NY MSA",$560,$504,$616,$600,$540,$660,$760,$684,$836,$950,$855,"$1,045","$1,090",$981,"$1,199"
13340,METRO46540M46540,"Utica-Rome, NY MSA",$580,$522,$638,$620,$558,$682,$790,$711,$869,$980,$882,"$1,078","$1,130","$1,017","$1,243"
13341,METRO46540M46540,"Utica-Rome, NY MSA",$770,$693,$847,$820,$738,$902,"$1,040",$936,"$1,144","$1,290","$1,161","$1,419","$1,490","$1,341","$1,639"
13350,METRO46540M46540,"Utica-Rome, NY MSA",$620,$558,$682,$660,$594,$726,$840,$756,$924,"$1,040",$936,"$1,144","$1,200","$1,080","$1,320"
13352,METRO46540M46540,"Utica-Rome, NY MSA",$590,$531,$649,$630,$567,$693,$800,$720,$880,$990,$891,"$1,089","$1,140","$1,026","$1,254"
13354,METRO46540M46540,"Utica-Rome, NY MSA",$540,$486,$594,$580,$522,$638,$730,$657,$803,$910,$819,"$1,001","$1,060",$954,"$1,166"
13357,METRO46540M46540,"Utica-Rome, NY MSA",$550,$495,$605,$580,$522,$638,$740,$666,$814,$920,$828,"$1,012","$1,060",$954,"$1,166"
13360,METRO46540M46540,"Utica-Rome, NY MSA",$560,$504,$616,$600,$540,$660,$760,$684,$836,$950,$855,"$1,045","$1,090",$981,"$1,199"
13361,METRO46540M46540,"Utica-Rome, NY MSA",$560,$504,$616,$600,$540,$660,$760,$684,$836,$950,$855,"$1,045","$1,090",$981,"$1,199"
13362,METRO46540M46540,"Utica-Rome, NY MSA",$570,$513,$627,$610,$549,$671,$770,$693,$847,$960,$864,"$1,056","$1,110",$999,"$1,221"
13363,METRO46540M46540,"Utica-Rome, NY MSA",$880,$792,$968,$930,$837,"$1,023","$1,190","$1,071","$1,309","$1,480","$1,332","$1,628","$1,700","$1,530","$1,870"
13365,METRO46540M46540,"Utica-Rome, NY MSA",$540,$486,$594,$580,$522,$638,$730,$657,$803,$910,$819,"$1,001","$1,060",$954,"$1,166"
13367,METRO46540M46540,"Utica-Rome, NY MSA",$580,$522,$638,$620,$558,$682,$790,$711,$869,$980,$882,"$1,078","$1,130","$1,017","$1,243"
13401,METRO46540M46540,"Utica-Rome, NY MSA",$590,$531,$649,$630,$567,$693,$800,$720,$880,"$1,000",$900,"$1,100","$1,150","$1,035","$1,265"
13402,METRO46540M46540,"Utica-Rome, NY MSA",$610,$549,$671,$690,$621,$759,$850,$765,$935,"$1,060",$954,"$1,166","$1,230","$1,107","$1,353"
13403,METRO46540M46540,"Utica-Rome, NY MSA",$590,$531,$649,$630,$567,$693,$800,$720,$880,"$1,000",$900,"$1,100","$1,150","$1,035","$1,265"
13406,METRO46540M46540,"Utica-Rome, NY MSA",$630,$567,$693,$680,$612,$748,$860,$774,$946,"$1,070",$963,"$1,177","$1,230","$1,107","$1,353"
13407,METRO46540M46540,"Utica-Rome, NY MSA",$540,$486,$594,$580,$522,$638,$730,$657,$803,$910,$819,"$1,001","$1,060",$954,"$1,166"
13409,METRO46540M46540,"Utica-Rome, NY MSA",$630,$567,$693,$700,$630,$770,$870,$783,$957,"$1,090",$981,"$1,199","$1,260","$1,134","$1,386"
13413,METRO46540M46540,"Utica-Rome, NY MSA",$690,$621,$759,$730,$657,$803,$930,$837,"$1,023","$1,160","$1,044","$1,276","$1,330","$1,197","$1,463"
13416,METRO46540M46540,"Utica-Rome, NY MSA",$540,$486,$594,$580,$522,$638,$730,$657,$803,$910,$819,"$1,001","$1,060",$954,"$1,166"
13417,METRO46540M46540,"Utica-Rome, NY MSA",$600,$540,$660,$640,$576,$704,$820,$738,$902,"$1,020",$918,"$1,122","$1,170","$1,053","$1,287"
13420,METRO46540M46540,"Utica-Rome, NY MSA",$540,$486,$594,$580,$522,$638,$730,$657,$803,$910,$819,"$1,001","$1,060",$954,"$1,166"
13421,METRO46540M46540,"Utica-Rome, NY MSA",$570,$513,$627,$660,$594,$726,$810,$729,$891,"$1,020",$918,"$1,122","$1,170","$1,053","$1,287"
13424,METRO46540M46540,"Utica-Rome, NY MSA",$580,$522,$638,$620,$558,$682,$790,$711,$869,$980,$882,"$1,078","$1,130","$1,017","$1,243"
13425,METRO46540M46540,"Utica-Rome, NY MSA",$570,$513,$627,$660,$594,$726,$810,$729,$891,"$1,020",$918,"$1,122","$1,170","$1,053","$1,287"
13431,METRO46540M46540,"Utica-Rome, NY MSA",$610,$549,$671,$650,$585,$715,$830,$747,$913,"$1,030",$927,"$1,133","$1,190","$1,071","$1,309"
13435,METRO46540M46540,"Utica-Rome, NY MSA",$590,$531,$649,$630,$567,$693,$800,$720,$880,"$1,000",$900,"$1,100","$1,150","$1,035","$1,265"
13438,METRO46540M46540,"Utica-Rome, NY MSA",$590,$531,$649,$630,$567,$693,$800,$720,$880,"$1,000",$900,"$1,100","$1,150","$1,035","$1,265"
13439,METRO46540M46540,"Utica-Rome, NY MSA",$580,$522,$638,$620,$558,$682,$790,$711,$869,$980,$882,"$1,078","$1,130","$1,017","$1,243"
13440,METRO46540M46540,"Utica-Rome, NY MSA",$610,$549,$671,$650,$585,$715,$830,$747,$913,"$1,030",$927,"$1,133","$1,190","$1,071","$1,309"
13441,METRO46540M46540,"Utica-Rome, NY MSA",$610,$549,$671,$650,$585,$715,$830,$747,$913,"$1,030",$927,"$1,133","$1,190","$1,071","$1,309"
13454,METRO46540M46540,"Utica-Rome, NY MSA",$550,$495,$605,$580,$522,$638,$740,$666,$814,$920,$828,"$1,012","$1,060",$954,"$1,166"
13455,METRO46540M46540,"Utica-Rome, NY MSA",$590,$531,$649,$630,$567,$693,$800,$720,$880,"$1,000",$900,"$1,100","$1,150","$1,035","$1,265"
13456,METRO46540M46540,"Utica-Rome, NY MSA",$710,$639,$781,$750,$675,$825,$960,$864,"$1,056","$1,190","$1,071","$1,309","$1,370","$1,233","$1,507"
13461,METRO46540M46540,"Utica-Rome, NY MSA",$560,$504,$616,$600,$540,$660,$760,$684,$836,$950,$855,"$1,045","$1,090",$981,"$1,199"
13469,METRO46540M46540,"Utica-Rome, NY MSA",$580,$522,$638,$620,$558,$682,$790,$711,$869,$980,$882,"$1,078","$1,130","$1,017","$1,243"
13470,METRO46540M46540,"Utica-Rome, NY MSA",$550,$495,$605,$580,$522,$638,$740,$666,$814,$920,$828,"$1,012","$1,060",$954,"$1,166"
13471,METRO46540M46540,"Utica-Rome, NY MSA",$630,$567,$693,$680,$612,$748,$860,$774,$946,"$1,070",$963,"$1,177","$1,230","$1,107","$1,353"
13472,METRO46540M46540,"Utica-Rome, NY MSA",$540,$486,$594,$580,$522,$638,$730,$657,$803,$910,$819,"$1,001","$1,060",$954,"$1,166"
13475,METRO46540M46540,"Utica-Rome, NY MSA",$560,$504,$616,$600,$540,$660,$760,$684,$836,$950,$855,"$1,045","$1,090",$981,"$1,199"
13476,METRO46540M46540,"Utica-Rome, NY MSA",$630,$567,$693,$670,$603,$737,$850,$765,$935,"$1,060",$954,"$1,166","$1,220","$1,098","$1,342"
13477,METRO46540M46540,"Utica-Rome, NY MSA",$540,$486,$594,$580,$522,$638,$730,$657,$803,$910,$819,"$1,001","$1,060",$954,"$1,166"
13478,METRO46540M46540,"Utica-Rome, NY MSA",$540,$486,$594,$580,$522,$638,$730,$657,$803,$910,$819,"$1,001","$1,060",$954,"$1,166"
13479,METRO46540M46540,"Utica-Rome, NY MSA",$590,$531,$649,$630,$567,$693,$800,$720,$880,"$1,000",$900,"$1,100","$1,150","$1,035","$1,265"
13480,METRO46540M46540,"Utica-Rome, NY MSA",$570,$513,$627,$660,$594,$726,$810,$729,$891,"$1,020",$918,"$1,122","$1,170","$1,053","$1,287"
13483,METRO46540M46540,"Utica-Rome, NY MSA",$700,$630,$770,$750,$675,$825,$950,$855,"$1,045","$1,180","$1,062","$1,298","$1,360","$1,224","$1,496"
13486,METRO46540M46540,"Utica-Rome, NY MSA",$770,$693,$847,$820,$738,$902,"$1,050",$945,"$1,155","$1,310","$1,179","$1,441","$1,500","$1,350","$1,650"
13489,METRO46540M46540,"Utica-Rome, NY MSA",$620,$558,$682,$660,$594,$726,$840,$756,$924,"$1,050",$945,"$1,155","$1,210","$1,089","$1,331"
13490,METRO46540M46540,"Utica-Rome, NY MSA",$630,$567,$693,$670,$603,$737,$860,$774,$946,"$1,060",$954,"$1,166","$1,230","$1,107","$1,353"
13491,METRO46540M46540,"Utica-Rome, NY MSA",$570,$513,$627,$660,$594,$726,$810,$729,$891,"$1,020",$918,"$1,122","$1,170","$1,053","$1,287"
13492,METRO46540M46540,"Utica-Rome, NY MSA",$600,$540,$660,$640,$576,$704,$820,$738,$902,"$1,020",$918,"$1,122","$1,170","$1,053","$1,287"
13494,METRO46540M46540,"Utica-Rome, NY MSA",$600,$540,$660,$650,$585,$715,$820,$738,$902,"$1,020",$918,"$1,122","$1,170","$1,053","$1,287"
13495,METRO46540M46540,"Utica-Rome, NY MSA",$570,$513,$627,$600,$540,$660,$770,$693,$847,$960,$864,"$1,056","$1,100",$990,"$1,210"
13501,METRO46540M46540,"Utica-Rome, NY MSA",$540,$486,$594,$580,$522,$638,$730,$657,$803,$910,$819,"$1,001","$1,060",$954,"$1,166"
13502,METRO46540M46540,"Utica-Rome, NY MSA",$600,$540,$660,$640,$576,$704,$810,$729,$891,"$1,010",$909,"$1,111","$1,160","$1,044","$1,276"
13083,METRO48060M48060,"Watertown-Fort Drum, NY MSA",$650,$585,$715,$760,$684,$836,$990,$891,"$1,089","$1,290","$1,161","$1,419","$1,480","$1,332","$1,628"
13145,METRO48060M48060,"Watertown-Fort Drum, NY MSA",$650,$585,$715,$760,$684,$836,$990,$891,"$1,089","$1,290","$1,161","$1,419","$1,480","$1,332","$1,628"
13601,METRO48060M48060,"Watertown-Fort Drum, NY MSA",$650,$585,$715,$760,$684,$836,$990,$891,"$1,089","$1,310","$1,179","$1,441","$1,520","$1,368","$1,672"
13602,METRO48060M48060,"Watertown-Fort Drum, NY MSA","$1,040",$936,"$1,144","$1,190","$1,071","$1,309","$1,570","$1,413","$1,727","$2,080","$1,872","$2,288","$2,410","$2,169","$2,651"
13603,METRO48060M48060,"Watertown-Fort Drum, NY MSA",$930,$837,"$1,023","$1,070",$963,"$1,177","$1,410","$1,269","$1,551","$1,870","$1,683","$2,057","$2,170","$1,953","$2,387"
13605,METRO48060M48060,"Watertown-Fort Drum, NY MSA",$650,$585,$715,$760,$684,$836,$990,$891,"$1,089","$1,290","$1,161","$1,419","$1,480","$1,332","$1,628"
13606,METRO48060M48060,"Watertown-Fort Drum, NY MSA",$650,$585,$715,$760,$684,$836,$990,$891,"$1,089","$1,290","$1,161","$1,419","$1,480","$1,332","$1,628"
13607,METRO48060M48060,"Watertown-Fort Drum, NY MSA",$650,$585,$715,$760,$684,$836,$990,$891,"$1,089","$1,290","$1,161","$1,419","$1,480","$1,332","$1,628"
13608,METRO48060M48060,"Watertown-Fort Drum, NY MSA",$650,$585,$715,$760,$684,$836,$990,$891,"$1,089","$1,290","$1,161","$1,419","$1,480","$1,332","$1,628"
13611,METRO48060M48060,"Watertown-Fort Drum, NY MSA",$690,$621,$759,$800,$720,$880,"$1,050",$945,"$1,155","$1,390","$1,251","$1,529","$1,610","$1,449","$1,771"
13612,METRO48060M48060,"Watertown-Fort Drum, NY MSA",$720,$648,$792,$830,$747,$913,"$1,100",$990,"$1,210","$1,450","$1,305","$1,595","$1,690","$1,521","$1,859"
13615,METRO48060M48060,"Watertown-Fort Drum, NY MSA",$650,$585,$715,$760,$684,$836,$990,$891,"$1,089","$1,290","$1,161","$1,419","$1,480","$1,332","$1,628"
13616,METRO48060M48060,"Watertown-Fort Drum, NY MSA",$800,$720,$880,$920,$828,"$1,012","$1,210","$1,089","$1,331","$1,610","$1,449","$1,771","$1,860","$1,674","$2,046"
13618,METRO48060M48060,"Watertown-Fort Drum, NY MSA",$650,$585,$715,$760,$684,$836,$990,$891,"$1,089","$1,290","$1,161","$1,419","$1,480","$1,332","$1,628"
13619,METRO48060M48060,"Watertown-Fort Drum, NY MSA",$650,$585,$715,$760,$684,$836,$990,$891,"$1,089","$1,290","$1,161","$1,419","$1,480","$1,332","$1,628"
13622,METRO48060M48060,"Watertown-Fort Drum, NY MSA",$800,$720,$880,$920,$828,"$1,012","$1,210","$1,089","$1,331","$1,610","$1,449","$1,771","$1,860","$1,674","$2,046"
13624,METRO48060M48060,"Watertown-Fort Drum, NY MSA",$700,$630,$770,$800,$720,$880,"$1,060",$954,"$1,166","$1,410","$1,269","$1,551","$1,630","$1,467","$1,793"
13626,METRO48060M48060,"Watertown-Fort Drum, NY MSA",$650,$585,$715,$760,$684,$836,"$1,000",$900,"$1,100","$1,310","$1,179","$1,441","$1,520","$1,368","$1,672"
13628,METRO48060M48060,"Watertown-Fort Drum, NY MSA",$680,$612,$748,$780,$702,$858,"$1,030",$927,"$1,133","$1,370","$1,233","$1,507","$1,580","$1,422","$1,738"
13631,METRO48060M48060,"Watertown-Fort Drum, NY MSA",$690,$621,$759,$800,$720,$880,"$1,050",$945,"$1,155","$1,390","$1,251","$1,529","$1,610","$1,449","$1,771"
13632,METRO48060M48060,"Watertown-Fort Drum, NY MSA",$690,$621,$759,$800,$720,$880,"$1,050",$945,"$1,155","$1,390","$1,251","$1,529","$1,610","$1,449","$1,771"
13634,METRO48060M48060,"Watertown-Fort Drum, NY MSA",$650,$585,$715,$760,$684,$836,$990,$891,"$1,089","$1,290","$1,161","$1,419","$1,480","$1,332","$1,628"
13636,METRO48060M48060,"Watertown-Fort Drum, NY MSA",$650,$585,$715,$760,$684,$836,$990,$891,"$1,089","$1,290","$1,161","$1,419","$1,480","$1,332","$1,628"
13637,METRO48060M48060,"Watertown-Fort Drum, NY MSA",$790,$711,$869,$910,$819,"$1,001","$1,200","$1,080","$1,320","$1,590","$1,431","$1,749","$1,840","$1,656","$2,024"
13638,METRO48060M48060,"Watertown-Fort Drum, NY MSA",$820,$738,$902,$950,$855,"$1,045","$1,250","$1,125","$1,375","$1,660","$1,494","$1,826","$1,920","$1,728","$2,112"
13640,METRO48060M48060,"Watertown-Fort Drum, NY MSA",$650,$585,$715,$760,$684,$836,$990,$891,"$1,089","$1,290","$1,161","$1,419","$1,480","$1,332","$1,628"
13641,METRO48060M48060,"Watertown-Fort Drum, NY MSA",$650,$585,$715,$760,$684,$836,$990,$891,"$1,089","$1,290","$1,161","$1,419","$1,480","$1,332","$1,628"
13642,METRO48060M48060,"Watertown-Fort Drum, NY MSA",$650,$585,$715,$760,$684,$836,$990,$891,"$1,089","$1,290","$1,161","$1,419","$1,480","$1,332","$1,628"
13643,METRO48060M48060,"Watertown-Fort Drum, NY MSA",$650,$585,$715,$760,$684,$836,$990,$891,"$1,089","$1,290","$1,161","$1,419","$1,480","$1,332","$1,628"
13646,METRO48060M48060,"Watertown-Fort Drum, NY MSA",$690,$621,$759,$800,$720,$880,"$1,050",$945,"$1,155","$1,390","$1,251","$1,529","$1,610","$1,449","$1,771"
13650,METRO48060M48060,"Watertown-Fort Drum, NY MSA",$650,$585,$715,$760,$684,$836,$990,$891,"$1,089","$1,290","$1,161","$1,419","$1,480","$1,332","$1,628"
13651,METRO48060M48060,"Watertown-Fort Drum, NY MSA",$650,$585,$715,$760,$684,$836,$990,$891,"$1,089","$1,290","$1,161","$1,419","$1,480","$1,332","$1,628"
13656,METRO48060M48060,"Watertown-Fort Drum, NY MSA",$650,$585,$715,$760,$684,$836,$990,$891,"$1,089","$1,290","$1,161","$1,419","$1,480","$1,332","$1,628"
13659,METRO48060M48060,"Watertown-Fort Drum, NY MSA",$650,$585,$715,$760,$684,$836,$990,$891,"$1,089","$1,290","$1,161","$1,419","$1,480","$1,332","$1,628"
13661,METRO48060M48060,"Watertown-Fort Drum, NY MSA",$650,$585,$715,$760,$684,$836,$990,$891,"$1,089","$1,290","$1,161","$1,419","$1,480","$1,332","$1,628"
13665,METRO48060M48060,"Watertown-Fort Drum, NY MSA",$650,$585,$715,$760,$684,$836,$990,$891,"$1,089","$1,290","$1,161","$1,419","$1,480","$1,332","$1,628"
13671,METRO48060M48060,"Watertown-Fort Drum, NY MSA",$690,$621,$759,$800,$720,$880,"$1,050",$945,"$1,155","$1,390","$1,251","$1,529","$1,610","$1,449","$1,771"
13673,METRO48060M48060,"Watertown-Fort Drum, NY MSA",$650,$585,$715,$760,$684,$836,$990,$891,"$1,089","$1,290","$1,161","$1,419","$1,480","$1,332","$1,628"
13674,METRO48060M48060,"Watertown-Fort Drum, NY MSA",$650,$585,$715,$760,$684,$836,$990,$891,"$1,089","$1,290","$1,161","$1,419","$1,480","$1,332","$1,628"
13675,METRO48060M48060,"Watertown-Fort Drum, NY MSA",$650,$585,$715,$760,$684,$836,$990,$891,"$1,089","$1,300","$1,170","$1,430","$1,500","$1,350","$1,650"
13679,METRO48060M48060,"Watertown-Fort Drum, NY MSA",$670,$603,$737,$790,$711,$869,"$1,040",$936,"$1,144","$1,310","$1,179","$1,441","$1,490","$1,341","$1,639"
13682,METRO48060M48060,"Watertown-Fort Drum, NY MSA","$1,040",$936,"$1,144","$1,190","$1,071","$1,309","$1,570","$1,413","$1,727","$2,080","$1,872","$2,288","$2,410","$2,169","$2,651"
13685,METRO48060M48060,"Watertown-Fort Drum, NY MSA",$750,$675,$825,$860,$774,$946,"$1,130","$1,017","$1,243","$1,500","$1,350","$1,650","$1,740","$1,566","$1,914"
13691,METRO48060M48060,"Watertown-Fort Drum, NY MSA",$650,$585,$715,$760,$684,$836,$990,$891,"$1,089","$1,310","$1,179","$1,441","$1,520","$1,368","$1,672"
13692,METRO48060M48060,"Watertown-Fort Drum, NY MSA",$690,$621,$759,$800,$720,$880,"$1,050",$945,"$1,155","$1,390","$1,251","$1,529","$1,610","$1,449","$1,771"
13693,METRO48060M48060,"Watertown-Fort Drum, NY MSA",$980,$882,"$1,078","$1,130","$1,017","$1,243","$1,490","$1,341","$1,639","$1,940","$1,746","$2,134","$2,220","$1,998","$2,442"
10466,METRO48325M48325,"Westchester County, NY Statutory Exception Area","$1,670","$1,503","$1,837","$1,710","$1,539","$1,881","$1,950","$1,755","$2,145","$2,470","$2,223","$2,717","$2,640","$2,376","$2,904"
10470,METRO48325M48325,"Westchester County, NY Statutory Exception Area","$1,840","$1,656","$2,024","$1,890","$1,701","$2,079","$2,150","$1,935","$2,365","$2,720","$2,448","$2,992","$2,920","$2,628","$3,212"
10501,METRO48325M48325,"Westchester County, NY Statutory Exception Area","$1,540","$1,386","$1,694","$1,800","$1,620","$1,980","$2,160","$1,944","$2,376","$2,770","$2,493","$3,047","$3,140","$2,826","$3,454"
10502,METRO48325M48325,"Westchester County, NY Statutory Exception Area","$1,380","$1,242","$1,518","$1,610","$1,449","$1,771","$1,930","$1,737","$2,123","$2,470","$2,223","$2,717","$2,800","$2,520","$3,080"
10503,METRO48325M48325,"Westchester County, NY Statutory Exception Area","$1,490","$1,341","$1,639","$1,750","$1,575","$1,925","$2,100","$1,890","$2,310","$2,700","$2,430","$2,970","$3,040","$2,736","$3,344"
10504,METRO48325M48325,"Westchester County, NY Statutory Exception Area","$1,650","$1,485","$1,815","$1,970","$1,773","$2,167","$2,370","$2,133","$2,607","$3,010","$2,709","$3,311","$3,400","$3,060","$3,740"
10505,METRO48325M48325,"Westchester County, NY Statutory Exception Area","$1,500","$1,350","$1,650","$1,550","$1,395","$1,705","$1,780","$1,602","$1,958","$2,290","$2,061","$2,519","$2,570","$2,313","$2,827"
10506,METRO48325M48325,"Westchester County, NY Statutory Exception Area","$1,890","$1,701","$2,079","$2,220","$1,998","$2,442","$2,670","$2,403","$2,937","$3,430","$3,087","$3,773","$3,860","$3,474","$4,246"
10507,METRO48325M48325,"Westchester County, NY Statutory Exception Area","$1,390","$1,251","$1,529","$1,620","$1,458","$1,782","$1,950","$1,755","$2,145","$2,490","$2,241","$2,739","$2,830","$2,547","$3,113"
10509,METRO48325M48325,"Westchester County, NY Statutory Exception Area","$1,650","$1,485","$1,815","$1,690","$1,521","$1,859","$1,930","$1,737","$2,123","$2,440","$2,196","$2,684","$2,620","$2,358","$2,882"
10510,METRO48325M48325,"Westchester County, NY Statutory Exception Area","$1,850","$1,665","$2,035","$2,160","$1,944","$2,376","$2,590","$2,331","$2,849","$3,310","$2,979","$3,641","$3,760","$3,384","$4,136"
10511,METRO48325M48325,"Westchester County, NY Statutory Exception Area","$1,330","$1,197","$1,463","$1,560","$1,404","$1,716","$1,870","$1,683","$2,057","$2,390","$2,151","$2,629","$2,720","$2,448","$2,992"
10514,METRO48325M48325,"Westchester County, NY Statutory Exception Area","$2,080","$1,872","$2,288","$2,420","$2,178","$2,662","$2,910","$2,619","$3,201","$3,720","$3,348","$4,092","$4,230","$3,807","$4,653"
10517,METRO48325M48325,"Westchester County, NY Statutory Exception Area","$1,640","$1,476","$1,804","$1,920","$1,728","$2,112","$2,300","$2,070","$2,530","$2,940","$2,646","$3,234","$3,350","$3,015","$3,685"
10518,METRO48325M48325,"Westchester County, NY Statutory Exception Area","$1,880","$1,692","$2,068","$2,200","$1,980","$2,420","$2,640","$2,376","$2,904","$3,380","$3,042","$3,718","$3,840","$3,456","$4,224"
10519,METRO48325M48325,"Westchester County, NY Statutory Exception Area","$1,710","$1,539","$1,881","$1,930","$1,737","$2,123","$2,290","$2,061","$2,519","$2,920","$2,628","$3,212","$3,280","$2,952","$3,608"
10520,METRO48325M48325,"Westchester County, NY Statutory Exception Area","$1,270","$1,143","$1,397","$1,480","$1,332","$1,628","$1,780","$1,602","$1,958","$2,290","$2,061","$2,519","$2,590","$2,331","$2,849"
10522,METRO48325M48325,"Westchester County, NY Statutory Exception Area","$1,680","$1,512","$1,848","$1,970","$1,773","$2,167","$2,360","$2,124","$2,596","$3,020","$2,718","$3,322","$3,430","$3,087","$3,773"
10523,METRO48325M48325,"Westchester County, NY Statutory Exception Area","$1,980","$1,782","$2,178","$2,310","$2,079","$2,541","$2,770","$2,493","$3,047","$3,540","$3,186","$3,894","$4,020","$3,618","$4,422"
10526,METRO48325M48325,"Westchester County, NY Statutory Exception Area","$1,870","$1,683","$2,057","$2,190","$1,971","$2,409","$2,620","$2,358","$2,882","$3,350","$3,015","$3,685","$3,810","$3,429","$4,191"
10527,METRO48325M48325,"Westchester County, NY Statutory Exception Area","$1,350","$1,215","$1,485","$1,570","$1,413","$1,727","$1,890","$1,701","$2,079","$2,420","$2,178","$2,662","$2,750","$2,475","$3,025"
10528,METRO48325M48325,"Westchester County, NY Statutory Exception Area","$1,960","$1,764","$2,156","$2,290","$2,061","$2,519","$2,750","$2,475","$3,025","$3,520","$3,168","$3,872","$4,000","$3,600","$4,400"
10530,METRO48325M48325,"Westchester County, NY Statutory Exception Area","$1,710","$1,539","$1,881","$2,000","$1,800","$2,200","$2,400","$2,160","$2,640","$3,070","$2,763","$3,377","$3,490","$3,141","$3,839"
10532,METRO48325M48325,"Westchester County, NY Statutory Exception Area","$1,560","$1,404","$1,716","$1,820","$1,638","$2,002","$2,190","$1,971","$2,409","$2,800","$2,520","$3,080","$3,180","$2,862","$3,498"
10533,METRO48325M48325,"Westchester County, NY Statutory Exception Area","$1,490","$1,341","$1,639","$1,750","$1,575","$1,925","$2,100","$1,890","$2,310","$2,700","$2,430","$2,970","$3,040","$2,736","$3,344"
10535,METRO48325M48325,"Westchester County, NY Statutory Exception Area","$1,270","$1,143","$1,397","$1,480","$1,332","$1,628","$1,780","$1,602","$1,958","$2,290","$2,061","$2,519","$2,570","$2,313","$2,827"
10536,METRO48325M48325,"Westchester County, NY Statutory Exception Area","$2,020","$1,818","$2,222","$2,360","$2,124","$2,596","$2,830","$2,547","$3,113","$3,620","$3,258","$3,982","$4,110","$3,699","$4,521"
10537,METRO48325M48325,"Westchester County, NY Statutory Exception Area","$1,870","$1,683","$2,057","$2,020","$1,818","$2,222","$2,350","$2,115","$2,585","$2,990","$2,691","$3,289","$3,280","$2,952","$3,608"
10538,METRO48325M48325,"Westchester County, NY Statutory Exception Area","$1,680","$1,512","$1,848","$1,970","$1,773","$2,167","$2,360","$2,124","$2,596","$3,020","$2,718","$3,322","$3,430","$3,087","$3,773"
10540,METRO48325M48325,"Westchester County, NY Statutory Exception Area","$1,380","$1,242","$1,518","$1,620","$1,458","$1,782","$1,940","$1,746","$2,134","$2,480","$2,232","$2,728","$2,820","$2,538","$3,102"
10541,METRO48325M48325,"Westchester County, NY Statutory Exception Area","$1,710","$1,539","$1,881","$1,760","$1,584","$1,936","$2,010","$1,809","$2,211","$2,550","$2,295","$2,805","$2,740","$2,466","$3,014"
10543,METRO48325M48325,"Westchester County, NY Statutory Exception Area","$1,690","$1,521","$1,859","$1,970","$1,773","$2,167","$2,370","$2,133","$2,607","$3,030","$2,727","$3,333","$3,440","$3,096","$3,784"
10545,METRO48325M48325,"Westchester County, NY Statutory Exception Area","$1,400","$1,260","$1,540","$1,630","$1,467","$1,793","$1,960","$1,764","$2,156","$2,510","$2,259","$2,761","$2,850","$2,565","$3,135"
10546,METRO48325M48325,"Westchester County, NY Statutory Exception Area","$2,080","$1,872","$2,288","$2,420","$2,178","$2,662","$2,910","$2,619","$3,201","$3,720","$3,348","$4,092","$4,230","$3,807","$4,653"
10547,METRO48325M48325,"Westchester County, NY Statutory Exception Area","$1,590","$1,431","$1,749","$1,860","$1,674","$2,046","$2,230","$2,007","$2,453","$2,850","$2,565","$3,135","$3,240","$2,916","$3,564"
10548,METRO48325M48325,"Westchester County, NY Statutory Exception Area","$1,270","$1,143","$1,397","$1,480","$1,332","$1,628","$1,780","$1,602","$1,958","$2,290","$2,061","$2,519","$2,570","$2,313","$2,827"
10549,METRO48325M48325,"Westchester County, NY Statutory Exception Area","$1,390","$1,251","$1,529","$1,620","$1,458","$1,782","$1,950","$1,755","$2,145","$2,490","$2,241","$2,739","$2,830","$2,547","$3,113"
10550,METRO48325M48325,"Westchester County, NY Statutory Exception Area","$1,500","$1,350","$1,650","$1,550","$1,395","$1,705","$1,780","$1,602","$1,958","$2,290","$2,061","$2,519","$2,570","$2,313","$2,827"
10551,METRO48325M48325,"Westchester County, NY Statutory Exception Area","$1,380","$1,242","$1,518","$1,620","$1,458","$1,782","$1,940","$1,746","$2,134","$2,480","$2,232","$2,728","$2,820","$2,538","$3,102"
10552,METRO48325M48325,"Westchester County, NY Statutory Exception Area","$1,350","$1,215","$1,485","$1,570","$1,413","$1,727","$1,890","$1,701","$2,079","$2,420","$2,178","$2,662","$2,750","$2,475","$3,025"
10553,METRO48325M48325,"Westchester County, NY Statutory Exception Area","$1,290","$1,161","$1,419","$1,510","$1,359","$1,661","$1,810","$1,629","$1,991","$2,310","$2,079","$2,541","$2,630","$2,367","$2,893"
10560,METRO48325M48325,"Westchester County, NY Statutory Exception Area","$1,510","$1,359","$1,661","$1,770","$1,593","$1,947","$2,120","$1,908","$2,332","$2,710","$2,439","$2,981","$3,080","$2,772","$3,388"
10562,METRO48325M48325,"Westchester County, NY Statutory Exception Area","$1,400","$1,260","$1,540","$1,630","$1,467","$1,793","$1,960","$1,764","$2,156","$2,510","$2,259","$2,761","$2,850","$2,565","$3,135"
10566,METRO48325M48325,"Westchester County, NY Statutory Exception Area","$1,310","$1,179","$1,441","$1,530","$1,377","$1,683","$1,840","$1,656","$2,024","$2,350","$2,115","$2,585","$2,670","$2,403","$2,937"
10567,METRO48325M48325,"Westchester County, NY Statutory Exception Area","$1,680","$1,512","$1,848","$1,970","$1,773","$2,167","$2,360","$2,124","$2,596","$3,020","$2,718","$3,322","$3,430","$3,087","$3,773"
10570,METRO48325M48325,"Westchester County, NY Statutory Exception Area","$1,460","$1,314","$1,606","$1,710","$1,539","$1,881","$2,050","$1,845","$2,255","$2,620","$2,358","$2,882","$2,980","$2,682","$3,278"
10573,METRO48325M48325,"Westchester County, NY Statutory Exception Area","$1,350","$1,215","$1,485","$1,580","$1,422","$1,738","$1,900","$1,710","$2,090","$2,430","$2,187","$2,673","$2,760","$2,484","$3,036"
10576,METRO48325M48325,"Westchester County, NY Statutory Exception Area","$1,890","$1,701","$2,079","$2,220","$1,998","$2,442","$2,670","$2,403","$2,937","$3,430","$3,087","$3,773","$3,860","$3,474","$4,246"
10577,METRO48325M48325,"Westchester County, NY Statutory Exception Area","$1,890","$1,701","$2,079","$2,220","$1,998","$2,442","$2,670","$2,403","$2,937","$3,430","$3,087","$3,773","$3,860","$3,474","$4,246"
10578,METRO48325M48325,"Westchester County, NY Statutory Exception Area","$1,650","$1,485","$1,815","$1,920","$1,728","$2,112","$2,310","$2,079","$2,541","$2,950","$2,655","$3,245","$3,360","$3,024","$3,696"
10580,METRO48325M48325,"Westchester County, NY Statutory Exception Area","$2,080","$1,872","$2,288","$2,420","$2,178","$2,662","$2,910","$2,619","$3,201","$3,720","$3,348","$4,092","$4,230","$3,807","$4,653"
10583,METRO48325M48325,"Westchester County, NY Statutory Exception Area","$1,800","$1,620","$1,980","$2,110","$1,899","$2,321","$2,530","$2,277","$2,783","$3,230","$2,907","$3,553","$3,680","$3,312","$4,048"
10587,METRO48325M48325,"Westchester County, NY Statutory Exception Area","$1,380","$1,242","$1,518","$1,620","$1,458","$1,782","$1,940","$1,746","$2,134","$2,480","$2,232","$2,728","$2,820","$2,538","$3,102"
10588,METRO48325M48325,"Westchester County, NY Statutory Exception Area","$1,510","$1,359","$1,661","$1,760","$1,584","$1,936","$2,110","$1,899","$2,321","$2,690","$2,421","$2,959","$3,050","$2,745","$3,355"
10589,METRO48325M48325,"Westchester County, NY Statutory Exception Area","$2,080","$1,872","$2,288","$2,420","$2,178","$2,662","$2,910","$2,619","$3,201","$3,720","$3,348","$4,092","$4,230","$3,807","$4,653"
10590,METRO48325M48325,"Westchester County, NY Statutory Exception Area","$1,650","$1,485","$1,815","$1,930","$1,737","$2,123","$2,320","$2,088","$2,552","$2,970","$2,673","$3,267","$3,370","$3,033","$3,707"
10591,METRO48325M48325,"Westchester County, NY Statutory Exception Area","$1,460","$1,314","$1,606","$1,710","$1,539","$1,881","$2,050","$1,845","$2,255","$2,620","$2,358","$2,882","$2,980","$2,682","$3,278"
10594,METRO48325M48325,"Westchester County, NY Statutory Exception Area","$1,800","$1,620","$1,980","$2,110","$1,899","$2,321","$2,530","$2,277","$2,783","$3,230","$2,907","$3,553","$3,680","$3,312","$4,048"
10595,METRO48325M48325,"Westchester County, NY Statutory Exception Area","$1,620","$1,458","$1,782","$1,890","$1,701","$2,079","$2,270","$2,043","$2,497","$2,900","$2,610","$3,190","$3,300","$2,970","$3,630"
10596,METRO48325M48325,"Westchester County, NY Statutory Exception Area","$1,470","$1,323","$1,617","$1,720","$1,548","$1,892","$2,060","$1,854","$2,266","$2,630","$2,367","$2,893","$2,990","$2,691","$3,289"
10597,METRO48325M48325,"Westchester County, NY Statutory Exception Area","$1,670","$1,503","$1,837","$1,950","$1,755","$2,145","$2,340","$2,106","$2,574","$2,990","$2,691","$3,289","$3,400","$3,060","$3,740"
10598,METRO48325M48325,"Westchester County, NY Statutory Exception Area","$1,500","$1,350","$1,650","$1,570","$1,413","$1,727","$1,890","$1,701","$2,079","$2,420","$2,178","$2,662","$2,750","$2,475","$3,025"
10601,METRO48325M48325,"Westchester County, NY Statutory Exception Area","$1,720","$1,548","$1,892","$2,010","$1,809","$2,211","$2,410","$2,169","$2,651","$3,080","$2,772","$3,388","$3,500","$3,150","$3,850"
10602,METRO48325M48325,"Westchester County, NY Statutory Exception Area","$1,380","$1,242","$1,518","$1,620","$1,458","$1,782","$1,940","$1,746","$2,134","$2,480","$2,232","$2,728","$2,820","$2,538","$3,102"
10603,METRO48325M48325,"Westchester County, NY Statutory Exception Area","$1,530","$1,377","$1,683","$1,780","$1,602","$1,958","$2,140","$1,926","$2,354","$2,740","$2,466","$3,014","$3,110","$2,799","$3,421"
10604,METRO48325M48325,"Westchester County, NY Statutory Exception Area","$1,660","$1,494","$1,826","$1,940","$1,746","$2,134","$2,330","$2,097","$2,563","$2,980","$2,682","$3,278","$3,390","$3,051","$3,729"
10605,METRO48325M48325,"Westchester County, NY Statutory Exception Area","$1,540","$1,386","$1,694","$1,800","$1,620","$1,980","$2,160","$1,944","$2,376","$2,760","$2,484","$3,036","$3,140","$2,826","$3,454"
10606,METRO48325M48325,"Westchester County, NY Statutory Exception Area","$1,630","$1,467","$1,793","$1,910","$1,719","$2,101","$2,290","$2,061","$2,519","$2,930","$2,637","$3,223","$3,330","$2,997","$3,663"
10607,METRO48325M48325,"Westchester County, NY Statutory Exception Area","$1,450","$1,305","$1,595","$1,710","$1,539","$1,881","$2,060","$1,854","$2,266","$2,650","$2,385","$2,915","$2,970","$2,673","$3,267"
10701,METRO48325M48325,"Westchester County, NY Statutory Exception Area","$1,270","$1,143","$1,397","$1,480","$1,332","$1,628","$1,780","$1,602","$1,958","$2,290","$2,061","$2,519","$2,570","$2,313","$2,827"
10702,METRO48325M48325,"Westchester County, NY Statutory Exception Area","$1,380","$1,242","$1,518","$1,620","$1,458","$1,782","$1,940","$1,746","$2,134","$2,480","$2,232","$2,728","$2,820","$2,538","$3,102"
10703,METRO48325M48325,"Westchester County, NY Statutory Exception Area","$1,280","$1,152","$1,408","$1,490","$1,341","$1,639","$1,790","$1,611","$1,969","$2,290","$2,061","$2,519","$2,600","$2,340","$2,860"
10704,METRO48325M48325,"Westchester County, NY Statutory Exception Area","$1,310","$1,179","$1,441","$1,530","$1,377","$1,683","$1,840","$1,656","$2,024","$2,350","$2,115","$2,585","$2,670","$2,403","$2,937"
10705,METRO48325M48325,"Westchester County, NY Statutory Exception Area","$1,270","$1,143","$1,397","$1,480","$1,332","$1,628","$1,780","$1,602","$1,958","$2,290","$2,061","$2,519","$2,570","$2,313","$2,827"
10706,METRO48325M48325,"Westchester County, NY Statutory Exception Area","$1,670","$1,503","$1,837","$1,950","$1,755","$2,145","$2,340","$2,106","$2,574","$2,990","$2,691","$3,289","$3,400","$3,060","$3,740"
10707,METRO48325M48325,"Westchester County, NY Statutory Exception Area","$1,680","$1,512","$1,848","$1,970","$1,773","$2,167","$2,360","$2,124","$2,596","$3,020","$2,718","$3,322","$3,430","$3,087","$3,773"
10708,METRO48325M48325,"Westchester County, NY Statutory Exception Area","$1,530","$1,377","$1,683","$1,780","$1,602","$1,958","$2,140","$1,926","$2,354","$2,740","$2,466","$3,014","$3,110","$2,799","$3,421"
10709,METRO48325M48325,"Westchester County, NY Statutory Exception Area","$1,550","$1,395","$1,705","$1,810","$1,629","$1,991","$2,170","$1,953","$2,387","$2,770","$2,493","$3,047","$3,150","$2,835","$3,465"
10710,METRO48325M48325,"Westchester County, NY Statutory Exception Area","$1,340","$1,206","$1,474","$1,570","$1,413","$1,727","$1,880","$1,692","$2,068","$2,400","$2,160","$2,640","$2,730","$2,457","$3,003"
10801,METRO48325M48325,"Westchester County, NY Statutory Exception Area","$1,390","$1,251","$1,529","$1,620","$1,458","$1,782","$1,950","$1,755","$2,145","$2,490","$2,241","$2,739","$2,830","$2,547","$3,113"
10802,METRO48325M48325,"Westchester County, NY Statutory Exception Area","$1,380","$1,242","$1,518","$1,620","$1,458","$1,782","$1,940","$1,746","$2,134","$2,480","$2,232","$2,728","$2,820","$2,538","$3,102"
10803,METRO48325M48325,"Westchester County, NY Statutory Exception Area","$1,680","$1,512","$1,848","$1,970","$1,773","$2,167","$2,360","$2,124","$2,596","$3,020","$2,718","$3,322","$3,430","$3,087","$3,773"
10804,METRO48325M48325,"Westchester County, NY Statutory Exception Area","$2,080","$1,872","$2,288","$2,420","$2,178","$2,662","$2,910","$2,619","$3,201","$3,720","$3,348","$4,092","$4,230","$3,807","$4,653"
10805,METRO48325M48325,"Westchester County, NY Statutory Exception Area","$1,380","$1,242","$1,518","$1,620","$1,458","$1,782","$1,940","$1,746","$2,134","$2,480","$2,232","$2,728","$2,820","$2,538","$3,102"
