ZIP Code,HUD Area Code,HUD Fair Market Rent Area Name,SAFMR 0BR,SAFMR 0BR - 90% Payment Standard,SAFMR 0BR - 110% Payment Standard,SAFMR 1BR,SAFMR 1BR - 90% Payment Standard,SAFMR 1BR - 110% Payment Standard,SAFMR 2BR,SAFMR 2BR - 90% Payment Standard,SAFMR 2BR - 110% Payment Standard,SAFMR 3BR,SAFMR 3BR - 90% Payment Standard,SAFMR 3BR - 110% Payment Standard,SAFMR 4BR,SAFMR 4BR - 90% Payment Standard,SAFMR 4BR - 110% Payment Standard
12007,METRO10580M10580,"Albany-Schenectady-Troy, NY MSA","$1,020",$918,"$1,122","$1,140","$1,026","$1,254","$1,390","$1,251","$1,529","$1,680","$1,512","$1,848","$1,850","$1,665","$2,035"
12008,METRO10580M10580,"Albany-Schenectady-Troy, NY MSA","$1,020",$918,"$1,122","$1,150","$1,035","$1,265","$1,390","$1,251","$1,529","$1,680","$1,512","$1,848","$1,850","$1,665","$2,035"
12009,METRO10580M10580,"Albany-Schenectady-Troy, NY MSA","$1,060",$954,"$1,166","$1,190","$1,071","$1,309","$1,440","$1,296","$1,584","$1,740","$1,566","$1,914","$1,920","$1,728","$2,112"
12010,METRO10580M10580,"Albany-Schenectady-Troy, NY MSA",$880,$792,$968,$980,$882,"$1,078","$1,190","$1,071","$1,309","$1,440","$1,296","$1,584","$1,590","$1,431","$1,749"
12018,METRO10580M10580,"Albany-Schenectady-Troy, NY MSA","$1,100",$990,"$1,210","$1,230","$1,107","$1,353","$1,500","$1,350","$1,650","$1,810","$1,629","$1,991","$2,000","$1,800","$2,200"
12019,METRO10580M10580,"Albany-Schenectady-Troy, NY MSA","$1,050",$945,"$1,155","$1,180","$1,062","$1,298","$1,430","$1,287","$1,573","$1,730","$1,557","$1,903","$1,900","$1,710","$2,090"
12020,METRO10580M10580,"Albany-Schenectady-Troy, NY MSA","$1,230","$1,107","$1,353","$1,370","$1,233","$1,507","$1,670","$1,503","$1,837","$2,020","$1,818","$2,222","$2,220","$1,998","$2,442"
12022,METRO10580M10580,"Albany-Schenectady-Troy, NY MSA",$900,$810,$990,"$1,000",$900,"$1,100","$1,250","$1,125","$1,375","$1,510","$1,359","$1,661","$1,780","$1,602","$1,958"
12023,METRO10580M10580,"Albany-Schenectady-Troy, NY MSA",$880,$792,$968,$980,$882,"$1,078","$1,190","$1,071","$1,309","$1,440","$1,296","$1,584","$1,590","$1,431","$1,749"
12024,METRO10580M10580,"Albany-Schenectady-Troy, NY MSA",$970,$873,"$1,067","$1,090",$981,"$1,199","$1,320","$1,188","$1,452","$1,600","$1,440","$1,760","$1,760","$1,584","$1,936"
12025,METRO10580M10580,"Albany-Schenectady-Troy, NY MSA",$880,$792,$968,$980,$882,"$1,078","$1,190","$1,071","$1,309","$1,440","$1,296","$1,584","$1,590","$1,431","$1,749"
12027,METRO10580M10580,"Albany-Schenectady-Troy, NY MSA","$1,410","$1,269","$1,551","$1,570","$1,413","$1,727","$1,910","$1,719","$2,101","$2,310","$2,079","$2,541","$2,540","$2,286","$2,794"
12028,METRO10580M10580,"Albany-Schenectady-Troy, NY MSA",$910,$819,"$1,001","$1,010",$909,"$1,111","$1,240","$1,116","$1,364","$1,540","$1,386","$1,694","$1,660","$1,494","$1,826"
12031,METRO10580M10580,"Albany-Schenectady-Troy, NY MSA",$880,$792,$968,$980,$882,"$1,078","$1,190","$1,071","$1,309","$1,440","$1,296","$1,584","$1,590","$1,431","$1,749"
12033,METRO10580M10580,"Albany-Schenectady-Troy, NY MSA","$1,030",$927,"$1,133","$1,150","$1,035","$1,265","$1,400","$1,260","$1,540","$1,690","$1,521","$1,859","$1,860","$1,674","$2,046"
12035,METRO10580M10580,"Albany-Schenectady-Troy, NY MSA",$900,$810,$990,"$1,010",$909,"$1,111","$1,230","$1,107","$1,353","$1,480","$1,332","$1,628","$1,630","$1,467","$1,793"
12036,METRO10580M10580,"Albany-Schenectady-Troy, NY MSA",$880,$792,$968,$980,$882,"$1,078","$1,190","$1,071","$1,309","$1,440","$1,296","$1,584","$1,590","$1,431","$1,749"
12040,METRO10580M10580,"Albany-Schenectady-Troy, NY MSA",$880,$792,$968,$980,$882,"$1,078","$1,190","$1,071","$1,309","$1,440","$1,296","$1,584","$1,590","$1,431","$1,749"
12041,METRO10580M10580,"Albany-Schenectady-Troy, NY MSA",$980,$882,"$1,078","$1,100",$990,"$1,210","$1,330","$1,197","$1,463","$1,610","$1,449","$1,771","$1,770","$1,593","$1,947"
12043,METRO10580M10580,"Albany-Schenectady-Troy, NY MSA",$880,$792,$968,$980,$882,"$1,078","$1,190","$1,071","$1,309","$1,440","$1,296","$1,584","$1,590","$1,431","$1,749"
12045,METRO10580M10580,"Albany-Schenectady-Troy, NY MSA","$1,020",$918,"$1,122","$1,140","$1,026","$1,254","$1,390","$1,251","$1,529","$1,680","$1,512","$1,848","$1,850","$1,665","$2,035"
12046,METRO10580M10580,"Albany-Schenectady-Troy, NY MSA",$910,$819,"$1,001","$1,020",$918,"$1,122","$1,240","$1,116","$1,364","$1,500","$1,350","$1,650","$1,650","$1,485","$1,815"
12047,METRO10580M10580,"Albany-Schenectady-Troy, NY MSA",$990,$891,"$1,089","$1,110",$999,"$1,221","$1,350","$1,215","$1,485","$1,630","$1,467","$1,793","$1,800","$1,620","$1,980"
12052,METRO10580M10580,"Albany-Schenectady-Troy, NY MSA","$1,040",$936,"$1,144","$1,160","$1,044","$1,276","$1,410","$1,269","$1,551","$1,700","$1,530","$1,870","$1,880","$1,692","$2,068"
12053,METRO10580M10580,"Albany-Schenectady-Troy, NY MSA","$1,000",$900,"$1,100","$1,120","$1,008","$1,232","$1,360","$1,224","$1,496","$1,640","$1,476","$1,804","$1,810","$1,629","$1,991"
12054,METRO10580M10580,"Albany-Schenectady-Troy, NY MSA","$1,180","$1,062","$1,298","$1,330","$1,197","$1,463","$1,610","$1,449","$1,771","$1,950","$1,755","$2,145","$2,140","$1,926","$2,354"
12055,METRO10580M10580,"Albany-Schenectady-Troy, NY MSA","$1,020",$918,"$1,122","$1,140","$1,026","$1,254","$1,390","$1,251","$1,529","$1,680","$1,512","$1,848","$1,850","$1,665","$2,035"
12056,METRO10580M10580,"Albany-Schenectady-Troy, NY MSA","$1,020",$918,"$1,122","$1,140","$1,026","$1,254","$1,390","$1,251","$1,529","$1,680","$1,512","$1,848","$1,850","$1,665","$2,035"
12057,METRO10580M10580,"Albany-Schenectady-Troy, NY MSA",$880,$792,$968,$980,$882,"$1,078","$1,190","$1,071","$1,309","$1,440","$1,296","$1,584","$1,590","$1,431","$1,749"
12059,METRO10580M10580,"Albany-Schenectady-Troy, NY MSA",$880,$792,$968,$980,$882,"$1,078","$1,190","$1,071","$1,309","$1,440","$1,296","$1,584","$1,590","$1,431","$1,749"
12061,METRO10580M10580,"Albany-Schenectady-Troy, NY MSA","$1,260","$1,134","$1,386","$1,410","$1,269","$1,551","$1,710","$1,539","$1,881","$2,070","$1,863","$2,277","$2,280","$2,052","$2,508"
12062,METRO10580M10580,"Albany-Schenectady-Troy, NY MSA",$960,$864,"$1,056","$1,070",$963,"$1,177","$1,300","$1,170","$1,430","$1,570","$1,413","$1,727","$1,730","$1,557","$1,903"
12063,METRO10580M10580,"Albany-Schenectady-Troy, NY MSA","$1,060",$954,"$1,166","$1,180","$1,062","$1,298","$1,430","$1,287","$1,573","$1,740","$1,566","$1,914","$1,910","$1,719","$2,101"
12064,METRO10580M10580,"Albany-Schenectady-Troy, NY MSA",$880,$792,$968,$980,$882,"$1,078","$1,190","$1,071","$1,309","$1,440","$1,296","$1,584","$1,590","$1,431","$1,749"
12065,METRO10580M10580,"Albany-Schenectady-Troy, NY MSA","$1,110",$999,"$1,221","$1,240","$1,116","$1,364","$1,510","$1,359","$1,661","$1,830","$1,647","$2,013","$2,010","$1,809","$2,211"
12066,METRO10580M10580,"Albany-Schenectady-Troy, NY MSA","$1,060",$954,"$1,166","$1,190","$1,071","$1,309","$1,440","$1,296","$1,584","$1,740","$1,566","$1,914","$1,920","$1,728","$2,112"
12067,METRO10580M10580,"Albany-Schenectady-Troy, NY MSA",$880,$792,$968,$980,$882,"$1,078","$1,190","$1,071","$1,309","$1,440","$1,296","$1,584","$1,590","$1,431","$1,749"
12071,METRO10580M10580,"Albany-Schenectady-Troy, NY MSA",$880,$792,$968,$980,$882,"$1,078","$1,190","$1,071","$1,309","$1,440","$1,296","$1,584","$1,590","$1,431","$1,749"
12073,METRO10580M10580,"Albany-Schenectady-Troy, NY MSA",$880,$792,$968,$980,$882,"$1,078","$1,190","$1,071","$1,309","$1,440","$1,296","$1,584","$1,590","$1,431","$1,749"
12074,METRO10580M10580,"Albany-Schenectady-Troy, NY MSA","$1,090",$981,"$1,199","$1,220","$1,098","$1,342","$1,480","$1,332","$1,628","$1,790","$1,611","$1,969","$1,970","$1,773","$2,167"
12076,METRO10580M10580,"Albany-Schenectady-Troy, NY MSA",$920,$828,"$1,012","$1,030",$927,"$1,133","$1,250","$1,125","$1,375","$1,510","$1,359","$1,661","$1,660","$1,494","$1,826"
12077,METRO10580M10580,"Albany-Schenectady-Troy, NY MSA","$1,220","$1,098","$1,342","$1,370","$1,233","$1,507","$1,660","$1,494","$1,826","$2,010","$1,809","$2,211","$2,210","$1,989","$2,431"
12082,METRO10580M10580,"Albany-Schenectady-Troy, NY MSA",$970,$873,"$1,067","$1,090",$981,"$1,199","$1,320","$1,188","$1,452","$1,600","$1,440","$1,760","$1,760","$1,584","$1,936"
12083,METRO10580M10580,"Albany-Schenectady-Troy, NY MSA",$930,$837,"$1,023","$1,040",$936,"$1,144","$1,260","$1,134","$1,386","$1,520","$1,368","$1,672","$1,680","$1,512","$1,848"
12084,METRO10580M10580,"Albany-Schenectady-Troy, NY MSA","$1,240","$1,116","$1,364","$1,380","$1,242","$1,518","$1,680","$1,512","$1,848","$2,030","$1,827","$2,233","$2,240","$2,016","$2,464"
12085,METRO10580M10580,"Albany-Schenectady-Troy, NY MSA",$880,$792,$968,$980,$882,"$1,078","$1,190","$1,071","$1,309","$1,440","$1,296","$1,584","$1,590","$1,431","$1,749"
12086,METRO10580M10580,"Albany-Schenectady-Troy, NY MSA",$880,$792,$968,$980,$882,"$1,078","$1,190","$1,071","$1,309","$1,440","$1,296","$1,584","$1,590","$1,431","$1,749"
12087,METRO10580M10580,"Albany-Schenectady-Troy, NY MSA","$1,020",$918,"$1,122","$1,140","$1,026","$1,254","$1,390","$1,251","$1,529","$1,680","$1,512","$1,848","$1,850","$1,665","$2,035"
12089,METRO10580M10580,"Albany-Schenectady-Troy, NY MSA",$970,$873,"$1,067","$1,090",$981,"$1,199","$1,320","$1,188","$1,452","$1,600","$1,440","$1,760","$1,760","$1,584","$1,936"
12090,METRO10580M10580,"Albany-Schenectady-Troy, NY MSA",$880,$792,$968,$980,$882,"$1,078","$1,190","$1,071","$1,309","$1,440","$1,296","$1,584","$1,590","$1,431","$1,749"
12092,METRO10580M10580,"Albany-Schenectady-Troy, NY MSA",$880,$792,$968,$980,$882,"$1,078","$1,190","$1,071","$1,309","$1,440","$1,296","$1,584","$1,590","$1,431","$1,749"
12093,METRO10580M10580,"Albany-Schenectady-Troy, NY MSA",$880,$792,$968,$980,$882,"$1,078","$1,190","$1,071","$1,309","$1,440","$1,296","$1,584","$1,590","$1,431","$1,749"
12094,METRO10580M10580,"Albany-Schenectady-Troy, NY MSA",$910,$819,"$1,001","$1,010",$909,"$1,111","$1,240","$1,116","$1,364","$1,520","$1,368","$1,672","$1,660","$1,494","$1,826"
12107,METRO10580M10580,"Albany-Schenectady-Troy, NY MSA","$1,020",$918,"$1,122","$1,140","$1,026","$1,254","$1,390","$1,251","$1,529","$1,680","$1,512","$1,848","$1,850","$1,665","$2,035"
12110,METRO10580M10580,"Albany-Schenectady-Troy, NY MSA","$1,200","$1,080","$1,320","$1,340","$1,206","$1,474","$1,630","$1,467","$1,793","$1,970","$1,773","$2,167","$2,170","$1,953","$2,387"
12118,METRO10580M10580,"Albany-Schenectady-Troy, NY MSA",$880,$792,$968,$980,$882,"$1,078","$1,190","$1,071","$1,309","$1,440","$1,296","$1,584","$1,590","$1,431","$1,749"
12120,METRO10580M10580,"Albany-Schenectady-Troy, NY MSA",$880,$792,$968,$980,$882,"$1,078","$1,190","$1,071","$1,309","$1,440","$1,296","$1,584","$1,590","$1,431","$1,749"
12121,METRO10580M10580,"Albany-Schenectady-Troy, NY MSA",$900,$810,$990,"$1,010",$909,"$1,111","$1,220","$1,098","$1,342","$1,480","$1,332","$1,628","$1,630","$1,467","$1,793"
12122,METRO10580M10580,"Albany-Schenectady-Troy, NY MSA",$880,$792,$968,$980,$882,"$1,078","$1,190","$1,071","$1,309","$1,440","$1,296","$1,584","$1,590","$1,431","$1,749"
12123,METRO10580M10580,"Albany-Schenectady-Troy, NY MSA",$880,$792,$968,$980,$882,"$1,078","$1,190","$1,071","$1,309","$1,440","$1,296","$1,584","$1,590","$1,431","$1,749"
12128,METRO10580M10580,"Albany-Schenectady-Troy, NY MSA","$1,020",$918,"$1,122","$1,140","$1,026","$1,254","$1,390","$1,251","$1,529","$1,680","$1,512","$1,848","$1,850","$1,665","$2,035"
12131,METRO10580M10580,"Albany-Schenectady-Troy, NY MSA",$880,$792,$968,$980,$882,"$1,078","$1,190","$1,071","$1,309","$1,440","$1,296","$1,584","$1,590","$1,431","$1,749"
12133,METRO10580M10580,"Albany-Schenectady-Troy, NY MSA",$970,$873,"$1,067","$1,090",$981,"$1,199","$1,320","$1,188","$1,452","$1,600","$1,440","$1,760","$1,760","$1,584","$1,936"
12134,METRO10580M10580,"Albany-Schenectady-Troy, NY MSA",$880,$792,$968,$980,$882,"$1,078","$1,190","$1,071","$1,309","$1,440","$1,296","$1,584","$1,590","$1,431","$1,749"
12137,METRO10580M10580,"Albany-Schenectady-Troy, NY MSA",$880,$792,$968,$980,$882,"$1,078","$1,190","$1,071","$1,309","$1,440","$1,296","$1,584","$1,590","$1,431","$1,749"
12138,METRO10580M10580,"Albany-Schenectady-Troy, NY MSA",$880,$792,$968,$980,$882,"$1,078","$1,190","$1,071","$1,309","$1,440","$1,296","$1,584","$1,590","$1,431","$1,749"
12140,METRO10580M10580,"Albany-Schenectady-Troy, NY MSA",$880,$792,$968,$980,$882,"$1,078","$1,190","$1,071","$1,309","$1,440","$1,296","$1,584","$1,590","$1,431","$1,749"
12141,METRO10580M10580,"Albany-Schenectady-Troy, NY MSA",$940,$846,"$1,034","$1,050",$945,"$1,155","$1,280","$1,152","$1,408","$1,550","$1,395","$1,705","$1,700","$1,530","$1,870"
12143,METRO10580M10580,"Albany-Schenectady-Troy, NY MSA",$880,$792,$968,$980,$882,"$1,078","$1,190","$1,071","$1,309","$1,440","$1,296","$1,584","$1,590","$1,431","$1,749"
12144,METRO10580M10580,"Albany-Schenectady-Troy, NY MSA","$1,040",$936,"$1,144","$1,160","$1,044","$1,276","$1,410","$1,269","$1,551","$1,700","$1,530","$1,870","$1,880","$1,692","$2,068"
12147,METRO10580M10580,"Albany-Schenectady-Troy, NY MSA",$880,$792,$968,$980,$882,"$1,078","$1,190","$1,071","$1,309","$1,440","$1,296","$1,584","$1,590","$1,431","$1,749"
12148,METRO10580M10580,"Albany-Schenectady-Troy, NY MSA",$990,$891,"$1,089","$1,090",$981,"$1,199","$1,330","$1,197","$1,463","$1,620","$1,458","$1,782","$1,790","$1,611","$1,969"
12149,METRO10580M10580,"Albany-Schenectady-Troy, NY MSA",$880,$792,$968,$980,$882,"$1,078","$1,190","$1,071","$1,309","$1,440","$1,296","$1,584","$1,590","$1,431","$1,749"
12150,METRO10580M10580,"Albany-Schenectady-Troy, NY MSA",$930,$837,"$1,023","$1,040",$936,"$1,144","$1,260","$1,134","$1,386","$1,520","$1,368","$1,672","$1,680","$1,512","$1,848"
12151,METRO10580M10580,"Albany-Schenectady-Troy, NY MSA","$1,290","$1,161","$1,419","$1,440","$1,296","$1,584","$1,750","$1,575","$1,925","$2,120","$1,908","$2,332","$2,330","$2,097","$2,563"
12153,METRO10580M10580,"Albany-Schenectady-Troy, NY MSA",$970,$873,"$1,067","$1,090",$981,"$1,199","$1,320","$1,188","$1,452","$1,600","$1,440","$1,760","$1,760","$1,584","$1,936"
12154,METRO10580M10580,"Albany-Schenectady-Troy, NY MSA",$900,$810,$990,"$1,000",$900,"$1,100","$1,220","$1,098","$1,342","$1,490","$1,341","$1,639","$1,620","$1,458","$1,782"
12156,METRO10580M10580,"Albany-Schenectady-Troy, NY MSA","$1,080",$972,"$1,188","$1,210","$1,089","$1,331","$1,470","$1,323","$1,617","$1,780","$1,602","$1,958","$1,950","$1,755","$2,145"
12157,METRO10580M10580,"Albany-Schenectady-Troy, NY MSA",$880,$792,$968,$980,$882,"$1,078","$1,190","$1,071","$1,309","$1,440","$1,296","$1,584","$1,590","$1,431","$1,749"
12158,METRO10580M10580,"Albany-Schenectady-Troy, NY MSA","$1,330","$1,197","$1,463","$1,490","$1,341","$1,639","$1,810","$1,629","$1,991","$2,190","$1,971","$2,409","$2,410","$2,169","$2,651"
12159,METRO10580M10580,"Albany-Schenectady-Troy, NY MSA","$1,130","$1,017","$1,243","$1,270","$1,143","$1,397","$1,540","$1,386","$1,694","$1,860","$1,674","$2,046","$2,050","$1,845","$2,255"
12160,METRO10580M10580,"Albany-Schenectady-Troy, NY MSA",$910,$819,"$1,001","$1,010",$909,"$1,111","$1,230","$1,107","$1,353","$1,490","$1,341","$1,639","$1,640","$1,476","$1,804"
12161,METRO10580M10580,"Albany-Schenectady-Troy, NY MSA","$1,330","$1,197","$1,463","$1,490","$1,341","$1,639","$1,810","$1,629","$1,991","$2,190","$1,971","$2,409","$2,410","$2,169","$2,651"
12166,METRO10580M10580,"Albany-Schenectady-Troy, NY MSA",$880,$792,$968,$980,$882,"$1,078","$1,190","$1,071","$1,309","$1,440","$1,296","$1,584","$1,590","$1,431","$1,749"
12167,METRO10580M10580,"Albany-Schenectady-Troy, NY MSA",$880,$792,$968,$980,$882,"$1,078","$1,190","$1,071","$1,309","$1,440","$1,296","$1,584","$1,590","$1,431","$1,749"
12168,METRO10580M10580,"Albany-Schenectady-Troy, NY MSA",$880,$792,$968,$980,$882,"$1,078","$1,190","$1,071","$1,309","$1,440","$1,296","$1,584","$1,590","$1,431","$1,749"
12169,METRO10580M10580,"Albany-Schenectady-Troy, NY MSA",$930,$837,"$1,023","$1,040",$936,"$1,144","$1,260","$1,134","$1,386","$1,530","$1,377","$1,683","$1,680","$1,512","$1,848"
12170,METRO10580M10580,"Albany-Schenectady-Troy, NY MSA","$1,140","$1,026","$1,254","$1,280","$1,152","$1,408","$1,550","$1,395","$1,705","$1,870","$1,683","$2,057","$2,060","$1,854","$2,266"
12175,METRO10580M10580,"Albany-Schenectady-Troy, NY MSA","$1,070",$963,"$1,177","$1,190","$1,071","$1,309","$1,450","$1,305","$1,595","$1,750","$1,575","$1,925","$1,930","$1,737","$2,123"
12180,METRO10580M10580,"Albany-Schenectady-Troy, NY MSA",$990,$891,"$1,089","$1,100",$990,"$1,210","$1,340","$1,206","$1,474","$1,620","$1,458","$1,782","$1,780","$1,602","$1,958"
12181,METRO10580M10580,"Albany-Schenectady-Troy, NY MSA",$970,$873,"$1,067","$1,090",$981,"$1,199","$1,320","$1,188","$1,452","$1,600","$1,440","$1,760","$1,760","$1,584","$1,936"
12182,METRO10580M10580,"Albany-Schenectady-Troy, NY MSA",$880,$792,$968,$980,$882,"$1,078","$1,190","$1,071","$1,309","$1,440","$1,296","$1,584","$1,590","$1,431","$1,749"
12183,METRO10580M10580,"Albany-Schenectady-Troy, NY MSA",$880,$792,$968,$980,$882,"$1,078","$1,190","$1,071","$1,309","$1,440","$1,296","$1,584","$1,590","$1,431","$1,749"
12184,METRO10580M10580,"Albany-Schenectady-Troy, NY MSA",$970,$873,"$1,067","$1,090",$981,"$1,199","$1,320","$1,188","$1,452","$1,600","$1,440","$1,760","$1,760","$1,584","$1,936"
12185,METRO10580M10580,"Albany-Schenectady-Troy, NY MSA",$930,$837,"$1,023","$1,040",$936,"$1,144","$1,270","$1,143","$1,397","$1,540","$1,386","$1,694","$1,690","$1,521","$1,859"
12186,METRO10580M10580,"Albany-Schenectady-Troy, NY MSA","$1,020",$918,"$1,122","$1,140","$1,026","$1,254","$1,380","$1,242","$1,518","$1,670","$1,503","$1,837","$1,840","$1,656","$2,024"
12187,METRO10580M10580,"Albany-Schenectady-Troy, NY MSA",$880,$792,$968,$980,$882,"$1,078","$1,190","$1,071","$1,309","$1,440","$1,296","$1,584","$1,590","$1,431","$1,749"
12188,METRO10580M10580,"Albany-Schenectady-Troy, NY MSA",$970,$873,"$1,067","$1,090",$981,"$1,199","$1,320","$1,188","$1,452","$1,600","$1,440","$1,760","$1,760","$1,584","$1,936"
12189,METRO10580M10580,"Albany-Schenectady-Troy, NY MSA",$890,$801,$979,"$1,000",$900,"$1,100","$1,210","$1,089","$1,331","$1,460","$1,314","$1,606","$1,610","$1,449","$1,771"
12193,METRO10580M10580,"Albany-Schenectady-Troy, NY MSA",$920,$828,"$1,012","$1,030",$927,"$1,133","$1,260","$1,134","$1,386","$1,530","$1,377","$1,683","$1,690","$1,521","$1,859"
12194,METRO10580M10580,"Albany-Schenectady-Troy, NY MSA",$880,$792,$968,$980,$882,"$1,078","$1,190","$1,071","$1,309","$1,440","$1,296","$1,584","$1,590","$1,431","$1,749"
12196,METRO10580M10580,"Albany-Schenectady-Troy, NY MSA",$880,$792,$968,$980,$882,"$1,078","$1,190","$1,071","$1,309","$1,440","$1,296","$1,584","$1,590","$1,431","$1,749"
12198,METRO10580M10580,"Albany-Schenectady-Troy, NY MSA",$880,$792,$968,$980,$882,"$1,078","$1,190","$1,071","$1,309","$1,440","$1,296","$1,584","$1,590","$1,431","$1,749"
12201,METRO10580M10580,"Albany-Schenectady-Troy, NY MSA","$1,020",$918,"$1,122","$1,140","$1,026","$1,254","$1,390","$1,251","$1,529","$1,680","$1,512","$1,848","$1,850","$1,665","$2,035"
12202,METRO10580M10580,"Albany-Schenectady-Troy, NY MSA",$880,$792,$968,$980,$882,"$1,078","$1,190","$1,071","$1,309","$1,440","$1,296","$1,584","$1,590","$1,431","$1,749"
12203,METRO10580M10580,"Albany-Schenectady-Troy, NY MSA","$1,160","$1,044","$1,276","$1,290","$1,161","$1,419","$1,570","$1,413","$1,727","$1,900","$1,710","$2,090","$2,090","$1,881","$2,299"
12204,METRO10580M10580,"Albany-Schenectady-Troy, NY MSA","$1,040",$936,"$1,144","$1,170","$1,053","$1,287","$1,420","$1,278","$1,562","$1,720","$1,548","$1,892","$1,890","$1,701","$2,079"
12205,METRO10580M10580,"Albany-Schenectady-Troy, NY MSA","$1,100",$990,"$1,210","$1,230","$1,107","$1,353","$1,500","$1,350","$1,650","$1,810","$1,629","$1,991","$2,000","$1,800","$2,200"
12206,METRO10580M10580,"Albany-Schenectady-Troy, NY MSA",$990,$891,"$1,089","$1,110",$999,"$1,221","$1,350","$1,215","$1,485","$1,630","$1,467","$1,793","$1,800","$1,620","$1,980"
12207,METRO10580M10580,"Albany-Schenectady-Troy, NY MSA","$1,020",$918,"$1,122","$1,140","$1,026","$1,254","$1,380","$1,242","$1,518","$1,670","$1,503","$1,837","$1,840","$1,656","$2,024"
12208,METRO10580M10580,"Albany-Schenectady-Troy, NY MSA","$1,020",$918,"$1,122","$1,140","$1,026","$1,254","$1,390","$1,251","$1,529","$1,680","$1,512","$1,848","$1,850","$1,665","$2,035"
12209,METRO10580M10580,"Albany-Schenectady-Troy, NY MSA",$980,$882,"$1,078","$1,090",$981,"$1,199","$1,330","$1,197","$1,463","$1,610","$1,449","$1,771","$1,770","$1,593","$1,947"
12210,METRO10580M10580,"Albany-Schenectady-Troy, NY MSA",$940,$846,"$1,034","$1,050",$945,"$1,155","$1,280","$1,152","$1,408","$1,550","$1,395","$1,705","$1,700","$1,530","$1,870"
12211,METRO10580M10580,"Albany-Schenectady-Troy, NY MSA","$1,340","$1,206","$1,474","$1,500","$1,350","$1,650","$1,820","$1,638","$2,002","$2,200","$1,980","$2,420","$2,420","$2,178","$2,662"
12212,METRO10580M10580,"Albany-Schenectady-Troy, NY MSA","$1,020",$918,"$1,122","$1,140","$1,026","$1,254","$1,390","$1,251","$1,529","$1,680","$1,512","$1,848","$1,850","$1,665","$2,035"
12220,METRO10580M10580,"Albany-Schenectady-Troy, NY MSA","$1,020",$918,"$1,122","$1,140","$1,026","$1,254","$1,390","$1,251","$1,529","$1,680","$1,512","$1,848","$1,850","$1,665","$2,035"
12222,METRO10580M10580,"Albany-Schenectady-Troy, NY MSA","$1,130","$1,017","$1,243","$1,260","$1,134","$1,386","$1,530","$1,377","$1,683","$1,850","$1,665","$2,035","$2,030","$1,827","$2,233"
12223,METRO10580M10580,"Albany-Schenectady-Troy, NY MSA","$1,020",$918,"$1,122","$1,140","$1,026","$1,254","$1,390","$1,251","$1,529","$1,680","$1,512","$1,848","$1,850","$1,665","$2,035"
12226,METRO10580M10580,"Albany-Schenectady-Troy, NY MSA","$1,020",$918,"$1,122","$1,140","$1,026","$1,254","$1,390","$1,251","$1,529","$1,680","$1,512","$1,848","$1,850","$1,665","$2,035"
12227,METRO10580M10580,"Albany-Schenectady-Troy, NY MSA","$1,020",$918,"$1,122","$1,140","$1,026","$1,254","$1,390","$1,251","$1,529","$1,680","$1,512","$1,848","$1,850","$1,665","$2,035"
12236,METRO10580M10580,"Albany-Schenectady-Troy, NY MSA","$1,020",$918,"$1,122","$1,140","$1,026","$1,254","$1,390","$1,251","$1,529","$1,680","$1,512","$1,848","$1,850","$1,665","$2,035"
12237,METRO10580M10580,"Albany-Schenectady-Troy, NY MSA","$1,020",$918,"$1,122","$1,140","$1,026","$1,254","$1,390","$1,251","$1,529","$1,680","$1,512","$1,848","$1,850","$1,665","$2,035"
12247,METRO10580M10580,"Albany-Schenectady-Troy, NY MSA","$1,020",$918,"$1,122","$1,140","$1,026","$1,254","$1,390","$1,251","$1,529","$1,680","$1,512","$1,848","$1,850","$1,665","$2,035"
12260,METRO10580M10580,"Albany-Schenectady-Troy, NY MSA","$1,020",$918,"$1,122","$1,140","$1,026","$1,254","$1,390","$1,251","$1,529","$1,680","$1,512","$1,848","$1,850","$1,665","$2,035"
12288,METRO10580M10580,"Albany-Schenectady-Troy, NY MSA","$1,020",$918,"$1,122","$1,140","$1,026","$1,254","$1,390","$1,251","$1,529","$1,680","$1,512","$1,848","$1,850","$1,665","$2,035"
12301,METRO10580M10580,"Albany-Schenectady-Troy, NY MSA",$940,$846,"$1,034","$1,050",$945,"$1,155","$1,280","$1,152","$1,408","$1,550","$1,395","$1,705","$1,700","$1,530","$1,870"
12302,METRO10580M10580,"Albany-Schenectady-Troy, NY MSA","$1,020",$918,"$1,122","$1,140","$1,026","$1,254","$1,380","$1,242","$1,518","$1,670","$1,503","$1,837","$1,840","$1,656","$2,024"
12303,METRO10580M10580,"Albany-Schenectady-Troy, NY MSA",$910,$819,"$1,001","$1,020",$918,"$1,122","$1,240","$1,116","$1,364","$1,500","$1,350","$1,650","$1,650","$1,485","$1,815"
12304,METRO10580M10580,"Albany-Schenectady-Troy, NY MSA",$930,$837,"$1,023","$1,040",$936,"$1,144","$1,260","$1,134","$1,386","$1,520","$1,368","$1,672","$1,680","$1,512","$1,848"
12305,METRO10580M10580,"Albany-Schenectady-Troy, NY MSA",$880,$792,$968,$980,$882,"$1,078","$1,190","$1,071","$1,309","$1,440","$1,296","$1,584","$1,590","$1,431","$1,749"
12306,METRO10580M10580,"Albany-Schenectady-Troy, NY MSA",$930,$837,"$1,023","$1,040",$936,"$1,144","$1,260","$1,134","$1,386","$1,520","$1,368","$1,672","$1,680","$1,512","$1,848"
12307,METRO10580M10580,"Albany-Schenectady-Troy, NY MSA",$890,$801,$979,"$1,000",$900,"$1,100","$1,210","$1,089","$1,331","$1,460","$1,314","$1,606","$1,610","$1,449","$1,771"
12308,METRO10580M10580,"Albany-Schenectady-Troy, NY MSA",$930,$837,"$1,023","$1,050",$945,"$1,155","$1,270","$1,143","$1,397","$1,540","$1,386","$1,694","$1,690","$1,521","$1,859"
12309,METRO10580M10580,"Albany-Schenectady-Troy, NY MSA","$1,130","$1,017","$1,243","$1,270","$1,143","$1,397","$1,540","$1,386","$1,694","$1,860","$1,674","$2,046","$2,050","$1,845","$2,255"
12345,METRO10580M10580,"Albany-Schenectady-Troy, NY MSA",$940,$846,"$1,034","$1,050",$945,"$1,155","$1,280","$1,152","$1,408","$1,550","$1,395","$1,705","$1,700","$1,530","$1,870"
12434,METRO10580M10580,"Albany-Schenectady-Troy, NY MSA",$880,$792,$968,$980,$882,"$1,078","$1,190","$1,071","$1,309","$1,440","$1,296","$1,584","$1,590","$1,431","$1,749"
12460,METRO10580M10580,"Albany-Schenectady-Troy, NY MSA",$890,$801,$979,$990,$891,"$1,089","$1,200","$1,080","$1,320","$1,460","$1,314","$1,606","$1,620","$1,458","$1,782"
12469,METRO10580M10580,"Albany-Schenectady-Troy, NY MSA",$880,$792,$968,$980,$882,"$1,078","$1,190","$1,071","$1,309","$1,440","$1,296","$1,584","$1,590","$1,431","$1,749"
12803,METRO10580M10580,"Albany-Schenectady-Troy, NY MSA",$910,$819,"$1,001","$1,020",$918,"$1,122","$1,240","$1,116","$1,364","$1,500","$1,350","$1,650","$1,650","$1,485","$1,815"
12822,METRO10580M10580,"Albany-Schenectady-Troy, NY MSA",$880,$792,$968,$980,$882,"$1,078","$1,190","$1,071","$1,309","$1,440","$1,296","$1,584","$1,590","$1,431","$1,749"
12828,METRO10580M10580,"Albany-Schenectady-Troy, NY MSA",$930,$837,"$1,023","$1,020",$918,"$1,122","$1,260","$1,134","$1,386","$1,590","$1,431","$1,749","$1,680","$1,512","$1,848"
12831,METRO10580M10580,"Albany-Schenectady-Troy, NY MSA","$1,080",$972,"$1,188","$1,210","$1,089","$1,331","$1,470","$1,323","$1,617","$1,780","$1,602","$1,958","$1,960","$1,764","$2,156"
12833,METRO10580M10580,"Albany-Schenectady-Troy, NY MSA",$880,$792,$968,$980,$882,"$1,078","$1,190","$1,071","$1,309","$1,440","$1,296","$1,584","$1,590","$1,431","$1,749"
12835,METRO10580M10580,"Albany-Schenectady-Troy, NY MSA",$880,$792,$968,$980,$882,"$1,078","$1,190","$1,071","$1,309","$1,440","$1,296","$1,584","$1,590","$1,431","$1,749"
12850,METRO10580M10580,"Albany-Schenectady-Troy, NY MSA","$1,090",$981,"$1,199","$1,220","$1,098","$1,342","$1,480","$1,332","$1,628","$1,790","$1,611","$1,969","$1,970","$1,773","$2,167"
12859,METRO10580M10580,"Albany-Schenectady-Troy, NY MSA","$1,190","$1,071","$1,309","$1,330","$1,197","$1,463","$1,620","$1,458","$1,782","$1,960","$1,764","$2,156","$2,160","$1,944","$2,376"
12863,METRO10580M10580,"Albany-Schenectady-Troy, NY MSA","$1,150","$1,035","$1,265","$1,280","$1,152","$1,408","$1,560","$1,404","$1,716","$1,890","$1,701","$2,079","$2,080","$1,872","$2,288"
12866,METRO10580M10580,"Albany-Schenectady-Troy, NY MSA","$1,340","$1,206","$1,474","$1,500","$1,350","$1,650","$1,820","$1,638","$2,002","$2,200","$1,980","$2,420","$2,420","$2,178","$2,662"
12871,METRO10580M10580,"Albany-Schenectady-Troy, NY MSA",$900,$810,$990,"$1,000",$900,"$1,100","$1,220","$1,098","$1,342","$1,480","$1,332","$1,628","$1,620","$1,458","$1,782"
12884,METRO10580M10580,"Albany-Schenectady-Troy, NY MSA",$960,$864,"$1,056","$1,080",$972,"$1,188","$1,310","$1,179","$1,441","$1,580","$1,422","$1,738","$1,740","$1,566","$1,914"
13320,METRO10580M10580,"Albany-Schenectady-Troy, NY MSA",$880,$792,$968,$980,$882,"$1,078","$1,190","$1,071","$1,309","$1,440","$1,296","$1,584","$1,590","$1,431","$1,749"
13459,METRO10580M10580,"Albany-Schenectady-Troy, NY MSA",$880,$792,$968,$980,$882,"$1,078","$1,190","$1,071","$1,309","$1,440","$1,296","$1,584","$1,590","$1,431","$1,749"
13730,METRO13780M13780,"Binghamton, NY MSA",$710,$639,$781,$750,$675,$825,$950,$855,"$1,045","$1,240","$1,116","$1,364","$1,370","$1,233","$1,507"
13732,METRO13780M13780,"Binghamton, NY MSA",$880,$792,$968,$930,$837,"$1,023","$1,170","$1,053","$1,287","$1,530","$1,377","$1,683","$1,690","$1,521","$1,859"
13734,METRO13780M13780,"Binghamton, NY MSA",$890,$801,$979,$940,$846,"$1,034","$1,180","$1,062","$1,298","$1,540","$1,386","$1,694","$1,700","$1,530","$1,870"
13736,METRO13780M13780,"Binghamton, NY MSA","$1,070",$963,"$1,177","$1,150","$1,035","$1,265","$1,340","$1,206","$1,474","$1,710","$1,539","$1,881","$1,800","$1,620","$1,980"
13737,METRO13780M13780,"Binghamton, NY MSA",$850,$765,$935,$900,$810,$990,"$1,140","$1,026","$1,254","$1,490","$1,341","$1,639","$1,640","$1,476","$1,804"
13743,METRO13780M13780,"Binghamton, NY MSA",$800,$720,$880,$850,$765,$935,"$1,070",$963,"$1,177","$1,400","$1,260","$1,540","$1,540","$1,386","$1,694"
13744,METRO13780M13780,"Binghamton, NY MSA",$820,$738,$902,$870,$783,$957,"$1,100",$990,"$1,210","$1,440","$1,296","$1,584","$1,580","$1,422","$1,738"
13745,METRO13780M13780,"Binghamton, NY MSA",$850,$765,$935,$900,$810,$990,"$1,140","$1,026","$1,254","$1,490","$1,341","$1,639","$1,640","$1,476","$1,804"
13746,METRO13780M13780,"Binghamton, NY MSA",$780,$702,$858,$820,$738,$902,"$1,040",$936,"$1,144","$1,360","$1,224","$1,496","$1,500","$1,350","$1,650"
13748,METRO13780M13780,"Binghamton, NY MSA",$920,$828,"$1,012",$960,$864,"$1,056","$1,220","$1,098","$1,342","$1,600","$1,440","$1,760","$1,720","$1,548","$1,892"
13749,METRO13780M13780,"Binghamton, NY MSA",$850,$765,$935,$900,$810,$990,"$1,140","$1,026","$1,254","$1,490","$1,341","$1,639","$1,640","$1,476","$1,804"
13754,METRO13780M13780,"Binghamton, NY MSA",$790,$711,$869,$840,$756,$924,"$1,060",$954,"$1,166","$1,390","$1,251","$1,529","$1,530","$1,377","$1,683"
13760,METRO13780M13780,"Binghamton, NY MSA",$830,$747,$913,$880,$792,$968,"$1,110",$999,"$1,221","$1,450","$1,305","$1,595","$1,600","$1,440","$1,760"
13761,METRO13780M13780,"Binghamton, NY MSA",$850,$765,$935,$900,$810,$990,"$1,140","$1,026","$1,254","$1,490","$1,341","$1,639","$1,640","$1,476","$1,804"
13762,METRO13780M13780,"Binghamton, NY MSA",$850,$765,$935,$900,$810,$990,"$1,140","$1,026","$1,254","$1,490","$1,341","$1,639","$1,640","$1,476","$1,804"
13777,METRO13780M13780,"Binghamton, NY MSA",$830,$747,$913,$880,$792,$968,"$1,110",$999,"$1,221","$1,450","$1,305","$1,595","$1,590","$1,431","$1,749"
13778,METRO13780M13780,"Binghamton, NY MSA",$710,$639,$781,$750,$675,$825,$950,$855,"$1,045","$1,240","$1,116","$1,364","$1,370","$1,233","$1,507"
13783,METRO13780M13780,"Binghamton, NY MSA",$870,$783,$957,$920,$828,"$1,012","$1,160","$1,044","$1,276","$1,520","$1,368","$1,672","$1,670","$1,503","$1,837"
13787,METRO13780M13780,"Binghamton, NY MSA",$680,$612,$748,$720,$648,$792,$910,$819,"$1,001","$1,180","$1,062","$1,298","$1,300","$1,170","$1,430"
13790,METRO13780M13780,"Binghamton, NY MSA",$880,$792,$968,$930,$837,"$1,023","$1,180","$1,062","$1,298","$1,540","$1,386","$1,694","$1,700","$1,530","$1,870"
13794,METRO13780M13780,"Binghamton, NY MSA",$850,$765,$935,$900,$810,$990,"$1,140","$1,026","$1,254","$1,490","$1,341","$1,639","$1,640","$1,476","$1,804"
13795,METRO13780M13780,"Binghamton, NY MSA",$880,$792,$968,$930,$837,"$1,023","$1,180","$1,062","$1,298","$1,540","$1,386","$1,694","$1,700","$1,530","$1,870"
13797,METRO13780M13780,"Binghamton, NY MSA",$730,$657,$803,$770,$693,$847,$970,$873,"$1,067","$1,270","$1,143","$1,397","$1,400","$1,260","$1,540"
13802,METRO13780M13780,"Binghamton, NY MSA",$780,$702,$858,$820,$738,$902,"$1,030",$927,"$1,133","$1,350","$1,215","$1,485","$1,490","$1,341","$1,639"
13803,METRO13780M13780,"Binghamton, NY MSA",$820,$738,$902,$870,$783,$957,"$1,100",$990,"$1,210","$1,440","$1,296","$1,584","$1,580","$1,422","$1,738"
13811,METRO13780M13780,"Binghamton, NY MSA",$840,$756,$924,$890,$801,$979,"$1,120","$1,008","$1,232","$1,470","$1,323","$1,617","$1,610","$1,449","$1,771"
13812,METRO13780M13780,"Binghamton, NY MSA",$970,$873,"$1,067","$1,020",$918,"$1,122","$1,290","$1,161","$1,419","$1,690","$1,521","$1,859","$1,860","$1,674","$2,046"
13813,METRO13780M13780,"Binghamton, NY MSA",$720,$648,$792,$760,$684,$836,$960,$864,"$1,056","$1,250","$1,125","$1,375","$1,380","$1,242","$1,518"
13826,METRO13780M13780,"Binghamton, NY MSA",$680,$612,$748,$720,$648,$792,$910,$819,"$1,001","$1,180","$1,062","$1,298","$1,300","$1,170","$1,430"
13827,METRO13780M13780,"Binghamton, NY MSA",$860,$774,$946,$910,$819,"$1,001","$1,150","$1,035","$1,265","$1,510","$1,359","$1,661","$1,660","$1,494","$1,826"
13833,METRO13780M13780,"Binghamton, NY MSA","$1,060",$954,"$1,166","$1,130","$1,017","$1,243","$1,420","$1,278","$1,562","$1,860","$1,674","$2,046","$2,050","$1,845","$2,255"
13835,METRO13780M13780,"Binghamton, NY MSA",$840,$756,$924,$890,$801,$979,"$1,120","$1,008","$1,232","$1,470","$1,323","$1,617","$1,610","$1,449","$1,771"
13840,METRO13780M13780,"Binghamton, NY MSA",$850,$765,$935,$900,$810,$990,"$1,140","$1,026","$1,254","$1,490","$1,341","$1,639","$1,640","$1,476","$1,804"
13845,METRO13780M13780,"Binghamton, NY MSA",$850,$765,$935,$900,$810,$990,"$1,140","$1,026","$1,254","$1,490","$1,341","$1,639","$1,640","$1,476","$1,804"
13848,METRO13780M13780,"Binghamton, NY MSA",$850,$765,$935,$900,$810,$990,"$1,140","$1,026","$1,254","$1,490","$1,341","$1,639","$1,640","$1,476","$1,804"
13850,METRO13780M13780,"Binghamton, NY MSA","$1,000",$900,"$1,100","$1,050",$945,"$1,155","$1,330","$1,197","$1,463","$1,740","$1,566","$1,914","$1,920","$1,728","$2,112"
13851,METRO13780M13780,"Binghamton, NY MSA",$850,$765,$935,$900,$810,$990,"$1,140","$1,026","$1,254","$1,490","$1,341","$1,639","$1,640","$1,476","$1,804"
13862,METRO13780M13780,"Binghamton, NY MSA",$760,$684,$836,$810,$729,$891,"$1,020",$918,"$1,122","$1,340","$1,206","$1,474","$1,470","$1,323","$1,617"
13863,METRO13780M13780,"Binghamton, NY MSA",$960,$864,"$1,056","$1,010",$909,"$1,111","$1,280","$1,152","$1,408","$1,680","$1,512","$1,848","$1,840","$1,656","$2,024"
13864,METRO13780M13780,"Binghamton, NY MSA","$1,070",$963,"$1,177","$1,150","$1,035","$1,265","$1,340","$1,206","$1,474","$1,710","$1,539","$1,881","$1,800","$1,620","$1,980"
13865,METRO13780M13780,"Binghamton, NY MSA",$680,$612,$748,$720,$648,$792,$910,$819,"$1,001","$1,180","$1,062","$1,298","$1,300","$1,170","$1,430"
13901,METRO13780M13780,"Binghamton, NY MSA",$840,$756,$924,$890,$801,$979,"$1,120","$1,008","$1,232","$1,470","$1,323","$1,617","$1,610","$1,449","$1,771"
13902,METRO13780M13780,"Binghamton, NY MSA","$1,000",$900,"$1,100","$1,050",$945,"$1,155","$1,330","$1,197","$1,463","$1,740","$1,566","$1,914","$1,920","$1,728","$2,112"
13903,METRO13780M13780,"Binghamton, NY MSA",$830,$747,$913,$880,$792,$968,"$1,110",$999,"$1,221","$1,450","$1,305","$1,595","$1,600","$1,440","$1,760"
13904,METRO13780M13780,"Binghamton, NY MSA",$840,$756,$924,$890,$801,$979,"$1,120","$1,008","$1,232","$1,470","$1,323","$1,617","$1,610","$1,449","$1,771"
13905,METRO13780M13780,"Binghamton, NY MSA",$890,$801,$979,$940,$846,"$1,034","$1,190","$1,071","$1,309","$1,560","$1,404","$1,716","$1,710","$1,539","$1,881"
14817,METRO13780M13780,"Binghamton, NY MSA","$1,340","$1,206","$1,474","$1,460","$1,314","$1,606","$1,700","$1,530","$1,870","$2,110","$1,899","$2,321","$2,290","$2,061","$2,519"
14859,METRO13780M13780,"Binghamton, NY MSA",$960,$864,"$1,056","$1,000",$900,"$1,100","$1,280","$1,152","$1,408","$1,670","$1,503","$1,837","$1,830","$1,647","$2,013"
14883,METRO13780M13780,"Binghamton, NY MSA","$1,070",$963,"$1,177","$1,150","$1,035","$1,265","$1,340","$1,206","$1,474","$1,710","$1,539","$1,881","$1,840","$1,656","$2,024"
14889,METRO13780M13780,"Binghamton, NY MSA",$950,$855,"$1,045",$970,$873,"$1,067","$1,270","$1,143","$1,397","$1,640","$1,476","$1,804","$1,780","$1,602","$1,958"
14892,METRO13780M13780,"Binghamton, NY MSA",$810,$729,$891,$850,$765,$935,"$1,080",$972,"$1,188","$1,410","$1,269","$1,551","$1,550","$1,395","$1,705"
14001,METRO15380M15380,"Buffalo-Cheektowaga-Niagara Falls, NY MSA",$860,$774,$946,$900,$810,$990,"$1,050",$945,"$1,155","$1,290","$1,161","$1,419","$1,450","$1,305","$1,595"
14004,METRO15380M15380,"Buffalo-Cheektowaga-Niagara Falls, NY MSA",$850,$765,$935,$890,$801,$979,"$1,040",$936,"$1,144","$1,270","$1,143","$1,397","$1,430","$1,287","$1,573"
14006,METRO15380M15380,"Buffalo-Cheektowaga-Niagara Falls, NY MSA",$970,$873,"$1,067","$1,010",$909,"$1,111","$1,190","$1,071","$1,309","$1,460","$1,314","$1,606","$1,640","$1,476","$1,804"
14008,METRO15380M15380,"Buffalo-Cheektowaga-Niagara Falls, NY MSA",$870,$783,$957,$910,$819,"$1,001","$1,060",$954,"$1,166","$1,300","$1,170","$1,430","$1,470","$1,323","$1,617"
14009,METRO15380M15380,"Buffalo-Cheektowaga-Niagara Falls, NY MSA",$970,$873,"$1,067","$1,010",$909,"$1,111","$1,190","$1,071","$1,309","$1,460","$1,314","$1,606","$1,640","$1,476","$1,804"
14010,METRO15380M15380,"Buffalo-Cheektowaga-Niagara Falls, NY MSA",$970,$873,"$1,067","$1,010",$909,"$1,111","$1,190","$1,071","$1,309","$1,460","$1,314","$1,606","$1,640","$1,476","$1,804"
14012,METRO15380M15380,"Buffalo-Cheektowaga-Niagara Falls, NY MSA",$790,$711,$869,$860,$774,$946,"$1,070",$963,"$1,177","$1,300","$1,170","$1,430","$1,440","$1,296","$1,584"
14013,METRO15380M15380,"Buffalo-Cheektowaga-Niagara Falls, NY MSA",$970,$873,"$1,067","$1,010",$909,"$1,111","$1,190","$1,071","$1,309","$1,460","$1,314","$1,606","$1,640","$1,476","$1,804"
14025,METRO15380M15380,"Buffalo-Cheektowaga-Niagara Falls, NY MSA",$880,$792,$968,$920,$828,"$1,012","$1,080",$972,"$1,188","$1,320","$1,188","$1,452","$1,490","$1,341","$1,639"
14026,METRO15380M15380,"Buffalo-Cheektowaga-Niagara Falls, NY MSA","$1,060",$954,"$1,166","$1,100",$990,"$1,210","$1,300","$1,170","$1,430","$1,590","$1,431","$1,749","$1,790","$1,611","$1,969"
14027,METRO15380M15380,"Buffalo-Cheektowaga-Niagara Falls, NY MSA",$970,$873,"$1,067","$1,010",$909,"$1,111","$1,190","$1,071","$1,309","$1,460","$1,314","$1,606","$1,640","$1,476","$1,804"
14028,METRO15380M15380,"Buffalo-Cheektowaga-Niagara Falls, NY MSA",$950,$855,"$1,045",$990,$891,"$1,089","$1,160","$1,044","$1,276","$1,420","$1,278","$1,562","$1,600","$1,440","$1,760"
14030,METRO15380M15380,"Buffalo-Cheektowaga-Niagara Falls, NY MSA",$930,$837,"$1,023",$970,$873,"$1,067","$1,140","$1,026","$1,254","$1,400","$1,260","$1,540","$1,570","$1,413","$1,727"
14031,METRO15380M15380,"Buffalo-Cheektowaga-Niagara Falls, NY MSA",$890,$801,$979,$930,$837,"$1,023","$1,090",$981,"$1,199","$1,330","$1,197","$1,463","$1,500","$1,350","$1,650"
14032,METRO15380M15380,"Buffalo-Cheektowaga-Niagara Falls, NY MSA","$1,420","$1,278","$1,562","$1,480","$1,332","$1,628","$1,740","$1,566","$1,914","$2,130","$1,917","$2,343","$2,400","$2,160","$2,640"
14033,METRO15380M15380,"Buffalo-Cheektowaga-Niagara Falls, NY MSA","$1,110",$999,"$1,221","$1,160","$1,044","$1,276","$1,360","$1,224","$1,496","$1,660","$1,494","$1,826","$1,880","$1,692","$2,068"
14034,METRO15380M15380,"Buffalo-Cheektowaga-Niagara Falls, NY MSA",$800,$720,$880,$840,$756,$924,$980,$882,"$1,078","$1,200","$1,080","$1,320","$1,350","$1,215","$1,485"
14035,METRO15380M15380,"Buffalo-Cheektowaga-Niagara Falls, NY MSA",$800,$720,$880,$840,$756,$924,$980,$882,"$1,078","$1,200","$1,080","$1,320","$1,350","$1,215","$1,485"
14036,METRO15380M15380,"Buffalo-Cheektowaga-Niagara Falls, NY MSA",$970,$873,"$1,067","$1,010",$909,"$1,111","$1,190","$1,071","$1,309","$1,460","$1,314","$1,606","$1,640","$1,476","$1,804"
14037,METRO15380M15380,"Buffalo-Cheektowaga-Niagara Falls, NY MSA",$870,$783,$957,$910,$819,"$1,001","$1,070",$963,"$1,177","$1,310","$1,179","$1,441","$1,470","$1,323","$1,617"
14038,METRO15380M15380,"Buffalo-Cheektowaga-Niagara Falls, NY MSA",$970,$873,"$1,067","$1,010",$909,"$1,111","$1,190","$1,071","$1,309","$1,460","$1,314","$1,606","$1,640","$1,476","$1,804"
14043,METRO15380M15380,"Buffalo-Cheektowaga-Niagara Falls, NY MSA",$990,$891,"$1,089","$1,030",$927,"$1,133","$1,210","$1,089","$1,331","$1,480","$1,332","$1,628","$1,670","$1,503","$1,837"
14047,METRO15380M15380,"Buffalo-Cheektowaga-Niagara Falls, NY MSA",$940,$846,"$1,034",$980,$882,"$1,078","$1,150","$1,035","$1,265","$1,410","$1,269","$1,551","$1,590","$1,431","$1,749"
14051,METRO15380M15380,"Buffalo-Cheektowaga-Niagara Falls, NY MSA","$1,420","$1,278","$1,562","$1,480","$1,332","$1,628","$1,740","$1,566","$1,914","$2,130","$1,917","$2,343","$2,400","$2,160","$2,640"
14052,METRO15380M15380,"Buffalo-Cheektowaga-Niagara Falls, NY MSA",$890,$801,$979,$930,$837,"$1,023","$1,090",$981,"$1,199","$1,330","$1,197","$1,463","$1,500","$1,350","$1,650"
14055,METRO15380M15380,"Buffalo-Cheektowaga-Niagara Falls, NY MSA",$790,$711,$869,$820,$738,$902,$970,$873,"$1,067","$1,180","$1,062","$1,298","$1,330","$1,197","$1,463"
14057,METRO15380M15380,"Buffalo-Cheektowaga-Niagara Falls, NY MSA",$890,$801,$979,$930,$837,"$1,023","$1,090",$981,"$1,199","$1,330","$1,197","$1,463","$1,500","$1,350","$1,650"
14059,METRO15380M15380,"Buffalo-Cheektowaga-Niagara Falls, NY MSA","$1,240","$1,116","$1,364","$1,300","$1,170","$1,430","$1,520","$1,368","$1,672","$1,860","$1,674","$2,046","$2,100","$1,890","$2,310"
14061,METRO15380M15380,"Buffalo-Cheektowaga-Niagara Falls, NY MSA","$1,170","$1,053","$1,287","$1,220","$1,098","$1,342","$1,430","$1,287","$1,573","$1,750","$1,575","$1,925","$1,970","$1,773","$2,167"
14067,METRO15380M15380,"Buffalo-Cheektowaga-Niagara Falls, NY MSA","$1,000",$900,"$1,100","$1,040",$936,"$1,144","$1,220","$1,098","$1,342","$1,490","$1,341","$1,639","$1,680","$1,512","$1,848"
14068,METRO15380M15380,"Buffalo-Cheektowaga-Niagara Falls, NY MSA","$1,120","$1,008","$1,232","$1,170","$1,053","$1,287","$1,370","$1,233","$1,507","$1,680","$1,512","$1,848","$1,890","$1,701","$2,079"
14069,METRO15380M15380,"Buffalo-Cheektowaga-Niagara Falls, NY MSA",$920,$828,"$1,012",$960,$864,"$1,056","$1,120","$1,008","$1,232","$1,370","$1,233","$1,507","$1,550","$1,395","$1,705"
14070,METRO15380M15380,"Buffalo-Cheektowaga-Niagara Falls, NY MSA",$790,$711,$869,$820,$738,$902,$970,$873,"$1,067","$1,180","$1,062","$1,298","$1,330","$1,197","$1,463"
14072,METRO15380M15380,"Buffalo-Cheektowaga-Niagara Falls, NY MSA","$1,180","$1,062","$1,298","$1,230","$1,107","$1,353","$1,440","$1,296","$1,584","$1,760","$1,584","$1,936","$1,990","$1,791","$2,189"
14075,METRO15380M15380,"Buffalo-Cheektowaga-Niagara Falls, NY MSA","$1,050",$945,"$1,155","$1,100",$990,"$1,210","$1,290","$1,161","$1,419","$1,580","$1,422","$1,738","$1,780","$1,602","$1,958"
14080,METRO15380M15380,"Buffalo-Cheektowaga-Niagara Falls, NY MSA",$900,$810,$990,$940,$846,"$1,034","$1,100",$990,"$1,210","$1,350","$1,215","$1,485","$1,520","$1,368","$1,672"
14081,METRO15380M15380,"Buffalo-Cheektowaga-Niagara Falls, NY MSA",$910,$819,"$1,001",$950,$855,"$1,045","$1,110",$999,"$1,221","$1,360","$1,224","$1,496","$1,530","$1,377","$1,683"
14085,METRO15380M15380,"Buffalo-Cheektowaga-Niagara Falls, NY MSA","$1,210","$1,089","$1,331","$1,260","$1,134","$1,386","$1,480","$1,332","$1,628","$1,810","$1,629","$1,991","$2,040","$1,836","$2,244"
14086,METRO15380M15380,"Buffalo-Cheektowaga-Niagara Falls, NY MSA",$930,$837,"$1,023",$970,$873,"$1,067","$1,140","$1,026","$1,254","$1,400","$1,260","$1,540","$1,570","$1,413","$1,727"
14091,METRO15380M15380,"Buffalo-Cheektowaga-Niagara Falls, NY MSA","$1,420","$1,278","$1,562","$1,480","$1,332","$1,628","$1,740","$1,566","$1,914","$2,130","$1,917","$2,343","$2,400","$2,160","$2,640"
14092,METRO15380M15380,"Buffalo-Cheektowaga-Niagara Falls, NY MSA","$1,000",$900,"$1,100","$1,040",$936,"$1,144","$1,220","$1,098","$1,342","$1,490","$1,341","$1,639","$1,680","$1,512","$1,848"
14094,METRO15380M15380,"Buffalo-Cheektowaga-Niagara Falls, NY MSA",$820,$738,$902,$850,$765,$935,"$1,000",$900,"$1,100","$1,220","$1,098","$1,342","$1,380","$1,242","$1,518"
14095,METRO15380M15380,"Buffalo-Cheektowaga-Niagara Falls, NY MSA",$840,$756,$924,$880,$792,$968,"$1,030",$927,"$1,133","$1,260","$1,134","$1,386","$1,420","$1,278","$1,562"
14098,METRO15380M15380,"Buffalo-Cheektowaga-Niagara Falls, NY MSA",$850,$765,$935,$960,$864,"$1,056","$1,190","$1,071","$1,309","$1,440","$1,296","$1,584","$1,580","$1,422","$1,738"
14102,METRO15380M15380,"Buffalo-Cheektowaga-Niagara Falls, NY MSA","$1,000",$900,"$1,100","$1,040",$936,"$1,144","$1,220","$1,098","$1,342","$1,490","$1,341","$1,639","$1,680","$1,512","$1,848"
14103,METRO15380M15380,"Buffalo-Cheektowaga-Niagara Falls, NY MSA",$820,$738,$902,$920,$828,"$1,012","$1,140","$1,026","$1,254","$1,380","$1,242","$1,518","$1,520","$1,368","$1,672"
14105,METRO15380M15380,"Buffalo-Cheektowaga-Niagara Falls, NY MSA",$790,$711,$869,$860,$774,$946,"$1,070",$963,"$1,177","$1,300","$1,170","$1,430","$1,440","$1,296","$1,584"
14107,METRO15380M15380,"Buffalo-Cheektowaga-Niagara Falls, NY MSA",$840,$756,$924,$880,$792,$968,"$1,030",$927,"$1,133","$1,260","$1,134","$1,386","$1,420","$1,278","$1,562"
14108,METRO15380M15380,"Buffalo-Cheektowaga-Niagara Falls, NY MSA",$820,$738,$902,$850,$765,$935,"$1,000",$900,"$1,100","$1,220","$1,098","$1,342","$1,380","$1,242","$1,518"
14109,METRO15380M15380,"Buffalo-Cheektowaga-Niagara Falls, NY MSA",$890,$801,$979,$930,$837,"$1,023","$1,100",$990,"$1,210","$1,340","$1,206","$1,474","$1,520","$1,368","$1,672"
14110,METRO15380M15380,"Buffalo-Cheektowaga-Niagara Falls, NY MSA",$970,$873,"$1,067","$1,010",$909,"$1,111","$1,190","$1,071","$1,309","$1,460","$1,314","$1,606","$1,640","$1,476","$1,804"
14111,METRO15380M15380,"Buffalo-Cheektowaga-Niagara Falls, NY MSA",$820,$738,$902,$850,$765,$935,"$1,000",$900,"$1,100","$1,220","$1,098","$1,342","$1,380","$1,242","$1,518"
14112,METRO15380M15380,"Buffalo-Cheektowaga-Niagara Falls, NY MSA","$1,060",$954,"$1,166","$1,110",$999,"$1,221","$1,300","$1,170","$1,430","$1,590","$1,431","$1,749","$1,800","$1,620","$1,980"
14120,METRO15380M15380,"Buffalo-Cheektowaga-Niagara Falls, NY MSA",$870,$783,$957,$910,$819,"$1,001","$1,070",$963,"$1,177","$1,310","$1,179","$1,441","$1,480","$1,332","$1,628"
14126,METRO15380M15380,"Buffalo-Cheektowaga-Niagara Falls, NY MSA",$950,$855,"$1,045",$990,$891,"$1,089","$1,160","$1,044","$1,276","$1,420","$1,278","$1,562","$1,600","$1,440","$1,760"
14127,METRO15380M15380,"Buffalo-Cheektowaga-Niagara Falls, NY MSA","$1,100",$990,"$1,210","$1,140","$1,026","$1,254","$1,340","$1,206","$1,474","$1,640","$1,476","$1,804","$1,850","$1,665","$2,035"
14131,METRO15380M15380,"Buffalo-Cheektowaga-Niagara Falls, NY MSA","$1,060",$954,"$1,166","$1,110",$999,"$1,221","$1,300","$1,170","$1,430","$1,590","$1,431","$1,749","$1,790","$1,611","$1,969"
14132,METRO15380M15380,"Buffalo-Cheektowaga-Niagara Falls, NY MSA",$900,$810,$990,$940,$846,"$1,034","$1,100",$990,"$1,210","$1,350","$1,215","$1,485","$1,520","$1,368","$1,672"
14134,METRO15380M15380,"Buffalo-Cheektowaga-Niagara Falls, NY MSA",$920,$828,"$1,012",$960,$864,"$1,056","$1,120","$1,008","$1,232","$1,380","$1,242","$1,518","$1,550","$1,395","$1,705"
14139,METRO15380M15380,"Buffalo-Cheektowaga-Niagara Falls, NY MSA",$890,$801,$979,$930,$837,"$1,023","$1,090",$981,"$1,199","$1,330","$1,197","$1,463","$1,500","$1,350","$1,650"
14140,METRO15380M15380,"Buffalo-Cheektowaga-Niagara Falls, NY MSA",$970,$873,"$1,067","$1,010",$909,"$1,111","$1,190","$1,071","$1,309","$1,460","$1,314","$1,606","$1,640","$1,476","$1,804"
14141,METRO15380M15380,"Buffalo-Cheektowaga-Niagara Falls, NY MSA",$790,$711,$869,$820,$738,$902,$970,$873,"$1,067","$1,180","$1,062","$1,298","$1,330","$1,197","$1,463"
14144,METRO15380M15380,"Buffalo-Cheektowaga-Niagara Falls, NY MSA",$840,$756,$924,$880,$792,$968,"$1,030",$927,"$1,133","$1,260","$1,134","$1,386","$1,420","$1,278","$1,562"
14145,METRO15380M15380,"Buffalo-Cheektowaga-Niagara Falls, NY MSA",$860,$774,$946,$900,$810,$990,"$1,050",$945,"$1,155","$1,290","$1,161","$1,419","$1,450","$1,305","$1,595"
14150,METRO15380M15380,"Buffalo-Cheektowaga-Niagara Falls, NY MSA","$1,010",$909,"$1,111","$1,050",$945,"$1,155","$1,230","$1,107","$1,353","$1,510","$1,359","$1,661","$1,700","$1,530","$1,870"
14151,METRO15380M15380,"Buffalo-Cheektowaga-Niagara Falls, NY MSA",$970,$873,"$1,067","$1,010",$909,"$1,111","$1,190","$1,071","$1,309","$1,460","$1,314","$1,606","$1,640","$1,476","$1,804"
14169,METRO15380M15380,"Buffalo-Cheektowaga-Niagara Falls, NY MSA",$890,$801,$979,$930,$837,"$1,023","$1,090",$981,"$1,199","$1,330","$1,197","$1,463","$1,500","$1,350","$1,650"
14170,METRO15380M15380,"Buffalo-Cheektowaga-Niagara Falls, NY MSA",$890,$801,$979,$930,$837,"$1,023","$1,090",$981,"$1,199","$1,330","$1,197","$1,463","$1,500","$1,350","$1,650"
14172,METRO15380M15380,"Buffalo-Cheektowaga-Niagara Falls, NY MSA",$990,$891,"$1,089","$1,030",$927,"$1,133","$1,210","$1,089","$1,331","$1,480","$1,332","$1,628","$1,670","$1,503","$1,837"
14173,METRO15380M15380,"Buffalo-Cheektowaga-Niagara Falls, NY MSA",$970,$873,"$1,067","$1,010",$909,"$1,111","$1,190","$1,071","$1,309","$1,460","$1,314","$1,606","$1,640","$1,476","$1,804"
14174,METRO15380M15380,"Buffalo-Cheektowaga-Niagara Falls, NY MSA",$960,$864,"$1,056","$1,000",$900,"$1,100","$1,170","$1,053","$1,287","$1,430","$1,287","$1,573","$1,610","$1,449","$1,771"
14201,METRO15380M15380,"Buffalo-Cheektowaga-Niagara Falls, NY MSA",$930,$837,"$1,023",$970,$873,"$1,067","$1,140","$1,026","$1,254","$1,400","$1,260","$1,540","$1,570","$1,413","$1,727"
14202,METRO15380M15380,"Buffalo-Cheektowaga-Niagara Falls, NY MSA","$1,000",$900,"$1,100","$1,040",$936,"$1,144","$1,220","$1,098","$1,342","$1,490","$1,341","$1,639","$1,680","$1,512","$1,848"
14203,METRO15380M15380,"Buffalo-Cheektowaga-Niagara Falls, NY MSA","$1,340","$1,206","$1,474","$1,400","$1,260","$1,540","$1,640","$1,476","$1,804","$2,010","$1,809","$2,211","$2,260","$2,034","$2,486"
14204,METRO15380M15380,"Buffalo-Cheektowaga-Niagara Falls, NY MSA",$800,$720,$880,$840,$756,$924,$980,$882,"$1,078","$1,200","$1,080","$1,320","$1,350","$1,215","$1,485"
14205,METRO15380M15380,"Buffalo-Cheektowaga-Niagara Falls, NY MSA",$970,$873,"$1,067","$1,010",$909,"$1,111","$1,190","$1,071","$1,309","$1,460","$1,314","$1,606","$1,640","$1,476","$1,804"
14206,METRO15380M15380,"Buffalo-Cheektowaga-Niagara Falls, NY MSA",$860,$774,$946,$900,$810,$990,"$1,050",$945,"$1,155","$1,290","$1,161","$1,419","$1,450","$1,305","$1,595"
14207,METRO15380M15380,"Buffalo-Cheektowaga-Niagara Falls, NY MSA",$830,$747,$913,$860,$774,$946,"$1,010",$909,"$1,111","$1,240","$1,116","$1,364","$1,390","$1,251","$1,529"
14208,METRO15380M15380,"Buffalo-Cheektowaga-Niagara Falls, NY MSA",$920,$828,"$1,012",$960,$864,"$1,056","$1,130","$1,017","$1,243","$1,380","$1,242","$1,518","$1,560","$1,404","$1,716"
14209,METRO15380M15380,"Buffalo-Cheektowaga-Niagara Falls, NY MSA",$930,$837,"$1,023",$970,$873,"$1,067","$1,140","$1,026","$1,254","$1,400","$1,260","$1,540","$1,570","$1,413","$1,727"
14210,METRO15380M15380,"Buffalo-Cheektowaga-Niagara Falls, NY MSA",$850,$765,$935,$890,$801,$979,"$1,040",$936,"$1,144","$1,270","$1,143","$1,397","$1,430","$1,287","$1,573"
14211,METRO15380M15380,"Buffalo-Cheektowaga-Niagara Falls, NY MSA",$890,$801,$979,$930,$837,"$1,023","$1,090",$981,"$1,199","$1,330","$1,197","$1,463","$1,500","$1,350","$1,650"
14212,METRO15380M15380,"Buffalo-Cheektowaga-Niagara Falls, NY MSA",$840,$756,$924,$880,$792,$968,"$1,030",$927,"$1,133","$1,260","$1,134","$1,386","$1,420","$1,278","$1,562"
14213,METRO15380M15380,"Buffalo-Cheektowaga-Niagara Falls, NY MSA",$900,$810,$990,$940,$846,"$1,034","$1,100",$990,"$1,210","$1,350","$1,215","$1,485","$1,520","$1,368","$1,672"
14214,METRO15380M15380,"Buffalo-Cheektowaga-Niagara Falls, NY MSA",$990,$891,"$1,089","$1,030",$927,"$1,133","$1,210","$1,089","$1,331","$1,480","$1,332","$1,628","$1,670","$1,503","$1,837"
14215,METRO15380M15380,"Buffalo-Cheektowaga-Niagara Falls, NY MSA",$840,$756,$924,$880,$792,$968,"$1,030",$927,"$1,133","$1,260","$1,134","$1,386","$1,420","$1,278","$1,562"
14216,METRO15380M15380,"Buffalo-Cheektowaga-Niagara Falls, NY MSA","$1,080",$972,"$1,188","$1,130","$1,017","$1,243","$1,320","$1,188","$1,452","$1,620","$1,458","$1,782","$1,820","$1,638","$2,002"
14217,METRO15380M15380,"Buffalo-Cheektowaga-Niagara Falls, NY MSA",$930,$837,"$1,023",$970,$873,"$1,067","$1,140","$1,026","$1,254","$1,400","$1,260","$1,540","$1,570","$1,413","$1,727"
14218,METRO15380M15380,"Buffalo-Cheektowaga-Niagara Falls, NY MSA",$830,$747,$913,$860,$774,$946,"$1,010",$909,"$1,111","$1,240","$1,116","$1,364","$1,390","$1,251","$1,529"
14219,METRO15380M15380,"Buffalo-Cheektowaga-Niagara Falls, NY MSA",$870,$783,$957,$910,$819,"$1,001","$1,070",$963,"$1,177","$1,310","$1,179","$1,441","$1,480","$1,332","$1,628"
14220,METRO15380M15380,"Buffalo-Cheektowaga-Niagara Falls, NY MSA",$890,$801,$979,$930,$837,"$1,023","$1,090",$981,"$1,199","$1,330","$1,197","$1,463","$1,500","$1,350","$1,650"
14221,METRO15380M15380,"Buffalo-Cheektowaga-Niagara Falls, NY MSA","$1,250","$1,125","$1,375","$1,300","$1,170","$1,430","$1,530","$1,377","$1,683","$1,870","$1,683","$2,057","$2,110","$1,899","$2,321"
14222,METRO15380M15380,"Buffalo-Cheektowaga-Niagara Falls, NY MSA","$1,050",$945,"$1,155","$1,100",$990,"$1,210","$1,290","$1,161","$1,419","$1,580","$1,422","$1,738","$1,780","$1,602","$1,958"
14223,METRO15380M15380,"Buffalo-Cheektowaga-Niagara Falls, NY MSA",$910,$819,"$1,001",$950,$855,"$1,045","$1,110",$999,"$1,221","$1,360","$1,224","$1,496","$1,530","$1,377","$1,683"
14224,METRO15380M15380,"Buffalo-Cheektowaga-Niagara Falls, NY MSA","$1,040",$936,"$1,144","$1,080",$972,"$1,188","$1,270","$1,143","$1,397","$1,550","$1,395","$1,705","$1,750","$1,575","$1,925"
14225,METRO15380M15380,"Buffalo-Cheektowaga-Niagara Falls, NY MSA",$900,$810,$990,$940,$846,"$1,034","$1,100",$990,"$1,210","$1,350","$1,215","$1,485","$1,520","$1,368","$1,672"
14226,METRO15380M15380,"Buffalo-Cheektowaga-Niagara Falls, NY MSA","$1,080",$972,"$1,188","$1,130","$1,017","$1,243","$1,320","$1,188","$1,452","$1,620","$1,458","$1,782","$1,820","$1,638","$2,002"
14227,METRO15380M15380,"Buffalo-Cheektowaga-Niagara Falls, NY MSA","$1,090",$981,"$1,199","$1,130","$1,017","$1,243","$1,330","$1,197","$1,463","$1,630","$1,467","$1,793","$1,830","$1,647","$2,013"
14228,METRO15380M15380,"Buffalo-Cheektowaga-Niagara Falls, NY MSA","$1,230","$1,107","$1,353","$1,280","$1,152","$1,408","$1,500","$1,350","$1,650","$1,840","$1,656","$2,024","$2,070","$1,863","$2,277"
14231,METRO15380M15380,"Buffalo-Cheektowaga-Niagara Falls, NY MSA",$970,$873,"$1,067","$1,010",$909,"$1,111","$1,190","$1,071","$1,309","$1,460","$1,314","$1,606","$1,640","$1,476","$1,804"
14233,METRO15380M15380,"Buffalo-Cheektowaga-Niagara Falls, NY MSA",$970,$873,"$1,067","$1,010",$909,"$1,111","$1,190","$1,071","$1,309","$1,460","$1,314","$1,606","$1,640","$1,476","$1,804"
14240,METRO15380M15380,"Buffalo-Cheektowaga-Niagara Falls, NY MSA",$970,$873,"$1,067","$1,010",$909,"$1,111","$1,190","$1,071","$1,309","$1,460","$1,314","$1,606","$1,640","$1,476","$1,804"
14260,METRO15380M15380,"Buffalo-Cheektowaga-Niagara Falls, NY MSA",$970,$873,"$1,067","$1,010",$909,"$1,111","$1,190","$1,071","$1,309","$1,460","$1,314","$1,606","$1,640","$1,476","$1,804"
14261,METRO15380M15380,"Buffalo-Cheektowaga-Niagara Falls, NY MSA","$1,220","$1,098","$1,342","$1,270","$1,143","$1,397","$1,490","$1,341","$1,639","$1,830","$1,647","$2,013","$2,060","$1,854","$2,266"
14263,METRO15380M15380,"Buffalo-Cheektowaga-Niagara Falls, NY MSA",$970,$873,"$1,067","$1,010",$909,"$1,111","$1,190","$1,071","$1,309","$1,460","$1,314","$1,606","$1,640","$1,476","$1,804"
14272,METRO15380M15380,"Buffalo-Cheektowaga-Niagara Falls, NY MSA",$970,$873,"$1,067","$1,010",$909,"$1,111","$1,190","$1,071","$1,309","$1,460","$1,314","$1,606","$1,640","$1,476","$1,804"
14273,METRO15380M15380,"Buffalo-Cheektowaga-Niagara Falls, NY MSA",$970,$873,"$1,067","$1,010",$909,"$1,111","$1,190","$1,071","$1,309","$1,460","$1,314","$1,606","$1,640","$1,476","$1,804"
14280,METRO15380M15380,"Buffalo-Cheektowaga-Niagara Falls, NY MSA",$970,$873,"$1,067","$1,010",$909,"$1,111","$1,190","$1,071","$1,309","$1,460","$1,314","$1,606","$1,640","$1,476","$1,804"
14301,METRO15380M15380,"Buffalo-Cheektowaga-Niagara Falls, NY MSA",$790,$711,$869,$830,$747,$913,$970,$873,"$1,067","$1,190","$1,071","$1,309","$1,340","$1,206","$1,474"
14302,METRO15380M15380,"Buffalo-Cheektowaga-Niagara Falls, NY MSA",$790,$711,$869,$830,$747,$913,$970,$873,"$1,067","$1,190","$1,071","$1,309","$1,340","$1,206","$1,474"
14303,METRO15380M15380,"Buffalo-Cheektowaga-Niagara Falls, NY MSA",$820,$738,$902,$850,$765,$935,"$1,000",$900,"$1,100","$1,220","$1,098","$1,342","$1,380","$1,242","$1,518"
14304,METRO15380M15380,"Buffalo-Cheektowaga-Niagara Falls, NY MSA",$830,$747,$913,$870,$783,$957,"$1,020",$918,"$1,122","$1,250","$1,125","$1,375","$1,410","$1,269","$1,551"
14305,METRO15380M15380,"Buffalo-Cheektowaga-Niagara Falls, NY MSA",$870,$783,$957,$910,$819,"$1,001","$1,070",$963,"$1,177","$1,310","$1,179","$1,441","$1,480","$1,332","$1,628"
14805,METRO21300M21300,"Elmira, NY MSA",$990,$891,"$1,089","$1,010",$909,"$1,111","$1,320","$1,188","$1,452","$1,700","$1,530","$1,870","$1,850","$1,665","$2,035"
14812,METRO21300M21300,"Elmira, NY MSA",$880,$792,$968,$890,$801,$979,"$1,170","$1,053","$1,287","$1,510","$1,359","$1,661","$1,640","$1,476","$1,804"
14814,METRO21300M21300,"Elmira, NY MSA","$1,150","$1,035","$1,265","$1,170","$1,053","$1,287","$1,530","$1,377","$1,683","$1,980","$1,782","$2,178","$2,150","$1,935","$2,365"
14816,METRO21300M21300,"Elmira, NY MSA",$940,$846,"$1,034",$960,$864,"$1,056","$1,260","$1,134","$1,386","$1,630","$1,467","$1,793","$1,770","$1,593","$1,947"
14824,METRO21300M21300,"Elmira, NY MSA",$890,$801,$979,$910,$819,"$1,001","$1,190","$1,071","$1,309","$1,540","$1,386","$1,694","$1,670","$1,503","$1,837"
14825,METRO21300M21300,"Elmira, NY MSA",$730,$657,$803,$730,$657,$803,$940,$846,"$1,034","$1,200","$1,080","$1,320","$1,340","$1,206","$1,474"
14830,METRO21300M21300,"Elmira, NY MSA",$930,$837,"$1,023",$950,$855,"$1,045","$1,240","$1,116","$1,364","$1,600","$1,440","$1,760","$1,740","$1,566","$1,914"
14838,METRO21300M21300,"Elmira, NY MSA",$890,$801,$979,$910,$819,"$1,001","$1,190","$1,071","$1,309","$1,540","$1,386","$1,694","$1,670","$1,503","$1,837"
14845,METRO21300M21300,"Elmira, NY MSA","$1,050",$945,"$1,155","$1,070",$963,"$1,177","$1,400","$1,260","$1,540","$1,810","$1,629","$1,991","$1,970","$1,773","$2,167"
14859,METRO21300M21300,"Elmira, NY MSA",$960,$864,"$1,056","$1,000",$900,"$1,100","$1,280","$1,152","$1,408","$1,670","$1,503","$1,837","$1,830","$1,647","$2,013"
14861,METRO21300M21300,"Elmira, NY MSA","$1,000",$900,"$1,100","$1,020",$918,"$1,122","$1,330","$1,197","$1,463","$1,720","$1,548","$1,892","$1,870","$1,683","$2,057"
14864,METRO21300M21300,"Elmira, NY MSA","$1,000",$900,"$1,100","$1,020",$918,"$1,122","$1,330","$1,197","$1,463","$1,720","$1,548","$1,892","$1,870","$1,683","$2,057"
14867,METRO21300M21300,"Elmira, NY MSA","$1,100",$990,"$1,210","$1,210","$1,089","$1,331","$1,400","$1,260","$1,540","$1,730","$1,557","$1,903","$1,880","$1,692","$2,068"
14871,METRO21300M21300,"Elmira, NY MSA","$1,020",$918,"$1,122","$1,040",$936,"$1,144","$1,360","$1,224","$1,496","$1,760","$1,584","$1,936","$1,910","$1,719","$2,101"
14872,METRO21300M21300,"Elmira, NY MSA",$730,$657,$803,$730,$657,$803,$940,$846,"$1,034","$1,200","$1,080","$1,320","$1,340","$1,206","$1,474"
14883,METRO21300M21300,"Elmira, NY MSA","$1,070",$963,"$1,177","$1,150","$1,035","$1,265","$1,340","$1,206","$1,474","$1,710","$1,539","$1,881","$1,840","$1,656","$2,024"
14889,METRO21300M21300,"Elmira, NY MSA",$950,$855,"$1,045",$970,$873,"$1,067","$1,270","$1,143","$1,397","$1,640","$1,476","$1,804","$1,780","$1,602","$1,958"
14892,METRO21300M21300,"Elmira, NY MSA",$810,$729,$891,$850,$765,$935,"$1,080",$972,"$1,188","$1,410","$1,269","$1,551","$1,550","$1,395","$1,705"
14894,METRO21300M21300,"Elmira, NY MSA",$990,$891,"$1,089","$1,010",$909,"$1,111","$1,320","$1,188","$1,452","$1,700","$1,530","$1,870","$1,850","$1,665","$2,035"
14901,METRO21300M21300,"Elmira, NY MSA",$760,$684,$836,$770,$693,$847,"$1,010",$909,"$1,111","$1,300","$1,170","$1,430","$1,420","$1,278","$1,562"
14902,METRO21300M21300,"Elmira, NY MSA",$910,$819,"$1,001",$920,$828,"$1,012","$1,210","$1,089","$1,331","$1,560","$1,404","$1,716","$1,700","$1,530","$1,870"
14903,METRO21300M21300,"Elmira, NY MSA",$830,$747,$913,$850,$765,$935,"$1,110",$999,"$1,221","$1,430","$1,287","$1,573","$1,560","$1,404","$1,716"
14904,METRO21300M21300,"Elmira, NY MSA",$880,$792,$968,$890,$801,$979,"$1,170","$1,053","$1,287","$1,510","$1,359","$1,661","$1,640","$1,476","$1,804"
14905,METRO21300M21300,"Elmira, NY MSA",$940,$846,"$1,034",$960,$864,"$1,056","$1,260","$1,134","$1,386","$1,630","$1,467","$1,793","$1,770","$1,593","$1,947"
12028,METRO24020M24020,"Glens Falls, NY MSA",$910,$819,"$1,001","$1,010",$909,"$1,111","$1,240","$1,116","$1,364","$1,540","$1,386","$1,694","$1,660","$1,494","$1,826"
12057,METRO24020M24020,"Glens Falls, NY MSA",$880,$792,$968,$980,$882,"$1,078","$1,190","$1,071","$1,309","$1,440","$1,296","$1,584","$1,590","$1,431","$1,749"
12090,METRO24020M24020,"Glens Falls, NY MSA",$880,$792,$968,$980,$882,"$1,078","$1,190","$1,071","$1,309","$1,440","$1,296","$1,584","$1,590","$1,431","$1,749"
12094,METRO24020M24020,"Glens Falls, NY MSA",$910,$819,"$1,001","$1,010",$909,"$1,111","$1,240","$1,116","$1,364","$1,520","$1,368","$1,672","$1,660","$1,494","$1,826"
12154,METRO24020M24020,"Glens Falls, NY MSA",$900,$810,$990,"$1,000",$900,"$1,100","$1,220","$1,098","$1,342","$1,490","$1,341","$1,639","$1,620","$1,458","$1,782"
12185,METRO24020M24020,"Glens Falls, NY MSA",$930,$837,"$1,023","$1,040",$936,"$1,144","$1,270","$1,143","$1,397","$1,540","$1,386","$1,694","$1,690","$1,521","$1,859"
12801,METRO24020M24020,"Glens Falls, NY MSA",$920,$828,"$1,012","$1,010",$909,"$1,111","$1,260","$1,134","$1,386","$1,630","$1,467","$1,793","$1,680","$1,512","$1,848"
12803,METRO24020M24020,"Glens Falls, NY MSA",$910,$819,"$1,001","$1,020",$918,"$1,122","$1,240","$1,116","$1,364","$1,500","$1,350","$1,650","$1,650","$1,485","$1,815"
12804,METRO24020M24020,"Glens Falls, NY MSA","$1,110",$999,"$1,221","$1,210","$1,089","$1,331","$1,520","$1,368","$1,672","$1,970","$1,773","$2,167","$2,020","$1,818","$2,222"
12808,METRO24020M24020,"Glens Falls, NY MSA",$900,$810,$990,$990,$891,"$1,089","$1,230","$1,107","$1,353","$1,590","$1,431","$1,749","$1,640","$1,476","$1,804"
12809,METRO24020M24020,"Glens Falls, NY MSA",$870,$783,$957,$950,$855,"$1,045","$1,190","$1,071","$1,309","$1,540","$1,386","$1,694","$1,580","$1,422","$1,738"
12810,METRO24020M24020,"Glens Falls, NY MSA",$940,$846,"$1,034","$1,020",$918,"$1,122","$1,280","$1,152","$1,408","$1,660","$1,494","$1,826","$1,700","$1,530","$1,870"
12811,METRO24020M24020,"Glens Falls, NY MSA",$940,$846,"$1,034","$1,020",$918,"$1,122","$1,280","$1,152","$1,408","$1,660","$1,494","$1,826","$1,700","$1,530","$1,870"
12814,METRO24020M24020,"Glens Falls, NY MSA",$950,$855,"$1,045","$1,040",$936,"$1,144","$1,300","$1,170","$1,430","$1,680","$1,512","$1,848","$1,730","$1,557","$1,903"
12815,METRO24020M24020,"Glens Falls, NY MSA",$870,$783,$957,$950,$855,"$1,045","$1,190","$1,071","$1,309","$1,540","$1,386","$1,694","$1,580","$1,422","$1,738"
12816,METRO24020M24020,"Glens Falls, NY MSA",$860,$774,$946,$930,$837,"$1,023","$1,170","$1,053","$1,287","$1,510","$1,359","$1,661","$1,560","$1,404","$1,716"
12817,METRO24020M24020,"Glens Falls, NY MSA",$760,$684,$836,$830,$747,$913,"$1,040",$936,"$1,144","$1,350","$1,215","$1,485","$1,390","$1,251","$1,529"
12819,METRO24020M24020,"Glens Falls, NY MSA","$1,090",$981,"$1,199","$1,190","$1,071","$1,309","$1,490","$1,341","$1,639","$1,930","$1,737","$2,123","$1,980","$1,782","$2,178"
12820,METRO24020M24020,"Glens Falls, NY MSA",$980,$882,"$1,078","$1,070",$963,"$1,177","$1,340","$1,206","$1,474","$1,730","$1,557","$1,903","$1,780","$1,602","$1,958"
12821,METRO24020M24020,"Glens Falls, NY MSA",$860,$774,$946,$930,$837,"$1,023","$1,170","$1,053","$1,287","$1,500","$1,350","$1,650","$1,550","$1,395","$1,705"
12823,METRO24020M24020,"Glens Falls, NY MSA",$910,$819,"$1,001",$990,$891,"$1,089","$1,240","$1,116","$1,364","$1,610","$1,449","$1,771","$1,650","$1,485","$1,815"
12824,METRO24020M24020,"Glens Falls, NY MSA",$950,$855,"$1,045","$1,030",$927,"$1,133","$1,300","$1,170","$1,430","$1,680","$1,512","$1,848","$1,730","$1,557","$1,903"
12827,METRO24020M24020,"Glens Falls, NY MSA",$880,$792,$968,$960,$864,"$1,056","$1,200","$1,080","$1,320","$1,550","$1,395","$1,705","$1,600","$1,440","$1,760"
12828,METRO24020M24020,"Glens Falls, NY MSA",$930,$837,"$1,023","$1,020",$918,"$1,122","$1,260","$1,134","$1,386","$1,590","$1,431","$1,749","$1,680","$1,512","$1,848"
12832,METRO24020M24020,"Glens Falls, NY MSA",$740,$666,$814,$810,$729,$891,"$1,010",$909,"$1,111","$1,310","$1,179","$1,441","$1,360","$1,224","$1,496"
12834,METRO24020M24020,"Glens Falls, NY MSA",$990,$891,"$1,089","$1,080",$972,"$1,188","$1,350","$1,215","$1,485","$1,750","$1,575","$1,925","$1,800","$1,620","$1,980"
12835,METRO24020M24020,"Glens Falls, NY MSA",$880,$792,$968,$980,$882,"$1,078","$1,190","$1,071","$1,309","$1,440","$1,296","$1,584","$1,590","$1,431","$1,749"
12836,METRO24020M24020,"Glens Falls, NY MSA",$940,$846,"$1,034","$1,030",$927,"$1,133","$1,290","$1,161","$1,419","$1,670","$1,503","$1,837","$1,720","$1,548","$1,892"
12837,METRO24020M24020,"Glens Falls, NY MSA",$970,$873,"$1,067","$1,050",$945,"$1,155","$1,320","$1,188","$1,452","$1,710","$1,539","$1,881","$1,760","$1,584","$1,936"
12838,METRO24020M24020,"Glens Falls, NY MSA",$870,$783,$957,$950,$855,"$1,045","$1,190","$1,071","$1,309","$1,540","$1,386","$1,694","$1,580","$1,422","$1,738"
12839,METRO24020M24020,"Glens Falls, NY MSA",$920,$828,"$1,012","$1,010",$909,"$1,111","$1,260","$1,134","$1,386","$1,630","$1,467","$1,793","$1,680","$1,512","$1,848"
12841,METRO24020M24020,"Glens Falls, NY MSA","$1,000",$900,"$1,100","$1,090",$981,"$1,199","$1,360","$1,224","$1,496","$1,770","$1,593","$1,947","$1,810","$1,629","$1,991"
12843,METRO24020M24020,"Glens Falls, NY MSA",$940,$846,"$1,034","$1,020",$918,"$1,122","$1,280","$1,152","$1,408","$1,650","$1,485","$1,815","$1,700","$1,530","$1,870"
12844,METRO24020M24020,"Glens Falls, NY MSA",$920,$828,"$1,012","$1,000",$900,"$1,100","$1,250","$1,125","$1,375","$1,620","$1,458","$1,782","$1,670","$1,503","$1,837"
12845,METRO24020M24020,"Glens Falls, NY MSA","$1,010",$909,"$1,111","$1,100",$990,"$1,210","$1,380","$1,242","$1,518","$1,790","$1,611","$1,969","$1,840","$1,656","$2,024"
12846,METRO24020M24020,"Glens Falls, NY MSA","$1,030",$927,"$1,133","$1,130","$1,017","$1,243","$1,410","$1,269","$1,551","$1,830","$1,647","$2,013","$1,880","$1,692","$2,068"
12848,METRO24020M24020,"Glens Falls, NY MSA",$890,$801,$979,$970,$873,"$1,067","$1,210","$1,089","$1,331","$1,570","$1,413","$1,727","$1,610","$1,449","$1,771"
12849,METRO24020M24020,"Glens Falls, NY MSA",$740,$666,$814,$810,$729,$891,"$1,010",$909,"$1,111","$1,310","$1,179","$1,441","$1,360","$1,224","$1,496"
12853,METRO24020M24020,"Glens Falls, NY MSA",$940,$846,"$1,034","$1,020",$918,"$1,122","$1,280","$1,152","$1,408","$1,660","$1,494","$1,826","$1,700","$1,530","$1,870"
12854,METRO24020M24020,"Glens Falls, NY MSA",$890,$801,$979,$970,$873,"$1,067","$1,210","$1,089","$1,331","$1,570","$1,413","$1,727","$1,610","$1,449","$1,771"
12856,METRO24020M24020,"Glens Falls, NY MSA",$980,$882,"$1,078","$1,070",$963,"$1,177","$1,340","$1,206","$1,474","$1,730","$1,557","$1,903","$1,780","$1,602","$1,958"
12857,METRO24020M24020,"Glens Falls, NY MSA",$920,$828,"$1,012","$1,010",$909,"$1,111","$1,260","$1,134","$1,386","$1,630","$1,467","$1,793","$1,680","$1,512","$1,848"
12860,METRO24020M24020,"Glens Falls, NY MSA",$880,$792,$968,$960,$864,"$1,056","$1,200","$1,080","$1,320","$1,560","$1,404","$1,716","$1,600","$1,440","$1,760"
12861,METRO24020M24020,"Glens Falls, NY MSA",$860,$774,$946,$940,$846,"$1,034","$1,180","$1,062","$1,298","$1,530","$1,377","$1,683","$1,570","$1,413","$1,727"
12862,METRO24020M24020,"Glens Falls, NY MSA",$940,$846,"$1,034","$1,020",$918,"$1,122","$1,270","$1,143","$1,397","$1,650","$1,485","$1,815","$1,690","$1,521","$1,859"
12865,METRO24020M24020,"Glens Falls, NY MSA",$910,$819,"$1,001",$990,$891,"$1,089","$1,240","$1,116","$1,364","$1,610","$1,449","$1,771","$1,650","$1,485","$1,815"
12870,METRO24020M24020,"Glens Falls, NY MSA",$920,$828,"$1,012","$1,010",$909,"$1,111","$1,260","$1,134","$1,386","$1,630","$1,467","$1,793","$1,680","$1,512","$1,848"
12873,METRO24020M24020,"Glens Falls, NY MSA",$810,$729,$891,$890,$801,$979,"$1,110",$999,"$1,221","$1,440","$1,296","$1,584","$1,480","$1,332","$1,628"
12874,METRO24020M24020,"Glens Falls, NY MSA",$940,$846,"$1,034","$1,030",$927,"$1,133","$1,290","$1,161","$1,419","$1,670","$1,503","$1,837","$1,720","$1,548","$1,892"
12878,METRO24020M24020,"Glens Falls, NY MSA",$770,$693,$847,$840,$756,$924,"$1,050",$945,"$1,155","$1,360","$1,224","$1,496","$1,400","$1,260","$1,540"
12883,METRO24020M24020,"Glens Falls, NY MSA",$800,$720,$880,$870,$783,$957,"$1,090",$981,"$1,199","$1,410","$1,269","$1,551","$1,450","$1,305","$1,595"
12885,METRO24020M24020,"Glens Falls, NY MSA",$930,$837,"$1,023","$1,010",$909,"$1,111","$1,270","$1,143","$1,397","$1,640","$1,476","$1,804","$1,690","$1,521","$1,859"
12886,METRO24020M24020,"Glens Falls, NY MSA",$940,$846,"$1,034","$1,020",$918,"$1,122","$1,280","$1,152","$1,408","$1,660","$1,494","$1,826","$1,700","$1,530","$1,870"
12887,METRO24020M24020,"Glens Falls, NY MSA",$860,$774,$946,$930,$837,"$1,023","$1,170","$1,053","$1,287","$1,510","$1,359","$1,661","$1,560","$1,404","$1,716"
13045,METRO27060M27060,"Ithaca, NY MSA","$1,070",$963,"$1,177","$1,150","$1,035","$1,265","$1,340","$1,206","$1,474","$1,710","$1,539","$1,881","$1,800","$1,620","$1,980"
13053,METRO27060M27060,"Ithaca, NY MSA","$1,070",$963,"$1,177","$1,150","$1,035","$1,265","$1,340","$1,206","$1,474","$1,710","$1,539","$1,881","$1,800","$1,620","$1,980"
13062,METRO27060M27060,"Ithaca, NY MSA","$1,110",$999,"$1,221","$1,210","$1,089","$1,331","$1,400","$1,260","$1,540","$1,730","$1,557","$1,903","$1,880","$1,692","$2,068"
13068,METRO27060M27060,"Ithaca, NY MSA","$1,070",$963,"$1,177","$1,150","$1,035","$1,265","$1,340","$1,206","$1,474","$1,710","$1,539","$1,881","$1,800","$1,620","$1,980"
13073,METRO27060M27060,"Ithaca, NY MSA","$1,110",$999,"$1,221","$1,210","$1,089","$1,331","$1,410","$1,269","$1,551","$1,740","$1,566","$1,914","$1,890","$1,701","$2,079"
13081,METRO27060M27060,"Ithaca, NY MSA","$1,310","$1,179","$1,441","$1,430","$1,287","$1,573","$1,660","$1,494","$1,826","$2,050","$1,845","$2,255","$2,220","$1,998","$2,442"
13092,METRO27060M27060,"Ithaca, NY MSA","$1,070",$963,"$1,177","$1,150","$1,035","$1,265","$1,340","$1,206","$1,474","$1,710","$1,539","$1,881","$1,800","$1,620","$1,980"
13102,METRO27060M27060,"Ithaca, NY MSA","$1,070",$963,"$1,177","$1,150","$1,035","$1,265","$1,340","$1,206","$1,474","$1,710","$1,539","$1,881","$1,800","$1,620","$1,980"
13736,METRO27060M27060,"Ithaca, NY MSA","$1,070",$963,"$1,177","$1,150","$1,035","$1,265","$1,340","$1,206","$1,474","$1,710","$1,539","$1,881","$1,800","$1,620","$1,980"
13864,METRO27060M27060,"Ithaca, NY MSA","$1,070",$963,"$1,177","$1,150","$1,035","$1,265","$1,340","$1,206","$1,474","$1,710","$1,539","$1,881","$1,800","$1,620","$1,980"
14817,METRO27060M27060,"Ithaca, NY MSA","$1,340","$1,206","$1,474","$1,460","$1,314","$1,606","$1,700","$1,530","$1,870","$2,110","$1,899","$2,321","$2,290","$2,061","$2,519"
14850,METRO27060M27060,"Ithaca, NY MSA","$1,390","$1,251","$1,529","$1,520","$1,368","$1,672","$1,760","$1,584","$1,936","$2,170","$1,953","$2,387","$2,360","$2,124","$2,596"
14851,METRO27060M27060,"Ithaca, NY MSA","$1,310","$1,179","$1,441","$1,430","$1,287","$1,573","$1,660","$1,494","$1,826","$2,050","$1,845","$2,255","$2,220","$1,998","$2,442"
14852,METRO27060M27060,"Ithaca, NY MSA","$1,310","$1,179","$1,441","$1,430","$1,287","$1,573","$1,660","$1,494","$1,826","$2,050","$1,845","$2,255","$2,220","$1,998","$2,442"
14853,METRO27060M27060,"Ithaca, NY MSA","$1,390","$1,251","$1,529","$1,520","$1,368","$1,672","$1,760","$1,584","$1,936","$2,170","$1,953","$2,387","$2,360","$2,124","$2,596"
14854,METRO27060M27060,"Ithaca, NY MSA","$1,210","$1,089","$1,331","$1,320","$1,188","$1,452","$1,530","$1,377","$1,683","$1,890","$1,701","$2,079","$2,050","$1,845","$2,255"
14867,METRO27060M27060,"Ithaca, NY MSA","$1,100",$990,"$1,210","$1,210","$1,089","$1,331","$1,400","$1,260","$1,540","$1,730","$1,557","$1,903","$1,880","$1,692","$2,068"
14881,METRO27060M27060,"Ithaca, NY MSA","$1,350","$1,215","$1,485","$1,470","$1,323","$1,617","$1,710","$1,539","$1,881","$2,110","$1,899","$2,321","$2,290","$2,061","$2,519"
14882,METRO27060M27060,"Ithaca, NY MSA","$1,620","$1,458","$1,782","$1,770","$1,593","$1,947","$2,060","$1,854","$2,266","$2,550","$2,295","$2,805","$2,760","$2,484","$3,036"
14883,METRO27060M27060,"Ithaca, NY MSA","$1,070",$963,"$1,177","$1,150","$1,035","$1,265","$1,340","$1,206","$1,474","$1,710","$1,539","$1,881","$1,840","$1,656","$2,024"
14886,METRO27060M27060,"Ithaca, NY MSA","$1,210","$1,089","$1,331","$1,320","$1,188","$1,452","$1,530","$1,377","$1,683","$1,890","$1,701","$2,079","$2,050","$1,845","$2,255"
12401,METRO28740M28740,"Kingston, NY MSA","$1,310","$1,179","$1,441","$1,340","$1,206","$1,474","$1,740","$1,566","$1,914","$2,250","$2,025","$2,475","$2,510","$2,259","$2,761"
12402,METRO28740M28740,"Kingston, NY MSA","$1,280","$1,152","$1,408","$1,310","$1,179","$1,441","$1,700","$1,530","$1,870","$2,200","$1,980","$2,420","$2,460","$2,214","$2,706"
12404,METRO28740M28740,"Kingston, NY MSA","$1,030",$927,"$1,133","$1,050",$945,"$1,155","$1,360","$1,224","$1,496","$1,770","$1,593","$1,947","$1,970","$1,773","$2,167"
12406,METRO28740M28740,"Kingston, NY MSA",$990,$891,"$1,089","$1,040",$936,"$1,144","$1,350","$1,215","$1,485","$1,770","$1,593","$1,947","$1,970","$1,773","$2,167"
12409,METRO28740M28740,"Kingston, NY MSA","$1,340","$1,206","$1,474","$1,370","$1,233","$1,507","$1,780","$1,602","$1,958","$2,300","$2,070","$2,530","$2,570","$2,313","$2,827"
12410,METRO28740M28740,"Kingston, NY MSA","$1,280","$1,152","$1,408","$1,310","$1,179","$1,441","$1,700","$1,530","$1,870","$2,200","$1,980","$2,420","$2,460","$2,214","$2,706"
12411,METRO28740M28740,"Kingston, NY MSA","$1,250","$1,125","$1,375","$1,270","$1,143","$1,397","$1,660","$1,494","$1,826","$2,140","$1,926","$2,354","$2,390","$2,151","$2,629"
12412,METRO28740M28740,"Kingston, NY MSA","$1,160","$1,044","$1,276","$1,180","$1,062","$1,298","$1,540","$1,386","$1,694","$1,990","$1,791","$2,189","$2,220","$1,998","$2,442"
12414,METRO28740M28740,"Kingston, NY MSA","$1,280","$1,152","$1,408","$1,310","$1,179","$1,441","$1,700","$1,530","$1,870","$2,200","$1,980","$2,420","$2,460","$2,214","$2,706"
12416,METRO28740M28740,"Kingston, NY MSA","$1,280","$1,152","$1,408","$1,310","$1,179","$1,441","$1,700","$1,530","$1,870","$2,200","$1,980","$2,420","$2,460","$2,214","$2,706"
12417,METRO28740M28740,"Kingston, NY MSA","$1,310","$1,179","$1,441","$1,340","$1,206","$1,474","$1,740","$1,566","$1,914","$2,240","$2,016","$2,464","$2,510","$2,259","$2,761"
12419,METRO28740M28740,"Kingston, NY MSA","$1,410","$1,269","$1,551","$1,440","$1,296","$1,584","$1,870","$1,683","$2,057","$2,410","$2,169","$2,651","$2,700","$2,430","$2,970"
12420,METRO28740M28740,"Kingston, NY MSA","$1,290","$1,161","$1,419","$1,350","$1,215","$1,485","$1,750","$1,575","$1,925","$2,250","$2,025","$2,475","$2,510","$2,259","$2,761"
12428,METRO28740M28740,"Kingston, NY MSA","$1,160","$1,044","$1,276","$1,180","$1,062","$1,298","$1,540","$1,386","$1,694","$1,990","$1,791","$2,189","$2,220","$1,998","$2,442"
12429,METRO28740M28740,"Kingston, NY MSA","$1,410","$1,269","$1,551","$1,430","$1,287","$1,573","$1,870","$1,683","$2,057","$2,400","$2,160","$2,640","$2,700","$2,430","$2,970"
12432,METRO28740M28740,"Kingston, NY MSA","$1,370","$1,233","$1,507","$1,400","$1,260","$1,540","$1,820","$1,638","$2,002","$2,350","$2,115","$2,585","$2,630","$2,367","$2,893"
12433,METRO28740M28740,"Kingston, NY MSA","$1,310","$1,179","$1,441","$1,340","$1,206","$1,474","$1,740","$1,566","$1,914","$2,240","$2,016","$2,464","$2,510","$2,259","$2,761"
12435,METRO28740M28740,"Kingston, NY MSA","$1,190","$1,071","$1,309","$1,210","$1,089","$1,331","$1,570","$1,413","$1,727","$2,030","$1,827","$2,233","$2,270","$2,043","$2,497"
12440,METRO28740M28740,"Kingston, NY MSA","$1,500","$1,350","$1,650","$1,530","$1,377","$1,683","$1,990","$1,791","$2,189","$2,570","$2,313","$2,827","$2,870","$2,583","$3,157"
12441,METRO28740M28740,"Kingston, NY MSA","$1,280","$1,152","$1,408","$1,310","$1,179","$1,441","$1,700","$1,530","$1,870","$2,200","$1,980","$2,420","$2,460","$2,214","$2,706"
12443,METRO28740M28740,"Kingston, NY MSA","$1,460","$1,314","$1,606","$1,480","$1,332","$1,628","$1,930","$1,737","$2,123","$2,490","$2,241","$2,739","$2,790","$2,511","$3,069"
12446,METRO28740M28740,"Kingston, NY MSA",$990,$891,"$1,089","$1,040",$936,"$1,144","$1,350","$1,215","$1,485","$1,770","$1,593","$1,947","$1,970","$1,773","$2,167"
12448,METRO28740M28740,"Kingston, NY MSA","$1,280","$1,152","$1,408","$1,310","$1,179","$1,441","$1,700","$1,530","$1,870","$2,190","$1,971","$2,409","$2,450","$2,205","$2,695"
12449,METRO28740M28740,"Kingston, NY MSA","$1,360","$1,224","$1,496","$1,380","$1,242","$1,518","$1,800","$1,620","$1,980","$2,320","$2,088","$2,552","$2,600","$2,340","$2,860"
12453,METRO28740M28740,"Kingston, NY MSA","$1,190","$1,071","$1,309","$1,210","$1,089","$1,331","$1,580","$1,422","$1,738","$2,040","$1,836","$2,244","$2,280","$2,052","$2,508"
12455,METRO28740M28740,"Kingston, NY MSA",$990,$891,"$1,089","$1,040",$936,"$1,144","$1,350","$1,215","$1,485","$1,770","$1,593","$1,947","$1,970","$1,773","$2,167"
12456,METRO28740M28740,"Kingston, NY MSA","$1,190","$1,071","$1,309","$1,210","$1,089","$1,331","$1,580","$1,422","$1,738","$2,040","$1,836","$2,244","$2,280","$2,052","$2,508"
12457,METRO28740M28740,"Kingston, NY MSA","$1,060",$954,"$1,166","$1,080",$972,"$1,188","$1,400","$1,260","$1,540","$1,810","$1,629","$1,991","$2,020","$1,818","$2,222"
12458,METRO28740M28740,"Kingston, NY MSA",$990,$891,"$1,089","$1,040",$936,"$1,144","$1,350","$1,215","$1,485","$1,770","$1,593","$1,947","$1,970","$1,773","$2,167"
12461,METRO28740M28740,"Kingston, NY MSA","$1,170","$1,053","$1,287","$1,190","$1,071","$1,309","$1,550","$1,395","$1,705","$2,000","$1,800","$2,200","$2,240","$2,016","$2,464"
12463,METRO28740M28740,"Kingston, NY MSA","$1,280","$1,152","$1,408","$1,310","$1,179","$1,441","$1,700","$1,530","$1,870","$2,200","$1,980","$2,420","$2,460","$2,214","$2,706"
12464,METRO28740M28740,"Kingston, NY MSA","$1,330","$1,197","$1,463","$1,350","$1,215","$1,485","$1,760","$1,584","$1,936","$2,270","$2,043","$2,497","$2,540","$2,286","$2,794"
12465,METRO28740M28740,"Kingston, NY MSA","$1,280","$1,152","$1,408","$1,310","$1,179","$1,441","$1,700","$1,530","$1,870","$2,200","$1,980","$2,420","$2,460","$2,214","$2,706"
12466,METRO28740M28740,"Kingston, NY MSA","$1,310","$1,179","$1,441","$1,330","$1,197","$1,463","$1,730","$1,557","$1,903","$2,230","$2,007","$2,453","$2,500","$2,250","$2,750"
12471,METRO28740M28740,"Kingston, NY MSA","$1,450","$1,305","$1,595","$1,470","$1,323","$1,617","$1,920","$1,728","$2,112","$2,480","$2,232","$2,728","$2,780","$2,502","$3,058"
12472,METRO28740M28740,"Kingston, NY MSA","$1,150","$1,035","$1,265","$1,170","$1,053","$1,287","$1,520","$1,368","$1,672","$1,960","$1,764","$2,156","$2,200","$1,980","$2,420"
12475,METRO28740M28740,"Kingston, NY MSA","$1,680","$1,512","$1,848","$1,710","$1,539","$1,881","$2,230","$2,007","$2,453","$2,880","$2,592","$3,168","$3,220","$2,898","$3,542"
12477,METRO28740M28740,"Kingston, NY MSA","$1,190","$1,071","$1,309","$1,210","$1,089","$1,331","$1,580","$1,422","$1,738","$2,040","$1,836","$2,244","$2,280","$2,052","$2,508"
12480,METRO28740M28740,"Kingston, NY MSA","$1,280","$1,152","$1,408","$1,310","$1,179","$1,441","$1,700","$1,530","$1,870","$2,200","$1,980","$2,420","$2,460","$2,214","$2,706"
12481,METRO28740M28740,"Kingston, NY MSA","$1,280","$1,152","$1,408","$1,310","$1,179","$1,441","$1,700","$1,530","$1,870","$2,200","$1,980","$2,420","$2,460","$2,214","$2,706"
12483,METRO28740M28740,"Kingston, NY MSA","$1,210","$1,089","$1,331","$1,240","$1,116","$1,364","$1,610","$1,449","$1,771","$2,080","$1,872","$2,288","$2,320","$2,088","$2,552"
12484,METRO28740M28740,"Kingston, NY MSA","$1,500","$1,350","$1,650","$1,530","$1,377","$1,683","$1,990","$1,791","$2,189","$2,570","$2,313","$2,827","$2,870","$2,583","$3,157"
12486,METRO28740M28740,"Kingston, NY MSA","$1,580","$1,422","$1,738","$1,610","$1,449","$1,771","$2,100","$1,890","$2,310","$2,710","$2,439","$2,981","$3,030","$2,727","$3,333"
12487,METRO28740M28740,"Kingston, NY MSA","$1,360","$1,224","$1,496","$1,380","$1,242","$1,518","$1,800","$1,620","$1,980","$2,320","$2,088","$2,552","$2,600","$2,340","$2,860"
12489,METRO28740M28740,"Kingston, NY MSA",$990,$891,"$1,089","$1,040",$936,"$1,144","$1,350","$1,215","$1,485","$1,770","$1,593","$1,947","$1,970","$1,773","$2,167"
12490,METRO28740M28740,"Kingston, NY MSA","$1,280","$1,152","$1,408","$1,310","$1,179","$1,441","$1,700","$1,530","$1,870","$2,200","$1,980","$2,420","$2,460","$2,214","$2,706"
12491,METRO28740M28740,"Kingston, NY MSA","$1,350","$1,215","$1,485","$1,370","$1,233","$1,507","$1,790","$1,611","$1,969","$2,310","$2,079","$2,541","$2,580","$2,322","$2,838"
12493,METRO28740M28740,"Kingston, NY MSA","$1,520","$1,368","$1,672","$1,550","$1,395","$1,705","$2,010","$1,809","$2,211","$2,590","$2,331","$2,849","$2,910","$2,619","$3,201"
12494,METRO28740M28740,"Kingston, NY MSA","$1,280","$1,152","$1,408","$1,310","$1,179","$1,441","$1,700","$1,530","$1,870","$2,200","$1,980","$2,420","$2,460","$2,214","$2,706"
12495,METRO28740M28740,"Kingston, NY MSA","$1,280","$1,152","$1,408","$1,310","$1,179","$1,441","$1,700","$1,530","$1,870","$2,200","$1,980","$2,420","$2,460","$2,214","$2,706"
12498,METRO28740M28740,"Kingston, NY MSA","$1,250","$1,125","$1,375","$1,280","$1,152","$1,408","$1,660","$1,494","$1,826","$2,140","$1,926","$2,354","$2,400","$2,160","$2,640"
12515,METRO28740M28740,"Kingston, NY MSA","$1,130","$1,017","$1,243","$1,150","$1,035","$1,265","$1,500","$1,350","$1,650","$1,940","$1,746","$2,134","$2,170","$1,953","$2,387"
12525,METRO28740M28740,"Kingston, NY MSA","$1,280","$1,152","$1,408","$1,310","$1,179","$1,441","$1,700","$1,530","$1,870","$2,200","$1,980","$2,420","$2,460","$2,214","$2,706"
12528,METRO28740M28740,"Kingston, NY MSA","$1,540","$1,386","$1,694","$1,570","$1,413","$1,727","$2,040","$1,836","$2,244","$2,630","$2,367","$2,893","$2,950","$2,655","$3,245"
12542,METRO28740M28740,"Kingston, NY MSA","$1,160","$1,044","$1,276","$1,180","$1,062","$1,298","$1,540","$1,386","$1,694","$1,980","$1,782","$2,178","$2,220","$1,998","$2,442"
12547,METRO28740M28740,"Kingston, NY MSA","$1,680","$1,512","$1,848","$1,710","$1,539","$1,881","$2,230","$2,007","$2,453","$2,880","$2,592","$3,168","$3,220","$2,898","$3,542"
12548,METRO28740M28740,"Kingston, NY MSA","$1,220","$1,098","$1,342","$1,250","$1,125","$1,375","$1,620","$1,458","$1,782","$2,090","$1,881","$2,299","$2,340","$2,106","$2,574"
12550,METRO28740M28740,"Kingston, NY MSA","$1,100",$990,"$1,210","$1,270","$1,143","$1,397","$1,630","$1,467","$1,793","$2,070","$1,863","$2,277","$2,290","$2,061","$2,519"
12561,METRO28740M28740,"Kingston, NY MSA","$1,490","$1,341","$1,639","$1,510","$1,359","$1,661","$1,970","$1,773","$2,167","$2,540","$2,286","$2,794","$2,850","$2,565","$3,135"
12566,METRO28740M28740,"Kingston, NY MSA","$1,390","$1,251","$1,529","$1,480","$1,332","$1,628","$1,920","$1,728","$2,112","$2,460","$2,214","$2,706","$2,740","$2,466","$3,014"
12568,METRO28740M28740,"Kingston, NY MSA","$1,280","$1,152","$1,408","$1,310","$1,179","$1,441","$1,700","$1,530","$1,870","$2,200","$1,980","$2,420","$2,460","$2,214","$2,706"
12586,METRO28740M28740,"Kingston, NY MSA","$1,270","$1,143","$1,397","$1,450","$1,305","$1,595","$1,870","$1,683","$2,057","$2,370","$2,133","$2,607","$2,620","$2,358","$2,882"
12588,METRO28740M28740,"Kingston, NY MSA","$1,280","$1,152","$1,408","$1,310","$1,179","$1,441","$1,700","$1,530","$1,870","$2,200","$1,980","$2,420","$2,460","$2,214","$2,706"
12589,METRO28740M28740,"Kingston, NY MSA","$1,150","$1,035","$1,265","$1,210","$1,089","$1,331","$1,560","$1,404","$1,716","$2,010","$1,809","$2,211","$2,250","$2,025","$2,475"
12725,METRO28740M28740,"Kingston, NY MSA","$1,240","$1,116","$1,364","$1,260","$1,134","$1,386","$1,640","$1,476","$1,804","$2,110","$1,899","$2,321","$2,360","$2,124","$2,596"
12740,METRO28740M28740,"Kingston, NY MSA","$1,420","$1,278","$1,562","$1,440","$1,296","$1,584","$1,880","$1,692","$2,068","$2,430","$2,187","$2,673","$2,720","$2,448","$2,992"
12758,METRO28740M28740,"Kingston, NY MSA","$1,030",$927,"$1,133","$1,050",$945,"$1,155","$1,360","$1,224","$1,496","$1,770","$1,593","$1,947","$1,970","$1,773","$2,167"
12763,METRO28740M28740,"Kingston, NY MSA","$1,320","$1,188","$1,452","$1,350","$1,215","$1,485","$1,750","$1,575","$1,925","$2,260","$2,034","$2,486","$2,530","$2,277","$2,783"
12789,METRO28740M28740,"Kingston, NY MSA","$1,280","$1,152","$1,408","$1,310","$1,179","$1,441","$1,700","$1,530","$1,870","$2,200","$1,980","$2,420","$2,460","$2,214","$2,706"
13731,METRO28740M28740,"Kingston, NY MSA","$1,280","$1,152","$1,408","$1,310","$1,179","$1,441","$1,700","$1,530","$1,870","$2,200","$1,980","$2,420","$2,460","$2,214","$2,706"
06390,METRO35620MM5380,"Nassau-Suffolk, NY HUD Metro FMR Area","$1,680","$1,512","$1,848","$2,110","$1,899","$2,321","$2,470","$2,223","$2,717","$3,200","$2,880","$3,520","$3,470","$3,123","$3,817"
11001,METRO35620MM5380,"Nassau-Suffolk, NY HUD Metro FMR Area","$1,920","$1,728","$2,112","$2,160","$1,944","$2,376","$2,500","$2,250","$2,750","$3,210","$2,889","$3,531","$3,480","$3,132","$3,828"
11002,METRO35620MM5380,"Nassau-Suffolk, NY HUD Metro FMR Area","$1,740","$1,566","$1,914","$2,180","$1,962","$2,398","$2,550","$2,295","$2,805","$3,300","$2,970","$3,630","$3,580","$3,222","$3,938"
11003,METRO35620MM5380,"Nassau-Suffolk, NY HUD Metro FMR Area","$1,920","$1,728","$2,112","$2,180","$1,962","$2,398","$2,550","$2,295","$2,805","$3,300","$2,970","$3,630","$3,580","$3,222","$3,938"
11004,METRO35620MM5380,"Nassau-Suffolk, NY HUD Metro FMR Area","$2,440","$2,196","$2,684","$2,510","$2,259","$2,761","$2,820","$2,538","$3,102","$3,520","$3,168","$3,872","$3,790","$3,411","$4,169"
11005,METRO35620MM5380,"Nassau-Suffolk, NY HUD Metro FMR Area","$3,580","$3,222","$3,938","$3,680","$3,312","$4,048","$4,130","$3,717","$4,543","$5,150","$4,635","$5,665","$5,550","$4,995","$6,105"
11010,METRO35620MM5380,"Nassau-Suffolk, NY HUD Metro FMR Area","$1,640","$1,476","$1,804","$2,060","$1,854","$2,266","$2,410","$2,169","$2,651","$3,120","$2,808","$3,432","$3,380","$3,042","$3,718"
11020,METRO35620MM5380,"Nassau-Suffolk, NY HUD Metro FMR Area","$1,970","$1,773","$2,167","$2,460","$2,214","$2,706","$2,870","$2,583","$3,157","$3,710","$3,339","$4,081","$4,020","$3,618","$4,422"
11021,METRO35620MM5380,"Nassau-Suffolk, NY HUD Metro FMR Area","$1,920","$1,728","$2,112","$2,150","$1,935","$2,365","$2,510","$2,259","$2,761","$3,250","$2,925","$3,575","$3,520","$3,168","$3,872"
11022,METRO35620MM5380,"Nassau-Suffolk, NY HUD Metro FMR Area","$1,740","$1,566","$1,914","$2,180","$1,962","$2,398","$2,550","$2,295","$2,805","$3,300","$2,970","$3,630","$3,580","$3,222","$3,938"
11023,METRO35620MM5380,"Nassau-Suffolk, NY HUD Metro FMR Area","$2,080","$1,872","$2,288","$2,600","$2,340","$2,860","$3,110","$2,799","$3,421","$3,990","$3,591","$4,389","$4,390","$3,951","$4,829"
11024,METRO35620MM5380,"Nassau-Suffolk, NY HUD Metro FMR Area","$1,940","$1,746","$2,134","$2,440","$2,196","$2,684","$2,850","$2,565","$3,135","$3,690","$3,321","$4,059","$4,000","$3,600","$4,400"
11030,METRO35620MM5380,"Nassau-Suffolk, NY HUD Metro FMR Area","$1,950","$1,755","$2,145","$2,450","$2,205","$2,695","$2,860","$2,574","$3,146","$3,700","$3,330","$4,070","$4,010","$3,609","$4,411"
11040,METRO35620MM5380,"Nassau-Suffolk, NY HUD Metro FMR Area","$1,950","$1,755","$2,145","$2,410","$2,169","$2,651","$2,810","$2,529","$3,091","$3,630","$3,267","$3,993","$3,940","$3,546","$4,334"
11042,METRO35620MM5380,"Nassau-Suffolk, NY HUD Metro FMR Area","$2,100","$1,890","$2,310","$2,530","$2,277","$2,783","$2,940","$2,646","$3,234","$3,780","$3,402","$4,158","$4,090","$3,681","$4,499"
11050,METRO35620MM5380,"Nassau-Suffolk, NY HUD Metro FMR Area","$2,000","$1,800","$2,200","$2,510","$2,259","$2,761","$2,940","$2,646","$3,234","$3,800","$3,420","$4,180","$4,130","$3,717","$4,543"
11096,METRO35620MM5380,"Nassau-Suffolk, NY HUD Metro FMR Area","$1,470","$1,323","$1,617","$1,850","$1,665","$2,035","$2,160","$1,944","$2,376","$2,800","$2,520","$3,080","$3,030","$2,727","$3,333"
11363,METRO35620MM5380,"Nassau-Suffolk, NY HUD Metro FMR Area","$3,100","$2,790","$3,410","$3,190","$2,871","$3,509","$3,580","$3,222","$3,938","$4,470","$4,023","$4,917","$4,810","$4,329","$5,291"
11501,METRO35620MM5380,"Nassau-Suffolk, NY HUD Metro FMR Area","$1,680","$1,512","$1,848","$2,100","$1,890","$2,310","$2,460","$2,214","$2,706","$3,180","$2,862","$3,498","$3,450","$3,105","$3,795"
11507,METRO35620MM5380,"Nassau-Suffolk, NY HUD Metro FMR Area","$1,910","$1,719","$2,101","$2,400","$2,160","$2,640","$2,810","$2,529","$3,091","$3,630","$3,267","$3,993","$3,940","$3,546","$4,334"
11509,METRO35620MM5380,"Nassau-Suffolk, NY HUD Metro FMR Area","$2,330","$2,097","$2,563","$2,920","$2,628","$3,212","$3,420","$3,078","$3,762","$4,430","$3,987","$4,873","$4,800","$4,320","$5,280"
11510,METRO35620MM5380,"Nassau-Suffolk, NY HUD Metro FMR Area","$1,700","$1,530","$1,870","$2,130","$1,917","$2,343","$2,490","$2,241","$2,739","$3,220","$2,898","$3,542","$3,500","$3,150","$3,850"
11514,METRO35620MM5380,"Nassau-Suffolk, NY HUD Metro FMR Area","$1,740","$1,566","$1,914","$2,180","$1,962","$2,398","$2,550","$2,295","$2,805","$3,300","$2,970","$3,630","$3,580","$3,222","$3,938"
11516,METRO35620MM5380,"Nassau-Suffolk, NY HUD Metro FMR Area","$1,630","$1,467","$1,793","$2,040","$1,836","$2,244","$2,390","$2,151","$2,629","$3,090","$2,781","$3,399","$3,350","$3,015","$3,685"
11518,METRO35620MM5380,"Nassau-Suffolk, NY HUD Metro FMR Area","$1,700","$1,530","$1,870","$2,130","$1,917","$2,343","$2,490","$2,241","$2,739","$3,220","$2,898","$3,542","$3,500","$3,150","$3,850"
11520,METRO35620MM5380,"Nassau-Suffolk, NY HUD Metro FMR Area","$1,530","$1,377","$1,683","$1,920","$1,728","$2,112","$2,240","$2,016","$2,464","$2,900","$2,610","$3,190","$3,140","$2,826","$3,454"
11530,METRO35620MM5380,"Nassau-Suffolk, NY HUD Metro FMR Area","$2,560","$2,304","$2,816","$3,210","$2,889","$3,531","$3,760","$3,384","$4,136","$4,870","$4,383","$5,357","$5,280","$4,752","$5,808"
11531,METRO35620MM5380,"Nassau-Suffolk, NY HUD Metro FMR Area","$1,740","$1,566","$1,914","$2,180","$1,962","$2,398","$2,550","$2,295","$2,805","$3,300","$2,970","$3,630","$3,580","$3,222","$3,938"
11542,METRO35620MM5380,"Nassau-Suffolk, NY HUD Metro FMR Area","$1,720","$1,548","$1,892","$2,150","$1,935","$2,365","$2,520","$2,268","$2,772","$3,260","$2,934","$3,586","$3,540","$3,186","$3,894"
11545,METRO35620MM5380,"Nassau-Suffolk, NY HUD Metro FMR Area","$1,620","$1,458","$1,782","$2,030","$1,827","$2,233","$2,380","$2,142","$2,618","$3,080","$2,772","$3,388","$3,340","$3,006","$3,674"
11547,METRO35620MM5380,"Nassau-Suffolk, NY HUD Metro FMR Area","$1,830","$1,647","$2,013","$2,300","$2,070","$2,530","$2,690","$2,421","$2,959","$3,490","$3,141","$3,839","$3,780","$3,402","$4,158"
11548,METRO35620MM5380,"Nassau-Suffolk, NY HUD Metro FMR Area","$2,480","$2,232","$2,728","$3,110","$2,799","$3,421","$3,640","$3,276","$4,004","$4,710","$4,239","$5,181","$5,110","$4,599","$5,621"
11549,METRO35620MM5380,"Nassau-Suffolk, NY HUD Metro FMR Area","$1,640","$1,476","$1,804","$2,050","$1,845","$2,255","$2,410","$2,169","$2,651","$3,110","$2,799","$3,421","$3,380","$3,042","$3,718"
11550,METRO35620MM5380,"Nassau-Suffolk, NY HUD Metro FMR Area","$1,540","$1,386","$1,694","$1,930","$1,737","$2,123","$2,260","$2,034","$2,486","$2,920","$2,628","$3,212","$3,170","$2,853","$3,487"
11551,METRO35620MM5380,"Nassau-Suffolk, NY HUD Metro FMR Area","$1,740","$1,566","$1,914","$2,180","$1,962","$2,398","$2,550","$2,295","$2,805","$3,300","$2,970","$3,630","$3,580","$3,222","$3,938"
11552,METRO35620MM5380,"Nassau-Suffolk, NY HUD Metro FMR Area","$1,830","$1,647","$2,013","$2,300","$2,070","$2,530","$2,690","$2,421","$2,959","$3,480","$3,132","$3,828","$3,780","$3,402","$4,158"
11553,METRO35620MM5380,"Nassau-Suffolk, NY HUD Metro FMR Area","$1,670","$1,503","$1,837","$2,090","$1,881","$2,299","$2,450","$2,205","$2,695","$3,170","$2,853","$3,487","$3,440","$3,096","$3,784"
11554,METRO35620MM5380,"Nassau-Suffolk, NY HUD Metro FMR Area","$2,230","$2,007","$2,453","$2,800","$2,520","$3,080","$3,270","$2,943","$3,597","$4,230","$3,807","$4,653","$4,590","$4,131","$5,049"
11556,METRO35620MM5380,"Nassau-Suffolk, NY HUD Metro FMR Area","$1,740","$1,566","$1,914","$2,180","$1,962","$2,398","$2,550","$2,295","$2,805","$3,300","$2,970","$3,630","$3,580","$3,222","$3,938"
11557,METRO35620MM5380,"Nassau-Suffolk, NY HUD Metro FMR Area","$1,800","$1,620","$1,980","$2,260","$2,034","$2,486","$2,640","$2,376","$2,904","$3,420","$3,078","$3,762","$3,710","$3,339","$4,081"
11558,METRO35620MM5380,"Nassau-Suffolk, NY HUD Metro FMR Area","$1,660","$1,494","$1,826","$2,090","$1,881","$2,299","$2,440","$2,196","$2,684","$3,160","$2,844","$3,476","$3,430","$3,087","$3,773"
11559,METRO35620MM5380,"Nassau-Suffolk, NY HUD Metro FMR Area","$1,920","$1,728","$2,112","$2,100","$1,890","$2,310","$2,460","$2,214","$2,706","$3,180","$2,862","$3,498","$3,450","$3,105","$3,795"
11560,METRO35620MM5380,"Nassau-Suffolk, NY HUD Metro FMR Area","$1,840","$1,656","$2,024","$2,310","$2,079","$2,541","$2,700","$2,430","$2,970","$3,490","$3,141","$3,839","$3,790","$3,411","$4,169"
11561,METRO35620MM5380,"Nassau-Suffolk, NY HUD Metro FMR Area","$1,930","$1,737","$2,123","$2,430","$2,187","$2,673","$2,840","$2,556","$3,124","$3,680","$3,312","$4,048","$3,990","$3,591","$4,389"
11563,METRO35620MM5380,"Nassau-Suffolk, NY HUD Metro FMR Area","$1,740","$1,566","$1,914","$2,190","$1,971","$2,409","$2,560","$2,304","$2,816","$3,310","$2,979","$3,641","$3,590","$3,231","$3,949"
11565,METRO35620MM5380,"Nassau-Suffolk, NY HUD Metro FMR Area","$1,660","$1,494","$1,826","$2,090","$1,881","$2,299","$2,440","$2,196","$2,684","$3,160","$2,844","$3,476","$3,430","$3,087","$3,773"
11566,METRO35620MM5380,"Nassau-Suffolk, NY HUD Metro FMR Area","$2,020","$1,818","$2,222","$2,530","$2,277","$2,783","$2,960","$2,664","$3,256","$3,830","$3,447","$4,213","$4,150","$3,735","$4,565"
11568,METRO35620MM5380,"Nassau-Suffolk, NY HUD Metro FMR Area","$1,910","$1,719","$2,101","$2,400","$2,160","$2,640","$2,800","$2,520","$3,080","$3,630","$3,267","$3,993","$3,930","$3,537","$4,323"
11569,METRO35620MM5380,"Nassau-Suffolk, NY HUD Metro FMR Area","$1,930","$1,737","$2,123","$2,430","$2,187","$2,673","$2,840","$2,556","$3,124","$3,680","$3,312","$4,048","$3,990","$3,591","$4,389"
11570,METRO35620MM5380,"Nassau-Suffolk, NY HUD Metro FMR Area","$1,620","$1,458","$1,782","$2,030","$1,827","$2,233","$2,380","$2,142","$2,618","$3,080","$2,772","$3,388","$3,340","$3,006","$3,674"
11571,METRO35620MM5380,"Nassau-Suffolk, NY HUD Metro FMR Area","$1,740","$1,566","$1,914","$2,180","$1,962","$2,398","$2,550","$2,295","$2,805","$3,300","$2,970","$3,630","$3,580","$3,222","$3,938"
11572,METRO35620MM5380,"Nassau-Suffolk, NY HUD Metro FMR Area","$1,630","$1,467","$1,793","$2,050","$1,845","$2,255","$2,400","$2,160","$2,640","$3,110","$2,799","$3,421","$3,370","$3,033","$3,707"
11575,METRO35620MM5380,"Nassau-Suffolk, NY HUD Metro FMR Area","$1,880","$1,692","$2,068","$2,360","$2,124","$2,596","$2,760","$2,484","$3,036","$3,570","$3,213","$3,927","$3,870","$3,483","$4,257"
11576,METRO35620MM5380,"Nassau-Suffolk, NY HUD Metro FMR Area","$1,880","$1,692","$2,068","$2,360","$2,124","$2,596","$2,760","$2,484","$3,036","$3,570","$3,213","$3,927","$3,870","$3,483","$4,257"
11577,METRO35620MM5380,"Nassau-Suffolk, NY HUD Metro FMR Area","$2,100","$1,890","$2,310","$2,640","$2,376","$2,904","$3,090","$2,781","$3,399","$4,000","$3,600","$4,400","$4,340","$3,906","$4,774"
11579,METRO35620MM5380,"Nassau-Suffolk, NY HUD Metro FMR Area","$2,040","$1,836","$2,244","$2,560","$2,304","$2,816","$3,000","$2,700","$3,300","$3,880","$3,492","$4,268","$4,210","$3,789","$4,631"
11580,METRO35620MM5380,"Nassau-Suffolk, NY HUD Metro FMR Area","$1,920","$1,728","$2,112","$2,060","$1,854","$2,266","$2,410","$2,169","$2,651","$3,120","$2,808","$3,432","$3,380","$3,042","$3,718"
11581,METRO35620MM5380,"Nassau-Suffolk, NY HUD Metro FMR Area","$1,640","$1,476","$1,804","$2,060","$1,854","$2,266","$2,410","$2,169","$2,651","$3,120","$2,808","$3,432","$3,380","$3,042","$3,718"
11582,METRO35620MM5380,"Nassau-Suffolk, NY HUD Metro FMR Area","$1,740","$1,566","$1,914","$2,180","$1,962","$2,398","$2,550","$2,295","$2,805","$3,300","$2,970","$3,630","$3,580","$3,222","$3,938"
11590,METRO35620MM5380,"Nassau-Suffolk, NY HUD Metro FMR Area","$1,910","$1,719","$2,101","$2,400","$2,160","$2,640","$2,810","$2,529","$3,091","$3,640","$3,276","$4,004","$3,940","$3,546","$4,334"
11596,METRO35620MM5380,"Nassau-Suffolk, NY HUD Metro FMR Area","$1,700","$1,530","$1,870","$2,130","$1,917","$2,343","$2,490","$2,241","$2,739","$3,220","$2,898","$3,542","$3,500","$3,150","$3,850"
11598,METRO35620MM5380,"Nassau-Suffolk, NY HUD Metro FMR Area","$1,950","$1,755","$2,145","$2,450","$2,205","$2,695","$2,860","$2,574","$3,146","$3,700","$3,330","$4,070","$4,010","$3,609","$4,411"
11691,METRO35620MM5380,"Nassau-Suffolk, NY HUD Metro FMR Area","$2,330","$2,097","$2,563","$2,400","$2,160","$2,640","$2,690","$2,421","$2,959","$3,360","$3,024","$3,696","$3,620","$3,258","$3,982"
11701,METRO35620MM5380,"Nassau-Suffolk, NY HUD Metro FMR Area","$1,610","$1,449","$1,771","$2,020","$1,818","$2,222","$2,360","$2,124","$2,596","$3,050","$2,745","$3,355","$3,310","$2,979","$3,641"
11702,METRO35620MM5380,"Nassau-Suffolk, NY HUD Metro FMR Area","$1,910","$1,719","$2,101","$2,400","$2,160","$2,640","$2,810","$2,529","$3,091","$3,640","$3,276","$4,004","$3,940","$3,546","$4,334"
11703,METRO35620MM5380,"Nassau-Suffolk, NY HUD Metro FMR Area","$1,700","$1,530","$1,870","$2,130","$1,917","$2,343","$2,490","$2,241","$2,739","$3,220","$2,898","$3,542","$3,500","$3,150","$3,850"
11704,METRO35620MM5380,"Nassau-Suffolk, NY HUD Metro FMR Area","$1,710","$1,539","$1,881","$2,150","$1,935","$2,365","$2,510","$2,259","$2,761","$3,250","$2,925","$3,575","$3,520","$3,168","$3,872"
11705,METRO35620MM5380,"Nassau-Suffolk, NY HUD Metro FMR Area","$1,620","$1,458","$1,782","$2,030","$1,827","$2,233","$2,380","$2,142","$2,618","$3,080","$2,772","$3,388","$3,340","$3,006","$3,674"
11706,METRO35620MM5380,"Nassau-Suffolk, NY HUD Metro FMR Area","$1,550","$1,395","$1,705","$1,950","$1,755","$2,145","$2,280","$2,052","$2,508","$2,950","$2,655","$3,245","$3,200","$2,880","$3,520"
11709,METRO35620MM5380,"Nassau-Suffolk, NY HUD Metro FMR Area","$1,610","$1,449","$1,771","$2,030","$1,827","$2,233","$2,370","$2,133","$2,607","$3,070","$2,763","$3,377","$3,330","$2,997","$3,663"
11710,METRO35620MM5380,"Nassau-Suffolk, NY HUD Metro FMR Area","$1,850","$1,665","$2,035","$2,330","$2,097","$2,563","$2,720","$2,448","$2,992","$3,520","$3,168","$3,872","$3,820","$3,438","$4,202"
11713,METRO35620MM5380,"Nassau-Suffolk, NY HUD Metro FMR Area","$2,040","$1,836","$2,244","$2,560","$2,304","$2,816","$2,990","$2,691","$3,289","$3,870","$3,483","$4,257","$4,200","$3,780","$4,620"
11714,METRO35620MM5380,"Nassau-Suffolk, NY HUD Metro FMR Area","$1,930","$1,737","$2,123","$2,430","$2,187","$2,673","$2,840","$2,556","$3,124","$3,680","$3,312","$4,048","$3,990","$3,591","$4,389"
11715,METRO35620MM5380,"Nassau-Suffolk, NY HUD Metro FMR Area","$1,660","$1,494","$1,826","$2,090","$1,881","$2,299","$2,440","$2,196","$2,684","$3,160","$2,844","$3,476","$3,430","$3,087","$3,773"
11716,METRO35620MM5380,"Nassau-Suffolk, NY HUD Metro FMR Area","$1,830","$1,647","$2,013","$2,290","$2,061","$2,519","$2,680","$2,412","$2,948","$3,470","$3,123","$3,817","$3,760","$3,384","$4,136"
11717,METRO35620MM5380,"Nassau-Suffolk, NY HUD Metro FMR Area","$1,390","$1,251","$1,529","$1,740","$1,566","$1,914","$2,070","$1,863","$2,277","$2,660","$2,394","$2,926","$2,930","$2,637","$3,223"
11718,METRO35620MM5380,"Nassau-Suffolk, NY HUD Metro FMR Area","$1,600","$1,440","$1,760","$1,990","$1,791","$2,189","$2,390","$2,151","$2,629","$3,070","$2,763","$3,377","$3,370","$3,033","$3,707"
11719,METRO35620MM5380,"Nassau-Suffolk, NY HUD Metro FMR Area","$1,500","$1,350","$1,650","$1,880","$1,692","$2,068","$2,200","$1,980","$2,420","$2,850","$2,565","$3,135","$3,090","$2,781","$3,399"
11720,METRO35620MM5380,"Nassau-Suffolk, NY HUD Metro FMR Area","$1,750","$1,575","$1,925","$2,200","$1,980","$2,420","$2,570","$2,313","$2,827","$3,330","$2,997","$3,663","$3,610","$3,249","$3,971"
11721,METRO35620MM5380,"Nassau-Suffolk, NY HUD Metro FMR Area","$2,230","$2,007","$2,453","$2,800","$2,520","$3,080","$3,280","$2,952","$3,608","$4,240","$3,816","$4,664","$4,600","$4,140","$5,060"
11722,METRO35620MM5380,"Nassau-Suffolk, NY HUD Metro FMR Area","$1,700","$1,530","$1,870","$2,140","$1,926","$2,354","$2,500","$2,250","$2,750","$3,240","$2,916","$3,564","$3,510","$3,159","$3,861"
11724,METRO35620MM5380,"Nassau-Suffolk, NY HUD Metro FMR Area","$2,460","$2,214","$2,706","$3,090","$2,781","$3,399","$3,610","$3,249","$3,971","$4,670","$4,203","$5,137","$5,070","$4,563","$5,577"
11725,METRO35620MM5380,"Nassau-Suffolk, NY HUD Metro FMR Area","$1,890","$1,701","$2,079","$2,370","$2,133","$2,607","$2,770","$2,493","$3,047","$3,580","$3,222","$3,938","$3,890","$3,501","$4,279"
11726,METRO35620MM5380,"Nassau-Suffolk, NY HUD Metro FMR Area","$1,510","$1,359","$1,661","$1,890","$1,701","$2,079","$2,210","$1,989","$2,431","$2,860","$2,574","$3,146","$3,100","$2,790","$3,410"
11727,METRO35620MM5380,"Nassau-Suffolk, NY HUD Metro FMR Area","$1,930","$1,737","$2,123","$2,420","$2,178","$2,662","$2,830","$2,547","$3,113","$3,660","$3,294","$4,026","$3,970","$3,573","$4,367"
11729,METRO35620MM5380,"Nassau-Suffolk, NY HUD Metro FMR Area","$1,480","$1,332","$1,628","$1,860","$1,674","$2,046","$2,170","$1,953","$2,387","$2,810","$2,529","$3,091","$3,050","$2,745","$3,355"
11730,METRO35620MM5380,"Nassau-Suffolk, NY HUD Metro FMR Area","$1,940","$1,746","$2,134","$2,440","$2,196","$2,684","$2,850","$2,565","$3,135","$3,690","$3,321","$4,059","$4,000","$3,600","$4,400"
11731,METRO35620MM5380,"Nassau-Suffolk, NY HUD Metro FMR Area","$1,830","$1,647","$2,013","$2,290","$2,061","$2,519","$2,680","$2,412","$2,948","$3,470","$3,123","$3,817","$3,760","$3,384","$4,136"
11732,METRO35620MM5380,"Nassau-Suffolk, NY HUD Metro FMR Area","$2,240","$2,016","$2,464","$2,810","$2,529","$3,091","$3,290","$2,961","$3,619","$4,260","$3,834","$4,686","$4,620","$4,158","$5,082"
11733,METRO35620MM5380,"Nassau-Suffolk, NY HUD Metro FMR Area","$2,110","$1,899","$2,321","$2,650","$2,385","$2,915","$3,100","$2,790","$3,410","$4,010","$3,609","$4,411","$4,350","$3,915","$4,785"
11735,METRO35620MM5380,"Nassau-Suffolk, NY HUD Metro FMR Area","$1,630","$1,467","$1,793","$2,040","$1,836","$2,244","$2,390","$2,151","$2,629","$3,090","$2,781","$3,399","$3,350","$3,015","$3,685"
11738,METRO35620MM5380,"Nassau-Suffolk, NY HUD Metro FMR Area","$1,990","$1,791","$2,189","$2,500","$2,250","$2,750","$2,920","$2,628","$3,212","$3,780","$3,402","$4,158","$4,100","$3,690","$4,510"
11739,METRO35620MM5380,"Nassau-Suffolk, NY HUD Metro FMR Area","$1,850","$1,665","$2,035","$2,330","$2,097","$2,563","$2,720","$2,448","$2,992","$3,520","$3,168","$3,872","$3,820","$3,438","$4,202"
11740,METRO35620MM5380,"Nassau-Suffolk, NY HUD Metro FMR Area","$1,570","$1,413","$1,727","$1,970","$1,773","$2,167","$2,310","$2,079","$2,541","$2,990","$2,691","$3,289","$3,240","$2,916","$3,564"
11741,METRO35620MM5380,"Nassau-Suffolk, NY HUD Metro FMR Area","$1,790","$1,611","$1,969","$2,250","$2,025","$2,475","$2,630","$2,367","$2,893","$3,400","$3,060","$3,740","$3,690","$3,321","$4,059"
11742,METRO35620MM5380,"Nassau-Suffolk, NY HUD Metro FMR Area","$1,710","$1,539","$1,881","$2,150","$1,935","$2,365","$2,510","$2,259","$2,761","$3,250","$2,925","$3,575","$3,520","$3,168","$3,872"
11743,METRO35620MM5380,"Nassau-Suffolk, NY HUD Metro FMR Area","$1,810","$1,629","$1,991","$2,270","$2,043","$2,497","$2,660","$2,394","$2,926","$3,440","$3,096","$3,784","$3,730","$3,357","$4,103"
11746,METRO35620MM5380,"Nassau-Suffolk, NY HUD Metro FMR Area","$1,760","$1,584","$1,936","$2,210","$1,989","$2,431","$2,580","$2,322","$2,838","$3,340","$3,006","$3,674","$3,620","$3,258","$3,982"
11747,METRO35620MM5380,"Nassau-Suffolk, NY HUD Metro FMR Area","$2,380","$2,142","$2,618","$2,990","$2,691","$3,289","$3,500","$3,150","$3,850","$4,530","$4,077","$4,983","$4,910","$4,419","$5,401"
11749,METRO35620MM5380,"Nassau-Suffolk, NY HUD Metro FMR Area","$1,710","$1,539","$1,881","$2,150","$1,935","$2,365","$2,510","$2,259","$2,761","$3,250","$2,925","$3,575","$3,520","$3,168","$3,872"
11751,METRO35620MM5380,"Nassau-Suffolk, NY HUD Metro FMR Area","$1,600","$1,440","$1,760","$2,010","$1,809","$2,211","$2,350","$2,115","$2,585","$3,040","$2,736","$3,344","$3,300","$2,970","$3,630"
11752,METRO35620MM5380,"Nassau-Suffolk, NY HUD Metro FMR Area","$2,020","$1,818","$2,222","$2,540","$2,286","$2,794","$2,970","$2,673","$3,267","$3,840","$3,456","$4,224","$4,170","$3,753","$4,587"
11753,METRO35620MM5380,"Nassau-Suffolk, NY HUD Metro FMR Area","$1,910","$1,719","$2,101","$2,400","$2,160","$2,640","$2,810","$2,529","$3,091","$3,640","$3,276","$4,004","$3,940","$3,546","$4,334"
11754,METRO35620MM5380,"Nassau-Suffolk, NY HUD Metro FMR Area","$1,470","$1,323","$1,617","$1,850","$1,665","$2,035","$2,160","$1,944","$2,376","$2,800","$2,520","$3,080","$3,030","$2,727","$3,333"
11755,METRO35620MM5380,"Nassau-Suffolk, NY HUD Metro FMR Area","$1,850","$1,665","$2,035","$2,320","$2,088","$2,552","$2,710","$2,439","$2,981","$3,510","$3,159","$3,861","$3,800","$3,420","$4,180"
11756,METRO35620MM5380,"Nassau-Suffolk, NY HUD Metro FMR Area","$1,990","$1,791","$2,189","$2,500","$2,250","$2,750","$2,920","$2,628","$3,212","$3,780","$3,402","$4,158","$4,100","$3,690","$4,510"
11757,METRO35620MM5380,"Nassau-Suffolk, NY HUD Metro FMR Area","$1,590","$1,431","$1,749","$1,990","$1,791","$2,189","$2,330","$2,097","$2,563","$3,020","$2,718","$3,322","$3,270","$2,943","$3,597"
11758,METRO35620MM5380,"Nassau-Suffolk, NY HUD Metro FMR Area","$1,950","$1,755","$2,145","$2,450","$2,205","$2,695","$2,870","$2,583","$3,157","$3,710","$3,339","$4,081","$4,030","$3,627","$4,433"
11762,METRO35620MM5380,"Nassau-Suffolk, NY HUD Metro FMR Area","$2,310","$2,079","$2,541","$2,900","$2,610","$3,190","$3,390","$3,051","$3,729","$4,390","$3,951","$4,829","$4,760","$4,284","$5,236"
11763,METRO35620MM5380,"Nassau-Suffolk, NY HUD Metro FMR Area","$1,900","$1,710","$2,090","$2,390","$2,151","$2,629","$2,790","$2,511","$3,069","$3,610","$3,249","$3,971","$3,920","$3,528","$4,312"
11764,METRO35620MM5380,"Nassau-Suffolk, NY HUD Metro FMR Area","$1,810","$1,629","$1,991","$2,270","$2,043","$2,497","$2,660","$2,394","$2,926","$3,440","$3,096","$3,784","$3,730","$3,357","$4,103"
11765,METRO35620MM5380,"Nassau-Suffolk, NY HUD Metro FMR Area","$2,560","$2,304","$2,816","$3,210","$2,889","$3,531","$3,760","$3,384","$4,136","$4,870","$4,383","$5,357","$5,280","$4,752","$5,808"
11766,METRO35620MM5380,"Nassau-Suffolk, NY HUD Metro FMR Area","$2,350","$2,115","$2,585","$2,950","$2,655","$3,245","$3,450","$3,105","$3,795","$4,460","$4,014","$4,906","$4,840","$4,356","$5,324"
11767,METRO35620MM5380,"Nassau-Suffolk, NY HUD Metro FMR Area","$1,820","$1,638","$2,002","$2,280","$2,052","$2,508","$2,670","$2,403","$2,937","$3,460","$3,114","$3,806","$3,750","$3,375","$4,125"
11768,METRO35620MM5380,"Nassau-Suffolk, NY HUD Metro FMR Area","$1,820","$1,638","$2,002","$2,280","$2,052","$2,508","$2,670","$2,403","$2,937","$3,460","$3,114","$3,806","$3,750","$3,375","$4,125"
11769,METRO35620MM5380,"Nassau-Suffolk, NY HUD Metro FMR Area","$1,650","$1,485","$1,815","$2,080","$1,872","$2,288","$2,430","$2,187","$2,673","$3,140","$2,826","$3,454","$3,410","$3,069","$3,751"
11770,METRO35620MM5380,"Nassau-Suffolk, NY HUD Metro FMR Area","$1,550","$1,395","$1,705","$1,950","$1,755","$2,145","$2,280","$2,052","$2,508","$2,950","$2,655","$3,245","$3,200","$2,880","$3,520"
11771,METRO35620MM5380,"Nassau-Suffolk, NY HUD Metro FMR Area","$1,610","$1,449","$1,771","$2,020","$1,818","$2,222","$2,360","$2,124","$2,596","$3,050","$2,745","$3,355","$3,310","$2,979","$3,641"
11772,METRO35620MM5380,"Nassau-Suffolk, NY HUD Metro FMR Area","$1,520","$1,368","$1,672","$1,910","$1,719","$2,101","$2,230","$2,007","$2,453","$2,890","$2,601","$3,179","$3,130","$2,817","$3,443"
11773,METRO35620MM5380,"Nassau-Suffolk, NY HUD Metro FMR Area","$1,740","$1,566","$1,914","$2,180","$1,962","$2,398","$2,550","$2,295","$2,805","$3,300","$2,970","$3,630","$3,580","$3,222","$3,938"
11776,METRO35620MM5380,"Nassau-Suffolk, NY HUD Metro FMR Area","$1,770","$1,593","$1,947","$2,220","$1,998","$2,442","$2,600","$2,340","$2,860","$3,360","$3,024","$3,696","$3,650","$3,285","$4,015"
11777,METRO35620MM5380,"Nassau-Suffolk, NY HUD Metro FMR Area","$1,810","$1,629","$1,991","$2,270","$2,043","$2,497","$2,660","$2,394","$2,926","$3,440","$3,096","$3,784","$3,730","$3,357","$4,103"
11778,METRO35620MM5380,"Nassau-Suffolk, NY HUD Metro FMR Area","$1,430","$1,287","$1,573","$1,800","$1,620","$1,980","$2,100","$1,890","$2,310","$2,720","$2,448","$2,992","$2,950","$2,655","$3,245"
11779,METRO35620MM5380,"Nassau-Suffolk, NY HUD Metro FMR Area","$1,590","$1,431","$1,749","$1,990","$1,791","$2,189","$2,330","$2,097","$2,563","$3,020","$2,718","$3,322","$3,270","$2,943","$3,597"
11780,METRO35620MM5380,"Nassau-Suffolk, NY HUD Metro FMR Area","$1,670","$1,503","$1,837","$2,090","$1,881","$2,299","$2,450","$2,205","$2,695","$3,170","$2,853","$3,487","$3,440","$3,096","$3,784"
11782,METRO35620MM5380,"Nassau-Suffolk, NY HUD Metro FMR Area","$1,740","$1,566","$1,914","$2,180","$1,962","$2,398","$2,550","$2,295","$2,805","$3,300","$2,970","$3,630","$3,580","$3,222","$3,938"
11783,METRO35620MM5380,"Nassau-Suffolk, NY HUD Metro FMR Area","$2,060","$1,854","$2,266","$2,580","$2,322","$2,838","$3,020","$2,718","$3,322","$3,910","$3,519","$4,301","$4,240","$3,816","$4,664"
11784,METRO35620MM5380,"Nassau-Suffolk, NY HUD Metro FMR Area","$1,710","$1,539","$1,881","$2,150","$1,935","$2,365","$2,510","$2,259","$2,761","$3,250","$2,925","$3,575","$3,520","$3,168","$3,872"
11786,METRO35620MM5380,"Nassau-Suffolk, NY HUD Metro FMR Area","$2,100","$1,890","$2,310","$2,640","$2,376","$2,904","$3,090","$2,781","$3,399","$4,000","$3,600","$4,400","$4,340","$3,906","$4,774"
11787,METRO35620MM5380,"Nassau-Suffolk, NY HUD Metro FMR Area","$1,810","$1,629","$1,991","$2,270","$2,043","$2,497","$2,660","$2,394","$2,926","$3,440","$3,096","$3,784","$3,730","$3,357","$4,103"
11788,METRO35620MM5380,"Nassau-Suffolk, NY HUD Metro FMR Area","$2,040","$1,836","$2,244","$2,560","$2,304","$2,816","$3,000","$2,700","$3,300","$3,880","$3,492","$4,268","$4,210","$3,789","$4,631"
11789,METRO35620MM5380,"Nassau-Suffolk, NY HUD Metro FMR Area","$1,550","$1,395","$1,705","$1,950","$1,755","$2,145","$2,280","$2,052","$2,508","$2,950","$2,655","$3,245","$3,200","$2,880","$3,520"
11790,METRO35620MM5380,"Nassau-Suffolk, NY HUD Metro FMR Area","$2,050","$1,845","$2,255","$2,570","$2,313","$2,827","$3,010","$2,709","$3,311","$3,900","$3,510","$4,290","$4,230","$3,807","$4,653"
11791,METRO35620MM5380,"Nassau-Suffolk, NY HUD Metro FMR Area","$2,560","$2,304","$2,816","$3,210","$2,889","$3,531","$3,760","$3,384","$4,136","$4,870","$4,383","$5,357","$5,280","$4,752","$5,808"
11792,METRO35620MM5380,"Nassau-Suffolk, NY HUD Metro FMR Area","$2,510","$2,259","$2,761","$3,150","$2,835","$3,465","$3,680","$3,312","$4,048","$4,760","$4,284","$5,236","$5,170","$4,653","$5,687"
11793,METRO35620MM5380,"Nassau-Suffolk, NY HUD Metro FMR Area","$1,760","$1,584","$1,936","$2,210","$1,989","$2,431","$2,590","$2,331","$2,849","$3,350","$3,015","$3,685","$3,640","$3,276","$4,004"
11794,METRO35620MM5380,"Nassau-Suffolk, NY HUD Metro FMR Area","$2,050","$1,845","$2,255","$2,570","$2,313","$2,827","$3,010","$2,709","$3,311","$3,900","$3,510","$4,290","$4,230","$3,807","$4,653"
11795,METRO35620MM5380,"Nassau-Suffolk, NY HUD Metro FMR Area","$1,800","$1,620","$1,980","$2,260","$2,034","$2,486","$2,640","$2,376","$2,904","$3,420","$3,078","$3,762","$3,710","$3,339","$4,081"
11796,METRO35620MM5380,"Nassau-Suffolk, NY HUD Metro FMR Area","$1,640","$1,476","$1,804","$2,060","$1,854","$2,266","$2,410","$2,169","$2,651","$3,120","$2,808","$3,432","$3,380","$3,042","$3,718"
11797,METRO35620MM5380,"Nassau-Suffolk, NY HUD Metro FMR Area","$2,560","$2,304","$2,816","$3,210","$2,889","$3,531","$3,760","$3,384","$4,136","$4,870","$4,383","$5,357","$5,280","$4,752","$5,808"
11798,METRO35620MM5380,"Nassau-Suffolk, NY HUD Metro FMR Area","$1,460","$1,314","$1,606","$1,840","$1,656","$2,024","$2,150","$1,935","$2,365","$2,780","$2,502","$3,058","$3,020","$2,718","$3,322"
11801,METRO35620MM5380,"Nassau-Suffolk, NY HUD Metro FMR Area","$2,020","$1,818","$2,222","$2,540","$2,286","$2,794","$2,970","$2,673","$3,267","$3,840","$3,456","$4,224","$4,170","$3,753","$4,587"
11802,METRO35620MM5380,"Nassau-Suffolk, NY HUD Metro FMR Area","$1,740","$1,566","$1,914","$2,180","$1,962","$2,398","$2,550","$2,295","$2,805","$3,300","$2,970","$3,630","$3,580","$3,222","$3,938"
11803,METRO35620MM5380,"Nassau-Suffolk, NY HUD Metro FMR Area","$2,050","$1,845","$2,255","$2,570","$2,313","$2,827","$3,010","$2,709","$3,311","$3,900","$3,510","$4,290","$4,230","$3,807","$4,653"
11804,METRO35620MM5380,"Nassau-Suffolk, NY HUD Metro FMR Area","$1,940","$1,746","$2,134","$2,440","$2,196","$2,684","$2,850","$2,565","$3,135","$3,690","$3,321","$4,059","$4,000","$3,600","$4,400"
11901,METRO35620MM5380,"Nassau-Suffolk, NY HUD Metro FMR Area","$1,500","$1,350","$1,650","$1,880","$1,692","$2,068","$2,200","$1,980","$2,420","$2,850","$2,565","$3,135","$3,090","$2,781","$3,399"
11930,METRO35620MM5380,"Nassau-Suffolk, NY HUD Metro FMR Area","$1,700","$1,530","$1,870","$2,130","$1,917","$2,343","$2,490","$2,241","$2,739","$3,220","$2,898","$3,542","$3,500","$3,150","$3,850"
11931,METRO35620MM5380,"Nassau-Suffolk, NY HUD Metro FMR Area","$1,680","$1,512","$1,848","$2,110","$1,899","$2,321","$2,470","$2,223","$2,717","$3,200","$2,880","$3,520","$3,470","$3,123","$3,817"
11932,METRO35620MM5380,"Nassau-Suffolk, NY HUD Metro FMR Area","$2,330","$2,097","$2,563","$2,930","$2,637","$3,223","$3,430","$3,087","$3,773","$4,440","$3,996","$4,884","$4,820","$4,338","$5,302"
11933,METRO35620MM5380,"Nassau-Suffolk, NY HUD Metro FMR Area","$1,910","$1,719","$2,101","$2,400","$2,160","$2,640","$2,810","$2,529","$3,091","$3,640","$3,276","$4,004","$3,940","$3,546","$4,334"
11934,METRO35620MM5380,"Nassau-Suffolk, NY HUD Metro FMR Area","$1,570","$1,413","$1,727","$1,970","$1,773","$2,167","$2,300","$2,070","$2,530","$2,980","$2,682","$3,278","$3,230","$2,907","$3,553"
11935,METRO35620MM5380,"Nassau-Suffolk, NY HUD Metro FMR Area","$1,630","$1,467","$1,793","$2,050","$1,845","$2,255","$2,400","$2,160","$2,640","$3,110","$2,799","$3,421","$3,370","$3,033","$3,707"
11937,METRO35620MM5380,"Nassau-Suffolk, NY HUD Metro FMR Area","$2,150","$1,935","$2,365","$2,690","$2,421","$2,959","$3,150","$2,835","$3,465","$4,080","$3,672","$4,488","$4,420","$3,978","$4,862"
11939,METRO35620MM5380,"Nassau-Suffolk, NY HUD Metro FMR Area","$1,880","$1,692","$2,068","$2,360","$2,124","$2,596","$2,760","$2,484","$3,036","$3,570","$3,213","$3,927","$3,870","$3,483","$4,257"
11940,METRO35620MM5380,"Nassau-Suffolk, NY HUD Metro FMR Area","$1,680","$1,512","$1,848","$2,100","$1,890","$2,310","$2,460","$2,214","$2,706","$3,180","$2,862","$3,498","$3,450","$3,105","$3,795"
11941,METRO35620MM5380,"Nassau-Suffolk, NY HUD Metro FMR Area","$1,390","$1,251","$1,529","$1,730","$1,557","$1,903","$2,070","$1,863","$2,277","$2,660","$2,394","$2,926","$2,930","$2,637","$3,223"
11942,METRO35620MM5380,"Nassau-Suffolk, NY HUD Metro FMR Area","$1,820","$1,638","$2,002","$2,280","$2,052","$2,508","$2,670","$2,403","$2,937","$3,460","$3,114","$3,806","$3,750","$3,375","$4,125"
11944,METRO35620MM5380,"Nassau-Suffolk, NY HUD Metro FMR Area","$1,540","$1,386","$1,694","$1,930","$1,737","$2,123","$2,260","$2,034","$2,486","$2,920","$2,628","$3,212","$3,170","$2,853","$3,487"
11946,METRO35620MM5380,"Nassau-Suffolk, NY HUD Metro FMR Area","$1,740","$1,566","$1,914","$2,190","$1,971","$2,409","$2,560","$2,304","$2,816","$3,310","$2,979","$3,641","$3,590","$3,231","$3,949"
11947,METRO35620MM5380,"Nassau-Suffolk, NY HUD Metro FMR Area","$1,680","$1,512","$1,848","$2,110","$1,899","$2,321","$2,470","$2,223","$2,717","$3,200","$2,880","$3,520","$3,470","$3,123","$3,817"
11948,METRO35620MM5380,"Nassau-Suffolk, NY HUD Metro FMR Area","$1,390","$1,251","$1,529","$1,730","$1,557","$1,903","$2,070","$1,863","$2,277","$2,660","$2,394","$2,926","$2,930","$2,637","$3,223"
11949,METRO35620MM5380,"Nassau-Suffolk, NY HUD Metro FMR Area","$1,610","$1,449","$1,771","$2,030","$1,827","$2,233","$2,370","$2,133","$2,607","$3,070","$2,763","$3,377","$3,330","$2,997","$3,663"
11950,METRO35620MM5380,"Nassau-Suffolk, NY HUD Metro FMR Area","$1,770","$1,593","$1,947","$2,220","$1,998","$2,442","$2,600","$2,340","$2,860","$3,360","$3,024","$3,696","$3,650","$3,285","$4,015"
11951,METRO35620MM5380,"Nassau-Suffolk, NY HUD Metro FMR Area","$1,690","$1,521","$1,859","$2,120","$1,908","$2,332","$2,480","$2,232","$2,728","$3,210","$2,889","$3,531","$3,480","$3,132","$3,828"
11952,METRO35620MM5380,"Nassau-Suffolk, NY HUD Metro FMR Area","$1,390","$1,251","$1,529","$1,730","$1,557","$1,903","$2,070","$1,863","$2,277","$2,660","$2,394","$2,926","$2,930","$2,637","$3,223"
11953,METRO35620MM5380,"Nassau-Suffolk, NY HUD Metro FMR Area","$1,680","$1,512","$1,848","$2,110","$1,899","$2,321","$2,470","$2,223","$2,717","$3,200","$2,880","$3,520","$3,470","$3,123","$3,817"
11954,METRO35620MM5380,"Nassau-Suffolk, NY HUD Metro FMR Area","$2,110","$1,899","$2,321","$2,650","$2,385","$2,915","$3,100","$2,790","$3,410","$4,010","$3,609","$4,411","$4,350","$3,915","$4,785"
11955,METRO35620MM5380,"Nassau-Suffolk, NY HUD Metro FMR Area","$1,630","$1,467","$1,793","$2,050","$1,845","$2,255","$2,400","$2,160","$2,640","$3,110","$2,799","$3,421","$3,370","$3,033","$3,707"
11956,METRO35620MM5380,"Nassau-Suffolk, NY HUD Metro FMR Area","$1,630","$1,467","$1,793","$2,050","$1,845","$2,255","$2,400","$2,160","$2,640","$3,110","$2,799","$3,421","$3,370","$3,033","$3,707"
11957,METRO35620MM5380,"Nassau-Suffolk, NY HUD Metro FMR Area","$1,630","$1,467","$1,793","$2,040","$1,836","$2,244","$2,390","$2,151","$2,629","$3,090","$2,781","$3,399","$3,350","$3,015","$3,685"
11958,METRO35620MM5380,"Nassau-Suffolk, NY HUD Metro FMR Area","$1,620","$1,458","$1,782","$2,040","$1,836","$2,244","$2,390","$2,151","$2,629","$3,090","$2,781","$3,399","$3,350","$3,015","$3,685"
11959,METRO35620MM5380,"Nassau-Suffolk, NY HUD Metro FMR Area","$1,790","$1,611","$1,969","$2,240","$2,016","$2,464","$2,620","$2,358","$2,882","$3,390","$3,051","$3,729","$3,680","$3,312","$4,048"
11960,METRO35620MM5380,"Nassau-Suffolk, NY HUD Metro FMR Area","$1,520","$1,368","$1,672","$1,900","$1,710","$2,090","$2,220","$1,998","$2,442","$2,880","$2,592","$3,168","$3,120","$2,808","$3,432"
11961,METRO35620MM5380,"Nassau-Suffolk, NY HUD Metro FMR Area","$1,520","$1,368","$1,672","$1,910","$1,719","$2,101","$2,230","$2,007","$2,453","$2,890","$2,601","$3,179","$3,130","$2,817","$3,443"
11962,METRO35620MM5380,"Nassau-Suffolk, NY HUD Metro FMR Area","$2,130","$1,917","$2,343","$2,670","$2,403","$2,937","$3,120","$2,808","$3,432","$4,040","$3,636","$4,444","$4,380","$3,942","$4,818"
11963,METRO35620MM5380,"Nassau-Suffolk, NY HUD Metro FMR Area","$2,120","$1,908","$2,332","$2,660","$2,394","$2,926","$3,110","$2,799","$3,421","$4,020","$3,618","$4,422","$4,370","$3,933","$4,807"
11964,METRO35620MM5380,"Nassau-Suffolk, NY HUD Metro FMR Area","$2,130","$1,917","$2,343","$2,670","$2,403","$2,937","$3,130","$2,817","$3,443","$4,050","$3,645","$4,455","$4,390","$3,951","$4,829"
11965,METRO35620MM5380,"Nassau-Suffolk, NY HUD Metro FMR Area","$1,580","$1,422","$1,738","$1,980","$1,782","$2,178","$2,320","$2,088","$2,552","$2,990","$2,691","$3,289","$3,250","$2,925","$3,575"
11967,METRO35620MM5380,"Nassau-Suffolk, NY HUD Metro FMR Area","$1,790","$1,611","$1,969","$2,250","$2,025","$2,475","$2,630","$2,367","$2,893","$3,400","$3,060","$3,740","$3,690","$3,321","$4,059"
11968,METRO35620MM5380,"Nassau-Suffolk, NY HUD Metro FMR Area","$1,760","$1,584","$1,936","$2,210","$1,989","$2,431","$2,580","$2,322","$2,838","$3,340","$3,006","$3,674","$3,620","$3,258","$3,982"
11969,METRO35620MM5380,"Nassau-Suffolk, NY HUD Metro FMR Area","$1,680","$1,512","$1,848","$2,110","$1,899","$2,321","$2,470","$2,223","$2,717","$3,200","$2,880","$3,520","$3,470","$3,123","$3,817"
11970,METRO35620MM5380,"Nassau-Suffolk, NY HUD Metro FMR Area","$1,680","$1,512","$1,848","$2,110","$1,899","$2,321","$2,470","$2,223","$2,717","$3,200","$2,880","$3,520","$3,470","$3,123","$3,817"
11971,METRO35620MM5380,"Nassau-Suffolk, NY HUD Metro FMR Area","$1,610","$1,449","$1,771","$2,030","$1,827","$2,233","$2,370","$2,133","$2,607","$3,070","$2,763","$3,377","$3,330","$2,997","$3,663"
11972,METRO35620MM5380,"Nassau-Suffolk, NY HUD Metro FMR Area","$1,500","$1,350","$1,650","$1,880","$1,692","$2,068","$2,190","$1,971","$2,409","$2,840","$2,556","$3,124","$3,080","$2,772","$3,388"
11973,METRO35620MM5380,"Nassau-Suffolk, NY HUD Metro FMR Area","$1,680","$1,512","$1,848","$2,120","$1,908","$2,332","$2,480","$2,232","$2,728","$3,210","$2,889","$3,531","$3,480","$3,132","$3,828"
11975,METRO35620MM5380,"Nassau-Suffolk, NY HUD Metro FMR Area","$2,150","$1,935","$2,365","$2,690","$2,421","$2,959","$3,150","$2,835","$3,465","$4,080","$3,672","$4,488","$4,420","$3,978","$4,862"
11976,METRO35620MM5380,"Nassau-Suffolk, NY HUD Metro FMR Area","$2,420","$2,178","$2,662","$3,040","$2,736","$3,344","$3,560","$3,204","$3,916","$4,610","$4,149","$5,071","$5,000","$4,500","$5,500"
11977,METRO35620MM5380,"Nassau-Suffolk, NY HUD Metro FMR Area","$1,750","$1,575","$1,925","$2,200","$1,980","$2,420","$2,570","$2,313","$2,827","$3,330","$2,997","$3,663","$3,610","$3,249","$3,971"
11978,METRO35620MM5380,"Nassau-Suffolk, NY HUD Metro FMR Area","$1,760","$1,584","$1,936","$2,210","$1,989","$2,431","$2,580","$2,322","$2,838","$3,340","$3,006","$3,674","$3,620","$3,258","$3,982"
11980,METRO35620MM5380,"Nassau-Suffolk, NY HUD Metro FMR Area","$2,040","$1,836","$2,244","$2,560","$2,304","$2,816","$3,000","$2,700","$3,300","$3,880","$3,492","$4,268","$4,210","$3,789","$4,631"
10001,METRO35620MM5600,"New York, NY HUD Metro FMR Area","$3,420","$3,078","$3,762","$3,510","$3,159","$3,861","$3,940","$3,546","$4,334","$4,920","$4,428","$5,412","$5,300","$4,770","$5,830"
10002,METRO35620MM5600,"New York, NY HUD Metro FMR Area","$1,920","$1,728","$2,112","$1,960","$1,764","$2,156","$2,210","$1,989","$2,431","$2,780","$2,502","$3,058","$2,990","$2,691","$3,289"
10003,METRO35620MM5600,"New York, NY HUD Metro FMR Area","$3,580","$3,222","$3,938","$3,680","$3,312","$4,048","$4,130","$3,717","$4,543","$5,150","$4,635","$5,665","$5,550","$4,995","$6,105"
10004,METRO35620MM5600,"New York, NY HUD Metro FMR Area","$3,580","$3,222","$3,938","$3,680","$3,312","$4,048","$4,130","$3,717","$4,543","$5,150","$4,635","$5,665","$5,550","$4,995","$6,105"
10005,METRO35620MM5600,"New York, NY HUD Metro FMR Area","$3,580","$3,222","$3,938","$3,680","$3,312","$4,048","$4,130","$3,717","$4,543","$5,150","$4,635","$5,665","$5,550","$4,995","$6,105"
10006,METRO35620MM5600,"New York, NY HUD Metro FMR Area","$3,580","$3,222","$3,938","$3,680","$3,312","$4,048","$4,130","$3,717","$4,543","$5,150","$4,635","$5,665","$5,550","$4,995","$6,105"
10007,METRO35620MM5600,"New York, NY HUD Metro FMR Area","$2,990","$2,691","$3,289","$3,070","$2,763","$3,377","$3,450","$3,105","$3,795","$4,300","$3,870","$4,730","$4,640","$4,176","$5,104"
10008,METRO35620MM5600,"New York, NY HUD Metro FMR Area","$2,990","$2,691","$3,289","$3,070","$2,763","$3,377","$3,450","$3,105","$3,795","$4,300","$3,870","$4,730","$4,640","$4,176","$5,104"
10009,METRO35620MM5600,"New York, NY HUD Metro FMR Area","$2,640","$2,376","$2,904","$2,720","$2,448","$2,992","$3,050","$2,745","$3,355","$3,810","$3,429","$4,191","$4,100","$3,690","$4,510"
10010,METRO35620MM5600,"New York, NY HUD Metro FMR Area","$3,060","$2,754","$3,366","$3,140","$2,826","$3,454","$3,530","$3,177","$3,883","$4,400","$3,960","$4,840","$4,750","$4,275","$5,225"
10011,METRO35620MM5600,"New York, NY HUD Metro FMR Area","$3,580","$3,222","$3,938","$3,680","$3,312","$4,048","$4,130","$3,717","$4,543","$5,150","$4,635","$5,665","$5,550","$4,995","$6,105"
10012,METRO35620MM5600,"New York, NY HUD Metro FMR Area","$3,580","$3,222","$3,938","$3,680","$3,312","$4,048","$4,130","$3,717","$4,543","$5,150","$4,635","$5,665","$5,550","$4,995","$6,105"
10013,METRO35620MM5600,"New York, NY HUD Metro FMR Area","$3,220","$2,898","$3,542","$3,300","$2,970","$3,630","$3,710","$3,339","$4,081","$4,630","$4,167","$5,093","$4,990","$4,491","$5,489"
10014,METRO35620MM5600,"New York, NY HUD Metro FMR Area","$3,580","$3,222","$3,938","$3,680","$3,312","$4,048","$4,130","$3,717","$4,543","$5,150","$4,635","$5,665","$5,550","$4,995","$6,105"
10016,METRO35620MM5600,"New York, NY HUD Metro FMR Area","$3,580","$3,222","$3,938","$3,680","$3,312","$4,048","$4,130","$3,717","$4,543","$5,150","$4,635","$5,665","$5,550","$4,995","$6,105"
10017,METRO35620MM5600,"New York, NY HUD Metro FMR Area","$3,580","$3,222","$3,938","$3,680","$3,312","$4,048","$4,130","$3,717","$4,543","$5,150","$4,635","$5,665","$5,550","$4,995","$6,105"
10018,METRO35620MM5600,"New York, NY HUD Metro FMR Area","$3,580","$3,222","$3,938","$3,680","$3,312","$4,048","$4,130","$3,717","$4,543","$5,150","$4,635","$5,665","$5,550","$4,995","$6,105"
10019,METRO35620MM5600,"New York, NY HUD Metro FMR Area","$2,570","$2,313","$2,827","$2,650","$2,385","$2,915","$2,970","$2,673","$3,267","$3,710","$3,339","$4,081","$3,990","$3,591","$4,389"
10020,METRO35620MM5600,"New York, NY HUD Metro FMR Area","$2,990","$2,691","$3,289","$3,070","$2,763","$3,377","$3,450","$3,105","$3,795","$4,300","$3,870","$4,730","$4,640","$4,176","$5,104"
10021,METRO35620MM5600,"New York, NY HUD Metro FMR Area","$3,580","$3,222","$3,938","$3,680","$3,312","$4,048","$4,130","$3,717","$4,543","$5,150","$4,635","$5,665","$5,550","$4,995","$6,105"
10022,METRO35620MM5600,"New York, NY HUD Metro FMR Area","$3,580","$3,222","$3,938","$3,680","$3,312","$4,048","$4,130","$3,717","$4,543","$5,150","$4,635","$5,665","$5,550","$4,995","$6,105"
10023,METRO35620MM5600,"New York, NY HUD Metro FMR Area","$3,460","$3,114","$3,806","$3,550","$3,195","$3,905","$3,990","$3,591","$4,389","$4,980","$4,482","$5,478","$5,360","$4,824","$5,896"
10024,METRO35620MM5600,"New York, NY HUD Metro FMR Area","$3,400","$3,060","$3,740","$3,490","$3,141","$3,839","$3,920","$3,528","$4,312","$4,890","$4,401","$5,379","$5,270","$4,743","$5,797"
10025,METRO35620MM5600,"New York, NY HUD Metro FMR Area","$2,320","$2,088","$2,552","$2,390","$2,151","$2,629","$2,680","$2,412","$2,948","$3,340","$3,006","$3,674","$3,600","$3,240","$3,960"
10026,METRO35620MM5600,"New York, NY HUD Metro FMR Area","$2,260","$2,034","$2,486","$2,320","$2,088","$2,552","$2,610","$2,349","$2,871","$3,260","$2,934","$3,586","$3,510","$3,159","$3,861"
10027,METRO35620MM5600,"New York, NY HUD Metro FMR Area","$2,050","$1,845","$2,255","$2,110","$1,899","$2,321","$2,370","$2,133","$2,607","$2,960","$2,664","$3,256","$3,190","$2,871","$3,509"
10028,METRO35620MM5600,"New York, NY HUD Metro FMR Area","$3,580","$3,222","$3,938","$3,680","$3,312","$4,048","$4,130","$3,717","$4,543","$5,150","$4,635","$5,665","$5,550","$4,995","$6,105"
10029,METRO35620MM5600,"New York, NY HUD Metro FMR Area","$1,920","$1,728","$2,112","$1,960","$1,764","$2,156","$2,210","$1,989","$2,431","$2,780","$2,502","$3,058","$2,990","$2,691","$3,289"
10030,METRO35620MM5600,"New York, NY HUD Metro FMR Area","$1,920","$1,728","$2,112","$1,960","$1,764","$2,156","$2,210","$1,989","$2,431","$2,780","$2,502","$3,058","$2,990","$2,691","$3,289"
10031,METRO35620MM5600,"New York, NY HUD Metro FMR Area","$2,180","$1,962","$2,398","$2,240","$2,016","$2,464","$2,520","$2,268","$2,772","$3,140","$2,826","$3,454","$3,390","$3,051","$3,729"
10032,METRO35620MM5600,"New York, NY HUD Metro FMR Area","$1,920","$1,728","$2,112","$1,960","$1,764","$2,156","$2,210","$1,989","$2,431","$2,780","$2,502","$3,058","$2,990","$2,691","$3,289"
10033,METRO35620MM5600,"New York, NY HUD Metro FMR Area","$2,160","$1,944","$2,376","$2,220","$1,998","$2,442","$2,490","$2,241","$2,739","$3,110","$2,799","$3,421","$3,350","$3,015","$3,685"
10034,METRO35620MM5600,"New York, NY HUD Metro FMR Area","$2,180","$1,962","$2,398","$2,240","$2,016","$2,464","$2,510","$2,259","$2,761","$3,130","$2,817","$3,443","$3,370","$3,033","$3,707"
10035,METRO35620MM5600,"New York, NY HUD Metro FMR Area","$2,080","$1,872","$2,288","$2,140","$1,926","$2,354","$2,400","$2,160","$2,640","$2,990","$2,691","$3,289","$3,230","$2,907","$3,553"
10036,METRO35620MM5600,"New York, NY HUD Metro FMR Area","$3,290","$2,961","$3,619","$3,380","$3,042","$3,718","$3,790","$3,411","$4,169","$4,730","$4,257","$5,203","$5,100","$4,590","$5,610"
10037,METRO35620MM5600,"New York, NY HUD Metro FMR Area","$2,130","$1,917","$2,343","$2,190","$1,971","$2,409","$2,460","$2,214","$2,706","$3,070","$2,763","$3,377","$3,310","$2,979","$3,641"
10038,METRO35620MM5600,"New York, NY HUD Metro FMR Area","$3,580","$3,222","$3,938","$3,680","$3,312","$4,048","$4,130","$3,717","$4,543","$5,150","$4,635","$5,665","$5,550","$4,995","$6,105"
10039,METRO35620MM5600,"New York, NY HUD Metro FMR Area","$1,920","$1,728","$2,112","$1,960","$1,764","$2,156","$2,210","$1,989","$2,431","$2,780","$2,502","$3,058","$2,990","$2,691","$3,289"
10040,METRO35620MM5600,"New York, NY HUD Metro FMR Area","$2,120","$1,908","$2,332","$2,180","$1,962","$2,398","$2,450","$2,205","$2,695","$3,060","$2,754","$3,366","$3,290","$2,961","$3,619"
10041,METRO35620MM5600,"New York, NY HUD Metro FMR Area","$2,990","$2,691","$3,289","$3,070","$2,763","$3,377","$3,450","$3,105","$3,795","$4,300","$3,870","$4,730","$4,640","$4,176","$5,104"
10043,METRO35620MM5600,"New York, NY HUD Metro FMR Area","$2,990","$2,691","$3,289","$3,070","$2,763","$3,377","$3,450","$3,105","$3,795","$4,300","$3,870","$4,730","$4,640","$4,176","$5,104"
10044,METRO35620MM5600,"New York, NY HUD Metro FMR Area","$3,580","$3,222","$3,938","$3,680","$3,312","$4,048","$4,130","$3,717","$4,543","$5,150","$4,635","$5,665","$5,550","$4,995","$6,105"
10045,METRO35620MM5600,"New York, NY HUD Metro FMR Area","$2,990","$2,691","$3,289","$3,070","$2,763","$3,377","$3,450","$3,105","$3,795","$4,300","$3,870","$4,730","$4,640","$4,176","$5,104"
10055,METRO35620MM5600,"New York, NY HUD Metro FMR Area","$2,990","$2,691","$3,289","$3,070","$2,763","$3,377","$3,450","$3,105","$3,795","$4,300","$3,870","$4,730","$4,640","$4,176","$5,104"
10065,METRO35620MM5600,"New York, NY HUD Metro FMR Area","$3,580","$3,222","$3,938","$3,680","$3,312","$4,048","$4,130","$3,717","$4,543","$5,150","$4,635","$5,665","$5,550","$4,995","$6,105"
10069,METRO35620MM5600,"New York, NY HUD Metro FMR Area","$3,580","$3,222","$3,938","$3,680","$3,312","$4,048","$4,130","$3,717","$4,543","$5,150","$4,635","$5,665","$5,550","$4,995","$6,105"
10075,METRO35620MM5600,"New York, NY HUD Metro FMR Area","$3,210","$2,889","$3,531","$3,300","$2,970","$3,630","$3,700","$3,330","$4,070","$4,620","$4,158","$5,082","$4,970","$4,473","$5,467"
10080,METRO35620MM5600,"New York, NY HUD Metro FMR Area","$2,990","$2,691","$3,289","$3,070","$2,763","$3,377","$3,450","$3,105","$3,795","$4,300","$3,870","$4,730","$4,640","$4,176","$5,104"
10081,METRO35620MM5600,"New York, NY HUD Metro FMR Area","$2,990","$2,691","$3,289","$3,070","$2,763","$3,377","$3,450","$3,105","$3,795","$4,300","$3,870","$4,730","$4,640","$4,176","$5,104"
10101,METRO35620MM5600,"New York, NY HUD Metro FMR Area","$2,990","$2,691","$3,289","$3,070","$2,763","$3,377","$3,450","$3,105","$3,795","$4,300","$3,870","$4,730","$4,640","$4,176","$5,104"
10103,METRO35620MM5600,"New York, NY HUD Metro FMR Area","$2,990","$2,691","$3,289","$3,070","$2,763","$3,377","$3,450","$3,105","$3,795","$4,300","$3,870","$4,730","$4,640","$4,176","$5,104"
10104,METRO35620MM5600,"New York, NY HUD Metro FMR Area","$2,990","$2,691","$3,289","$3,070","$2,763","$3,377","$3,450","$3,105","$3,795","$4,300","$3,870","$4,730","$4,640","$4,176","$5,104"
10105,METRO35620MM5600,"New York, NY HUD Metro FMR Area","$2,990","$2,691","$3,289","$3,070","$2,763","$3,377","$3,450","$3,105","$3,795","$4,300","$3,870","$4,730","$4,640","$4,176","$5,104"
10106,METRO35620MM5600,"New York, NY HUD Metro FMR Area","$2,990","$2,691","$3,289","$3,070","$2,763","$3,377","$3,450","$3,105","$3,795","$4,300","$3,870","$4,730","$4,640","$4,176","$5,104"
10107,METRO35620MM5600,"New York, NY HUD Metro FMR Area","$2,990","$2,691","$3,289","$3,070","$2,763","$3,377","$3,450","$3,105","$3,795","$4,300","$3,870","$4,730","$4,640","$4,176","$5,104"
10108,METRO35620MM5600,"New York, NY HUD Metro FMR Area","$2,990","$2,691","$3,289","$3,070","$2,763","$3,377","$3,450","$3,105","$3,795","$4,300","$3,870","$4,730","$4,640","$4,176","$5,104"
10110,METRO35620MM5600,"New York, NY HUD Metro FMR Area","$2,990","$2,691","$3,289","$3,070","$2,763","$3,377","$3,450","$3,105","$3,795","$4,300","$3,870","$4,730","$4,640","$4,176","$5,104"
10111,METRO35620MM5600,"New York, NY HUD Metro FMR Area","$2,990","$2,691","$3,289","$3,070","$2,763","$3,377","$3,450","$3,105","$3,795","$4,300","$3,870","$4,730","$4,640","$4,176","$5,104"
10112,METRO35620MM5600,"New York, NY HUD Metro FMR Area","$2,990","$2,691","$3,289","$3,070","$2,763","$3,377","$3,450","$3,105","$3,795","$4,300","$3,870","$4,730","$4,640","$4,176","$5,104"
10113,METRO35620MM5600,"New York, NY HUD Metro FMR Area","$2,990","$2,691","$3,289","$3,070","$2,763","$3,377","$3,450","$3,105","$3,795","$4,300","$3,870","$4,730","$4,640","$4,176","$5,104"
10115,METRO35620MM5600,"New York, NY HUD Metro FMR Area","$2,990","$2,691","$3,289","$3,070","$2,763","$3,377","$3,450","$3,105","$3,795","$4,300","$3,870","$4,730","$4,640","$4,176","$5,104"
10116,METRO35620MM5600,"New York, NY HUD Metro FMR Area","$2,990","$2,691","$3,289","$3,070","$2,763","$3,377","$3,450","$3,105","$3,795","$4,300","$3,870","$4,730","$4,640","$4,176","$5,104"
10117,METRO35620MM5600,"New York, NY HUD Metro FMR Area","$2,990","$2,691","$3,289","$3,070","$2,763","$3,377","$3,450","$3,105","$3,795","$4,300","$3,870","$4,730","$4,640","$4,176","$5,104"
10118,METRO35620MM5600,"New York, NY HUD Metro FMR Area","$2,990","$2,691","$3,289","$3,070","$2,763","$3,377","$3,450","$3,105","$3,795","$4,300","$3,870","$4,730","$4,640","$4,176","$5,104"
10119,METRO35620MM5600,"New York, NY HUD Metro FMR Area","$2,990","$2,691","$3,289","$3,070","$2,763","$3,377","$3,450","$3,105","$3,795","$4,300","$3,870","$4,730","$4,640","$4,176","$5,104"
10120,METRO35620MM5600,"New York, NY HUD Metro FMR Area","$2,990","$2,691","$3,289","$3,070","$2,763","$3,377","$3,450","$3,105","$3,795","$4,300","$3,870","$4,730","$4,640","$4,176","$5,104"
10121,METRO35620MM5600,"New York, NY HUD Metro FMR Area","$2,990","$2,691","$3,289","$3,070","$2,763","$3,377","$3,450","$3,105","$3,795","$4,300","$3,870","$4,730","$4,640","$4,176","$5,104"
10122,METRO35620MM5600,"New York, NY HUD Metro FMR Area","$2,990","$2,691","$3,289","$3,070","$2,763","$3,377","$3,450","$3,105","$3,795","$4,300","$3,870","$4,730","$4,640","$4,176","$5,104"
10123,METRO35620MM5600,"New York, NY HUD Metro FMR Area","$2,990","$2,691","$3,289","$3,070","$2,763","$3,377","$3,450","$3,105","$3,795","$4,300","$3,870","$4,730","$4,640","$4,176","$5,104"
10124,METRO35620MM5600,"New York, NY HUD Metro FMR Area","$2,990","$2,691","$3,289","$3,070","$2,763","$3,377","$3,450","$3,105","$3,795","$4,300","$3,870","$4,730","$4,640","$4,176","$5,104"
10125,METRO35620MM5600,"New York, NY HUD Metro FMR Area","$2,990","$2,691","$3,289","$3,070","$2,763","$3,377","$3,450","$3,105","$3,795","$4,300","$3,870","$4,730","$4,640","$4,176","$5,104"
10126,METRO35620MM5600,"New York, NY HUD Metro FMR Area","$2,990","$2,691","$3,289","$3,070","$2,763","$3,377","$3,450","$3,105","$3,795","$4,300","$3,870","$4,730","$4,640","$4,176","$5,104"
10128,METRO35620MM5600,"New York, NY HUD Metro FMR Area","$3,580","$3,222","$3,938","$3,680","$3,312","$4,048","$4,130","$3,717","$4,543","$5,150","$4,635","$5,665","$5,550","$4,995","$6,105"
10129,METRO35620MM5600,"New York, NY HUD Metro FMR Area","$2,990","$2,691","$3,289","$3,070","$2,763","$3,377","$3,450","$3,105","$3,795","$4,300","$3,870","$4,730","$4,640","$4,176","$5,104"
10131,METRO35620MM5600,"New York, NY HUD Metro FMR Area","$2,990","$2,691","$3,289","$3,070","$2,763","$3,377","$3,450","$3,105","$3,795","$4,300","$3,870","$4,730","$4,640","$4,176","$5,104"
10133,METRO35620MM5600,"New York, NY HUD Metro FMR Area","$2,990","$2,691","$3,289","$3,070","$2,763","$3,377","$3,450","$3,105","$3,795","$4,300","$3,870","$4,730","$4,640","$4,176","$5,104"
10138,METRO35620MM5600,"New York, NY HUD Metro FMR Area","$2,990","$2,691","$3,289","$3,070","$2,763","$3,377","$3,450","$3,105","$3,795","$4,300","$3,870","$4,730","$4,640","$4,176","$5,104"
10150,METRO35620MM5600,"New York, NY HUD Metro FMR Area","$2,990","$2,691","$3,289","$3,070","$2,763","$3,377","$3,450","$3,105","$3,795","$4,300","$3,870","$4,730","$4,640","$4,176","$5,104"
10151,METRO35620MM5600,"New York, NY HUD Metro FMR Area","$2,990","$2,691","$3,289","$3,070","$2,763","$3,377","$3,450","$3,105","$3,795","$4,300","$3,870","$4,730","$4,640","$4,176","$5,104"
10152,METRO35620MM5600,"New York, NY HUD Metro FMR Area","$3,580","$3,222","$3,938","$3,680","$3,312","$4,048","$4,130","$3,717","$4,543","$5,150","$4,635","$5,665","$5,550","$4,995","$6,105"
10153,METRO35620MM5600,"New York, NY HUD Metro FMR Area","$2,990","$2,691","$3,289","$3,070","$2,763","$3,377","$3,450","$3,105","$3,795","$4,300","$3,870","$4,730","$4,640","$4,176","$5,104"
10154,METRO35620MM5600,"New York, NY HUD Metro FMR Area","$2,990","$2,691","$3,289","$3,070","$2,763","$3,377","$3,450","$3,105","$3,795","$4,300","$3,870","$4,730","$4,640","$4,176","$5,104"
10155,METRO35620MM5600,"New York, NY HUD Metro FMR Area","$2,990","$2,691","$3,289","$3,070","$2,763","$3,377","$3,450","$3,105","$3,795","$4,300","$3,870","$4,730","$4,640","$4,176","$5,104"
10156,METRO35620MM5600,"New York, NY HUD Metro FMR Area","$2,990","$2,691","$3,289","$3,070","$2,763","$3,377","$3,450","$3,105","$3,795","$4,300","$3,870","$4,730","$4,640","$4,176","$5,104"
10157,METRO35620MM5600,"New York, NY HUD Metro FMR Area","$2,990","$2,691","$3,289","$3,070","$2,763","$3,377","$3,450","$3,105","$3,795","$4,300","$3,870","$4,730","$4,640","$4,176","$5,104"
10158,METRO35620MM5600,"New York, NY HUD Metro FMR Area","$2,990","$2,691","$3,289","$3,070","$2,763","$3,377","$3,450","$3,105","$3,795","$4,300","$3,870","$4,730","$4,640","$4,176","$5,104"
10159,METRO35620MM5600,"New York, NY HUD Metro FMR Area","$2,990","$2,691","$3,289","$3,070","$2,763","$3,377","$3,450","$3,105","$3,795","$4,300","$3,870","$4,730","$4,640","$4,176","$5,104"
10160,METRO35620MM5600,"New York, NY HUD Metro FMR Area","$2,990","$2,691","$3,289","$3,070","$2,763","$3,377","$3,450","$3,105","$3,795","$4,300","$3,870","$4,730","$4,640","$4,176","$5,104"
10162,METRO35620MM5600,"New York, NY HUD Metro FMR Area","$3,580","$3,222","$3,938","$3,680","$3,312","$4,048","$4,130","$3,717","$4,543","$5,150","$4,635","$5,665","$5,550","$4,995","$6,105"
10163,METRO35620MM5600,"New York, NY HUD Metro FMR Area","$2,990","$2,691","$3,289","$3,070","$2,763","$3,377","$3,450","$3,105","$3,795","$4,300","$3,870","$4,730","$4,640","$4,176","$5,104"
10164,METRO35620MM5600,"New York, NY HUD Metro FMR Area","$2,990","$2,691","$3,289","$3,070","$2,763","$3,377","$3,450","$3,105","$3,795","$4,300","$3,870","$4,730","$4,640","$4,176","$5,104"
10165,METRO35620MM5600,"New York, NY HUD Metro FMR Area","$2,990","$2,691","$3,289","$3,070","$2,763","$3,377","$3,450","$3,105","$3,795","$4,300","$3,870","$4,730","$4,640","$4,176","$5,104"
10166,METRO35620MM5600,"New York, NY HUD Metro FMR Area","$2,990","$2,691","$3,289","$3,070","$2,763","$3,377","$3,450","$3,105","$3,795","$4,300","$3,870","$4,730","$4,640","$4,176","$5,104"
10167,METRO35620MM5600,"New York, NY HUD Metro FMR Area","$2,990","$2,691","$3,289","$3,070","$2,763","$3,377","$3,450","$3,105","$3,795","$4,300","$3,870","$4,730","$4,640","$4,176","$5,104"
10168,METRO35620MM5600,"New York, NY HUD Metro FMR Area","$2,990","$2,691","$3,289","$3,070","$2,763","$3,377","$3,450","$3,105","$3,795","$4,300","$3,870","$4,730","$4,640","$4,176","$5,104"
10169,METRO35620MM5600,"New York, NY HUD Metro FMR Area","$2,990","$2,691","$3,289","$3,070","$2,763","$3,377","$3,450","$3,105","$3,795","$4,300","$3,870","$4,730","$4,640","$4,176","$5,104"
10170,METRO35620MM5600,"New York, NY HUD Metro FMR Area","$2,990","$2,691","$3,289","$3,070","$2,763","$3,377","$3,450","$3,105","$3,795","$4,300","$3,870","$4,730","$4,640","$4,176","$5,104"
10171,METRO35620MM5600,"New York, NY HUD Metro FMR Area","$2,990","$2,691","$3,289","$3,070","$2,763","$3,377","$3,450","$3,105","$3,795","$4,300","$3,870","$4,730","$4,640","$4,176","$5,104"
10172,METRO35620MM5600,"New York, NY HUD Metro FMR Area","$2,990","$2,691","$3,289","$3,070","$2,763","$3,377","$3,450","$3,105","$3,795","$4,300","$3,870","$4,730","$4,640","$4,176","$5,104"
10173,METRO35620MM5600,"New York, NY HUD Metro FMR Area","$2,990","$2,691","$3,289","$3,070","$2,763","$3,377","$3,450","$3,105","$3,795","$4,300","$3,870","$4,730","$4,640","$4,176","$5,104"
10174,METRO35620MM5600,"New York, NY HUD Metro FMR Area","$2,990","$2,691","$3,289","$3,070","$2,763","$3,377","$3,450","$3,105","$3,795","$4,300","$3,870","$4,730","$4,640","$4,176","$5,104"
10175,METRO35620MM5600,"New York, NY HUD Metro FMR Area","$2,990","$2,691","$3,289","$3,070","$2,763","$3,377","$3,450","$3,105","$3,795","$4,300","$3,870","$4,730","$4,640","$4,176","$5,104"
10176,METRO35620MM5600,"New York, NY HUD Metro FMR Area","$2,990","$2,691","$3,289","$3,070","$2,763","$3,377","$3,450","$3,105","$3,795","$4,300","$3,870","$4,730","$4,640","$4,176","$5,104"
10177,METRO35620MM5600,"New York, NY HUD Metro FMR Area","$2,990","$2,691","$3,289","$3,070","$2,763","$3,377","$3,450","$3,105","$3,795","$4,300","$3,870","$4,730","$4,640","$4,176","$5,104"
10178,METRO35620MM5600,"New York, NY HUD Metro FMR Area","$2,990","$2,691","$3,289","$3,070","$2,763","$3,377","$3,450","$3,105","$3,795","$4,300","$3,870","$4,730","$4,640","$4,176","$5,104"
10179,METRO35620MM5600,"New York, NY HUD Metro FMR Area","$2,990","$2,691","$3,289","$3,070","$2,763","$3,377","$3,450","$3,105","$3,795","$4,300","$3,870","$4,730","$4,640","$4,176","$5,104"
10185,METRO35620MM5600,"New York, NY HUD Metro FMR Area","$2,990","$2,691","$3,289","$3,070","$2,763","$3,377","$3,450","$3,105","$3,795","$4,300","$3,870","$4,730","$4,640","$4,176","$5,104"
10199,METRO35620MM5600,"New York, NY HUD Metro FMR Area","$2,990","$2,691","$3,289","$3,070","$2,763","$3,377","$3,450","$3,105","$3,795","$4,300","$3,870","$4,730","$4,640","$4,176","$5,104"
10203,METRO35620MM5600,"New York, NY HUD Metro FMR Area","$2,990","$2,691","$3,289","$3,070","$2,763","$3,377","$3,450","$3,105","$3,795","$4,300","$3,870","$4,730","$4,640","$4,176","$5,104"
10211,METRO35620MM5600,"New York, NY HUD Metro FMR Area","$2,990","$2,691","$3,289","$3,070","$2,763","$3,377","$3,450","$3,105","$3,795","$4,300","$3,870","$4,730","$4,640","$4,176","$5,104"
10212,METRO35620MM5600,"New York, NY HUD Metro FMR Area","$2,990","$2,691","$3,289","$3,070","$2,763","$3,377","$3,450","$3,105","$3,795","$4,300","$3,870","$4,730","$4,640","$4,176","$5,104"
10213,METRO35620MM5600,"New York, NY HUD Metro FMR Area","$2,990","$2,691","$3,289","$3,070","$2,763","$3,377","$3,450","$3,105","$3,795","$4,300","$3,870","$4,730","$4,640","$4,176","$5,104"
10258,METRO35620MM5600,"New York, NY HUD Metro FMR Area","$2,990","$2,691","$3,289","$3,070","$2,763","$3,377","$3,450","$3,105","$3,795","$4,300","$3,870","$4,730","$4,640","$4,176","$5,104"
10268,METRO35620MM5600,"New York, NY HUD Metro FMR Area","$2,990","$2,691","$3,289","$3,070","$2,763","$3,377","$3,450","$3,105","$3,795","$4,300","$3,870","$4,730","$4,640","$4,176","$5,104"
10269,METRO35620MM5600,"New York, NY HUD Metro FMR Area","$2,990","$2,691","$3,289","$3,070","$2,763","$3,377","$3,450","$3,105","$3,795","$4,300","$3,870","$4,730","$4,640","$4,176","$5,104"
10271,METRO35620MM5600,"New York, NY HUD Metro FMR Area","$2,990","$2,691","$3,289","$3,070","$2,763","$3,377","$3,450","$3,105","$3,795","$4,300","$3,870","$4,730","$4,640","$4,176","$5,104"
10272,METRO35620MM5600,"New York, NY HUD Metro FMR Area","$2,990","$2,691","$3,289","$3,070","$2,763","$3,377","$3,450","$3,105","$3,795","$4,300","$3,870","$4,730","$4,640","$4,176","$5,104"
10274,METRO35620MM5600,"New York, NY HUD Metro FMR Area","$2,990","$2,691","$3,289","$3,070","$2,763","$3,377","$3,450","$3,105","$3,795","$4,300","$3,870","$4,730","$4,640","$4,176","$5,104"
10275,METRO35620MM5600,"New York, NY HUD Metro FMR Area","$2,990","$2,691","$3,289","$3,070","$2,763","$3,377","$3,450","$3,105","$3,795","$4,300","$3,870","$4,730","$4,640","$4,176","$5,104"
10276,METRO35620MM5600,"New York, NY HUD Metro FMR Area","$2,990","$2,691","$3,289","$3,070","$2,763","$3,377","$3,450","$3,105","$3,795","$4,300","$3,870","$4,730","$4,640","$4,176","$5,104"
10277,METRO35620MM5600,"New York, NY HUD Metro FMR Area","$2,990","$2,691","$3,289","$3,070","$2,763","$3,377","$3,450","$3,105","$3,795","$4,300","$3,870","$4,730","$4,640","$4,176","$5,104"
10278,METRO35620MM5600,"New York, NY HUD Metro FMR Area","$2,990","$2,691","$3,289","$3,070","$2,763","$3,377","$3,450","$3,105","$3,795","$4,300","$3,870","$4,730","$4,640","$4,176","$5,104"
10279,METRO35620MM5600,"New York, NY HUD Metro FMR Area","$2,990","$2,691","$3,289","$3,070","$2,763","$3,377","$3,450","$3,105","$3,795","$4,300","$3,870","$4,730","$4,640","$4,176","$5,104"
10280,METRO35620MM5600,"New York, NY HUD Metro FMR Area","$3,580","$3,222","$3,938","$3,680","$3,312","$4,048","$4,130","$3,717","$4,543","$5,150","$4,635","$5,665","$5,550","$4,995","$6,105"
10281,METRO35620MM5600,"New York, NY HUD Metro FMR Area","$2,990","$2,691","$3,289","$3,070","$2,763","$3,377","$3,450","$3,105","$3,795","$4,300","$3,870","$4,730","$4,640","$4,176","$5,104"
10282,METRO35620MM5600,"New York, NY HUD Metro FMR Area","$3,220","$2,898","$3,542","$3,300","$2,970","$3,630","$3,710","$3,339","$4,081","$4,630","$4,167","$5,093","$4,990","$4,491","$5,489"
10285,METRO35620MM5600,"New York, NY HUD Metro FMR Area","$2,990","$2,691","$3,289","$3,070","$2,763","$3,377","$3,450","$3,105","$3,795","$4,300","$3,870","$4,730","$4,640","$4,176","$5,104"
10301,METRO35620MM5600,"New York, NY HUD Metro FMR Area","$2,450","$2,205","$2,695","$2,520","$2,268","$2,772","$2,830","$2,547","$3,113","$3,530","$3,177","$3,883","$3,800","$3,420","$4,180"
10302,METRO35620MM5600,"New York, NY HUD Metro FMR Area","$2,180","$1,962","$2,398","$2,240","$2,016","$2,464","$2,520","$2,268","$2,772","$3,140","$2,826","$3,454","$3,390","$3,051","$3,729"
10303,METRO35620MM5600,"New York, NY HUD Metro FMR Area","$2,410","$2,169","$2,651","$2,480","$2,232","$2,728","$2,780","$2,502","$3,058","$3,470","$3,123","$3,817","$3,740","$3,366","$4,114"
10304,METRO35620MM5600,"New York, NY HUD Metro FMR Area","$2,040","$1,836","$2,244","$2,090","$1,881","$2,299","$2,350","$2,115","$2,585","$2,930","$2,637","$3,223","$3,160","$2,844","$3,476"
10305,METRO35620MM5600,"New York, NY HUD Metro FMR Area","$2,140","$1,926","$2,354","$2,200","$1,980","$2,420","$2,470","$2,223","$2,717","$3,080","$2,772","$3,388","$3,320","$2,988","$3,652"
10306,METRO35620MM5600,"New York, NY HUD Metro FMR Area","$2,140","$1,926","$2,354","$2,200","$1,980","$2,420","$2,470","$2,223","$2,717","$3,080","$2,772","$3,388","$3,320","$2,988","$3,652"
10307,METRO35620MM5600,"New York, NY HUD Metro FMR Area","$1,920","$1,728","$2,112","$1,960","$1,764","$2,156","$2,210","$1,989","$2,431","$2,780","$2,502","$3,058","$2,990","$2,691","$3,289"
10308,METRO35620MM5600,"New York, NY HUD Metro FMR Area","$2,560","$2,304","$2,816","$2,630","$2,367","$2,893","$2,950","$2,655","$3,245","$3,680","$3,312","$4,048","$3,970","$3,573","$4,367"
10309,METRO35620MM5600,"New York, NY HUD Metro FMR Area","$2,590","$2,331","$2,849","$2,660","$2,394","$2,926","$2,990","$2,691","$3,289","$3,730","$3,357","$4,103","$4,020","$3,618","$4,422"
10310,METRO35620MM5600,"New York, NY HUD Metro FMR Area","$2,190","$1,971","$2,409","$2,250","$2,025","$2,475","$2,530","$2,277","$2,783","$3,160","$2,844","$3,476","$3,400","$3,060","$3,740"
10311,METRO35620MM5600,"New York, NY HUD Metro FMR Area","$2,180","$1,962","$2,398","$2,240","$2,016","$2,464","$2,510","$2,259","$2,761","$3,130","$2,817","$3,443","$3,370","$3,033","$3,707"
10312,METRO35620MM5600,"New York, NY HUD Metro FMR Area","$2,120","$1,908","$2,332","$2,170","$1,953","$2,387","$2,440","$2,196","$2,684","$3,040","$2,736","$3,344","$3,280","$2,952","$3,608"
10313,METRO35620MM5600,"New York, NY HUD Metro FMR Area","$2,180","$1,962","$2,398","$2,240","$2,016","$2,464","$2,510","$2,259","$2,761","$3,130","$2,817","$3,443","$3,370","$3,033","$3,707"
10314,METRO35620MM5600,"New York, NY HUD Metro FMR Area","$2,300","$2,070","$2,530","$2,360","$2,124","$2,596","$2,650","$2,385","$2,915","$3,310","$2,979","$3,641","$3,560","$3,204","$3,916"
10451,METRO35620MM5600,"New York, NY HUD Metro FMR Area","$1,950","$1,755","$2,145","$2,000","$1,800","$2,200","$2,250","$2,025","$2,475","$2,810","$2,529","$3,091","$3,020","$2,718","$3,322"
10452,METRO35620MM5600,"New York, NY HUD Metro FMR Area","$1,920","$1,728","$2,112","$1,960","$1,764","$2,156","$2,210","$1,989","$2,431","$2,780","$2,502","$3,058","$2,990","$2,691","$3,289"
10453,METRO35620MM5600,"New York, NY HUD Metro FMR Area","$1,950","$1,755","$2,145","$2,000","$1,800","$2,200","$2,250","$2,025","$2,475","$2,810","$2,529","$3,091","$3,020","$2,718","$3,322"
10454,METRO35620MM5600,"New York, NY HUD Metro FMR Area","$2,040","$1,836","$2,244","$2,090","$1,881","$2,299","$2,350","$2,115","$2,585","$2,930","$2,637","$3,223","$3,160","$2,844","$3,476"
10455,METRO35620MM5600,"New York, NY HUD Metro FMR Area","$1,950","$1,755","$2,145","$2,000","$1,800","$2,200","$2,250","$2,025","$2,475","$2,810","$2,529","$3,091","$3,020","$2,718","$3,322"
10456,METRO35620MM5600,"New York, NY HUD Metro FMR Area","$1,920","$1,728","$2,112","$1,960","$1,764","$2,156","$2,210","$1,989","$2,431","$2,780","$2,502","$3,058","$2,990","$2,691","$3,289"
10457,METRO35620MM5600,"New York, NY HUD Metro FMR Area","$2,020","$1,818","$2,222","$2,080","$1,872","$2,288","$2,330","$2,097","$2,563","$2,910","$2,619","$3,201","$3,130","$2,817","$3,443"
10458,METRO35620MM5600,"New York, NY HUD Metro FMR Area","$2,180","$1,962","$2,398","$2,240","$2,016","$2,464","$2,510","$2,259","$2,761","$3,130","$2,817","$3,443","$3,370","$3,033","$3,707"
10459,METRO35620MM5600,"New York, NY HUD Metro FMR Area","$1,920","$1,728","$2,112","$1,960","$1,764","$2,156","$2,210","$1,989","$2,431","$2,780","$2,502","$3,058","$2,990","$2,691","$3,289"
10460,METRO35620MM5600,"New York, NY HUD Metro FMR Area","$1,920","$1,728","$2,112","$1,970","$1,773","$2,167","$2,210","$1,989","$2,431","$2,780","$2,502","$3,058","$2,990","$2,691","$3,289"
10461,METRO35620MM5600,"New York, NY HUD Metro FMR Area","$2,460","$2,214","$2,706","$2,530","$2,277","$2,783","$2,840","$2,556","$3,124","$3,540","$3,186","$3,894","$3,820","$3,438","$4,202"
10462,METRO35620MM5600,"New York, NY HUD Metro FMR Area","$2,310","$2,079","$2,541","$2,380","$2,142","$2,618","$2,670","$2,403","$2,937","$3,330","$2,997","$3,663","$3,590","$3,231","$3,949"
10463,METRO35620MM5600,"New York, NY HUD Metro FMR Area","$2,280","$2,052","$2,508","$2,340","$2,106","$2,574","$2,630","$2,367","$2,893","$3,280","$2,952","$3,608","$3,540","$3,186","$3,894"
10464,METRO35620MM5600,"New York, NY HUD Metro FMR Area","$2,250","$2,025","$2,475","$2,320","$2,088","$2,552","$2,600","$2,340","$2,860","$3,240","$2,916","$3,564","$3,500","$3,150","$3,850"
10465,METRO35620MM5600,"New York, NY HUD Metro FMR Area","$2,440","$2,196","$2,684","$2,510","$2,259","$2,761","$2,820","$2,538","$3,102","$3,520","$3,168","$3,872","$3,790","$3,411","$4,169"
10466,METRO35620MM5600,"New York, NY HUD Metro FMR Area","$2,210","$1,989","$2,431","$2,270","$2,043","$2,497","$2,550","$2,295","$2,805","$3,180","$2,862","$3,498","$3,430","$3,087","$3,773"
10467,METRO35620MM5600,"New York, NY HUD Metro FMR Area","$2,220","$1,998","$2,442","$2,280","$2,052","$2,508","$2,560","$2,304","$2,816","$3,190","$2,871","$3,509","$3,440","$3,096","$3,784"
10468,METRO35620MM5600,"New York, NY HUD Metro FMR Area","$2,130","$1,917","$2,343","$2,190","$1,971","$2,409","$2,460","$2,214","$2,706","$3,070","$2,763","$3,377","$3,310","$2,979","$3,641"
10469,METRO35620MM5600,"New York, NY HUD Metro FMR Area","$2,300","$2,070","$2,530","$2,360","$2,124","$2,596","$2,650","$2,385","$2,915","$3,310","$2,979","$3,641","$3,560","$3,204","$3,916"
10470,METRO35620MM5600,"New York, NY HUD Metro FMR Area","$2,180","$1,962","$2,398","$2,240","$2,016","$2,464","$2,520","$2,268","$2,772","$3,140","$2,826","$3,454","$3,390","$3,051","$3,729"
10471,METRO35620MM5600,"New York, NY HUD Metro FMR Area","$2,460","$2,214","$2,706","$2,530","$2,277","$2,783","$2,840","$2,556","$3,124","$3,540","$3,186","$3,894","$3,820","$3,438","$4,202"
10472,METRO35620MM5600,"New York, NY HUD Metro FMR Area","$2,030","$1,827","$2,233","$2,080","$1,872","$2,288","$2,340","$2,106","$2,574","$2,920","$2,628","$3,212","$3,150","$2,835","$3,465"
10473,METRO35620MM5600,"New York, NY HUD Metro FMR Area","$1,920","$1,728","$2,112","$1,960","$1,764","$2,156","$2,210","$1,989","$2,431","$2,780","$2,502","$3,058","$2,990","$2,691","$3,289"
10474,METRO35620MM5600,"New York, NY HUD Metro FMR Area","$1,920","$1,728","$2,112","$1,960","$1,764","$2,156","$2,210","$1,989","$2,431","$2,780","$2,502","$3,058","$2,990","$2,691","$3,289"
10475,METRO35620MM5600,"New York, NY HUD Metro FMR Area","$1,920","$1,728","$2,112","$1,960","$1,764","$2,156","$2,210","$1,989","$2,431","$2,780","$2,502","$3,058","$2,990","$2,691","$3,289"
10505,METRO35620MM5600,"New York, NY HUD Metro FMR Area","$1,970","$1,773","$2,167","$2,310","$2,079","$2,541","$2,810","$2,529","$3,091","$3,450","$3,105","$3,795","$3,740","$3,366","$4,114"
10509,METRO35620MM5600,"New York, NY HUD Metro FMR Area","$2,350","$2,115","$2,585","$2,410","$2,169","$2,651","$2,710","$2,439","$2,981","$3,380","$3,042","$3,718","$3,640","$3,276","$4,004"
10512,METRO35620MM5600,"New York, NY HUD Metro FMR Area","$2,040","$1,836","$2,244","$2,090","$1,881","$2,299","$2,350","$2,115","$2,585","$2,930","$2,637","$3,223","$3,160","$2,844","$3,476"
10516,METRO35620MM5600,"New York, NY HUD Metro FMR Area","$2,350","$2,115","$2,585","$2,410","$2,169","$2,651","$2,710","$2,439","$2,981","$3,380","$3,042","$3,718","$3,640","$3,276","$4,004"
10524,METRO35620MM5600,"New York, NY HUD Metro FMR Area","$2,360","$2,124","$2,596","$2,420","$2,178","$2,662","$2,720","$2,448","$2,992","$3,390","$3,051","$3,729","$3,660","$3,294","$4,026"
10537,METRO35620MM5600,"New York, NY HUD Metro FMR Area","$3,100","$2,790","$3,410","$3,180","$2,862","$3,498","$3,570","$3,213","$3,927","$4,450","$4,005","$4,895","$4,800","$4,320","$5,280"
10541,METRO35620MM5600,"New York, NY HUD Metro FMR Area","$2,280","$2,052","$2,508","$2,360","$2,124","$2,596","$2,660","$2,394","$2,926","$3,310","$2,979","$3,641","$3,570","$3,213","$3,927"
10542,METRO35620MM5600,"New York, NY HUD Metro FMR Area","$2,250","$2,025","$2,475","$2,320","$2,088","$2,552","$2,600","$2,340","$2,860","$3,240","$2,916","$3,564","$3,500","$3,150","$3,850"
10550,METRO35620MM5600,"New York, NY HUD Metro FMR Area","$1,920","$1,728","$2,112","$1,960","$1,764","$2,156","$2,210","$1,989","$2,431","$2,780","$2,502","$3,058","$2,990","$2,691","$3,289"
10560,METRO35620MM5600,"New York, NY HUD Metro FMR Area","$1,920","$1,728","$2,112","$2,140","$1,926","$2,354","$2,600","$2,340","$2,860","$3,190","$2,871","$3,509","$3,460","$3,114","$3,806"
10567,METRO35620MM5600,"New York, NY HUD Metro FMR Area","$1,920","$1,728","$2,112","$2,180","$1,962","$2,398","$2,650","$2,385","$2,915","$3,250","$2,925","$3,575","$3,530","$3,177","$3,883"
10579,METRO35620MM5600,"New York, NY HUD Metro FMR Area","$2,710","$2,439","$2,981","$2,780","$2,502","$3,058","$3,120","$2,808","$3,432","$3,890","$3,501","$4,279","$4,190","$3,771","$4,609"
10588,METRO35620MM5600,"New York, NY HUD Metro FMR Area","$1,920","$1,728","$2,112","$1,980","$1,782","$2,178","$2,410","$2,169","$2,651","$2,960","$2,664","$3,256","$3,210","$2,889","$3,531"
10803,METRO35620MM5600,"New York, NY HUD Metro FMR Area","$1,920","$1,728","$2,112","$2,150","$1,935","$2,365","$2,610","$2,349","$2,871","$3,200","$2,880","$3,520","$3,480","$3,132","$3,828"
10901,METRO35620MM5600,"New York, NY HUD Metro FMR Area","$2,420","$2,178","$2,662","$2,490","$2,241","$2,739","$2,790","$2,511","$3,069","$3,480","$3,132","$3,828","$3,750","$3,375","$4,125"
10911,METRO35620MM5600,"New York, NY HUD Metro FMR Area","$3,230","$2,907","$3,553","$3,320","$2,988","$3,652","$3,730","$3,357","$4,103","$4,650","$4,185","$5,115","$5,010","$4,509","$5,511"
10913,METRO35620MM5600,"New York, NY HUD Metro FMR Area","$2,570","$2,313","$2,827","$2,650","$2,385","$2,915","$2,970","$2,673","$3,267","$3,710","$3,339","$4,081","$3,990","$3,591","$4,389"
10920,METRO35620MM5600,"New York, NY HUD Metro FMR Area","$2,140","$1,926","$2,354","$2,200","$1,980","$2,420","$2,470","$2,223","$2,717","$3,080","$2,772","$3,388","$3,320","$2,988","$3,652"
10923,METRO35620MM5600,"New York, NY HUD Metro FMR Area","$2,400","$2,160","$2,640","$2,470","$2,223","$2,717","$2,770","$2,493","$3,047","$3,460","$3,114","$3,806","$3,720","$3,348","$4,092"
10927,METRO35620MM5600,"New York, NY HUD Metro FMR Area","$2,230","$2,007","$2,453","$2,290","$2,061","$2,519","$2,570","$2,313","$2,827","$3,210","$2,889","$3,531","$3,460","$3,114","$3,806"
10931,METRO35620MM5600,"New York, NY HUD Metro FMR Area","$2,640","$2,376","$2,904","$2,710","$2,439","$2,981","$3,040","$2,736","$3,344","$3,790","$3,411","$4,169","$4,090","$3,681","$4,499"
10952,METRO35620MM5600,"New York, NY HUD Metro FMR Area","$2,360","$2,124","$2,596","$2,420","$2,178","$2,662","$2,720","$2,448","$2,992","$3,390","$3,051","$3,729","$3,660","$3,294","$4,026"
10954,METRO35620MM5600,"New York, NY HUD Metro FMR Area","$3,150","$2,835","$3,465","$3,230","$2,907","$3,553","$3,630","$3,267","$3,993","$4,530","$4,077","$4,983","$4,880","$4,392","$5,368"
10956,METRO35620MM5600,"New York, NY HUD Metro FMR Area","$2,550","$2,295","$2,805","$2,620","$2,358","$2,882","$2,940","$2,646","$3,234","$3,670","$3,303","$4,037","$3,950","$3,555","$4,345"
10960,METRO35620MM5600,"New York, NY HUD Metro FMR Area","$2,850","$2,565","$3,135","$2,930","$2,637","$3,223","$3,290","$2,961","$3,619","$4,100","$3,690","$4,510","$4,420","$3,978","$4,862"
10962,METRO35620MM5600,"New York, NY HUD Metro FMR Area","$1,920","$1,728","$2,112","$1,960","$1,764","$2,156","$2,210","$1,989","$2,431","$2,780","$2,502","$3,058","$2,990","$2,691","$3,289"
10964,METRO35620MM5600,"New York, NY HUD Metro FMR Area","$1,970","$1,773","$2,167","$2,080","$1,872","$2,288","$2,350","$2,115","$2,585","$2,920","$2,628","$3,212","$3,260","$2,934","$3,586"
10965,METRO35620MM5600,"New York, NY HUD Metro FMR Area","$2,210","$1,989","$2,431","$2,270","$2,043","$2,497","$2,550","$2,295","$2,805","$3,180","$2,862","$3,498","$3,430","$3,087","$3,773"
10968,METRO35620MM5600,"New York, NY HUD Metro FMR Area","$2,880","$2,592","$3,168","$2,960","$2,664","$3,256","$3,320","$2,988","$3,652","$4,140","$3,726","$4,554","$4,460","$4,014","$4,906"
10970,METRO35620MM5600,"New York, NY HUD Metro FMR Area","$2,180","$1,962","$2,398","$2,240","$2,016","$2,464","$2,520","$2,268","$2,772","$3,140","$2,826","$3,454","$3,390","$3,051","$3,729"
10974,METRO35620MM5600,"New York, NY HUD Metro FMR Area","$2,630","$2,367","$2,893","$2,700","$2,430","$2,970","$3,030","$2,727","$3,333","$3,780","$3,402","$4,158","$4,070","$3,663","$4,477"
10976,METRO35620MM5600,"New York, NY HUD Metro FMR Area","$1,920","$1,728","$2,112","$1,960","$1,764","$2,156","$2,210","$1,989","$2,431","$2,780","$2,502","$3,058","$2,990","$2,691","$3,289"
10977,METRO35620MM5600,"New York, NY HUD Metro FMR Area","$1,990","$1,791","$2,189","$2,050","$1,845","$2,255","$2,300","$2,070","$2,530","$2,870","$2,583","$3,157","$3,090","$2,781","$3,399"
10980,METRO35620MM5600,"New York, NY HUD Metro FMR Area","$2,380","$2,142","$2,618","$2,440","$2,196","$2,684","$2,740","$2,466","$3,014","$3,420","$3,078","$3,762","$3,680","$3,312","$4,048"
10982,METRO35620MM5600,"New York, NY HUD Metro FMR Area","$2,410","$2,169","$2,651","$2,480","$2,232","$2,728","$2,780","$2,502","$3,058","$3,470","$3,123","$3,817","$3,740","$3,366","$4,114"
10983,METRO35620MM5600,"New York, NY HUD Metro FMR Area","$3,310","$2,979","$3,641","$3,400","$3,060","$3,740","$3,820","$3,438","$4,202","$4,770","$4,293","$5,247","$5,140","$4,626","$5,654"
10984,METRO35620MM5600,"New York, NY HUD Metro FMR Area","$2,360","$2,124","$2,596","$2,420","$2,178","$2,662","$2,720","$2,448","$2,992","$3,400","$3,060","$3,740","$3,650","$3,285","$4,015"
10986,METRO35620MM5600,"New York, NY HUD Metro FMR Area","$3,230","$2,907","$3,553","$3,320","$2,988","$3,652","$3,730","$3,357","$4,103","$4,650","$4,185","$5,115","$5,010","$4,509","$5,511"
10987,METRO35620MM5600,"New York, NY HUD Metro FMR Area","$1,920","$1,728","$2,112","$1,960","$1,764","$2,156","$2,210","$1,989","$2,431","$2,780","$2,502","$3,058","$2,990","$2,691","$3,289"
10989,METRO35620MM5600,"New York, NY HUD Metro FMR Area","$3,160","$2,844","$3,476","$3,250","$2,925","$3,575","$3,650","$3,285","$4,015","$4,550","$4,095","$5,005","$4,910","$4,419","$5,401"
10993,METRO35620MM5600,"New York, NY HUD Metro FMR Area","$1,920","$1,728","$2,112","$1,970","$1,773","$2,167","$2,210","$1,989","$2,431","$2,780","$2,502","$3,058","$2,990","$2,691","$3,289"
10994,METRO35620MM5600,"New York, NY HUD Metro FMR Area","$2,790","$2,511","$3,069","$2,870","$2,583","$3,157","$3,220","$2,898","$3,542","$4,020","$3,618","$4,422","$4,330","$3,897","$4,763"
11001,METRO35620MM5600,"New York, NY HUD Metro FMR Area","$1,920","$1,728","$2,112","$2,160","$1,944","$2,376","$2,500","$2,250","$2,750","$3,210","$2,889","$3,531","$3,480","$3,132","$3,828"
11003,METRO35620MM5600,"New York, NY HUD Metro FMR Area","$1,920","$1,728","$2,112","$2,180","$1,962","$2,398","$2,550","$2,295","$2,805","$3,300","$2,970","$3,630","$3,580","$3,222","$3,938"
11004,METRO35620MM5600,"New York, NY HUD Metro FMR Area","$2,440","$2,196","$2,684","$2,510","$2,259","$2,761","$2,820","$2,538","$3,102","$3,520","$3,168","$3,872","$3,790","$3,411","$4,169"
11005,METRO35620MM5600,"New York, NY HUD Metro FMR Area","$3,580","$3,222","$3,938","$3,680","$3,312","$4,048","$4,130","$3,717","$4,543","$5,150","$4,635","$5,665","$5,550","$4,995","$6,105"
11020,METRO35620MM5600,"New York, NY HUD Metro FMR Area","$1,970","$1,773","$2,167","$2,460","$2,214","$2,706","$2,870","$2,583","$3,157","$3,710","$3,339","$4,081","$4,020","$3,618","$4,422"
11021,METRO35620MM5600,"New York, NY HUD Metro FMR Area","$1,920","$1,728","$2,112","$2,150","$1,935","$2,365","$2,510","$2,259","$2,761","$3,250","$2,925","$3,575","$3,520","$3,168","$3,872"
11040,METRO35620MM5600,"New York, NY HUD Metro FMR Area","$1,950","$1,755","$2,145","$2,410","$2,169","$2,651","$2,810","$2,529","$3,091","$3,630","$3,267","$3,993","$3,940","$3,546","$4,334"
11101,METRO35620MM5600,"New York, NY HUD Metro FMR Area","$2,840","$2,556","$3,124","$2,920","$2,628","$3,212","$3,280","$2,952","$3,608","$4,090","$3,681","$4,499","$4,410","$3,969","$4,851"
11102,METRO35620MM5600,"New York, NY HUD Metro FMR Area","$2,990","$2,691","$3,289","$3,070","$2,763","$3,377","$3,450","$3,105","$3,795","$4,300","$3,870","$4,730","$4,640","$4,176","$5,104"
11103,METRO35620MM5600,"New York, NY HUD Metro FMR Area","$2,750","$2,475","$3,025","$2,820","$2,538","$3,102","$3,170","$2,853","$3,487","$3,960","$3,564","$4,356","$4,260","$3,834","$4,686"
11104,METRO35620MM5600,"New York, NY HUD Metro FMR Area","$2,680","$2,412","$2,948","$2,750","$2,475","$3,025","$3,090","$2,781","$3,399","$3,860","$3,474","$4,246","$4,150","$3,735","$4,565"
11105,METRO35620MM5600,"New York, NY HUD Metro FMR Area","$2,900","$2,610","$3,190","$2,980","$2,682","$3,278","$3,350","$3,015","$3,685","$4,180","$3,762","$4,598","$4,500","$4,050","$4,950"
11106,METRO35620MM5600,"New York, NY HUD Metro FMR Area","$2,710","$2,439","$2,981","$2,790","$2,511","$3,069","$3,130","$2,817","$3,443","$3,910","$3,519","$4,301","$4,210","$3,789","$4,631"
11109,METRO35620MM5600,"New York, NY HUD Metro FMR Area","$3,580","$3,222","$3,938","$3,680","$3,312","$4,048","$4,130","$3,717","$4,543","$5,150","$4,635","$5,665","$5,550","$4,995","$6,105"
11201,METRO35620MM5600,"New York, NY HUD Metro FMR Area","$3,580","$3,222","$3,938","$3,680","$3,312","$4,048","$4,130","$3,717","$4,543","$5,150","$4,635","$5,665","$5,550","$4,995","$6,105"
11202,METRO35620MM5600,"New York, NY HUD Metro FMR Area","$2,370","$2,133","$2,607","$2,430","$2,187","$2,673","$2,730","$2,457","$3,003","$3,410","$3,069","$3,751","$3,670","$3,303","$4,037"
11203,METRO35620MM5600,"New York, NY HUD Metro FMR Area","$2,110","$1,899","$2,321","$2,160","$1,944","$2,376","$2,430","$2,187","$2,673","$3,030","$2,727","$3,333","$3,270","$2,943","$3,597"
11204,METRO35620MM5600,"New York, NY HUD Metro FMR Area","$2,190","$1,971","$2,409","$2,250","$2,025","$2,475","$2,530","$2,277","$2,783","$3,160","$2,844","$3,476","$3,400","$3,060","$3,740"
11205,METRO35620MM5600,"New York, NY HUD Metro FMR Area","$2,510","$2,259","$2,761","$2,570","$2,313","$2,827","$2,890","$2,601","$3,179","$3,610","$3,249","$3,971","$3,890","$3,501","$4,279"
11206,METRO35620MM5600,"New York, NY HUD Metro FMR Area","$2,050","$1,845","$2,255","$2,110","$1,899","$2,321","$2,370","$2,133","$2,607","$2,960","$2,664","$3,256","$3,190","$2,871","$3,509"
11207,METRO35620MM5600,"New York, NY HUD Metro FMR Area","$2,200","$1,980","$2,420","$2,260","$2,034","$2,486","$2,540","$2,286","$2,794","$3,170","$2,853","$3,487","$3,410","$3,069","$3,751"
11208,METRO35620MM5600,"New York, NY HUD Metro FMR Area","$2,120","$1,908","$2,332","$2,170","$1,953","$2,387","$2,440","$2,196","$2,684","$3,040","$2,736","$3,344","$3,280","$2,952","$3,608"
11209,METRO35620MM5600,"New York, NY HUD Metro FMR Area","$2,570","$2,313","$2,827","$2,650","$2,385","$2,915","$2,970","$2,673","$3,267","$3,710","$3,339","$4,081","$3,990","$3,591","$4,389"
11210,METRO35620MM5600,"New York, NY HUD Metro FMR Area","$2,270","$2,043","$2,497","$2,330","$2,097","$2,563","$2,620","$2,358","$2,882","$3,270","$2,943","$3,597","$3,520","$3,168","$3,872"
11211,METRO35620MM5600,"New York, NY HUD Metro FMR Area","$2,840","$2,556","$3,124","$2,920","$2,628","$3,212","$3,280","$2,952","$3,608","$4,090","$3,681","$4,499","$4,410","$3,969","$4,851"
11212,METRO35620MM5600,"New York, NY HUD Metro FMR Area","$1,920","$1,728","$2,112","$1,970","$1,773","$2,167","$2,210","$1,989","$2,431","$2,780","$2,502","$3,058","$2,990","$2,691","$3,289"
11213,METRO35620MM5600,"New York, NY HUD Metro FMR Area","$2,160","$1,944","$2,376","$2,220","$1,998","$2,442","$2,490","$2,241","$2,739","$3,110","$2,799","$3,421","$3,350","$3,015","$3,685"
11214,METRO35620MM5600,"New York, NY HUD Metro FMR Area","$2,260","$2,034","$2,486","$2,320","$2,088","$2,552","$2,610","$2,349","$2,871","$3,260","$2,934","$3,586","$3,510","$3,159","$3,861"
11215,METRO35620MM5600,"New York, NY HUD Metro FMR Area","$3,580","$3,222","$3,938","$3,680","$3,312","$4,048","$4,130","$3,717","$4,543","$5,150","$4,635","$5,665","$5,550","$4,995","$6,105"
11216,METRO35620MM5600,"New York, NY HUD Metro FMR Area","$2,570","$2,313","$2,827","$2,650","$2,385","$2,915","$2,970","$2,673","$3,267","$3,710","$3,339","$4,081","$3,990","$3,591","$4,389"
11217,METRO35620MM5600,"New York, NY HUD Metro FMR Area","$3,580","$3,222","$3,938","$3,680","$3,312","$4,048","$4,130","$3,717","$4,543","$5,150","$4,635","$5,665","$5,550","$4,995","$6,105"
11218,METRO35620MM5600,"New York, NY HUD Metro FMR Area","$2,530","$2,277","$2,783","$2,600","$2,340","$2,860","$2,920","$2,628","$3,212","$3,640","$3,276","$4,004","$3,930","$3,537","$4,323"
11219,METRO35620MM5600,"New York, NY HUD Metro FMR Area","$2,150","$1,935","$2,365","$2,210","$1,989","$2,431","$2,480","$2,232","$2,728","$3,090","$2,781","$3,399","$3,330","$2,997","$3,663"
11220,METRO35620MM5600,"New York, NY HUD Metro FMR Area","$2,160","$1,944","$2,376","$2,220","$1,998","$2,442","$2,490","$2,241","$2,739","$3,110","$2,799","$3,421","$3,350","$3,015","$3,685"
11221,METRO35620MM5600,"New York, NY HUD Metro FMR Area","$2,380","$2,142","$2,618","$2,450","$2,205","$2,695","$2,750","$2,475","$3,025","$3,430","$3,087","$3,773","$3,700","$3,330","$4,070"
11222,METRO35620MM5600,"New York, NY HUD Metro FMR Area","$3,050","$2,745","$3,355","$3,140","$2,826","$3,454","$3,520","$3,168","$3,872","$4,390","$3,951","$4,829","$4,730","$4,257","$5,203"
11223,METRO35620MM5600,"New York, NY HUD Metro FMR Area","$2,300","$2,070","$2,530","$2,360","$2,124","$2,596","$2,650","$2,385","$2,915","$3,310","$2,979","$3,641","$3,560","$3,204","$3,916"
11224,METRO35620MM5600,"New York, NY HUD Metro FMR Area","$1,920","$1,728","$2,112","$1,960","$1,764","$2,156","$2,210","$1,989","$2,431","$2,780","$2,502","$3,058","$2,990","$2,691","$3,289"
11225,METRO35620MM5600,"New York, NY HUD Metro FMR Area","$2,300","$2,070","$2,530","$2,360","$2,124","$2,596","$2,650","$2,385","$2,915","$3,310","$2,979","$3,641","$3,560","$3,204","$3,916"
11226,METRO35620MM5600,"New York, NY HUD Metro FMR Area","$2,220","$1,998","$2,442","$2,280","$2,052","$2,508","$2,560","$2,304","$2,816","$3,190","$2,871","$3,509","$3,440","$3,096","$3,784"
11228,METRO35620MM5600,"New York, NY HUD Metro FMR Area","$2,250","$2,025","$2,475","$2,310","$2,079","$2,541","$2,590","$2,331","$2,849","$3,230","$2,907","$3,553","$3,480","$3,132","$3,828"
11229,METRO35620MM5600,"New York, NY HUD Metro FMR Area","$2,260","$2,034","$2,486","$2,320","$2,088","$2,552","$2,610","$2,349","$2,871","$3,260","$2,934","$3,586","$3,510","$3,159","$3,861"
11230,METRO35620MM5600,"New York, NY HUD Metro FMR Area","$2,380","$2,142","$2,618","$2,450","$2,205","$2,695","$2,750","$2,475","$3,025","$3,430","$3,087","$3,773","$3,700","$3,330","$4,070"
11231,METRO35620MM5600,"New York, NY HUD Metro FMR Area","$3,330","$2,997","$3,663","$3,420","$3,078","$3,762","$3,840","$3,456","$4,224","$4,790","$4,311","$5,269","$5,160","$4,644","$5,676"
11232,METRO35620MM5600,"New York, NY HUD Metro FMR Area","$2,320","$2,088","$2,552","$2,390","$2,151","$2,629","$2,680","$2,412","$2,948","$3,340","$3,006","$3,674","$3,600","$3,240","$3,960"
11233,METRO35620MM5600,"New York, NY HUD Metro FMR Area","$2,140","$1,926","$2,354","$2,200","$1,980","$2,420","$2,470","$2,223","$2,717","$3,080","$2,772","$3,388","$3,320","$2,988","$3,652"
11234,METRO35620MM5600,"New York, NY HUD Metro FMR Area","$2,280","$2,052","$2,508","$2,340","$2,106","$2,574","$2,630","$2,367","$2,893","$3,280","$2,952","$3,608","$3,540","$3,186","$3,894"
11235,METRO35620MM5600,"New York, NY HUD Metro FMR Area","$2,340","$2,106","$2,574","$2,410","$2,169","$2,651","$2,700","$2,430","$2,970","$3,370","$3,033","$3,707","$3,630","$3,267","$3,993"
11236,METRO35620MM5600,"New York, NY HUD Metro FMR Area","$2,270","$2,043","$2,497","$2,330","$2,097","$2,563","$2,620","$2,358","$2,882","$3,270","$2,943","$3,597","$3,520","$3,168","$3,872"
11237,METRO35620MM5600,"New York, NY HUD Metro FMR Area","$2,220","$1,998","$2,442","$2,280","$2,052","$2,508","$2,560","$2,304","$2,816","$3,190","$2,871","$3,509","$3,440","$3,096","$3,784"
11238,METRO35620MM5600,"New York, NY HUD Metro FMR Area","$2,980","$2,682","$3,278","$3,060","$2,754","$3,366","$3,440","$3,096","$3,784","$4,290","$3,861","$4,719","$4,620","$4,158","$5,082"
11239,METRO35620MM5600,"New York, NY HUD Metro FMR Area","$1,990","$1,791","$2,189","$2,040","$1,836","$2,244","$2,290","$2,061","$2,519","$2,860","$2,574","$3,146","$3,080","$2,772","$3,388"
11241,METRO35620MM5600,"New York, NY HUD Metro FMR Area","$2,370","$2,133","$2,607","$2,430","$2,187","$2,673","$2,730","$2,457","$3,003","$3,410","$3,069","$3,751","$3,670","$3,303","$4,037"
11242,METRO35620MM5600,"New York, NY HUD Metro FMR Area","$2,370","$2,133","$2,607","$2,430","$2,187","$2,673","$2,730","$2,457","$3,003","$3,410","$3,069","$3,751","$3,670","$3,303","$4,037"
11243,METRO35620MM5600,"New York, NY HUD Metro FMR Area","$2,370","$2,133","$2,607","$2,430","$2,187","$2,673","$2,730","$2,457","$3,003","$3,410","$3,069","$3,751","$3,670","$3,303","$4,037"
11247,METRO35620MM5600,"New York, NY HUD Metro FMR Area","$2,370","$2,133","$2,607","$2,430","$2,187","$2,673","$2,730","$2,457","$3,003","$3,410","$3,069","$3,751","$3,670","$3,303","$4,037"
11249,METRO35620MM5600,"New York, NY HUD Metro FMR Area","$2,370","$2,133","$2,607","$2,430","$2,187","$2,673","$2,730","$2,457","$3,003","$3,410","$3,069","$3,751","$3,670","$3,303","$4,037"
11252,METRO35620MM5600,"New York, NY HUD Metro FMR Area","$2,370","$2,133","$2,607","$2,430","$2,187","$2,673","$2,730","$2,457","$3,003","$3,410","$3,069","$3,751","$3,670","$3,303","$4,037"
11256,METRO35620MM5600,"New York, NY HUD Metro FMR Area","$2,370","$2,133","$2,607","$2,430","$2,187","$2,673","$2,730","$2,457","$3,003","$3,410","$3,069","$3,751","$3,670","$3,303","$4,037"
11351,METRO35620MM5600,"New York, NY HUD Metro FMR Area","$2,440","$2,196","$2,684","$2,510","$2,259","$2,761","$2,820","$2,538","$3,102","$3,520","$3,168","$3,872","$3,790","$3,411","$4,169"
11352,METRO35620MM5600,"New York, NY HUD Metro FMR Area","$2,440","$2,196","$2,684","$2,510","$2,259","$2,761","$2,820","$2,538","$3,102","$3,520","$3,168","$3,872","$3,790","$3,411","$4,169"
11354,METRO35620MM5600,"New York, NY HUD Metro FMR Area","$2,390","$2,151","$2,629","$2,460","$2,214","$2,706","$2,760","$2,484","$3,036","$3,440","$3,096","$3,784","$3,710","$3,339","$4,081"
11355,METRO35620MM5600,"New York, NY HUD Metro FMR Area","$2,370","$2,133","$2,607","$2,430","$2,187","$2,673","$2,730","$2,457","$3,003","$3,410","$3,069","$3,751","$3,670","$3,303","$4,037"
11356,METRO35620MM5600,"New York, NY HUD Metro FMR Area","$2,630","$2,367","$2,893","$2,700","$2,430","$2,970","$3,030","$2,727","$3,333","$3,780","$3,402","$4,158","$4,070","$3,663","$4,477"
11357,METRO35620MM5600,"New York, NY HUD Metro FMR Area","$2,700","$2,430","$2,970","$2,770","$2,493","$3,047","$3,110","$2,799","$3,421","$3,880","$3,492","$4,268","$4,180","$3,762","$4,598"
11358,METRO35620MM5600,"New York, NY HUD Metro FMR Area","$2,520","$2,268","$2,772","$2,590","$2,331","$2,849","$2,910","$2,619","$3,201","$3,630","$3,267","$3,993","$3,910","$3,519","$4,301"
11359,METRO35620MM5600,"New York, NY HUD Metro FMR Area","$2,440","$2,196","$2,684","$2,510","$2,259","$2,761","$2,820","$2,538","$3,102","$3,520","$3,168","$3,872","$3,790","$3,411","$4,169"
11360,METRO35620MM5600,"New York, NY HUD Metro FMR Area","$3,110","$2,799","$3,421","$3,200","$2,880","$3,520","$3,590","$3,231","$3,949","$4,480","$4,032","$4,928","$4,830","$4,347","$5,313"
11361,METRO35620MM5600,"New York, NY HUD Metro FMR Area","$2,830","$2,547","$3,113","$2,900","$2,610","$3,190","$3,260","$2,934","$3,586","$4,070","$3,663","$4,477","$4,380","$3,942","$4,818"
11362,METRO35620MM5600,"New York, NY HUD Metro FMR Area","$2,950","$2,655","$3,245","$3,030","$2,727","$3,333","$3,400","$3,060","$3,740","$4,240","$3,816","$4,664","$4,570","$4,113","$5,027"
11363,METRO35620MM5600,"New York, NY HUD Metro FMR Area","$3,100","$2,790","$3,410","$3,190","$2,871","$3,509","$3,580","$3,222","$3,938","$4,470","$4,023","$4,917","$4,810","$4,329","$5,291"
11364,METRO35620MM5600,"New York, NY HUD Metro FMR Area","$2,750","$2,475","$3,025","$2,820","$2,538","$3,102","$3,170","$2,853","$3,487","$3,960","$3,564","$4,356","$4,260","$3,834","$4,686"
11365,METRO35620MM5600,"New York, NY HUD Metro FMR Area","$2,160","$1,944","$2,376","$2,220","$1,998","$2,442","$2,490","$2,241","$2,739","$3,110","$2,799","$3,421","$3,350","$3,015","$3,685"
11366,METRO35620MM5600,"New York, NY HUD Metro FMR Area","$2,550","$2,295","$2,805","$2,620","$2,358","$2,882","$2,940","$2,646","$3,234","$3,670","$3,303","$4,037","$3,950","$3,555","$4,345"
11367,METRO35620MM5600,"New York, NY HUD Metro FMR Area","$2,190","$1,971","$2,409","$2,250","$2,025","$2,475","$2,530","$2,277","$2,783","$3,160","$2,844","$3,476","$3,400","$3,060","$3,740"
11368,METRO35620MM5600,"New York, NY HUD Metro FMR Area","$2,500","$2,250","$2,750","$2,570","$2,313","$2,827","$2,880","$2,592","$3,168","$3,590","$3,231","$3,949","$3,870","$3,483","$4,257"
11369,METRO35620MM5600,"New York, NY HUD Metro FMR Area","$2,510","$2,259","$2,761","$2,570","$2,313","$2,827","$2,890","$2,601","$3,179","$3,610","$3,249","$3,971","$3,890","$3,501","$4,279"
11370,METRO35620MM5600,"New York, NY HUD Metro FMR Area","$2,570","$2,313","$2,827","$2,650","$2,385","$2,915","$2,970","$2,673","$3,267","$3,710","$3,339","$4,081","$3,990","$3,591","$4,389"
11371,METRO35620MM5600,"New York, NY HUD Metro FMR Area","$2,440","$2,196","$2,684","$2,510","$2,259","$2,761","$2,820","$2,538","$3,102","$3,520","$3,168","$3,872","$3,790","$3,411","$4,169"
11372,METRO35620MM5600,"New York, NY HUD Metro FMR Area","$2,420","$2,178","$2,662","$2,490","$2,241","$2,739","$2,790","$2,511","$3,069","$3,480","$3,132","$3,828","$3,750","$3,375","$4,125"
11373,METRO35620MM5600,"New York, NY HUD Metro FMR Area","$2,500","$2,250","$2,750","$2,570","$2,313","$2,827","$2,880","$2,592","$3,168","$3,590","$3,231","$3,949","$3,870","$3,483","$4,257"
11374,METRO35620MM5600,"New York, NY HUD Metro FMR Area","$2,860","$2,574","$3,146","$2,940","$2,646","$3,234","$3,300","$2,970","$3,630","$4,120","$3,708","$4,532","$4,440","$3,996","$4,884"
11375,METRO35620MM5600,"New York, NY HUD Metro FMR Area","$2,930","$2,637","$3,223","$3,010","$2,709","$3,311","$3,380","$3,042","$3,718","$4,220","$3,798","$4,642","$4,540","$4,086","$4,994"
11377,METRO35620MM5600,"New York, NY HUD Metro FMR Area","$2,500","$2,250","$2,750","$2,570","$2,313","$2,827","$2,880","$2,592","$3,168","$3,590","$3,231","$3,949","$3,870","$3,483","$4,257"
11378,METRO35620MM5600,"New York, NY HUD Metro FMR Area","$2,480","$2,232","$2,728","$2,550","$2,295","$2,805","$2,860","$2,574","$3,146","$3,570","$3,213","$3,927","$3,850","$3,465","$4,235"
11379,METRO35620MM5600,"New York, NY HUD Metro FMR Area","$2,550","$2,295","$2,805","$2,620","$2,358","$2,882","$2,940","$2,646","$3,234","$3,670","$3,303","$4,037","$3,950","$3,555","$4,345"
11380,METRO35620MM5600,"New York, NY HUD Metro FMR Area","$2,440","$2,196","$2,684","$2,510","$2,259","$2,761","$2,820","$2,538","$3,102","$3,520","$3,168","$3,872","$3,790","$3,411","$4,169"
11381,METRO35620MM5600,"New York, NY HUD Metro FMR Area","$2,440","$2,196","$2,684","$2,510","$2,259","$2,761","$2,820","$2,538","$3,102","$3,520","$3,168","$3,872","$3,790","$3,411","$4,169"
11385,METRO35620MM5600,"New York, NY HUD Metro FMR Area","$2,310","$2,079","$2,541","$2,370","$2,133","$2,607","$2,660","$2,394","$2,926","$3,320","$2,988","$3,652","$3,580","$3,222","$3,938"
11386,METRO35620MM5600,"New York, NY HUD Metro FMR Area","$2,440","$2,196","$2,684","$2,510","$2,259","$2,761","$2,820","$2,538","$3,102","$3,520","$3,168","$3,872","$3,790","$3,411","$4,169"
11411,METRO35620MM5600,"New York, NY HUD Metro FMR Area","$2,240","$2,016","$2,464","$2,300","$2,070","$2,530","$2,580","$2,322","$2,838","$3,220","$2,898","$3,542","$3,470","$3,123","$3,817"
11412,METRO35620MM5600,"New York, NY HUD Metro FMR Area","$2,240","$2,016","$2,464","$2,300","$2,070","$2,530","$2,580","$2,322","$2,838","$3,220","$2,898","$3,542","$3,470","$3,123","$3,817"
11413,METRO35620MM5600,"New York, NY HUD Metro FMR Area","$2,380","$2,142","$2,618","$2,440","$2,196","$2,684","$2,740","$2,466","$3,014","$3,420","$3,078","$3,762","$3,680","$3,312","$4,048"
11414,METRO35620MM5600,"New York, NY HUD Metro FMR Area","$2,460","$2,214","$2,706","$2,530","$2,277","$2,783","$2,840","$2,556","$3,124","$3,540","$3,186","$3,894","$3,820","$3,438","$4,202"
11415,METRO35620MM5600,"New York, NY HUD Metro FMR Area","$2,580","$2,322","$2,838","$2,650","$2,385","$2,915","$2,980","$2,682","$3,278","$3,720","$3,348","$4,092","$4,010","$3,609","$4,411"
11416,METRO35620MM5600,"New York, NY HUD Metro FMR Area","$2,230","$2,007","$2,453","$2,290","$2,061","$2,519","$2,570","$2,313","$2,827","$3,210","$2,889","$3,531","$3,460","$3,114","$3,806"
11417,METRO35620MM5600,"New York, NY HUD Metro FMR Area","$2,440","$2,196","$2,684","$2,500","$2,250","$2,750","$2,810","$2,529","$3,091","$3,510","$3,159","$3,861","$3,780","$3,402","$4,158"
11418,METRO35620MM5600,"New York, NY HUD Metro FMR Area","$2,370","$2,133","$2,607","$2,430","$2,187","$2,673","$2,730","$2,457","$3,003","$3,410","$3,069","$3,751","$3,670","$3,303","$4,037"
11419,METRO35620MM5600,"New York, NY HUD Metro FMR Area","$2,420","$2,178","$2,662","$2,490","$2,241","$2,739","$2,790","$2,511","$3,069","$3,480","$3,132","$3,828","$3,750","$3,375","$4,125"
11420,METRO35620MM5600,"New York, NY HUD Metro FMR Area","$2,530","$2,277","$2,783","$2,600","$2,340","$2,860","$2,920","$2,628","$3,212","$3,640","$3,276","$4,004","$3,930","$3,537","$4,323"
11421,METRO35620MM5600,"New York, NY HUD Metro FMR Area","$2,490","$2,241","$2,739","$2,560","$2,304","$2,816","$2,870","$2,583","$3,157","$3,580","$3,222","$3,938","$3,860","$3,474","$4,246"
11422,METRO35620MM5600,"New York, NY HUD Metro FMR Area","$2,750","$2,475","$3,025","$2,820","$2,538","$3,102","$3,170","$2,853","$3,487","$3,960","$3,564","$4,356","$4,260","$3,834","$4,686"
11423,METRO35620MM5600,"New York, NY HUD Metro FMR Area","$2,120","$1,908","$2,332","$2,180","$1,962","$2,398","$2,450","$2,205","$2,695","$3,060","$2,754","$3,366","$3,290","$2,961","$3,619"
11424,METRO35620MM5600,"New York, NY HUD Metro FMR Area","$2,440","$2,196","$2,684","$2,510","$2,259","$2,761","$2,820","$2,538","$3,102","$3,520","$3,168","$3,872","$3,790","$3,411","$4,169"
11425,METRO35620MM5600,"New York, NY HUD Metro FMR Area","$2,370","$2,133","$2,607","$2,430","$2,187","$2,673","$2,730","$2,457","$3,003","$3,410","$3,069","$3,751","$3,670","$3,303","$4,037"
11426,METRO35620MM5600,"New York, NY HUD Metro FMR Area","$2,700","$2,430","$2,970","$2,770","$2,493","$3,047","$3,110","$2,799","$3,421","$3,880","$3,492","$4,268","$4,180","$3,762","$4,598"
11427,METRO35620MM5600,"New York, NY HUD Metro FMR Area","$2,180","$1,962","$2,398","$2,240","$2,016","$2,464","$2,520","$2,268","$2,772","$3,140","$2,826","$3,454","$3,390","$3,051","$3,729"
11428,METRO35620MM5600,"New York, NY HUD Metro FMR Area","$2,220","$1,998","$2,442","$2,280","$2,052","$2,508","$2,560","$2,304","$2,816","$3,190","$2,871","$3,509","$3,440","$3,096","$3,784"
11429,METRO35620MM5600,"New York, NY HUD Metro FMR Area","$2,220","$1,998","$2,442","$2,280","$2,052","$2,508","$2,560","$2,304","$2,816","$3,190","$2,871","$3,509","$3,440","$3,096","$3,784"
11430,METRO35620MM5600,"New York, NY HUD Metro FMR Area","$2,160","$1,944","$2,376","$2,270","$2,043","$2,497","$2,560","$2,304","$2,816","$3,220","$2,898","$3,542","$3,470","$3,123","$3,817"
11431,METRO35620MM5600,"New York, NY HUD Metro FMR Area","$2,440","$2,196","$2,684","$2,510","$2,259","$2,761","$2,820","$2,538","$3,102","$3,520","$3,168","$3,872","$3,790","$3,411","$4,169"
11432,METRO35620MM5600,"New York, NY HUD Metro FMR Area","$2,570","$2,313","$2,827","$2,650","$2,385","$2,915","$2,970","$2,673","$3,267","$3,710","$3,339","$4,081","$3,990","$3,591","$4,389"
11433,METRO35620MM5600,"New York, NY HUD Metro FMR Area","$2,180","$1,962","$2,398","$2,240","$2,016","$2,464","$2,510","$2,259","$2,761","$3,130","$2,817","$3,443","$3,370","$3,033","$3,707"
11434,METRO35620MM5600,"New York, NY HUD Metro FMR Area","$1,920","$1,728","$2,112","$1,960","$1,764","$2,156","$2,210","$1,989","$2,431","$2,780","$2,502","$3,058","$2,990","$2,691","$3,289"
11435,METRO35620MM5600,"New York, NY HUD Metro FMR Area","$2,310","$2,079","$2,541","$2,370","$2,133","$2,607","$2,660","$2,394","$2,926","$3,320","$2,988","$3,652","$3,580","$3,222","$3,938"
11436,METRO35620MM5600,"New York, NY HUD Metro FMR Area","$2,490","$2,241","$2,739","$2,560","$2,304","$2,816","$2,870","$2,583","$3,157","$3,580","$3,222","$3,938","$3,860","$3,474","$4,246"
11439,METRO35620MM5600,"New York, NY HUD Metro FMR Area","$2,440","$2,196","$2,684","$2,510","$2,259","$2,761","$2,820","$2,538","$3,102","$3,520","$3,168","$3,872","$3,790","$3,411","$4,169"
11451,METRO35620MM5600,"New York, NY HUD Metro FMR Area","$2,440","$2,196","$2,684","$2,510","$2,259","$2,761","$2,820","$2,538","$3,102","$3,520","$3,168","$3,872","$3,790","$3,411","$4,169"
11559,METRO35620MM5600,"New York, NY HUD Metro FMR Area","$1,920","$1,728","$2,112","$2,100","$1,890","$2,310","$2,460","$2,214","$2,706","$3,180","$2,862","$3,498","$3,450","$3,105","$3,795"
11580,METRO35620MM5600,"New York, NY HUD Metro FMR Area","$1,920","$1,728","$2,112","$2,060","$1,854","$2,266","$2,410","$2,169","$2,651","$3,120","$2,808","$3,432","$3,380","$3,042","$3,718"
11691,METRO35620MM5600,"New York, NY HUD Metro FMR Area","$2,330","$2,097","$2,563","$2,400","$2,160","$2,640","$2,690","$2,421","$2,959","$3,360","$3,024","$3,696","$3,620","$3,258","$3,982"
11692,METRO35620MM5600,"New York, NY HUD Metro FMR Area","$2,090","$1,881","$2,299","$2,150","$1,935","$2,365","$2,410","$2,169","$2,651","$3,010","$2,709","$3,311","$3,240","$2,916","$3,564"
11693,METRO35620MM5600,"New York, NY HUD Metro FMR Area","$1,920","$1,728","$2,112","$1,960","$1,764","$2,156","$2,210","$1,989","$2,431","$2,780","$2,502","$3,058","$2,990","$2,691","$3,289"
11694,METRO35620MM5600,"New York, NY HUD Metro FMR Area","$2,150","$1,935","$2,365","$2,210","$1,989","$2,431","$2,480","$2,232","$2,728","$3,090","$2,781","$3,399","$3,330","$2,997","$3,663"
11697,METRO35620MM5600,"New York, NY HUD Metro FMR Area","$2,150","$1,935","$2,365","$2,210","$1,989","$2,431","$2,480","$2,232","$2,728","$3,090","$2,781","$3,399","$3,330","$2,997","$3,663"
12524,METRO35620MM5600,"New York, NY HUD Metro FMR Area","$1,920","$1,728","$2,112","$1,960","$1,764","$2,156","$2,210","$1,989","$2,431","$2,780","$2,502","$3,058","$2,990","$2,691","$3,289"
12531,METRO35620MM5600,"New York, NY HUD Metro FMR Area","$1,920","$1,728","$2,112","$1,960","$1,764","$2,156","$2,210","$1,989","$2,431","$2,780","$2,502","$3,058","$2,990","$2,691","$3,289"
12533,METRO35620MM5600,"New York, NY HUD Metro FMR Area","$1,920","$1,728","$2,112","$1,960","$1,764","$2,156","$2,210","$1,989","$2,431","$2,780","$2,502","$3,058","$2,990","$2,691","$3,289"
12563,METRO35620MM5600,"New York, NY HUD Metro FMR Area","$1,960","$1,764","$2,156","$2,010","$1,809","$2,211","$2,260","$2,034","$2,486","$2,820","$2,538","$3,102","$3,040","$2,736","$3,344"
12564,METRO35620MM5600,"New York, NY HUD Metro FMR Area","$1,920","$1,728","$2,112","$1,960","$1,764","$2,156","$2,210","$1,989","$2,431","$2,780","$2,502","$3,058","$2,990","$2,691","$3,289"
12582,METRO35620MM5600,"New York, NY HUD Metro FMR Area","$1,920","$1,728","$2,112","$1,960","$1,764","$2,156","$2,210","$1,989","$2,431","$2,780","$2,502","$3,058","$2,990","$2,691","$3,289"
10910,METRO39100M39100,"Poughkeepsie-Newburgh-Middletown, NY MSA","$1,260","$1,134","$1,386","$1,450","$1,305","$1,595","$1,860","$1,674","$2,046","$2,360","$2,124","$2,596","$2,610","$2,349","$2,871"
10911,METRO39100M39100,"Poughkeepsie-Newburgh-Middletown, NY MSA","$3,230","$2,907","$3,553","$3,320","$2,988","$3,652","$3,730","$3,357","$4,103","$4,650","$4,185","$5,115","$5,010","$4,509","$5,511"
10912,METRO39100M39100,"Poughkeepsie-Newburgh-Middletown, NY MSA","$1,260","$1,134","$1,386","$1,450","$1,305","$1,595","$1,860","$1,674","$2,046","$2,360","$2,124","$2,596","$2,610","$2,349","$2,871"
10914,METRO39100M39100,"Poughkeepsie-Newburgh-Middletown, NY MSA","$1,240","$1,116","$1,364","$1,420","$1,278","$1,562","$1,820","$1,638","$2,002","$2,310","$2,079","$2,541","$2,560","$2,304","$2,816"
10915,METRO39100M39100,"Poughkeepsie-Newburgh-Middletown, NY MSA","$1,330","$1,197","$1,463","$1,490","$1,341","$1,639","$1,920","$1,728","$2,112","$2,440","$2,196","$2,684","$2,710","$2,439","$2,981"
10916,METRO39100M39100,"Poughkeepsie-Newburgh-Middletown, NY MSA","$1,230","$1,107","$1,353","$1,410","$1,269","$1,551","$1,820","$1,638","$2,002","$2,310","$2,079","$2,541","$2,550","$2,295","$2,805"
10917,METRO39100M39100,"Poughkeepsie-Newburgh-Middletown, NY MSA","$1,500","$1,350","$1,650","$1,730","$1,557","$1,903","$2,220","$1,998","$2,442","$2,820","$2,538","$3,102","$3,110","$2,799","$3,421"
10918,METRO39100M39100,"Poughkeepsie-Newburgh-Middletown, NY MSA","$1,380","$1,242","$1,518","$1,590","$1,431","$1,749","$2,040","$1,836","$2,244","$2,590","$2,331","$2,849","$2,860","$2,574","$3,146"
10919,METRO39100M39100,"Poughkeepsie-Newburgh-Middletown, NY MSA","$1,270","$1,143","$1,397","$1,460","$1,314","$1,606","$1,880","$1,692","$2,068","$2,380","$2,142","$2,618","$2,640","$2,376","$2,904"
10921,METRO39100M39100,"Poughkeepsie-Newburgh-Middletown, NY MSA","$1,550","$1,395","$1,705","$1,770","$1,593","$1,947","$2,280","$2,052","$2,508","$2,890","$2,601","$3,179","$3,200","$2,880","$3,520"
10922,METRO39100M39100,"Poughkeepsie-Newburgh-Middletown, NY MSA","$1,520","$1,368","$1,672","$1,660","$1,494","$1,826","$2,130","$1,917","$2,343","$2,710","$2,439","$2,981","$3,010","$2,709","$3,311"
10924,METRO39100M39100,"Poughkeepsie-Newburgh-Middletown, NY MSA","$1,190","$1,071","$1,309","$1,360","$1,224","$1,496","$1,750","$1,575","$1,925","$2,220","$1,998","$2,442","$2,450","$2,205","$2,695"
10925,METRO39100M39100,"Poughkeepsie-Newburgh-Middletown, NY MSA","$1,130","$1,017","$1,243","$1,290","$1,161","$1,419","$1,660","$1,494","$1,826","$2,110","$1,899","$2,321","$2,330","$2,097","$2,563"
10926,METRO39100M39100,"Poughkeepsie-Newburgh-Middletown, NY MSA","$1,580","$1,422","$1,738","$1,810","$1,629","$1,991","$2,330","$2,097","$2,563","$2,960","$2,664","$3,256","$3,270","$2,943","$3,597"
10928,METRO39100M39100,"Poughkeepsie-Newburgh-Middletown, NY MSA","$1,300","$1,170","$1,430","$1,490","$1,341","$1,639","$1,920","$1,728","$2,112","$2,440","$2,196","$2,684","$2,690","$2,421","$2,959"
10930,METRO39100M39100,"Poughkeepsie-Newburgh-Middletown, NY MSA","$1,530","$1,377","$1,683","$1,750","$1,575","$1,925","$2,250","$2,025","$2,475","$2,850","$2,565","$3,135","$3,160","$2,844","$3,476"
10932,METRO39100M39100,"Poughkeepsie-Newburgh-Middletown, NY MSA","$1,300","$1,170","$1,430","$1,490","$1,341","$1,639","$1,920","$1,728","$2,112","$2,440","$2,196","$2,684","$2,690","$2,421","$2,959"
10933,METRO39100M39100,"Poughkeepsie-Newburgh-Middletown, NY MSA","$1,270","$1,143","$1,397","$1,450","$1,305","$1,595","$1,870","$1,683","$2,057","$2,370","$2,133","$2,607","$2,620","$2,358","$2,882"
10940,METRO39100M39100,"Poughkeepsie-Newburgh-Middletown, NY MSA","$1,300","$1,170","$1,430","$1,490","$1,341","$1,639","$1,920","$1,728","$2,112","$2,440","$2,196","$2,684","$2,690","$2,421","$2,959"
10941,METRO39100M39100,"Poughkeepsie-Newburgh-Middletown, NY MSA","$1,290","$1,161","$1,419","$1,490","$1,341","$1,639","$1,910","$1,719","$2,101","$2,420","$2,178","$2,662","$2,680","$2,412","$2,948"
10949,METRO39100M39100,"Poughkeepsie-Newburgh-Middletown, NY MSA","$1,260","$1,134","$1,386","$1,450","$1,305","$1,595","$1,860","$1,674","$2,046","$2,360","$2,124","$2,596","$2,610","$2,349","$2,871"
10950,METRO39100M39100,"Poughkeepsie-Newburgh-Middletown, NY MSA","$1,400","$1,260","$1,540","$1,600","$1,440","$1,760","$2,060","$1,854","$2,266","$2,610","$2,349","$2,871","$2,890","$2,601","$3,179"
10953,METRO39100M39100,"Poughkeepsie-Newburgh-Middletown, NY MSA","$1,360","$1,224","$1,496","$1,570","$1,413","$1,727","$2,010","$1,809","$2,211","$2,550","$2,295","$2,805","$2,820","$2,538","$3,102"
10958,METRO39100M39100,"Poughkeepsie-Newburgh-Middletown, NY MSA","$1,380","$1,242","$1,518","$1,580","$1,422","$1,738","$2,030","$1,827","$2,233","$2,570","$2,313","$2,827","$2,850","$2,565","$3,135"
10959,METRO39100M39100,"Poughkeepsie-Newburgh-Middletown, NY MSA","$1,260","$1,134","$1,386","$1,450","$1,305","$1,595","$1,860","$1,674","$2,046","$2,360","$2,124","$2,596","$2,610","$2,349","$2,871"
10963,METRO39100M39100,"Poughkeepsie-Newburgh-Middletown, NY MSA","$1,020",$918,"$1,122","$1,120","$1,008","$1,232","$1,440","$1,296","$1,584","$1,830","$1,647","$2,013","$2,020","$1,818","$2,222"
10969,METRO39100M39100,"Poughkeepsie-Newburgh-Middletown, NY MSA","$1,180","$1,062","$1,298","$1,350","$1,215","$1,485","$1,720","$1,548","$1,892","$2,180","$1,962","$2,398","$2,420","$2,178","$2,662"
10973,METRO39100M39100,"Poughkeepsie-Newburgh-Middletown, NY MSA","$1,540","$1,386","$1,694","$1,770","$1,593","$1,947","$2,270","$2,043","$2,497","$2,880","$2,592","$3,168","$3,180","$2,862","$3,498"
10975,METRO39100M39100,"Poughkeepsie-Newburgh-Middletown, NY MSA","$1,350","$1,215","$1,485","$1,550","$1,395","$1,705","$1,990","$1,791","$2,189","$2,530","$2,277","$2,783","$2,790","$2,511","$3,069"
10979,METRO39100M39100,"Poughkeepsie-Newburgh-Middletown, NY MSA","$1,330","$1,197","$1,463","$1,530","$1,377","$1,683","$1,910","$1,719","$2,101","$2,410","$2,169","$2,651","$2,760","$2,484","$3,036"
10981,METRO39100M39100,"Poughkeepsie-Newburgh-Middletown, NY MSA","$1,260","$1,134","$1,386","$1,450","$1,305","$1,595","$1,860","$1,674","$2,046","$2,360","$2,124","$2,596","$2,610","$2,349","$2,871"
10985,METRO39100M39100,"Poughkeepsie-Newburgh-Middletown, NY MSA","$1,270","$1,143","$1,397","$1,400","$1,260","$1,540","$1,810","$1,629","$1,991","$2,300","$2,070","$2,530","$2,560","$2,304","$2,816"
10987,METRO39100M39100,"Poughkeepsie-Newburgh-Middletown, NY MSA","$1,920","$1,728","$2,112","$1,960","$1,764","$2,156","$2,210","$1,989","$2,431","$2,780","$2,502","$3,058","$2,990","$2,691","$3,289"
10988,METRO39100M39100,"Poughkeepsie-Newburgh-Middletown, NY MSA","$1,170","$1,053","$1,287","$1,350","$1,215","$1,485","$1,730","$1,557","$1,903","$2,190","$1,971","$2,409","$2,430","$2,187","$2,673"
10990,METRO39100M39100,"Poughkeepsie-Newburgh-Middletown, NY MSA","$1,100",$990,"$1,210","$1,260","$1,134","$1,386","$1,620","$1,458","$1,782","$2,050","$1,845","$2,255","$2,270","$2,043","$2,497"
10992,METRO39100M39100,"Poughkeepsie-Newburgh-Middletown, NY MSA","$1,080",$972,"$1,188","$1,240","$1,116","$1,364","$1,590","$1,431","$1,749","$2,020","$1,818","$2,222","$2,230","$2,007","$2,453"
10996,METRO39100M39100,"Poughkeepsie-Newburgh-Middletown, NY MSA","$1,860","$1,674","$2,046","$2,130","$1,917","$2,343","$2,740","$2,466","$3,014","$3,480","$3,132","$3,828","$3,840","$3,456","$4,224"
10998,METRO39100M39100,"Poughkeepsie-Newburgh-Middletown, NY MSA","$1,150","$1,035","$1,265","$1,310","$1,179","$1,441","$1,690","$1,521","$1,859","$2,140","$1,926","$2,354","$2,370","$2,133","$2,607"
12501,METRO39100M39100,"Poughkeepsie-Newburgh-Middletown, NY MSA","$1,040",$936,"$1,144","$1,200","$1,080","$1,320","$1,540","$1,386","$1,694","$1,950","$1,755","$2,145","$2,160","$1,944","$2,376"
12504,METRO39100M39100,"Poughkeepsie-Newburgh-Middletown, NY MSA","$1,250","$1,125","$1,375","$1,430","$1,287","$1,573","$1,840","$1,656","$2,024","$2,330","$2,097","$2,563","$2,580","$2,322","$2,838"
12506,METRO39100M39100,"Poughkeepsie-Newburgh-Middletown, NY MSA","$1,210","$1,089","$1,331","$1,390","$1,251","$1,529","$1,790","$1,611","$1,969","$2,270","$2,043","$2,497","$2,510","$2,259","$2,761"
12507,METRO39100M39100,"Poughkeepsie-Newburgh-Middletown, NY MSA","$1,430","$1,287","$1,573","$1,640","$1,476","$1,804","$2,110","$1,899","$2,321","$2,680","$2,412","$2,948","$2,960","$2,664","$3,256"
12508,METRO39100M39100,"Poughkeepsie-Newburgh-Middletown, NY MSA","$1,360","$1,224","$1,496","$1,560","$1,404","$1,716","$2,010","$1,809","$2,211","$2,550","$2,295","$2,805","$2,820","$2,538","$3,102"
12510,METRO39100M39100,"Poughkeepsie-Newburgh-Middletown, NY MSA","$1,210","$1,089","$1,331","$1,390","$1,251","$1,529","$1,790","$1,611","$1,969","$2,270","$2,043","$2,497","$2,510","$2,259","$2,761"
12511,METRO39100M39100,"Poughkeepsie-Newburgh-Middletown, NY MSA","$1,210","$1,089","$1,331","$1,390","$1,251","$1,529","$1,790","$1,611","$1,969","$2,270","$2,043","$2,497","$2,510","$2,259","$2,761"
12512,METRO39100M39100,"Poughkeepsie-Newburgh-Middletown, NY MSA","$1,340","$1,206","$1,474","$1,540","$1,386","$1,694","$1,980","$1,782","$2,178","$2,510","$2,259","$2,761","$2,780","$2,502","$3,058"
12514,METRO39100M39100,"Poughkeepsie-Newburgh-Middletown, NY MSA","$1,110",$999,"$1,221","$1,270","$1,143","$1,397","$1,630","$1,467","$1,793","$2,070","$1,863","$2,277","$2,290","$2,061","$2,519"
12518,METRO39100M39100,"Poughkeepsie-Newburgh-Middletown, NY MSA","$1,400","$1,260","$1,540","$1,610","$1,449","$1,771","$2,070","$1,863","$2,277","$2,630","$2,367","$2,893","$2,900","$2,610","$3,190"
12520,METRO39100M39100,"Poughkeepsie-Newburgh-Middletown, NY MSA","$1,260","$1,134","$1,386","$1,450","$1,305","$1,595","$1,860","$1,674","$2,046","$2,360","$2,124","$2,596","$2,610","$2,349","$2,871"
12522,METRO39100M39100,"Poughkeepsie-Newburgh-Middletown, NY MSA","$1,020",$918,"$1,122","$1,110",$999,"$1,221","$1,430","$1,287","$1,573","$1,820","$1,638","$2,002","$2,020","$1,818","$2,222"
12524,METRO39100M39100,"Poughkeepsie-Newburgh-Middletown, NY MSA","$1,920","$1,728","$2,112","$1,960","$1,764","$2,156","$2,210","$1,989","$2,431","$2,780","$2,502","$3,058","$2,990","$2,691","$3,289"
12527,METRO39100M39100,"Poughkeepsie-Newburgh-Middletown, NY MSA","$1,360","$1,224","$1,496","$1,560","$1,404","$1,716","$2,000","$1,800","$2,200","$2,540","$2,286","$2,794","$2,810","$2,529","$3,091"
12531,METRO39100M39100,"Poughkeepsie-Newburgh-Middletown, NY MSA","$1,920","$1,728","$2,112","$1,960","$1,764","$2,156","$2,210","$1,989","$2,431","$2,780","$2,502","$3,058","$2,990","$2,691","$3,289"
12533,METRO39100M39100,"Poughkeepsie-Newburgh-Middletown, NY MSA","$1,920","$1,728","$2,112","$1,960","$1,764","$2,156","$2,210","$1,989","$2,431","$2,780","$2,502","$3,058","$2,990","$2,691","$3,289"
12537,METRO39100M39100,"Poughkeepsie-Newburgh-Middletown, NY MSA","$1,210","$1,089","$1,331","$1,390","$1,251","$1,529","$1,790","$1,611","$1,969","$2,270","$2,043","$2,497","$2,510","$2,259","$2,761"
12538,METRO39100M39100,"Poughkeepsie-Newburgh-Middletown, NY MSA","$1,020",$918,"$1,122","$1,140","$1,026","$1,254","$1,470","$1,323","$1,617","$1,860","$1,674","$2,046","$2,060","$1,854","$2,266"
12540,METRO39100M39100,"Poughkeepsie-Newburgh-Middletown, NY MSA","$1,610","$1,449","$1,771","$1,840","$1,656","$2,024","$2,370","$2,133","$2,607","$3,010","$2,709","$3,311","$3,320","$2,988","$3,652"
12542,METRO39100M39100,"Poughkeepsie-Newburgh-Middletown, NY MSA","$1,160","$1,044","$1,276","$1,180","$1,062","$1,298","$1,540","$1,386","$1,694","$1,980","$1,782","$2,178","$2,220","$1,998","$2,442"
12543,METRO39100M39100,"Poughkeepsie-Newburgh-Middletown, NY MSA","$1,110",$999,"$1,221","$1,280","$1,152","$1,408","$1,640","$1,476","$1,804","$2,080","$1,872","$2,288","$2,300","$2,070","$2,530"
12545,METRO39100M39100,"Poughkeepsie-Newburgh-Middletown, NY MSA","$1,150","$1,035","$1,265","$1,320","$1,188","$1,452","$1,700","$1,530","$1,870","$2,160","$1,944","$2,376","$2,380","$2,142","$2,618"
12546,METRO39100M39100,"Poughkeepsie-Newburgh-Middletown, NY MSA","$1,030",$927,"$1,133","$1,180","$1,062","$1,298","$1,520","$1,368","$1,672","$1,930","$1,737","$2,123","$2,130","$1,917","$2,343"
12549,METRO39100M39100,"Poughkeepsie-Newburgh-Middletown, NY MSA","$1,300","$1,170","$1,430","$1,490","$1,341","$1,639","$1,920","$1,728","$2,112","$2,440","$2,196","$2,684","$2,690","$2,421","$2,959"
12550,METRO39100M39100,"Poughkeepsie-Newburgh-Middletown, NY MSA","$1,100",$990,"$1,210","$1,270","$1,143","$1,397","$1,630","$1,467","$1,793","$2,070","$1,863","$2,277","$2,290","$2,061","$2,519"
12551,METRO39100M39100,"Poughkeepsie-Newburgh-Middletown, NY MSA","$1,260","$1,134","$1,386","$1,450","$1,305","$1,595","$1,860","$1,674","$2,046","$2,360","$2,124","$2,596","$2,610","$2,349","$2,871"
12552,METRO39100M39100,"Poughkeepsie-Newburgh-Middletown, NY MSA","$1,260","$1,134","$1,386","$1,450","$1,305","$1,595","$1,860","$1,674","$2,046","$2,360","$2,124","$2,596","$2,610","$2,349","$2,871"
12553,METRO39100M39100,"Poughkeepsie-Newburgh-Middletown, NY MSA","$1,230","$1,107","$1,353","$1,420","$1,278","$1,562","$1,820","$1,638","$2,002","$2,310","$2,079","$2,541","$2,550","$2,295","$2,805"
12555,METRO39100M39100,"Poughkeepsie-Newburgh-Middletown, NY MSA","$1,260","$1,134","$1,386","$1,450","$1,305","$1,595","$1,860","$1,674","$2,046","$2,360","$2,124","$2,596","$2,610","$2,349","$2,871"
12564,METRO39100M39100,"Poughkeepsie-Newburgh-Middletown, NY MSA","$1,920","$1,728","$2,112","$1,960","$1,764","$2,156","$2,210","$1,989","$2,431","$2,780","$2,502","$3,058","$2,990","$2,691","$3,289"
12566,METRO39100M39100,"Poughkeepsie-Newburgh-Middletown, NY MSA","$1,390","$1,251","$1,529","$1,480","$1,332","$1,628","$1,920","$1,728","$2,112","$2,460","$2,214","$2,706","$2,740","$2,466","$3,014"
12567,METRO39100M39100,"Poughkeepsie-Newburgh-Middletown, NY MSA","$1,210","$1,089","$1,331","$1,390","$1,251","$1,529","$1,790","$1,611","$1,969","$2,270","$2,043","$2,497","$2,510","$2,259","$2,761"
12569,METRO39100M39100,"Poughkeepsie-Newburgh-Middletown, NY MSA","$1,320","$1,188","$1,452","$1,520","$1,368","$1,672","$1,950","$1,755","$2,145","$2,470","$2,223","$2,717","$2,740","$2,466","$3,014"
12570,METRO39100M39100,"Poughkeepsie-Newburgh-Middletown, NY MSA","$1,490","$1,341","$1,639","$1,710","$1,539","$1,881","$2,200","$1,980","$2,420","$2,790","$2,511","$3,069","$3,090","$2,781","$3,399"
12571,METRO39100M39100,"Poughkeepsie-Newburgh-Middletown, NY MSA","$1,140","$1,026","$1,254","$1,310","$1,179","$1,441","$1,680","$1,512","$1,848","$2,130","$1,917","$2,343","$2,360","$2,124","$2,596"
12572,METRO39100M39100,"Poughkeepsie-Newburgh-Middletown, NY MSA","$1,290","$1,161","$1,419","$1,480","$1,332","$1,628","$1,900","$1,710","$2,090","$2,410","$2,169","$2,651","$2,660","$2,394","$2,926"
12574,METRO39100M39100,"Poughkeepsie-Newburgh-Middletown, NY MSA","$1,290","$1,161","$1,419","$1,480","$1,332","$1,628","$1,900","$1,710","$2,090","$2,410","$2,169","$2,651","$2,660","$2,394","$2,926"
12575,METRO39100M39100,"Poughkeepsie-Newburgh-Middletown, NY MSA","$1,150","$1,035","$1,265","$1,320","$1,188","$1,452","$1,690","$1,521","$1,859","$2,150","$1,935","$2,365","$2,370","$2,133","$2,607"
12577,METRO39100M39100,"Poughkeepsie-Newburgh-Middletown, NY MSA","$1,230","$1,107","$1,353","$1,420","$1,278","$1,562","$1,820","$1,638","$2,002","$2,310","$2,079","$2,541","$2,550","$2,295","$2,805"
12578,METRO39100M39100,"Poughkeepsie-Newburgh-Middletown, NY MSA","$1,060",$954,"$1,166","$1,210","$1,089","$1,331","$1,560","$1,404","$1,716","$1,980","$1,782","$2,178","$2,190","$1,971","$2,409"
12580,METRO39100M39100,"Poughkeepsie-Newburgh-Middletown, NY MSA","$1,020",$918,"$1,122","$1,110",$999,"$1,221","$1,430","$1,287","$1,573","$1,820","$1,638","$2,002","$2,020","$1,818","$2,222"
12581,METRO39100M39100,"Poughkeepsie-Newburgh-Middletown, NY MSA","$1,140","$1,026","$1,254","$1,310","$1,179","$1,441","$1,680","$1,512","$1,848","$2,130","$1,917","$2,343","$2,360","$2,124","$2,596"
12582,METRO39100M39100,"Poughkeepsie-Newburgh-Middletown, NY MSA","$1,920","$1,728","$2,112","$1,960","$1,764","$2,156","$2,210","$1,989","$2,431","$2,780","$2,502","$3,058","$2,990","$2,691","$3,289"
12583,METRO39100M39100,"Poughkeepsie-Newburgh-Middletown, NY MSA","$1,380","$1,242","$1,518","$1,590","$1,431","$1,749","$2,040","$1,836","$2,244","$2,590","$2,331","$2,849","$2,860","$2,574","$3,146"
12584,METRO39100M39100,"Poughkeepsie-Newburgh-Middletown, NY MSA","$1,260","$1,134","$1,386","$1,450","$1,305","$1,595","$1,860","$1,674","$2,046","$2,360","$2,124","$2,596","$2,610","$2,349","$2,871"
12585,METRO39100M39100,"Poughkeepsie-Newburgh-Middletown, NY MSA","$1,020",$918,"$1,122","$1,110",$999,"$1,221","$1,430","$1,287","$1,573","$1,820","$1,638","$2,002","$2,020","$1,818","$2,222"
12586,METRO39100M39100,"Poughkeepsie-Newburgh-Middletown, NY MSA","$1,270","$1,143","$1,397","$1,450","$1,305","$1,595","$1,870","$1,683","$2,057","$2,370","$2,133","$2,607","$2,620","$2,358","$2,882"
12589,METRO39100M39100,"Poughkeepsie-Newburgh-Middletown, NY MSA","$1,150","$1,035","$1,265","$1,210","$1,089","$1,331","$1,560","$1,404","$1,716","$2,010","$1,809","$2,211","$2,250","$2,025","$2,475"
12590,METRO39100M39100,"Poughkeepsie-Newburgh-Middletown, NY MSA","$1,340","$1,206","$1,474","$1,540","$1,386","$1,694","$1,980","$1,782","$2,178","$2,510","$2,259","$2,761","$2,780","$2,502","$3,058"
12592,METRO39100M39100,"Poughkeepsie-Newburgh-Middletown, NY MSA","$1,020",$918,"$1,122","$1,170","$1,053","$1,287","$1,500","$1,350","$1,650","$1,900","$1,710","$2,090","$2,110","$1,899","$2,321"
12594,METRO39100M39100,"Poughkeepsie-Newburgh-Middletown, NY MSA","$1,020",$918,"$1,122","$1,110",$999,"$1,221","$1,430","$1,287","$1,573","$1,820","$1,638","$2,002","$2,020","$1,818","$2,222"
12601,METRO39100M39100,"Poughkeepsie-Newburgh-Middletown, NY MSA","$1,120","$1,008","$1,232","$1,280","$1,152","$1,408","$1,650","$1,485","$1,815","$2,090","$1,881","$2,299","$2,310","$2,079","$2,541"
12602,METRO39100M39100,"Poughkeepsie-Newburgh-Middletown, NY MSA","$1,210","$1,089","$1,331","$1,390","$1,251","$1,529","$1,790","$1,611","$1,969","$2,270","$2,043","$2,497","$2,510","$2,259","$2,761"
12603,METRO39100M39100,"Poughkeepsie-Newburgh-Middletown, NY MSA","$1,250","$1,125","$1,375","$1,440","$1,296","$1,584","$1,850","$1,665","$2,035","$2,350","$2,115","$2,585","$2,590","$2,331","$2,849"
12604,METRO39100M39100,"Poughkeepsie-Newburgh-Middletown, NY MSA","$1,250","$1,125","$1,375","$1,440","$1,296","$1,584","$1,850","$1,665","$2,035","$2,350","$2,115","$2,585","$2,590","$2,331","$2,849"
12721,METRO39100M39100,"Poughkeepsie-Newburgh-Middletown, NY MSA","$1,150","$1,035","$1,265","$1,310","$1,179","$1,441","$1,690","$1,521","$1,859","$2,140","$1,926","$2,354","$2,370","$2,133","$2,607"
12729,METRO39100M39100,"Poughkeepsie-Newburgh-Middletown, NY MSA","$1,090",$981,"$1,199","$1,250","$1,125","$1,375","$1,610","$1,449","$1,771","$2,040","$1,836","$2,244","$2,260","$2,034","$2,486"
12746,METRO39100M39100,"Poughkeepsie-Newburgh-Middletown, NY MSA","$1,020",$918,"$1,122","$1,170","$1,053","$1,287","$1,510","$1,359","$1,661","$1,920","$1,728","$2,112","$2,120","$1,908","$2,332"
12754,METRO39100M39100,"Poughkeepsie-Newburgh-Middletown, NY MSA","$1,260","$1,134","$1,386","$1,450","$1,305","$1,595","$1,860","$1,674","$2,046","$2,360","$2,124","$2,596","$2,610","$2,349","$2,871"
12771,METRO39100M39100,"Poughkeepsie-Newburgh-Middletown, NY MSA","$1,020",$918,"$1,122","$1,140","$1,026","$1,254","$1,470","$1,323","$1,617","$1,860","$1,674","$2,046","$2,060","$1,854","$2,266"
12780,METRO39100M39100,"Poughkeepsie-Newburgh-Middletown, NY MSA","$1,020",$918,"$1,122","$1,110",$999,"$1,221","$1,430","$1,287","$1,573","$1,820","$1,638","$2,002","$2,020","$1,818","$2,222"
12785,METRO39100M39100,"Poughkeepsie-Newburgh-Middletown, NY MSA","$1,060",$954,"$1,166","$1,210","$1,089","$1,331","$1,560","$1,404","$1,716","$1,980","$1,782","$2,178","$2,190","$1,971","$2,409"
13143,METRO40380M40380,"Rochester, NY HUD Metro FMR Area",$760,$684,$836,$860,$774,$946,"$1,070",$963,"$1,177","$1,300","$1,170","$1,430","$1,440","$1,296","$1,584"
13146,METRO40380M40380,"Rochester, NY HUD Metro FMR Area",$880,$792,$968,$990,$891,"$1,089","$1,230","$1,107","$1,353","$1,490","$1,341","$1,639","$1,640","$1,476","$1,804"
13148,METRO40380M40380,"Rochester, NY HUD Metro FMR Area",$820,$738,$902,$920,$828,"$1,012","$1,140","$1,026","$1,254","$1,380","$1,242","$1,518","$1,520","$1,368","$1,672"
13154,METRO40380M40380,"Rochester, NY HUD Metro FMR Area",$820,$738,$902,$920,$828,"$1,012","$1,140","$1,026","$1,254","$1,380","$1,242","$1,518","$1,520","$1,368","$1,672"
13156,METRO40380M40380,"Rochester, NY HUD Metro FMR Area",$760,$684,$836,$860,$774,$946,"$1,070",$963,"$1,177","$1,300","$1,170","$1,430","$1,440","$1,296","$1,584"
13165,METRO40380M40380,"Rochester, NY HUD Metro FMR Area",$820,$738,$902,$920,$828,"$1,012","$1,140","$1,026","$1,254","$1,380","$1,242","$1,518","$1,520","$1,368","$1,672"
14012,METRO40380M40380,"Rochester, NY HUD Metro FMR Area",$790,$711,$869,$860,$774,$946,"$1,070",$963,"$1,177","$1,300","$1,170","$1,430","$1,440","$1,296","$1,584"
14058,METRO40380M40380,"Rochester, NY HUD Metro FMR Area",$830,$747,$913,$930,$837,"$1,023","$1,160","$1,044","$1,276","$1,400","$1,260","$1,540","$1,540","$1,386","$1,694"
14098,METRO40380M40380,"Rochester, NY HUD Metro FMR Area",$850,$765,$935,$960,$864,"$1,056","$1,190","$1,071","$1,309","$1,440","$1,296","$1,584","$1,580","$1,422","$1,738"
14103,METRO40380M40380,"Rochester, NY HUD Metro FMR Area",$820,$738,$902,$920,$828,"$1,012","$1,140","$1,026","$1,254","$1,380","$1,242","$1,518","$1,520","$1,368","$1,672"
14105,METRO40380M40380,"Rochester, NY HUD Metro FMR Area",$790,$711,$869,$860,$774,$946,"$1,070",$963,"$1,177","$1,300","$1,170","$1,430","$1,440","$1,296","$1,584"
14125,METRO40380M40380,"Rochester, NY HUD Metro FMR Area",$760,$684,$836,$860,$774,$946,"$1,070",$963,"$1,177","$1,300","$1,170","$1,430","$1,440","$1,296","$1,584"
14410,METRO40380M40380,"Rochester, NY HUD Metro FMR Area",$960,$864,"$1,056","$1,080",$972,"$1,188","$1,340","$1,206","$1,474","$1,620","$1,458","$1,782","$1,780","$1,602","$1,958"
14411,METRO40380M40380,"Rochester, NY HUD Metro FMR Area",$770,$693,$847,$860,$774,$946,"$1,070",$963,"$1,177","$1,300","$1,170","$1,430","$1,440","$1,296","$1,584"
14413,METRO40380M40380,"Rochester, NY HUD Metro FMR Area",$820,$738,$902,$920,$828,"$1,012","$1,140","$1,026","$1,254","$1,380","$1,242","$1,518","$1,520","$1,368","$1,672"
14414,METRO40380M40380,"Rochester, NY HUD Metro FMR Area",$840,$756,$924,$940,$846,"$1,034","$1,170","$1,053","$1,287","$1,410","$1,269","$1,551","$1,560","$1,404","$1,716"
14416,METRO40380M40380,"Rochester, NY HUD Metro FMR Area",$770,$693,$847,$860,$774,$946,"$1,070",$963,"$1,177","$1,300","$1,170","$1,430","$1,440","$1,296","$1,584"
14420,METRO40380M40380,"Rochester, NY HUD Metro FMR Area",$890,$801,$979,"$1,000",$900,"$1,100","$1,240","$1,116","$1,364","$1,500","$1,350","$1,650","$1,650","$1,485","$1,815"
14422,METRO40380M40380,"Rochester, NY HUD Metro FMR Area",$850,$765,$935,$950,$855,"$1,045","$1,180","$1,062","$1,298","$1,430","$1,287","$1,573","$1,570","$1,413","$1,727"
14423,METRO40380M40380,"Rochester, NY HUD Metro FMR Area",$780,$702,$858,$870,$783,$957,"$1,080",$972,"$1,188","$1,310","$1,179","$1,441","$1,440","$1,296","$1,584"
14424,METRO40380M40380,"Rochester, NY HUD Metro FMR Area",$940,$846,"$1,034","$1,050",$945,"$1,155","$1,310","$1,179","$1,441","$1,580","$1,422","$1,738","$1,740","$1,566","$1,914"
14425,METRO40380M40380,"Rochester, NY HUD Metro FMR Area","$1,160","$1,044","$1,276","$1,290","$1,161","$1,419","$1,610","$1,449","$1,771","$1,950","$1,755","$2,145","$2,140","$1,926","$2,354"
14428,METRO40380M40380,"Rochester, NY HUD Metro FMR Area","$1,030",$927,"$1,133","$1,150","$1,035","$1,265","$1,430","$1,287","$1,573","$1,730","$1,557","$1,903","$1,900","$1,710","$2,090"
14429,METRO40380M40380,"Rochester, NY HUD Metro FMR Area",$780,$702,$858,$880,$792,$968,"$1,090",$981,"$1,199","$1,320","$1,188","$1,452","$1,450","$1,305","$1,595"
14430,METRO40380M40380,"Rochester, NY HUD Metro FMR Area",$960,$864,"$1,056","$1,080",$972,"$1,188","$1,340","$1,206","$1,474","$1,620","$1,458","$1,782","$1,780","$1,602","$1,958"
14432,METRO40380M40380,"Rochester, NY HUD Metro FMR Area",$760,$684,$836,$860,$774,$946,"$1,070",$963,"$1,177","$1,300","$1,170","$1,430","$1,440","$1,296","$1,584"
14433,METRO40380M40380,"Rochester, NY HUD Metro FMR Area",$810,$729,$891,$910,$819,"$1,001","$1,130","$1,017","$1,243","$1,370","$1,233","$1,507","$1,500","$1,350","$1,650"
14435,METRO40380M40380,"Rochester, NY HUD Metro FMR Area",$990,$891,"$1,089","$1,110",$999,"$1,221","$1,380","$1,242","$1,518","$1,670","$1,503","$1,837","$1,840","$1,656","$2,024"
14437,METRO40380M40380,"Rochester, NY HUD Metro FMR Area",$780,$702,$858,$880,$792,$968,"$1,090",$981,"$1,199","$1,320","$1,188","$1,452","$1,450","$1,305","$1,595"
14445,METRO40380M40380,"Rochester, NY HUD Metro FMR Area",$950,$855,"$1,045","$1,060",$954,"$1,166","$1,320","$1,188","$1,452","$1,600","$1,440","$1,760","$1,760","$1,584","$1,936"
14449,METRO40380M40380,"Rochester, NY HUD Metro FMR Area",$820,$738,$902,$920,$828,"$1,012","$1,140","$1,026","$1,254","$1,380","$1,242","$1,518","$1,520","$1,368","$1,672"
14450,METRO40380M40380,"Rochester, NY HUD Metro FMR Area","$1,080",$972,"$1,188","$1,200","$1,080","$1,320","$1,500","$1,350","$1,650","$1,810","$1,629","$1,991","$2,000","$1,800","$2,200"
14452,METRO40380M40380,"Rochester, NY HUD Metro FMR Area",$780,$702,$858,$880,$792,$968,"$1,090",$981,"$1,199","$1,320","$1,188","$1,452","$1,450","$1,305","$1,595"
14453,METRO40380M40380,"Rochester, NY HUD Metro FMR Area",$910,$819,"$1,001","$1,020",$918,"$1,122","$1,270","$1,143","$1,397","$1,540","$1,386","$1,694","$1,690","$1,521","$1,859"
14454,METRO40380M40380,"Rochester, NY HUD Metro FMR Area",$980,$882,"$1,078","$1,090",$981,"$1,199","$1,360","$1,224","$1,496","$1,640","$1,476","$1,804","$1,810","$1,629","$1,991"
14456,METRO40380M40380,"Rochester, NY HUD Metro FMR Area",$850,$765,$935,$950,$855,"$1,045","$1,180","$1,062","$1,298","$1,430","$1,287","$1,573","$1,570","$1,413","$1,727"
14461,METRO40380M40380,"Rochester, NY HUD Metro FMR Area",$910,$819,"$1,001","$1,020",$918,"$1,122","$1,270","$1,143","$1,397","$1,540","$1,386","$1,694","$1,690","$1,521","$1,859"
14462,METRO40380M40380,"Rochester, NY HUD Metro FMR Area",$850,$765,$935,$960,$864,"$1,056","$1,190","$1,071","$1,309","$1,440","$1,296","$1,584","$1,580","$1,422","$1,738"
14463,METRO40380M40380,"Rochester, NY HUD Metro FMR Area",$910,$819,"$1,001","$1,020",$918,"$1,122","$1,270","$1,143","$1,397","$1,540","$1,386","$1,694","$1,690","$1,521","$1,859"
14464,METRO40380M40380,"Rochester, NY HUD Metro FMR Area",$820,$738,$902,$920,$828,"$1,012","$1,140","$1,026","$1,254","$1,380","$1,242","$1,518","$1,520","$1,368","$1,672"
14466,METRO40380M40380,"Rochester, NY HUD Metro FMR Area",$760,$684,$836,$860,$774,$946,"$1,070",$963,"$1,177","$1,300","$1,170","$1,430","$1,440","$1,296","$1,584"
14467,METRO40380M40380,"Rochester, NY HUD Metro FMR Area",$980,$882,"$1,078","$1,090",$981,"$1,199","$1,360","$1,224","$1,496","$1,640","$1,476","$1,804","$1,810","$1,629","$1,991"
14468,METRO40380M40380,"Rochester, NY HUD Metro FMR Area","$1,000",$900,"$1,100","$1,120","$1,008","$1,232","$1,400","$1,260","$1,540","$1,690","$1,521","$1,859","$1,860","$1,674","$2,046"
14469,METRO40380M40380,"Rochester, NY HUD Metro FMR Area",$790,$711,$869,$880,$792,$968,"$1,100",$990,"$1,210","$1,330","$1,197","$1,463","$1,460","$1,314","$1,606"
14470,METRO40380M40380,"Rochester, NY HUD Metro FMR Area",$760,$684,$836,$860,$774,$946,"$1,070",$963,"$1,177","$1,300","$1,170","$1,430","$1,440","$1,296","$1,584"
14471,METRO40380M40380,"Rochester, NY HUD Metro FMR Area","$1,000",$900,"$1,100","$1,120","$1,008","$1,232","$1,400","$1,260","$1,540","$1,690","$1,521","$1,859","$1,860","$1,674","$2,046"
14472,METRO40380M40380,"Rochester, NY HUD Metro FMR Area",$930,$837,"$1,023","$1,040",$936,"$1,144","$1,300","$1,170","$1,430","$1,570","$1,413","$1,727","$1,730","$1,557","$1,903"
14475,METRO40380M40380,"Rochester, NY HUD Metro FMR Area",$930,$837,"$1,023","$1,040",$936,"$1,144","$1,300","$1,170","$1,430","$1,570","$1,413","$1,727","$1,720","$1,548","$1,892"
14476,METRO40380M40380,"Rochester, NY HUD Metro FMR Area",$950,$855,"$1,045","$1,060",$954,"$1,166","$1,320","$1,188","$1,452","$1,600","$1,440","$1,760","$1,760","$1,584","$1,936"
14477,METRO40380M40380,"Rochester, NY HUD Metro FMR Area",$830,$747,$913,$930,$837,"$1,023","$1,160","$1,044","$1,276","$1,400","$1,260","$1,540","$1,540","$1,386","$1,694"
14479,METRO40380M40380,"Rochester, NY HUD Metro FMR Area",$810,$729,$891,$900,$810,$990,"$1,120","$1,008","$1,232","$1,360","$1,224","$1,496","$1,500","$1,350","$1,650"
14480,METRO40380M40380,"Rochester, NY HUD Metro FMR Area",$800,$720,$880,$900,$810,$990,"$1,120","$1,008","$1,232","$1,350","$1,215","$1,485","$1,490","$1,341","$1,639"
14481,METRO40380M40380,"Rochester, NY HUD Metro FMR Area",$860,$774,$946,$960,$864,"$1,056","$1,200","$1,080","$1,320","$1,450","$1,305","$1,595","$1,600","$1,440","$1,760"
14482,METRO40380M40380,"Rochester, NY HUD Metro FMR Area",$780,$702,$858,$880,$792,$968,"$1,090",$981,"$1,199","$1,320","$1,188","$1,452","$1,450","$1,305","$1,595"
14485,METRO40380M40380,"Rochester, NY HUD Metro FMR Area",$760,$684,$836,$860,$774,$946,"$1,070",$963,"$1,177","$1,300","$1,170","$1,430","$1,440","$1,296","$1,584"
14486,METRO40380M40380,"Rochester, NY HUD Metro FMR Area",$770,$693,$847,$870,$783,$957,"$1,080",$972,"$1,188","$1,300","$1,170","$1,430","$1,440","$1,296","$1,584"
14487,METRO40380M40380,"Rochester, NY HUD Metro FMR Area",$860,$774,$946,$960,$864,"$1,056","$1,200","$1,080","$1,320","$1,450","$1,305","$1,595","$1,600","$1,440","$1,760"
14488,METRO40380M40380,"Rochester, NY HUD Metro FMR Area",$830,$747,$913,$930,$837,"$1,023","$1,160","$1,044","$1,276","$1,400","$1,260","$1,540","$1,540","$1,386","$1,694"
14489,METRO40380M40380,"Rochester, NY HUD Metro FMR Area",$850,$765,$935,$960,$864,"$1,056","$1,190","$1,071","$1,309","$1,440","$1,296","$1,584","$1,580","$1,422","$1,738"
14502,METRO40380M40380,"Rochester, NY HUD Metro FMR Area",$820,$738,$902,$920,$828,"$1,012","$1,140","$1,026","$1,254","$1,380","$1,242","$1,518","$1,520","$1,368","$1,672"
14504,METRO40380M40380,"Rochester, NY HUD Metro FMR Area",$930,$837,"$1,023","$1,040",$936,"$1,144","$1,300","$1,170","$1,430","$1,570","$1,413","$1,727","$1,730","$1,557","$1,903"
14505,METRO40380M40380,"Rochester, NY HUD Metro FMR Area",$760,$684,$836,$860,$774,$946,"$1,070",$963,"$1,177","$1,300","$1,170","$1,430","$1,440","$1,296","$1,584"
14506,METRO40380M40380,"Rochester, NY HUD Metro FMR Area","$1,140","$1,026","$1,254","$1,270","$1,143","$1,397","$1,580","$1,422","$1,738","$1,910","$1,719","$2,101","$2,110","$1,899","$2,321"
14508,METRO40380M40380,"Rochester, NY HUD Metro FMR Area",$960,$864,"$1,056","$1,080",$972,"$1,188","$1,340","$1,206","$1,474","$1,620","$1,458","$1,782","$1,780","$1,602","$1,958"
14510,METRO40380M40380,"Rochester, NY HUD Metro FMR Area",$810,$729,$891,$910,$819,"$1,001","$1,130","$1,017","$1,243","$1,370","$1,233","$1,507","$1,500","$1,350","$1,650"
14511,METRO40380M40380,"Rochester, NY HUD Metro FMR Area",$980,$882,"$1,078","$1,100",$990,"$1,210","$1,360","$1,224","$1,496","$1,650","$1,485","$1,815","$1,810","$1,629","$1,991"
14512,METRO40380M40380,"Rochester, NY HUD Metro FMR Area",$760,$684,$836,$860,$774,$946,"$1,070",$963,"$1,177","$1,300","$1,170","$1,430","$1,440","$1,296","$1,584"
14513,METRO40380M40380,"Rochester, NY HUD Metro FMR Area",$820,$738,$902,$920,$828,"$1,012","$1,140","$1,026","$1,254","$1,380","$1,242","$1,518","$1,520","$1,368","$1,672"
14514,METRO40380M40380,"Rochester, NY HUD Metro FMR Area","$1,220","$1,098","$1,342","$1,370","$1,233","$1,507","$1,700","$1,530","$1,870","$2,060","$1,854","$2,266","$2,260","$2,034","$2,486"
14515,METRO40380M40380,"Rochester, NY HUD Metro FMR Area",$960,$864,"$1,056","$1,080",$972,"$1,188","$1,340","$1,206","$1,474","$1,620","$1,458","$1,782","$1,780","$1,602","$1,958"
14516,METRO40380M40380,"Rochester, NY HUD Metro FMR Area",$980,$882,"$1,078","$1,100",$990,"$1,210","$1,370","$1,233","$1,507","$1,660","$1,494","$1,826","$1,820","$1,638","$2,002"
14517,METRO40380M40380,"Rochester, NY HUD Metro FMR Area",$760,$684,$836,$860,$774,$946,"$1,070",$963,"$1,177","$1,300","$1,170","$1,430","$1,440","$1,296","$1,584"
14518,METRO40380M40380,"Rochester, NY HUD Metro FMR Area",$910,$819,"$1,001","$1,020",$918,"$1,122","$1,270","$1,143","$1,397","$1,540","$1,386","$1,694","$1,690","$1,521","$1,859"
14519,METRO40380M40380,"Rochester, NY HUD Metro FMR Area",$930,$837,"$1,023","$1,040",$936,"$1,144","$1,290","$1,161","$1,419","$1,560","$1,404","$1,716","$1,720","$1,548","$1,892"
14520,METRO40380M40380,"Rochester, NY HUD Metro FMR Area",$820,$738,$902,$920,$828,"$1,012","$1,140","$1,026","$1,254","$1,380","$1,242","$1,518","$1,520","$1,368","$1,672"
14522,METRO40380M40380,"Rochester, NY HUD Metro FMR Area",$760,$684,$836,$860,$774,$946,"$1,070",$963,"$1,177","$1,300","$1,170","$1,430","$1,440","$1,296","$1,584"
14525,METRO40380M40380,"Rochester, NY HUD Metro FMR Area",$760,$684,$836,$860,$774,$946,"$1,070",$963,"$1,177","$1,300","$1,170","$1,430","$1,440","$1,296","$1,584"
14526,METRO40380M40380,"Rochester, NY HUD Metro FMR Area",$960,$864,"$1,056","$1,080",$972,"$1,188","$1,340","$1,206","$1,474","$1,620","$1,458","$1,782","$1,780","$1,602","$1,958"
14530,METRO40380M40380,"Rochester, NY HUD Metro FMR Area",$760,$684,$836,$860,$774,$946,"$1,070",$963,"$1,177","$1,300","$1,170","$1,430","$1,440","$1,296","$1,584"
14532,METRO40380M40380,"Rochester, NY HUD Metro FMR Area",$760,$684,$836,$860,$774,$946,"$1,070",$963,"$1,177","$1,300","$1,170","$1,430","$1,440","$1,296","$1,584"
14533,METRO40380M40380,"Rochester, NY HUD Metro FMR Area",$780,$702,$858,$880,$792,$968,"$1,090",$981,"$1,199","$1,320","$1,188","$1,452","$1,450","$1,305","$1,595"
14534,METRO40380M40380,"Rochester, NY HUD Metro FMR Area","$1,410","$1,269","$1,551","$1,570","$1,413","$1,727","$1,960","$1,764","$2,156","$2,370","$2,133","$2,607","$2,610","$2,349","$2,871"
14537,METRO40380M40380,"Rochester, NY HUD Metro FMR Area",$760,$684,$836,$860,$774,$946,"$1,070",$963,"$1,177","$1,300","$1,170","$1,430","$1,440","$1,296","$1,584"
14538,METRO40380M40380,"Rochester, NY HUD Metro FMR Area",$820,$738,$902,$920,$828,"$1,012","$1,140","$1,026","$1,254","$1,380","$1,242","$1,518","$1,520","$1,368","$1,672"
14539,METRO40380M40380,"Rochester, NY HUD Metro FMR Area",$780,$702,$858,$880,$792,$968,"$1,090",$981,"$1,199","$1,320","$1,188","$1,452","$1,450","$1,305","$1,595"
14542,METRO40380M40380,"Rochester, NY HUD Metro FMR Area",$820,$738,$902,$920,$828,"$1,012","$1,140","$1,026","$1,254","$1,380","$1,242","$1,518","$1,520","$1,368","$1,672"
14543,METRO40380M40380,"Rochester, NY HUD Metro FMR Area",$830,$747,$913,$920,$828,"$1,012","$1,150","$1,035","$1,265","$1,390","$1,251","$1,529","$1,530","$1,377","$1,683"
14544,METRO40380M40380,"Rochester, NY HUD Metro FMR Area",$930,$837,"$1,023","$1,040",$936,"$1,144","$1,340","$1,206","$1,474","$1,680","$1,512","$1,848","$1,870","$1,683","$2,057"
14545,METRO40380M40380,"Rochester, NY HUD Metro FMR Area",$840,$756,$924,$950,$855,"$1,045","$1,180","$1,062","$1,298","$1,420","$1,278","$1,562","$1,570","$1,413","$1,727"
14546,METRO40380M40380,"Rochester, NY HUD Metro FMR Area","$1,110",$999,"$1,221","$1,240","$1,116","$1,364","$1,540","$1,386","$1,694","$1,860","$1,674","$2,046","$2,050","$1,845","$2,255"
14547,METRO40380M40380,"Rochester, NY HUD Metro FMR Area",$910,$819,"$1,001","$1,020",$918,"$1,122","$1,270","$1,143","$1,397","$1,540","$1,386","$1,694","$1,690","$1,521","$1,859"
14548,METRO40380M40380,"Rochester, NY HUD Metro FMR Area",$920,$828,"$1,012","$1,030",$927,"$1,133","$1,280","$1,152","$1,408","$1,550","$1,395","$1,705","$1,700","$1,530","$1,870"
14551,METRO40380M40380,"Rochester, NY HUD Metro FMR Area",$780,$702,$858,$870,$783,$957,"$1,080",$972,"$1,188","$1,310","$1,179","$1,441","$1,440","$1,296","$1,584"
14555,METRO40380M40380,"Rochester, NY HUD Metro FMR Area",$820,$738,$902,$920,$828,"$1,012","$1,140","$1,026","$1,254","$1,380","$1,242","$1,518","$1,520","$1,368","$1,672"
14556,METRO40380M40380,"Rochester, NY HUD Metro FMR Area",$830,$747,$913,$930,$837,"$1,023","$1,160","$1,044","$1,276","$1,400","$1,260","$1,540","$1,540","$1,386","$1,694"
14558,METRO40380M40380,"Rochester, NY HUD Metro FMR Area",$830,$747,$913,$930,$837,"$1,023","$1,160","$1,044","$1,276","$1,400","$1,260","$1,540","$1,540","$1,386","$1,694"
14559,METRO40380M40380,"Rochester, NY HUD Metro FMR Area","$1,060",$954,"$1,166","$1,190","$1,071","$1,309","$1,480","$1,332","$1,628","$1,790","$1,611","$1,969","$1,970","$1,773","$2,167"
14560,METRO40380M40380,"Rochester, NY HUD Metro FMR Area",$960,$864,"$1,056","$1,080",$972,"$1,188","$1,340","$1,206","$1,474","$1,620","$1,458","$1,782","$1,780","$1,602","$1,958"
14561,METRO40380M40380,"Rochester, NY HUD Metro FMR Area",$990,$891,"$1,089","$1,110",$999,"$1,221","$1,380","$1,242","$1,518","$1,670","$1,503","$1,837","$1,840","$1,656","$2,024"
14563,METRO40380M40380,"Rochester, NY HUD Metro FMR Area",$820,$738,$902,$920,$828,"$1,012","$1,140","$1,026","$1,254","$1,380","$1,242","$1,518","$1,520","$1,368","$1,672"
14564,METRO40380M40380,"Rochester, NY HUD Metro FMR Area","$1,180","$1,062","$1,298","$1,320","$1,188","$1,452","$1,640","$1,476","$1,804","$1,980","$1,782","$2,178","$2,180","$1,962","$2,398"
14568,METRO40380M40380,"Rochester, NY HUD Metro FMR Area",$800,$720,$880,$890,$801,$979,"$1,110",$999,"$1,221","$1,340","$1,206","$1,474","$1,480","$1,332","$1,628"
14571,METRO40380M40380,"Rochester, NY HUD Metro FMR Area","$1,310","$1,179","$1,441","$1,460","$1,314","$1,606","$1,820","$1,638","$2,002","$2,200","$1,980","$2,420","$2,420","$2,178","$2,662"
14572,METRO40380M40380,"Rochester, NY HUD Metro FMR Area",$760,$684,$836,$860,$774,$946,"$1,070",$963,"$1,177","$1,300","$1,170","$1,430","$1,440","$1,296","$1,584"
14580,METRO40380M40380,"Rochester, NY HUD Metro FMR Area","$1,160","$1,044","$1,276","$1,300","$1,170","$1,430","$1,620","$1,458","$1,782","$1,960","$1,764","$2,156","$2,160","$1,944","$2,376"
14585,METRO40380M40380,"Rochester, NY HUD Metro FMR Area",$760,$684,$836,$860,$774,$946,"$1,070",$963,"$1,177","$1,300","$1,170","$1,430","$1,440","$1,296","$1,584"
14586,METRO40380M40380,"Rochester, NY HUD Metro FMR Area","$1,290","$1,161","$1,419","$1,450","$1,305","$1,595","$1,800","$1,620","$1,980","$2,180","$1,962","$2,398","$2,400","$2,160","$2,640"
14589,METRO40380M40380,"Rochester, NY HUD Metro FMR Area",$850,$765,$935,$950,$855,"$1,045","$1,180","$1,062","$1,298","$1,430","$1,287","$1,573","$1,570","$1,413","$1,727"
14590,METRO40380M40380,"Rochester, NY HUD Metro FMR Area",$780,$702,$858,$880,$792,$968,"$1,090",$981,"$1,199","$1,320","$1,188","$1,452","$1,450","$1,305","$1,595"
14592,METRO40380M40380,"Rochester, NY HUD Metro FMR Area",$780,$702,$858,$880,$792,$968,"$1,090",$981,"$1,199","$1,320","$1,188","$1,452","$1,450","$1,305","$1,595"
14602,METRO40380M40380,"Rochester, NY HUD Metro FMR Area",$960,$864,"$1,056","$1,080",$972,"$1,188","$1,340","$1,206","$1,474","$1,620","$1,458","$1,782","$1,780","$1,602","$1,958"
14603,METRO40380M40380,"Rochester, NY HUD Metro FMR Area",$960,$864,"$1,056","$1,080",$972,"$1,188","$1,340","$1,206","$1,474","$1,620","$1,458","$1,782","$1,780","$1,602","$1,958"
14604,METRO40380M40380,"Rochester, NY HUD Metro FMR Area","$1,110",$999,"$1,221","$1,240","$1,116","$1,364","$1,550","$1,395","$1,705","$1,870","$1,683","$2,057","$2,060","$1,854","$2,266"
14605,METRO40380M40380,"Rochester, NY HUD Metro FMR Area",$800,$720,$880,$890,$801,$979,"$1,110",$999,"$1,221","$1,340","$1,206","$1,474","$1,480","$1,332","$1,628"
14606,METRO40380M40380,"Rochester, NY HUD Metro FMR Area",$870,$783,$957,$970,$873,"$1,067","$1,210","$1,089","$1,331","$1,460","$1,314","$1,606","$1,610","$1,449","$1,771"
14607,METRO40380M40380,"Rochester, NY HUD Metro FMR Area","$1,070",$963,"$1,177","$1,200","$1,080","$1,320","$1,490","$1,341","$1,639","$1,800","$1,620","$1,980","$1,980","$1,782","$2,178"
14608,METRO40380M40380,"Rochester, NY HUD Metro FMR Area",$850,$765,$935,$960,$864,"$1,056","$1,190","$1,071","$1,309","$1,440","$1,296","$1,584","$1,580","$1,422","$1,738"
14609,METRO40380M40380,"Rochester, NY HUD Metro FMR Area",$880,$792,$968,$990,$891,"$1,089","$1,230","$1,107","$1,353","$1,490","$1,341","$1,639","$1,640","$1,476","$1,804"
14610,METRO40380M40380,"Rochester, NY HUD Metro FMR Area",$930,$837,"$1,023","$1,040",$936,"$1,144","$1,290","$1,161","$1,419","$1,560","$1,404","$1,716","$1,720","$1,548","$1,892"
14611,METRO40380M40380,"Rochester, NY HUD Metro FMR Area",$930,$837,"$1,023","$1,040",$936,"$1,144","$1,300","$1,170","$1,430","$1,570","$1,413","$1,727","$1,730","$1,557","$1,903"
14612,METRO40380M40380,"Rochester, NY HUD Metro FMR Area","$1,000",$900,"$1,100","$1,120","$1,008","$1,232","$1,400","$1,260","$1,540","$1,690","$1,521","$1,859","$1,860","$1,674","$2,046"
14613,METRO40380M40380,"Rochester, NY HUD Metro FMR Area",$830,$747,$913,$930,$837,"$1,023","$1,160","$1,044","$1,276","$1,400","$1,260","$1,540","$1,540","$1,386","$1,694"
14614,METRO40380M40380,"Rochester, NY HUD Metro FMR Area",$890,$801,$979,"$1,000",$900,"$1,100","$1,240","$1,116","$1,364","$1,500","$1,350","$1,650","$1,650","$1,485","$1,815"
14615,METRO40380M40380,"Rochester, NY HUD Metro FMR Area",$900,$810,$990,"$1,000",$900,"$1,100","$1,250","$1,125","$1,375","$1,510","$1,359","$1,661","$1,660","$1,494","$1,826"
14616,METRO40380M40380,"Rochester, NY HUD Metro FMR Area",$980,$882,"$1,078","$1,090",$981,"$1,199","$1,360","$1,224","$1,496","$1,640","$1,476","$1,804","$1,810","$1,629","$1,991"
14617,METRO40380M40380,"Rochester, NY HUD Metro FMR Area",$930,$837,"$1,023","$1,040",$936,"$1,144","$1,300","$1,170","$1,430","$1,570","$1,413","$1,727","$1,730","$1,557","$1,903"
14618,METRO40380M40380,"Rochester, NY HUD Metro FMR Area","$1,150","$1,035","$1,265","$1,280","$1,152","$1,408","$1,600","$1,440","$1,760","$1,930","$1,737","$2,123","$2,130","$1,917","$2,343"
14619,METRO40380M40380,"Rochester, NY HUD Metro FMR Area",$980,$882,"$1,078","$1,100",$990,"$1,210","$1,370","$1,233","$1,507","$1,660","$1,494","$1,826","$1,820","$1,638","$2,002"
14620,METRO40380M40380,"Rochester, NY HUD Metro FMR Area",$980,$882,"$1,078","$1,100",$990,"$1,210","$1,370","$1,233","$1,507","$1,660","$1,494","$1,826","$1,820","$1,638","$2,002"
14621,METRO40380M40380,"Rochester, NY HUD Metro FMR Area",$830,$747,$913,$930,$837,"$1,023","$1,160","$1,044","$1,276","$1,400","$1,260","$1,540","$1,540","$1,386","$1,694"
14622,METRO40380M40380,"Rochester, NY HUD Metro FMR Area",$910,$819,"$1,001","$1,020",$918,"$1,122","$1,270","$1,143","$1,397","$1,540","$1,386","$1,694","$1,690","$1,521","$1,859"
14623,METRO40380M40380,"Rochester, NY HUD Metro FMR Area","$1,060",$954,"$1,166","$1,180","$1,062","$1,298","$1,470","$1,323","$1,617","$1,780","$1,602","$1,958","$1,960","$1,764","$2,156"
14624,METRO40380M40380,"Rochester, NY HUD Metro FMR Area","$1,070",$963,"$1,177","$1,200","$1,080","$1,320","$1,490","$1,341","$1,639","$1,800","$1,620","$1,980","$1,980","$1,782","$2,178"
14625,METRO40380M40380,"Rochester, NY HUD Metro FMR Area","$1,080",$972,"$1,188","$1,200","$1,080","$1,320","$1,500","$1,350","$1,650","$1,810","$1,629","$1,991","$2,000","$1,800","$2,200"
14626,METRO40380M40380,"Rochester, NY HUD Metro FMR Area","$1,060",$954,"$1,166","$1,180","$1,062","$1,298","$1,470","$1,323","$1,617","$1,780","$1,602","$1,958","$1,960","$1,764","$2,156"
14627,METRO40380M40380,"Rochester, NY HUD Metro FMR Area","$1,030",$927,"$1,133","$1,150","$1,035","$1,265","$1,430","$1,287","$1,573","$1,730","$1,557","$1,903","$1,910","$1,719","$2,101"
14638,METRO40380M40380,"Rochester, NY HUD Metro FMR Area",$960,$864,"$1,056","$1,080",$972,"$1,188","$1,340","$1,206","$1,474","$1,620","$1,458","$1,782","$1,780","$1,602","$1,958"
14639,METRO40380M40380,"Rochester, NY HUD Metro FMR Area",$960,$864,"$1,056","$1,080",$972,"$1,188","$1,340","$1,206","$1,474","$1,620","$1,458","$1,782","$1,780","$1,602","$1,958"
14642,METRO40380M40380,"Rochester, NY HUD Metro FMR Area",$960,$864,"$1,056","$1,080",$972,"$1,188","$1,340","$1,206","$1,474","$1,620","$1,458","$1,782","$1,780","$1,602","$1,958"
14643,METRO40380M40380,"Rochester, NY HUD Metro FMR Area",$960,$864,"$1,056","$1,080",$972,"$1,188","$1,340","$1,206","$1,474","$1,620","$1,458","$1,782","$1,780","$1,602","$1,958"
14646,METRO40380M40380,"Rochester, NY HUD Metro FMR Area",$960,$864,"$1,056","$1,080",$972,"$1,188","$1,340","$1,206","$1,474","$1,620","$1,458","$1,782","$1,780","$1,602","$1,958"
14647,METRO40380M40380,"Rochester, NY HUD Metro FMR Area",$960,$864,"$1,056","$1,080",$972,"$1,188","$1,340","$1,206","$1,474","$1,620","$1,458","$1,782","$1,780","$1,602","$1,958"
14649,METRO40380M40380,"Rochester, NY HUD Metro FMR Area",$960,$864,"$1,056","$1,080",$972,"$1,188","$1,340","$1,206","$1,474","$1,620","$1,458","$1,782","$1,780","$1,602","$1,958"
14650,METRO40380M40380,"Rochester, NY HUD Metro FMR Area",$960,$864,"$1,056","$1,080",$972,"$1,188","$1,340","$1,206","$1,474","$1,620","$1,458","$1,782","$1,780","$1,602","$1,958"
14651,METRO40380M40380,"Rochester, NY HUD Metro FMR Area",$960,$864,"$1,056","$1,080",$972,"$1,188","$1,340","$1,206","$1,474","$1,620","$1,458","$1,782","$1,780","$1,602","$1,958"
14652,METRO40380M40380,"Rochester, NY HUD Metro FMR Area",$960,$864,"$1,056","$1,080",$972,"$1,188","$1,340","$1,206","$1,474","$1,620","$1,458","$1,782","$1,780","$1,602","$1,958"
14653,METRO40380M40380,"Rochester, NY HUD Metro FMR Area",$960,$864,"$1,056","$1,080",$972,"$1,188","$1,340","$1,206","$1,474","$1,620","$1,458","$1,782","$1,780","$1,602","$1,958"
14692,METRO40380M40380,"Rochester, NY HUD Metro FMR Area",$960,$864,"$1,056","$1,080",$972,"$1,188","$1,340","$1,206","$1,474","$1,620","$1,458","$1,782","$1,780","$1,602","$1,958"
14822,METRO40380M40380,"Rochester, NY HUD Metro FMR Area",$830,$747,$913,$930,$837,"$1,023","$1,160","$1,044","$1,276","$1,400","$1,260","$1,540","$1,540","$1,386","$1,694"
14836,METRO40380M40380,"Rochester, NY HUD Metro FMR Area",$830,$747,$913,$930,$837,"$1,023","$1,160","$1,044","$1,276","$1,400","$1,260","$1,540","$1,540","$1,386","$1,694"
14846,METRO40380M40380,"Rochester, NY HUD Metro FMR Area",$760,$684,$836,$860,$774,$946,"$1,070",$963,"$1,177","$1,300","$1,170","$1,430","$1,440","$1,296","$1,584"
14884,METRO40380M40380,"Rochester, NY HUD Metro FMR Area",$830,$747,$913,$930,$837,"$1,023","$1,160","$1,044","$1,276","$1,400","$1,260","$1,540","$1,540","$1,386","$1,694"
14415,METRO40380N36123,"Yates County, NY HUD Metro FMR Area",$730,$657,$803,$820,$738,$902,"$1,070",$963,"$1,177","$1,350","$1,215","$1,485","$1,510","$1,359","$1,661"
14418,METRO40380N36123,"Yates County, NY HUD Metro FMR Area",$700,$630,$770,$820,$738,$902,"$1,040",$936,"$1,144","$1,400","$1,260","$1,540","$1,430","$1,287","$1,573"
14441,METRO40380N36123,"Yates County, NY HUD Metro FMR Area",$740,$666,$814,$830,$747,$913,"$1,090",$981,"$1,199","$1,390","$1,251","$1,529","$1,560","$1,404","$1,716"
14456,METRO40380N36123,"Yates County, NY HUD Metro FMR Area",$850,$765,$935,$950,$855,"$1,045","$1,180","$1,062","$1,298","$1,430","$1,287","$1,573","$1,570","$1,413","$1,727"
14478,METRO40380N36123,"Yates County, NY HUD Metro FMR Area",$710,$639,$781,$800,$720,$880,"$1,050",$945,"$1,155","$1,340","$1,206","$1,474","$1,500","$1,350","$1,650"
14507,METRO40380N36123,"Yates County, NY HUD Metro FMR Area",$660,$594,$726,$740,$666,$814,$970,$873,"$1,067","$1,230","$1,107","$1,353","$1,390","$1,251","$1,529"
14512,METRO40380N36123,"Yates County, NY HUD Metro FMR Area",$760,$684,$836,$860,$774,$946,"$1,070",$963,"$1,177","$1,300","$1,170","$1,430","$1,440","$1,296","$1,584"
14527,METRO40380N36123,"Yates County, NY HUD Metro FMR Area",$710,$639,$781,$800,$720,$880,"$1,050",$945,"$1,155","$1,340","$1,206","$1,474","$1,500","$1,350","$1,650"
14544,METRO40380N36123,"Yates County, NY HUD Metro FMR Area",$930,$837,"$1,023","$1,040",$936,"$1,144","$1,340","$1,206","$1,474","$1,680","$1,512","$1,848","$1,870","$1,683","$2,057"
14561,METRO40380N36123,"Yates County, NY HUD Metro FMR Area",$990,$891,"$1,089","$1,110",$999,"$1,221","$1,380","$1,242","$1,518","$1,670","$1,503","$1,837","$1,840","$1,656","$2,024"
14837,METRO40380N36123,"Yates County, NY HUD Metro FMR Area",$690,$621,$759,$780,$702,$858,"$1,020",$918,"$1,122","$1,300","$1,170","$1,430","$1,460","$1,314","$1,606"
14842,METRO40380N36123,"Yates County, NY HUD Metro FMR Area",$700,$630,$770,$790,$711,$869,"$1,040",$936,"$1,144","$1,320","$1,188","$1,452","$1,480","$1,332","$1,628"
14857,METRO40380N36123,"Yates County, NY HUD Metro FMR Area",$730,$657,$803,$810,$729,$891,"$1,070",$963,"$1,177","$1,360","$1,224","$1,496","$1,530","$1,377","$1,683"
14873,METRO40380N36123,"Yates County, NY HUD Metro FMR Area",$730,$657,$803,$810,$729,$891,"$1,070",$963,"$1,177","$1,360","$1,224","$1,496","$1,530","$1,377","$1,683"
14878,METRO40380N36123,"Yates County, NY HUD Metro FMR Area",$690,$621,$759,$780,$702,$858,"$1,020",$918,"$1,122","$1,300","$1,170","$1,430","$1,460","$1,314","$1,606"
13020,METRO45060M45060,"Syracuse, NY MSA",$910,$819,"$1,001","$1,010",$909,"$1,111","$1,240","$1,116","$1,364","$1,520","$1,368","$1,672","$1,760","$1,584","$1,936"
13021,METRO45060M45060,"Syracuse, NY MSA",$760,$684,$836,$840,$756,$924,"$1,030",$927,"$1,133","$1,260","$1,134","$1,386","$1,460","$1,314","$1,606"
13027,METRO45060M45060,"Syracuse, NY MSA",$930,$837,"$1,023","$1,030",$927,"$1,133","$1,270","$1,143","$1,397","$1,560","$1,404","$1,716","$1,800","$1,620","$1,980"
13028,METRO45060M45060,"Syracuse, NY MSA",$790,$711,$869,$860,$774,$946,"$1,060",$954,"$1,166","$1,290","$1,161","$1,419","$1,500","$1,350","$1,650"
13029,METRO45060M45060,"Syracuse, NY MSA",$870,$783,$957,$960,$864,"$1,056","$1,180","$1,062","$1,298","$1,450","$1,305","$1,595","$1,680","$1,512","$1,848"
13030,METRO45060M45060,"Syracuse, NY MSA",$730,$657,$803,$810,$729,$891,"$1,000",$900,"$1,100","$1,240","$1,116","$1,364","$1,430","$1,287","$1,573"
13031,METRO45060M45060,"Syracuse, NY MSA",$930,$837,"$1,023","$1,030",$927,"$1,133","$1,260","$1,134","$1,386","$1,550","$1,395","$1,705","$1,790","$1,611","$1,969"
13032,METRO45060M45060,"Syracuse, NY MSA",$790,$711,$869,$870,$783,$957,"$1,070",$963,"$1,177","$1,310","$1,179","$1,441","$1,520","$1,368","$1,672"
13033,METRO45060M45060,"Syracuse, NY MSA",$820,$738,$902,$910,$819,"$1,001","$1,110",$999,"$1,221","$1,370","$1,233","$1,507","$1,580","$1,422","$1,738"
13035,METRO45060M45060,"Syracuse, NY MSA",$950,$855,"$1,045","$1,050",$945,"$1,155","$1,290","$1,161","$1,419","$1,580","$1,422","$1,738","$1,830","$1,647","$2,013"
13036,METRO45060M45060,"Syracuse, NY MSA",$800,$720,$880,$890,$801,$979,"$1,090",$981,"$1,199","$1,340","$1,206","$1,474","$1,550","$1,395","$1,705"
13037,METRO45060M45060,"Syracuse, NY MSA",$740,$666,$814,$810,$729,$891,"$1,000",$900,"$1,100","$1,240","$1,116","$1,364","$1,430","$1,287","$1,573"
13039,METRO45060M45060,"Syracuse, NY MSA",$900,$810,$990,"$1,000",$900,"$1,100","$1,230","$1,107","$1,353","$1,510","$1,359","$1,661","$1,750","$1,575","$1,925"
13041,METRO45060M45060,"Syracuse, NY MSA","$1,120","$1,008","$1,232","$1,240","$1,116","$1,364","$1,530","$1,377","$1,683","$1,880","$1,692","$2,068","$2,170","$1,953","$2,387"
13042,METRO45060M45060,"Syracuse, NY MSA","$1,050",$945,"$1,155","$1,120","$1,008","$1,232","$1,390","$1,251","$1,529","$1,700","$1,530","$1,870","$1,980","$1,782","$2,178"
13043,METRO45060M45060,"Syracuse, NY MSA",$760,$684,$836,$840,$756,$924,"$1,030",$927,"$1,133","$1,260","$1,134","$1,386","$1,460","$1,314","$1,606"
13044,METRO45060M45060,"Syracuse, NY MSA",$730,$657,$803,$810,$729,$891,"$1,000",$900,"$1,100","$1,240","$1,116","$1,364","$1,430","$1,287","$1,573"
13051,METRO45060M45060,"Syracuse, NY MSA",$860,$774,$946,$950,$855,"$1,045","$1,170","$1,053","$1,287","$1,430","$1,287","$1,573","$1,650","$1,485","$1,815"
13052,METRO45060M45060,"Syracuse, NY MSA",$780,$702,$858,$860,$774,$946,"$1,060",$954,"$1,166","$1,300","$1,170","$1,430","$1,510","$1,359","$1,661"
13057,METRO45060M45060,"Syracuse, NY MSA",$790,$711,$869,$870,$783,$957,"$1,070",$963,"$1,177","$1,310","$1,179","$1,441","$1,520","$1,368","$1,672"
13060,METRO45060M45060,"Syracuse, NY MSA",$760,$684,$836,$840,$756,$924,"$1,030",$927,"$1,133","$1,260","$1,134","$1,386","$1,460","$1,314","$1,606"
13061,METRO45060M45060,"Syracuse, NY MSA",$760,$684,$836,$850,$765,$935,"$1,040",$936,"$1,144","$1,280","$1,152","$1,408","$1,480","$1,332","$1,628"
13063,METRO45060M45060,"Syracuse, NY MSA",$820,$738,$902,$900,$810,$990,"$1,110",$999,"$1,221","$1,360","$1,224","$1,496","$1,580","$1,422","$1,738"
13066,METRO45060M45060,"Syracuse, NY MSA",$990,$891,"$1,089","$1,090",$981,"$1,199","$1,340","$1,206","$1,474","$1,640","$1,476","$1,804","$1,900","$1,710","$2,090"
13069,METRO45060M45060,"Syracuse, NY MSA",$740,$666,$814,$820,$738,$902,"$1,010",$909,"$1,111","$1,240","$1,116","$1,364","$1,430","$1,287","$1,573"
13072,METRO45060M45060,"Syracuse, NY MSA",$760,$684,$836,$850,$765,$935,"$1,040",$936,"$1,144","$1,280","$1,152","$1,408","$1,480","$1,332","$1,628"
13074,METRO45060M45060,"Syracuse, NY MSA",$730,$657,$803,$810,$729,$891,"$1,000",$900,"$1,100","$1,240","$1,116","$1,364","$1,430","$1,287","$1,573"
13076,METRO45060M45060,"Syracuse, NY MSA","$1,070",$963,"$1,177","$1,200","$1,080","$1,320","$1,480","$1,332","$1,628","$1,820","$1,638","$2,002","$2,110","$1,899","$2,321"
13077,METRO45060M45060,"Syracuse, NY MSA",$810,$729,$891,$890,$801,$979,"$1,100",$990,"$1,210","$1,350","$1,215","$1,485","$1,560","$1,404","$1,716"
13078,METRO45060M45060,"Syracuse, NY MSA","$1,000",$900,"$1,100","$1,110",$999,"$1,221","$1,360","$1,224","$1,496","$1,670","$1,503","$1,837","$1,930","$1,737","$2,123"
13080,METRO45060M45060,"Syracuse, NY MSA",$730,$657,$803,$810,$729,$891,"$1,000",$900,"$1,100","$1,240","$1,116","$1,364","$1,430","$1,287","$1,573"
13082,METRO45060M45060,"Syracuse, NY MSA",$760,$684,$836,$840,$756,$924,"$1,030",$927,"$1,133","$1,260","$1,134","$1,386","$1,460","$1,314","$1,606"
13083,METRO45060M45060,"Syracuse, NY MSA",$740,$666,$814,$840,$756,$924,"$1,100",$990,"$1,210","$1,490","$1,341","$1,639","$1,760","$1,584","$1,936"
13084,METRO45060M45060,"Syracuse, NY MSA",$790,$711,$869,$870,$783,$957,"$1,070",$963,"$1,177","$1,310","$1,179","$1,441","$1,520","$1,368","$1,672"
13088,METRO45060M45060,"Syracuse, NY MSA",$900,$810,$990,"$1,000",$900,"$1,100","$1,230","$1,107","$1,353","$1,510","$1,359","$1,661","$1,750","$1,575","$1,925"
13089,METRO45060M45060,"Syracuse, NY MSA",$850,$765,$935,$940,$846,"$1,034","$1,150","$1,035","$1,265","$1,410","$1,269","$1,551","$1,630","$1,467","$1,793"
13090,METRO45060M45060,"Syracuse, NY MSA",$960,$864,"$1,056","$1,060",$954,"$1,166","$1,300","$1,170","$1,430","$1,590","$1,431","$1,749","$1,850","$1,665","$2,035"
13093,METRO45060M45060,"Syracuse, NY MSA",$760,$684,$836,$850,$765,$935,"$1,040",$936,"$1,144","$1,280","$1,152","$1,408","$1,480","$1,332","$1,628"
13103,METRO45060M45060,"Syracuse, NY MSA","$1,240","$1,116","$1,364","$1,370","$1,233","$1,507","$1,690","$1,521","$1,859","$2,070","$1,863","$2,277","$2,400","$2,160","$2,640"
13104,METRO45060M45060,"Syracuse, NY MSA",$850,$765,$935,$940,$846,"$1,034","$1,150","$1,035","$1,265","$1,410","$1,269","$1,551","$1,630","$1,467","$1,793"
13108,METRO45060M45060,"Syracuse, NY MSA",$820,$738,$902,$900,$810,$990,"$1,110",$999,"$1,221","$1,360","$1,224","$1,496","$1,580","$1,422","$1,738"
13110,METRO45060M45060,"Syracuse, NY MSA",$900,$810,$990,"$1,000",$900,"$1,100","$1,230","$1,107","$1,353","$1,510","$1,359","$1,661","$1,740","$1,566","$1,914"
13111,METRO45060M45060,"Syracuse, NY MSA",$780,$702,$858,$860,$774,$946,"$1,060",$954,"$1,166","$1,300","$1,170","$1,430","$1,510","$1,359","$1,661"
13112,METRO45060M45060,"Syracuse, NY MSA",$870,$783,$957,$960,$864,"$1,056","$1,180","$1,062","$1,298","$1,450","$1,305","$1,595","$1,680","$1,512","$1,848"
13114,METRO45060M45060,"Syracuse, NY MSA",$730,$657,$803,$810,$729,$891,"$1,000",$900,"$1,100","$1,240","$1,116","$1,364","$1,430","$1,287","$1,573"
13115,METRO45060M45060,"Syracuse, NY MSA",$850,$765,$935,$940,$846,"$1,034","$1,160","$1,044","$1,276","$1,420","$1,278","$1,562","$1,650","$1,485","$1,815"
13116,METRO45060M45060,"Syracuse, NY MSA",$850,$765,$935,$940,$846,"$1,034","$1,150","$1,035","$1,265","$1,410","$1,269","$1,551","$1,630","$1,467","$1,793"
13119,METRO45060M45060,"Syracuse, NY MSA",$850,$765,$935,$940,$846,"$1,034","$1,150","$1,035","$1,265","$1,410","$1,269","$1,551","$1,630","$1,467","$1,793"
13120,METRO45060M45060,"Syracuse, NY MSA",$860,$774,$946,$950,$855,"$1,045","$1,170","$1,053","$1,287","$1,430","$1,287","$1,573","$1,660","$1,494","$1,826"
13121,METRO45060M45060,"Syracuse, NY MSA",$760,$684,$836,$850,$765,$935,"$1,040",$936,"$1,144","$1,280","$1,152","$1,408","$1,480","$1,332","$1,628"
13122,METRO45060M45060,"Syracuse, NY MSA",$790,$711,$869,$870,$783,$957,"$1,070",$963,"$1,177","$1,310","$1,179","$1,441","$1,520","$1,368","$1,672"
13126,METRO45060M45060,"Syracuse, NY MSA",$790,$711,$869,$880,$792,$968,"$1,080",$972,"$1,188","$1,320","$1,188","$1,452","$1,530","$1,377","$1,683"
13131,METRO45060M45060,"Syracuse, NY MSA",$860,$774,$946,$950,$855,"$1,045","$1,170","$1,053","$1,287","$1,430","$1,287","$1,573","$1,660","$1,494","$1,826"
13132,METRO45060M45060,"Syracuse, NY MSA",$750,$675,$825,$830,$747,$913,"$1,020",$918,"$1,122","$1,250","$1,125","$1,375","$1,450","$1,305","$1,595"
13134,METRO45060M45060,"Syracuse, NY MSA",$740,$666,$814,$830,$747,$913,"$1,010",$909,"$1,111","$1,240","$1,116","$1,364","$1,440","$1,296","$1,584"
13135,METRO45060M45060,"Syracuse, NY MSA",$750,$675,$825,$830,$747,$913,"$1,020",$918,"$1,122","$1,250","$1,125","$1,375","$1,450","$1,305","$1,595"
13137,METRO45060M45060,"Syracuse, NY MSA",$850,$765,$935,$940,$846,"$1,034","$1,150","$1,035","$1,265","$1,410","$1,269","$1,551","$1,630","$1,467","$1,793"
13138,METRO45060M45060,"Syracuse, NY MSA",$870,$783,$957,$960,$864,"$1,056","$1,180","$1,062","$1,298","$1,440","$1,296","$1,584","$1,670","$1,503","$1,837"
13141,METRO45060M45060,"Syracuse, NY MSA",$770,$693,$847,$850,$765,$935,"$1,050",$945,"$1,155","$1,290","$1,161","$1,419","$1,490","$1,341","$1,639"
13142,METRO45060M45060,"Syracuse, NY MSA",$740,$666,$814,$820,$738,$902,"$1,010",$909,"$1,111","$1,240","$1,116","$1,364","$1,430","$1,287","$1,573"
13144,METRO45060M45060,"Syracuse, NY MSA",$730,$657,$803,$810,$729,$891,"$1,000",$900,"$1,100","$1,240","$1,116","$1,364","$1,430","$1,287","$1,573"
13145,METRO45060M45060,"Syracuse, NY MSA",$740,$666,$814,$840,$756,$924,"$1,100",$990,"$1,210","$1,490","$1,341","$1,639","$1,760","$1,584","$1,936"
13152,METRO45060M45060,"Syracuse, NY MSA","$1,050",$945,"$1,155","$1,160","$1,044","$1,276","$1,430","$1,287","$1,573","$1,750","$1,575","$1,925","$2,030","$1,827","$2,233"
13153,METRO45060M45060,"Syracuse, NY MSA",$900,$810,$990,$990,$891,"$1,089","$1,220","$1,098","$1,342","$1,490","$1,341","$1,639","$1,730","$1,557","$1,903"
13156,METRO45060M45060,"Syracuse, NY MSA",$760,$684,$836,$860,$774,$946,"$1,070",$963,"$1,177","$1,300","$1,170","$1,430","$1,440","$1,296","$1,584"
13158,METRO45060M45060,"Syracuse, NY MSA",$730,$657,$803,$810,$729,$891,"$1,000",$900,"$1,100","$1,240","$1,116","$1,364","$1,430","$1,287","$1,573"
13159,METRO45060M45060,"Syracuse, NY MSA",$930,$837,"$1,023","$1,030",$927,"$1,133","$1,260","$1,134","$1,386","$1,550","$1,395","$1,705","$1,790","$1,611","$1,969"
13163,METRO45060M45060,"Syracuse, NY MSA",$770,$693,$847,$850,$765,$935,"$1,050",$945,"$1,155","$1,280","$1,152","$1,408","$1,490","$1,341","$1,639"
13164,METRO45060M45060,"Syracuse, NY MSA",$880,$792,$968,$980,$882,"$1,078","$1,200","$1,080","$1,320","$1,480","$1,332","$1,628","$1,710","$1,539","$1,881"
13166,METRO45060M45060,"Syracuse, NY MSA",$820,$738,$902,$910,$819,"$1,001","$1,120","$1,008","$1,232","$1,370","$1,233","$1,507","$1,590","$1,431","$1,749"
13167,METRO45060M45060,"Syracuse, NY MSA",$970,$873,"$1,067","$1,070",$963,"$1,177","$1,320","$1,188","$1,452","$1,620","$1,458","$1,782","$1,880","$1,692","$2,068"
13201,METRO45060M45060,"Syracuse, NY MSA",$850,$765,$935,$940,$846,"$1,034","$1,150","$1,035","$1,265","$1,410","$1,269","$1,551","$1,630","$1,467","$1,793"
13202,METRO45060M45060,"Syracuse, NY MSA",$970,$873,"$1,067","$1,070",$963,"$1,177","$1,320","$1,188","$1,452","$1,620","$1,458","$1,782","$1,880","$1,692","$2,068"
13203,METRO45060M45060,"Syracuse, NY MSA",$810,$729,$891,$890,$801,$979,"$1,100",$990,"$1,210","$1,350","$1,215","$1,485","$1,560","$1,404","$1,716"
13204,METRO45060M45060,"Syracuse, NY MSA",$760,$684,$836,$840,$756,$924,"$1,030",$927,"$1,133","$1,260","$1,134","$1,386","$1,460","$1,314","$1,606"
13205,METRO45060M45060,"Syracuse, NY MSA",$740,$666,$814,$820,$738,$902,"$1,010",$909,"$1,111","$1,240","$1,116","$1,364","$1,430","$1,287","$1,573"
13206,METRO45060M45060,"Syracuse, NY MSA",$760,$684,$836,$850,$765,$935,"$1,040",$936,"$1,144","$1,280","$1,152","$1,408","$1,480","$1,332","$1,628"
13207,METRO45060M45060,"Syracuse, NY MSA",$830,$747,$913,$920,$828,"$1,012","$1,130","$1,017","$1,243","$1,390","$1,251","$1,529","$1,610","$1,449","$1,771"
13208,METRO45060M45060,"Syracuse, NY MSA",$780,$702,$858,$860,$774,$946,"$1,060",$954,"$1,166","$1,300","$1,170","$1,430","$1,510","$1,359","$1,661"
13209,METRO45060M45060,"Syracuse, NY MSA",$790,$711,$869,$880,$792,$968,"$1,080",$972,"$1,188","$1,320","$1,188","$1,452","$1,530","$1,377","$1,683"
13210,METRO45060M45060,"Syracuse, NY MSA",$870,$783,$957,$960,$864,"$1,056","$1,180","$1,062","$1,298","$1,450","$1,305","$1,595","$1,680","$1,512","$1,848"
13211,METRO45060M45060,"Syracuse, NY MSA",$930,$837,"$1,023","$1,030",$927,"$1,133","$1,260","$1,134","$1,386","$1,550","$1,395","$1,705","$1,790","$1,611","$1,969"
13212,METRO45060M45060,"Syracuse, NY MSA",$850,$765,$935,$940,$846,"$1,034","$1,160","$1,044","$1,276","$1,420","$1,278","$1,562","$1,650","$1,485","$1,815"
13214,METRO45060M45060,"Syracuse, NY MSA",$820,$738,$902,$910,$819,"$1,001","$1,120","$1,008","$1,232","$1,370","$1,233","$1,507","$1,590","$1,431","$1,749"
13215,METRO45060M45060,"Syracuse, NY MSA",$930,$837,"$1,023","$1,030",$927,"$1,133","$1,260","$1,134","$1,386","$1,550","$1,395","$1,705","$1,790","$1,611","$1,969"
13217,METRO45060M45060,"Syracuse, NY MSA",$850,$765,$935,$940,$846,"$1,034","$1,150","$1,035","$1,265","$1,410","$1,269","$1,551","$1,630","$1,467","$1,793"
13218,METRO45060M45060,"Syracuse, NY MSA",$850,$765,$935,$940,$846,"$1,034","$1,150","$1,035","$1,265","$1,410","$1,269","$1,551","$1,630","$1,467","$1,793"
13219,METRO45060M45060,"Syracuse, NY MSA",$900,$810,$990,$990,$891,"$1,089","$1,220","$1,098","$1,342","$1,500","$1,350","$1,650","$1,730","$1,557","$1,903"
13220,METRO45060M45060,"Syracuse, NY MSA",$850,$765,$935,$940,$846,"$1,034","$1,150","$1,035","$1,265","$1,410","$1,269","$1,551","$1,630","$1,467","$1,793"
13224,METRO45060M45060,"Syracuse, NY MSA",$850,$765,$935,$940,$846,"$1,034","$1,150","$1,035","$1,265","$1,410","$1,269","$1,551","$1,630","$1,467","$1,793"
13225,METRO45060M45060,"Syracuse, NY MSA",$850,$765,$935,$940,$846,"$1,034","$1,150","$1,035","$1,265","$1,410","$1,269","$1,551","$1,630","$1,467","$1,793"
13235,METRO45060M45060,"Syracuse, NY MSA",$850,$765,$935,$940,$846,"$1,034","$1,150","$1,035","$1,265","$1,410","$1,269","$1,551","$1,630","$1,467","$1,793"
13244,METRO45060M45060,"Syracuse, NY MSA",$850,$765,$935,$940,$846,"$1,034","$1,150","$1,035","$1,265","$1,410","$1,269","$1,551","$1,630","$1,467","$1,793"
13261,METRO45060M45060,"Syracuse, NY MSA",$850,$765,$935,$940,$846,"$1,034","$1,150","$1,035","$1,265","$1,410","$1,269","$1,551","$1,630","$1,467","$1,793"
13290,METRO45060M45060,"Syracuse, NY MSA",$850,$765,$935,$940,$846,"$1,034","$1,150","$1,035","$1,265","$1,410","$1,269","$1,551","$1,630","$1,467","$1,793"
13302,METRO45060M45060,"Syracuse, NY MSA",$870,$783,$957,$960,$864,"$1,056","$1,180","$1,062","$1,298","$1,450","$1,305","$1,595","$1,680","$1,512","$1,848"
13310,METRO45060M45060,"Syracuse, NY MSA",$810,$729,$891,$900,$810,$990,"$1,100",$990,"$1,210","$1,350","$1,215","$1,485","$1,560","$1,404","$1,716"
13314,METRO45060M45060,"Syracuse, NY MSA",$770,$693,$847,$830,$747,$913,"$1,030",$927,"$1,133","$1,260","$1,134","$1,386","$1,460","$1,314","$1,606"
13316,METRO45060M45060,"Syracuse, NY MSA",$730,$657,$803,$810,$729,$891,"$1,000",$900,"$1,100","$1,240","$1,116","$1,364","$1,430","$1,287","$1,573"
13332,METRO45060M45060,"Syracuse, NY MSA",$760,$684,$836,$850,$765,$935,"$1,040",$936,"$1,144","$1,280","$1,152","$1,408","$1,480","$1,332","$1,628"
13334,METRO45060M45060,"Syracuse, NY MSA",$730,$657,$803,$810,$729,$891,"$1,000",$900,"$1,100","$1,240","$1,116","$1,364","$1,430","$1,287","$1,573"
13346,METRO45060M45060,"Syracuse, NY MSA",$910,$819,"$1,001","$1,010",$909,"$1,111","$1,240","$1,116","$1,364","$1,520","$1,368","$1,672","$1,760","$1,584","$1,936"
13355,METRO45060M45060,"Syracuse, NY MSA",$730,$657,$803,$810,$729,$891,"$1,000",$900,"$1,100","$1,240","$1,116","$1,364","$1,430","$1,287","$1,573"
13364,METRO45060M45060,"Syracuse, NY MSA",$740,$666,$814,$810,$729,$891,"$1,000",$900,"$1,100","$1,240","$1,116","$1,364","$1,430","$1,287","$1,573"
13402,METRO45060M45060,"Syracuse, NY MSA",$800,$720,$880,$850,$765,$935,"$1,060",$954,"$1,166","$1,290","$1,161","$1,419","$1,500","$1,350","$1,650"
13408,METRO45060M45060,"Syracuse, NY MSA",$730,$657,$803,$810,$729,$891,"$1,000",$900,"$1,100","$1,240","$1,116","$1,364","$1,430","$1,287","$1,573"
13409,METRO45060M45060,"Syracuse, NY MSA",$780,$702,$858,$860,$774,$946,"$1,060",$954,"$1,166","$1,300","$1,170","$1,430","$1,500","$1,350","$1,650"
13418,METRO45060M45060,"Syracuse, NY MSA","$1,210","$1,089","$1,331","$1,340","$1,206","$1,474","$1,650","$1,485","$1,815","$2,020","$1,818","$2,222","$2,340","$2,106","$2,574"
13421,METRO45060M45060,"Syracuse, NY MSA",$740,$666,$814,$810,$729,$891,"$1,000",$900,"$1,100","$1,240","$1,116","$1,364","$1,430","$1,287","$1,573"
13425,METRO45060M45060,"Syracuse, NY MSA",$770,$693,$847,$810,$729,$891,"$1,000",$900,"$1,100","$1,240","$1,116","$1,364","$1,430","$1,287","$1,573"
13426,METRO45060M45060,"Syracuse, NY MSA",$760,$684,$836,$850,$765,$935,"$1,040",$936,"$1,144","$1,280","$1,152","$1,408","$1,480","$1,332","$1,628"
13437,METRO45060M45060,"Syracuse, NY MSA",$730,$657,$803,$810,$729,$891,"$1,000",$900,"$1,100","$1,240","$1,116","$1,364","$1,430","$1,287","$1,573"
13460,METRO45060M45060,"Syracuse, NY MSA",$730,$657,$803,$810,$729,$891,"$1,000",$900,"$1,100","$1,240","$1,116","$1,364","$1,430","$1,287","$1,573"
13464,METRO45060M45060,"Syracuse, NY MSA",$820,$738,$902,$900,$810,$990,"$1,110",$999,"$1,221","$1,360","$1,224","$1,496","$1,580","$1,422","$1,738"
13480,METRO45060M45060,"Syracuse, NY MSA",$730,$657,$803,$810,$729,$891,"$1,000",$900,"$1,100","$1,240","$1,116","$1,364","$1,430","$1,287","$1,573"
13483,METRO45060M45060,"Syracuse, NY MSA","$1,020",$918,"$1,122","$1,030",$927,"$1,133","$1,290","$1,161","$1,419","$1,570","$1,413","$1,727","$1,860","$1,674","$2,046"
13484,METRO45060M45060,"Syracuse, NY MSA",$760,$684,$836,$840,$756,$924,"$1,030",$927,"$1,133","$1,260","$1,134","$1,386","$1,460","$1,314","$1,606"
13485,METRO45060M45060,"Syracuse, NY MSA",$740,$666,$814,$810,$729,$891,"$1,000",$900,"$1,100","$1,240","$1,116","$1,364","$1,430","$1,287","$1,573"
13491,METRO45060M45060,"Syracuse, NY MSA",$750,$675,$825,$810,$729,$891,"$1,000",$900,"$1,100","$1,240","$1,116","$1,364","$1,430","$1,287","$1,573"
13493,METRO45060M45060,"Syracuse, NY MSA",$730,$657,$803,$810,$729,$891,"$1,000",$900,"$1,100","$1,240","$1,116","$1,364","$1,430","$1,287","$1,573"
13661,METRO45060M45060,"Syracuse, NY MSA",$740,$666,$814,$840,$756,$924,"$1,100",$990,"$1,210","$1,490","$1,341","$1,639","$1,760","$1,584","$1,936"
13032,METRO46540M46540,"Utica-Rome, NY MSA",$790,$711,$869,$870,$783,$957,"$1,070",$963,"$1,177","$1,310","$1,179","$1,441","$1,520","$1,368","$1,672"
13042,METRO46540M46540,"Utica-Rome, NY MSA","$1,050",$945,"$1,155","$1,120","$1,008","$1,232","$1,390","$1,251","$1,529","$1,700","$1,530","$1,870","$1,980","$1,782","$2,178"
13054,METRO46540M46540,"Utica-Rome, NY MSA",$800,$720,$880,$800,$720,$880,"$1,010",$909,"$1,111","$1,220","$1,098","$1,342","$1,440","$1,296","$1,584"
13123,METRO46540M46540,"Utica-Rome, NY MSA",$800,$720,$880,$800,$720,$880,"$1,010",$909,"$1,111","$1,220","$1,098","$1,342","$1,440","$1,296","$1,584"
13157,METRO46540M46540,"Utica-Rome, NY MSA",$900,$810,$990,$910,$819,"$1,001","$1,140","$1,026","$1,254","$1,380","$1,242","$1,518","$1,620","$1,458","$1,782"
13162,METRO46540M46540,"Utica-Rome, NY MSA",$810,$729,$891,$810,$729,$891,"$1,020",$918,"$1,122","$1,230","$1,107","$1,353","$1,450","$1,305","$1,595"
13301,METRO46540M46540,"Utica-Rome, NY MSA",$800,$720,$880,$800,$720,$880,"$1,010",$909,"$1,111","$1,220","$1,098","$1,342","$1,430","$1,287","$1,573"
13303,METRO46540M46540,"Utica-Rome, NY MSA",$720,$648,$792,$730,$657,$803,$910,$819,"$1,001","$1,100",$990,"$1,210","$1,290","$1,161","$1,419"
13304,METRO46540M46540,"Utica-Rome, NY MSA","$1,010",$909,"$1,111","$1,020",$918,"$1,122","$1,280","$1,152","$1,408","$1,550","$1,395","$1,705","$1,820","$1,638","$2,002"
13308,METRO46540M46540,"Utica-Rome, NY MSA",$930,$837,"$1,023",$930,$837,"$1,023","$1,170","$1,053","$1,287","$1,410","$1,269","$1,551","$1,660","$1,494","$1,826"
13309,METRO46540M46540,"Utica-Rome, NY MSA",$720,$648,$792,$730,$657,$803,$910,$819,"$1,001","$1,100",$990,"$1,210","$1,290","$1,161","$1,419"
13313,METRO46540M46540,"Utica-Rome, NY MSA",$720,$648,$792,$720,$648,$792,$910,$819,"$1,001","$1,090",$981,"$1,199","$1,290","$1,161","$1,419"
13316,METRO46540M46540,"Utica-Rome, NY MSA",$730,$657,$803,$810,$729,$891,"$1,000",$900,"$1,100","$1,240","$1,116","$1,364","$1,430","$1,287","$1,573"
13318,METRO46540M46540,"Utica-Rome, NY MSA",$760,$684,$836,$760,$684,$836,$960,$864,"$1,056","$1,160","$1,044","$1,276","$1,360","$1,224","$1,496"
13319,METRO46540M46540,"Utica-Rome, NY MSA",$720,$648,$792,$730,$657,$803,$910,$819,"$1,001","$1,100",$990,"$1,210","$1,290","$1,161","$1,419"
13321,METRO46540M46540,"Utica-Rome, NY MSA",$840,$756,$924,$840,$756,$924,"$1,060",$954,"$1,166","$1,280","$1,152","$1,408","$1,510","$1,359","$1,661"
13322,METRO46540M46540,"Utica-Rome, NY MSA",$820,$738,$902,$820,$738,$902,"$1,030",$927,"$1,133","$1,250","$1,125","$1,375","$1,460","$1,314","$1,606"
13323,METRO46540M46540,"Utica-Rome, NY MSA",$970,$873,"$1,067",$970,$873,"$1,067","$1,220","$1,098","$1,342","$1,480","$1,332","$1,628","$1,730","$1,557","$1,903"
13324,METRO46540M46540,"Utica-Rome, NY MSA",$720,$648,$792,$720,$648,$792,$910,$819,"$1,001","$1,090",$981,"$1,199","$1,290","$1,161","$1,419"
13328,METRO46540M46540,"Utica-Rome, NY MSA",$810,$729,$891,$820,$738,$902,"$1,030",$927,"$1,133","$1,240","$1,116","$1,364","$1,460","$1,314","$1,606"
13329,METRO46540M46540,"Utica-Rome, NY MSA",$720,$648,$792,$720,$648,$792,$910,$819,"$1,001","$1,090",$981,"$1,199","$1,290","$1,161","$1,419"
13331,METRO46540M46540,"Utica-Rome, NY MSA",$720,$648,$792,$730,$657,$803,$910,$819,"$1,001","$1,100",$990,"$1,210","$1,290","$1,161","$1,419"
13338,METRO46540M46540,"Utica-Rome, NY MSA",$850,$765,$935,$850,$765,$935,"$1,070",$963,"$1,177","$1,290","$1,161","$1,419","$1,520","$1,368","$1,672"
13339,METRO46540M46540,"Utica-Rome, NY MSA",$780,$702,$858,$780,$702,$858,$980,$882,"$1,078","$1,180","$1,062","$1,298","$1,390","$1,251","$1,529"
13340,METRO46540M46540,"Utica-Rome, NY MSA",$740,$666,$814,$750,$675,$825,$940,$846,"$1,034","$1,140","$1,026","$1,254","$1,340","$1,206","$1,474"
13341,METRO46540M46540,"Utica-Rome, NY MSA",$850,$765,$935,$860,$774,$946,"$1,080",$972,"$1,188","$1,310","$1,179","$1,441","$1,540","$1,386","$1,694"
13350,METRO46540M46540,"Utica-Rome, NY MSA",$820,$738,$902,$830,$747,$913,"$1,040",$936,"$1,144","$1,260","$1,134","$1,386","$1,480","$1,332","$1,628"
13352,METRO46540M46540,"Utica-Rome, NY MSA",$750,$675,$825,$750,$675,$825,$940,$846,"$1,034","$1,140","$1,026","$1,254","$1,340","$1,206","$1,474"
13354,METRO46540M46540,"Utica-Rome, NY MSA",$720,$648,$792,$720,$648,$792,$910,$819,"$1,001","$1,090",$981,"$1,199","$1,290","$1,161","$1,419"
13357,METRO46540M46540,"Utica-Rome, NY MSA",$720,$648,$792,$720,$648,$792,$910,$819,"$1,001","$1,090",$981,"$1,199","$1,290","$1,161","$1,419"
13360,METRO46540M46540,"Utica-Rome, NY MSA",$720,$648,$792,$730,$657,$803,$910,$819,"$1,001","$1,100",$990,"$1,210","$1,290","$1,161","$1,419"
13361,METRO46540M46540,"Utica-Rome, NY MSA",$720,$648,$792,$730,$657,$803,$910,$819,"$1,001","$1,100",$990,"$1,210","$1,290","$1,161","$1,419"
13362,METRO46540M46540,"Utica-Rome, NY MSA",$800,$720,$880,$800,$720,$880,"$1,010",$909,"$1,111","$1,220","$1,098","$1,342","$1,440","$1,296","$1,584"
13363,METRO46540M46540,"Utica-Rome, NY MSA","$1,050",$945,"$1,155","$1,060",$954,"$1,166","$1,330","$1,197","$1,463","$1,610","$1,449","$1,771","$1,890","$1,701","$2,079"
13365,METRO46540M46540,"Utica-Rome, NY MSA",$720,$648,$792,$720,$648,$792,$910,$819,"$1,001","$1,090",$981,"$1,199","$1,290","$1,161","$1,419"
13367,METRO46540M46540,"Utica-Rome, NY MSA",$780,$702,$858,$780,$702,$858,$980,$882,"$1,078","$1,180","$1,062","$1,298","$1,390","$1,251","$1,529"
13401,METRO46540M46540,"Utica-Rome, NY MSA",$800,$720,$880,$800,$720,$880,"$1,010",$909,"$1,111","$1,220","$1,098","$1,342","$1,440","$1,296","$1,584"
13402,METRO46540M46540,"Utica-Rome, NY MSA",$800,$720,$880,$850,$765,$935,"$1,060",$954,"$1,166","$1,290","$1,161","$1,419","$1,500","$1,350","$1,650"
13403,METRO46540M46540,"Utica-Rome, NY MSA",$810,$729,$891,$810,$729,$891,"$1,020",$918,"$1,122","$1,230","$1,107","$1,353","$1,450","$1,305","$1,595"
13406,METRO46540M46540,"Utica-Rome, NY MSA",$910,$819,"$1,001",$920,$828,"$1,012","$1,150","$1,035","$1,265","$1,390","$1,251","$1,529","$1,630","$1,467","$1,793"
13407,METRO46540M46540,"Utica-Rome, NY MSA",$720,$648,$792,$720,$648,$792,$910,$819,"$1,001","$1,090",$981,"$1,199","$1,290","$1,161","$1,419"
13409,METRO46540M46540,"Utica-Rome, NY MSA",$780,$702,$858,$860,$774,$946,"$1,060",$954,"$1,166","$1,300","$1,170","$1,430","$1,500","$1,350","$1,650"
13413,METRO46540M46540,"Utica-Rome, NY MSA","$1,010",$909,"$1,111","$1,010",$909,"$1,111","$1,270","$1,143","$1,397","$1,540","$1,386","$1,694","$1,800","$1,620","$1,980"
13416,METRO46540M46540,"Utica-Rome, NY MSA",$720,$648,$792,$720,$648,$792,$910,$819,"$1,001","$1,090",$981,"$1,199","$1,290","$1,161","$1,419"
13417,METRO46540M46540,"Utica-Rome, NY MSA",$780,$702,$858,$780,$702,$858,$980,$882,"$1,078","$1,180","$1,062","$1,298","$1,390","$1,251","$1,529"
13420,METRO46540M46540,"Utica-Rome, NY MSA",$720,$648,$792,$730,$657,$803,$910,$819,"$1,001","$1,100",$990,"$1,210","$1,290","$1,161","$1,419"
13421,METRO46540M46540,"Utica-Rome, NY MSA",$740,$666,$814,$810,$729,$891,"$1,000",$900,"$1,100","$1,240","$1,116","$1,364","$1,430","$1,287","$1,573"
13424,METRO46540M46540,"Utica-Rome, NY MSA",$750,$675,$825,$760,$684,$836,$950,$855,"$1,045","$1,150","$1,035","$1,265","$1,350","$1,215","$1,485"
13425,METRO46540M46540,"Utica-Rome, NY MSA",$770,$693,$847,$810,$729,$891,"$1,000",$900,"$1,100","$1,240","$1,116","$1,364","$1,430","$1,287","$1,573"
13431,METRO46540M46540,"Utica-Rome, NY MSA",$780,$702,$858,$790,$711,$869,$990,$891,"$1,089","$1,200","$1,080","$1,320","$1,410","$1,269","$1,551"
13433,METRO46540M46540,"Utica-Rome, NY MSA",$800,$720,$880,$800,$720,$880,"$1,010",$909,"$1,111","$1,220","$1,098","$1,342","$1,440","$1,296","$1,584"
13435,METRO46540M46540,"Utica-Rome, NY MSA",$750,$675,$825,$760,$684,$836,$950,$855,"$1,045","$1,150","$1,035","$1,265","$1,350","$1,215","$1,485"
13438,METRO46540M46540,"Utica-Rome, NY MSA",$750,$675,$825,$760,$684,$836,$950,$855,"$1,045","$1,150","$1,035","$1,265","$1,350","$1,215","$1,485"
13439,METRO46540M46540,"Utica-Rome, NY MSA",$740,$666,$814,$740,$666,$814,$930,$837,"$1,023","$1,120","$1,008","$1,232","$1,320","$1,188","$1,452"
13440,METRO46540M46540,"Utica-Rome, NY MSA",$810,$729,$891,$810,$729,$891,"$1,020",$918,"$1,122","$1,230","$1,107","$1,353","$1,450","$1,305","$1,595"
13441,METRO46540M46540,"Utica-Rome, NY MSA",$780,$702,$858,$780,$702,$858,$980,$882,"$1,078","$1,180","$1,062","$1,298","$1,390","$1,251","$1,529"
13442,METRO46540M46540,"Utica-Rome, NY MSA",$800,$720,$880,$800,$720,$880,"$1,010",$909,"$1,111","$1,220","$1,098","$1,342","$1,440","$1,296","$1,584"
13454,METRO46540M46540,"Utica-Rome, NY MSA",$720,$648,$792,$720,$648,$792,$910,$819,"$1,001","$1,090",$981,"$1,199","$1,290","$1,161","$1,419"
13455,METRO46540M46540,"Utica-Rome, NY MSA",$800,$720,$880,$800,$720,$880,"$1,010",$909,"$1,111","$1,220","$1,098","$1,342","$1,440","$1,296","$1,584"
13456,METRO46540M46540,"Utica-Rome, NY MSA",$790,$711,$869,$800,$720,$880,"$1,000",$900,"$1,100","$1,210","$1,089","$1,331","$1,420","$1,278","$1,562"
13461,METRO46540M46540,"Utica-Rome, NY MSA",$880,$792,$968,$880,$792,$968,"$1,110",$999,"$1,221","$1,340","$1,206","$1,474","$1,580","$1,422","$1,738"
13469,METRO46540M46540,"Utica-Rome, NY MSA",$790,$711,$869,$790,$711,$869,$990,$891,"$1,089","$1,190","$1,071","$1,309","$1,410","$1,269","$1,551"
13470,METRO46540M46540,"Utica-Rome, NY MSA",$720,$648,$792,$720,$648,$792,$910,$819,"$1,001","$1,090",$981,"$1,199","$1,290","$1,161","$1,419"
13471,METRO46540M46540,"Utica-Rome, NY MSA",$850,$765,$935,$850,$765,$935,"$1,070",$963,"$1,177","$1,290","$1,161","$1,419","$1,520","$1,368","$1,672"
13472,METRO46540M46540,"Utica-Rome, NY MSA",$720,$648,$792,$730,$657,$803,$910,$819,"$1,001","$1,100",$990,"$1,210","$1,290","$1,161","$1,419"
13475,METRO46540M46540,"Utica-Rome, NY MSA",$780,$702,$858,$780,$702,$858,$980,$882,"$1,078","$1,180","$1,062","$1,298","$1,390","$1,251","$1,529"
13476,METRO46540M46540,"Utica-Rome, NY MSA",$790,$711,$869,$800,$720,$880,"$1,000",$900,"$1,100","$1,210","$1,089","$1,331","$1,420","$1,278","$1,562"
13477,METRO46540M46540,"Utica-Rome, NY MSA",$800,$720,$880,$820,$738,$902,"$1,030",$927,"$1,133","$1,250","$1,125","$1,375","$1,450","$1,305","$1,595"
13478,METRO46540M46540,"Utica-Rome, NY MSA",$780,$702,$858,$790,$711,$869,$990,$891,"$1,089","$1,200","$1,080","$1,320","$1,410","$1,269","$1,551"
13479,METRO46540M46540,"Utica-Rome, NY MSA",$800,$720,$880,$800,$720,$880,"$1,010",$909,"$1,111","$1,220","$1,098","$1,342","$1,440","$1,296","$1,584"
13480,METRO46540M46540,"Utica-Rome, NY MSA",$730,$657,$803,$810,$729,$891,"$1,000",$900,"$1,100","$1,240","$1,116","$1,364","$1,430","$1,287","$1,573"
13483,METRO46540M46540,"Utica-Rome, NY MSA","$1,020",$918,"$1,122","$1,030",$927,"$1,133","$1,290","$1,161","$1,419","$1,570","$1,413","$1,727","$1,860","$1,674","$2,046"
13486,METRO46540M46540,"Utica-Rome, NY MSA",$780,$702,$858,$790,$711,$869,$990,$891,"$1,089","$1,200","$1,080","$1,320","$1,420","$1,278","$1,562"
13489,METRO46540M46540,"Utica-Rome, NY MSA",$800,$720,$880,$800,$720,$880,"$1,010",$909,"$1,111","$1,220","$1,098","$1,342","$1,440","$1,296","$1,584"
13490,METRO46540M46540,"Utica-Rome, NY MSA",$820,$738,$902,$820,$738,$902,"$1,030",$927,"$1,133","$1,250","$1,125","$1,375","$1,460","$1,314","$1,606"
13491,METRO46540M46540,"Utica-Rome, NY MSA",$750,$675,$825,$810,$729,$891,"$1,000",$900,"$1,100","$1,240","$1,116","$1,364","$1,430","$1,287","$1,573"
13492,METRO46540M46540,"Utica-Rome, NY MSA",$810,$729,$891,$810,$729,$891,"$1,020",$918,"$1,122","$1,230","$1,107","$1,353","$1,450","$1,305","$1,595"
13494,METRO46540M46540,"Utica-Rome, NY MSA",$820,$738,$902,$820,$738,$902,"$1,030",$927,"$1,133","$1,240","$1,116","$1,364","$1,460","$1,314","$1,606"
13495,METRO46540M46540,"Utica-Rome, NY MSA",$740,$666,$814,$750,$675,$825,$940,$846,"$1,034","$1,140","$1,026","$1,254","$1,340","$1,206","$1,474"
13501,METRO46540M46540,"Utica-Rome, NY MSA",$720,$648,$792,$720,$648,$792,$910,$819,"$1,001","$1,090",$981,"$1,199","$1,290","$1,161","$1,419"
13502,METRO46540M46540,"Utica-Rome, NY MSA",$810,$729,$891,$810,$729,$891,"$1,020",$918,"$1,122","$1,230","$1,107","$1,353","$1,450","$1,305","$1,595"
13503,METRO46540M46540,"Utica-Rome, NY MSA",$800,$720,$880,$800,$720,$880,"$1,010",$909,"$1,111","$1,220","$1,098","$1,342","$1,440","$1,296","$1,584"
13504,METRO46540M46540,"Utica-Rome, NY MSA",$800,$720,$880,$800,$720,$880,"$1,010",$909,"$1,111","$1,220","$1,098","$1,342","$1,440","$1,296","$1,584"
13505,METRO46540M46540,"Utica-Rome, NY MSA",$800,$720,$880,$800,$720,$880,"$1,010",$909,"$1,111","$1,220","$1,098","$1,342","$1,440","$1,296","$1,584"
13083,METRO48060M48060,"Watertown-Fort Drum, NY MSA",$740,$666,$814,$840,$756,$924,"$1,100",$990,"$1,210","$1,490","$1,341","$1,639","$1,760","$1,584","$1,936"
13145,METRO48060M48060,"Watertown-Fort Drum, NY MSA",$740,$666,$814,$840,$756,$924,"$1,100",$990,"$1,210","$1,490","$1,341","$1,639","$1,760","$1,584","$1,936"
13601,METRO48060M48060,"Watertown-Fort Drum, NY MSA",$860,$774,$946,$970,$873,"$1,067","$1,270","$1,143","$1,397","$1,720","$1,548","$1,892","$2,080","$1,872","$2,288"
13602,METRO48060M48060,"Watertown-Fort Drum, NY MSA","$1,380","$1,242","$1,518","$1,550","$1,395","$1,705","$2,040","$1,836","$2,244","$2,770","$2,493","$3,047","$3,350","$3,015","$3,685"
13603,METRO48060M48060,"Watertown-Fort Drum, NY MSA","$1,190","$1,071","$1,309","$1,330","$1,197","$1,463","$1,750","$1,575","$1,925","$2,370","$2,133","$2,607","$2,870","$2,583","$3,157"
13605,METRO48060M48060,"Watertown-Fort Drum, NY MSA",$740,$666,$814,$840,$756,$924,"$1,100",$990,"$1,210","$1,490","$1,341","$1,639","$1,760","$1,584","$1,936"
13606,METRO48060M48060,"Watertown-Fort Drum, NY MSA",$910,$819,"$1,001","$1,020",$918,"$1,122","$1,340","$1,206","$1,474","$1,820","$1,638","$2,002","$2,200","$1,980","$2,420"
13607,METRO48060M48060,"Watertown-Fort Drum, NY MSA",$740,$666,$814,$840,$756,$924,"$1,100",$990,"$1,210","$1,490","$1,341","$1,639","$1,760","$1,584","$1,936"
13608,METRO48060M48060,"Watertown-Fort Drum, NY MSA",$740,$666,$814,$840,$756,$924,"$1,100",$990,"$1,210","$1,490","$1,341","$1,639","$1,760","$1,584","$1,936"
13611,METRO48060M48060,"Watertown-Fort Drum, NY MSA",$920,$828,"$1,012","$1,040",$936,"$1,144","$1,360","$1,224","$1,496","$1,840","$1,656","$2,024","$2,230","$2,007","$2,453"
13612,METRO48060M48060,"Watertown-Fort Drum, NY MSA",$740,$666,$814,$840,$756,$924,"$1,100",$990,"$1,210","$1,490","$1,341","$1,639","$1,760","$1,584","$1,936"
13615,METRO48060M48060,"Watertown-Fort Drum, NY MSA",$740,$666,$814,$840,$756,$924,"$1,100",$990,"$1,210","$1,490","$1,341","$1,639","$1,790","$1,611","$1,969"
13616,METRO48060M48060,"Watertown-Fort Drum, NY MSA",$910,$819,"$1,001","$1,020",$918,"$1,122","$1,340","$1,206","$1,474","$1,820","$1,638","$2,002","$2,200","$1,980","$2,420"
13618,METRO48060M48060,"Watertown-Fort Drum, NY MSA",$740,$666,$814,$840,$756,$924,"$1,100",$990,"$1,210","$1,490","$1,341","$1,639","$1,760","$1,584","$1,936"
13619,METRO48060M48060,"Watertown-Fort Drum, NY MSA",$790,$711,$869,$890,$801,$979,"$1,170","$1,053","$1,287","$1,590","$1,431","$1,749","$1,920","$1,728","$2,112"
13622,METRO48060M48060,"Watertown-Fort Drum, NY MSA",$880,$792,$968,$990,$891,"$1,089","$1,300","$1,170","$1,430","$1,760","$1,584","$1,936","$2,130","$1,917","$2,343"
13624,METRO48060M48060,"Watertown-Fort Drum, NY MSA",$770,$693,$847,$860,$774,$946,"$1,130","$1,017","$1,243","$1,530","$1,377","$1,683","$1,850","$1,665","$2,035"
13626,METRO48060M48060,"Watertown-Fort Drum, NY MSA",$790,$711,$869,$880,$792,$968,"$1,160","$1,044","$1,276","$1,570","$1,413","$1,727","$1,900","$1,710","$2,090"
13628,METRO48060M48060,"Watertown-Fort Drum, NY MSA",$850,$765,$935,$960,$864,"$1,056","$1,260","$1,134","$1,386","$1,710","$1,539","$1,881","$2,070","$1,863","$2,277"
13631,METRO48060M48060,"Watertown-Fort Drum, NY MSA",$920,$828,"$1,012","$1,040",$936,"$1,144","$1,360","$1,224","$1,496","$1,840","$1,656","$2,024","$2,230","$2,007","$2,453"
13632,METRO48060M48060,"Watertown-Fort Drum, NY MSA",$920,$828,"$1,012","$1,040",$936,"$1,144","$1,360","$1,224","$1,496","$1,840","$1,656","$2,024","$2,230","$2,007","$2,453"
13634,METRO48060M48060,"Watertown-Fort Drum, NY MSA",$810,$729,$891,$910,$819,"$1,001","$1,200","$1,080","$1,320","$1,630","$1,467","$1,793","$1,970","$1,773","$2,167"
13636,METRO48060M48060,"Watertown-Fort Drum, NY MSA",$770,$693,$847,$870,$783,$957,"$1,140","$1,026","$1,254","$1,550","$1,395","$1,705","$1,870","$1,683","$2,057"
13637,METRO48060M48060,"Watertown-Fort Drum, NY MSA","$1,020",$918,"$1,122","$1,150","$1,035","$1,265","$1,510","$1,359","$1,661","$2,050","$1,845","$2,255","$2,480","$2,232","$2,728"
13638,METRO48060M48060,"Watertown-Fort Drum, NY MSA",$740,$666,$814,$850,$765,$935,"$1,120","$1,008","$1,232","$1,500","$1,350","$1,650","$1,800","$1,620","$1,980"
13640,METRO48060M48060,"Watertown-Fort Drum, NY MSA",$740,$666,$814,$840,$756,$924,"$1,100",$990,"$1,210","$1,490","$1,341","$1,639","$1,760","$1,584","$1,936"
13641,METRO48060M48060,"Watertown-Fort Drum, NY MSA",$740,$666,$814,$840,$756,$924,"$1,100",$990,"$1,210","$1,490","$1,341","$1,639","$1,760","$1,584","$1,936"
13642,METRO48060M48060,"Watertown-Fort Drum, NY MSA",$740,$666,$814,$840,$756,$924,"$1,100",$990,"$1,210","$1,490","$1,341","$1,639","$1,760","$1,584","$1,936"
13643,METRO48060M48060,"Watertown-Fort Drum, NY MSA",$790,$711,$869,$890,$801,$979,"$1,170","$1,053","$1,287","$1,590","$1,431","$1,749","$1,920","$1,728","$2,112"
13646,METRO48060M48060,"Watertown-Fort Drum, NY MSA",$920,$828,"$1,012","$1,040",$936,"$1,144","$1,360","$1,224","$1,496","$1,840","$1,656","$2,024","$2,230","$2,007","$2,453"
13650,METRO48060M48060,"Watertown-Fort Drum, NY MSA",$740,$666,$814,$840,$756,$924,"$1,100",$990,"$1,210","$1,490","$1,341","$1,639","$1,790","$1,611","$1,969"
13651,METRO48060M48060,"Watertown-Fort Drum, NY MSA",$740,$666,$814,$840,$756,$924,"$1,100",$990,"$1,210","$1,490","$1,341","$1,639","$1,760","$1,584","$1,936"
13656,METRO48060M48060,"Watertown-Fort Drum, NY MSA",$740,$666,$814,$840,$756,$924,"$1,100",$990,"$1,210","$1,490","$1,341","$1,639","$1,760","$1,584","$1,936"
13659,METRO48060M48060,"Watertown-Fort Drum, NY MSA",$740,$666,$814,$840,$756,$924,"$1,100",$990,"$1,210","$1,490","$1,341","$1,639","$1,760","$1,584","$1,936"
13661,METRO48060M48060,"Watertown-Fort Drum, NY MSA",$740,$666,$814,$840,$756,$924,"$1,100",$990,"$1,210","$1,490","$1,341","$1,639","$1,760","$1,584","$1,936"
13665,METRO48060M48060,"Watertown-Fort Drum, NY MSA",$740,$666,$814,$840,$756,$924,"$1,100",$990,"$1,210","$1,490","$1,341","$1,639","$1,760","$1,584","$1,936"
13671,METRO48060M48060,"Watertown-Fort Drum, NY MSA",$920,$828,"$1,012","$1,040",$936,"$1,144","$1,360","$1,224","$1,496","$1,840","$1,656","$2,024","$2,230","$2,007","$2,453"
13673,METRO48060M48060,"Watertown-Fort Drum, NY MSA",$820,$738,$902,$920,$828,"$1,012","$1,210","$1,089","$1,331","$1,640","$1,476","$1,804","$1,980","$1,782","$2,178"
13674,METRO48060M48060,"Watertown-Fort Drum, NY MSA",$740,$666,$814,$840,$756,$924,"$1,100",$990,"$1,210","$1,490","$1,341","$1,639","$1,760","$1,584","$1,936"
13675,METRO48060M48060,"Watertown-Fort Drum, NY MSA",$820,$738,$902,$920,$828,"$1,012","$1,210","$1,089","$1,331","$1,640","$1,476","$1,804","$1,990","$1,791","$2,189"
13679,METRO48060M48060,"Watertown-Fort Drum, NY MSA",$890,$801,$979,"$1,000",$900,"$1,100","$1,320","$1,188","$1,452","$1,790","$1,611","$1,969","$2,170","$1,953","$2,387"
13682,METRO48060M48060,"Watertown-Fort Drum, NY MSA",$970,$873,"$1,067","$1,100",$990,"$1,210","$1,440","$1,296","$1,584","$1,930","$1,737","$2,123","$2,270","$2,043","$2,497"
13685,METRO48060M48060,"Watertown-Fort Drum, NY MSA","$1,080",$972,"$1,188","$1,210","$1,089","$1,331","$1,590","$1,431","$1,749","$2,160","$1,944","$2,376","$2,610","$2,349","$2,871"
13691,METRO48060M48060,"Watertown-Fort Drum, NY MSA",$800,$720,$880,$900,$810,$990,"$1,180","$1,062","$1,298","$1,600","$1,440","$1,760","$1,940","$1,746","$2,134"
13692,METRO48060M48060,"Watertown-Fort Drum, NY MSA",$920,$828,"$1,012","$1,040",$936,"$1,144","$1,360","$1,224","$1,496","$1,840","$1,656","$2,024","$2,230","$2,007","$2,453"
13693,METRO48060M48060,"Watertown-Fort Drum, NY MSA",$770,$693,$847,$860,$774,$946,"$1,140","$1,026","$1,254","$1,540","$1,386","$1,694","$1,860","$1,674","$2,046"
10466,METRO48325M48325,"Westchester County, NY Statutory Exception Area","$2,210","$1,989","$2,431","$2,270","$2,043","$2,497","$2,550","$2,295","$2,805","$3,180","$2,862","$3,498","$3,430","$3,087","$3,773"
10470,METRO48325M48325,"Westchester County, NY Statutory Exception Area","$2,180","$1,962","$2,398","$2,240","$2,016","$2,464","$2,520","$2,268","$2,772","$3,140","$2,826","$3,454","$3,390","$3,051","$3,729"
10501,METRO48325M48325,"Westchester County, NY Statutory Exception Area","$1,950","$1,755","$2,145","$2,300","$2,070","$2,530","$2,790","$2,511","$3,069","$3,420","$3,078","$3,762","$3,710","$3,339","$4,081"
10502,METRO48325M48325,"Westchester County, NY Statutory Exception Area","$1,930","$1,737","$2,123","$2,260","$2,034","$2,486","$2,750","$2,475","$3,025","$3,370","$3,033","$3,707","$3,660","$3,294","$4,026"
10503,METRO48325M48325,"Westchester County, NY Statutory Exception Area","$1,640","$1,476","$1,804","$1,920","$1,728","$2,112","$2,340","$2,106","$2,574","$2,870","$2,583","$3,157","$3,120","$2,808","$3,432"
10504,METRO48325M48325,"Westchester County, NY Statutory Exception Area","$2,470","$2,223","$2,717","$2,900","$2,610","$3,190","$3,530","$3,177","$3,883","$4,330","$3,897","$4,763","$4,700","$4,230","$5,170"
10505,METRO48325M48325,"Westchester County, NY Statutory Exception Area","$1,970","$1,773","$2,167","$2,310","$2,079","$2,541","$2,810","$2,529","$3,091","$3,450","$3,105","$3,795","$3,740","$3,366","$4,114"
10506,METRO48325M48325,"Westchester County, NY Statutory Exception Area","$2,470","$2,223","$2,717","$2,900","$2,610","$3,190","$3,530","$3,177","$3,883","$4,330","$3,897","$4,763","$4,700","$4,230","$5,170"
10507,METRO48325M48325,"Westchester County, NY Statutory Exception Area","$1,720","$1,548","$1,892","$2,020","$1,818","$2,222","$2,460","$2,214","$2,706","$3,020","$2,718","$3,322","$3,280","$2,952","$3,608"
10509,METRO48325M48325,"Westchester County, NY Statutory Exception Area","$2,350","$2,115","$2,585","$2,410","$2,169","$2,651","$2,710","$2,439","$2,981","$3,380","$3,042","$3,718","$3,640","$3,276","$4,004"
10510,METRO48325M48325,"Westchester County, NY Statutory Exception Area","$1,840","$1,656","$2,024","$2,150","$1,935","$2,365","$2,620","$2,358","$2,882","$3,210","$2,889","$3,531","$3,490","$3,141","$3,839"
10511,METRO48325M48325,"Westchester County, NY Statutory Exception Area","$1,530","$1,377","$1,683","$1,790","$1,611","$1,969","$2,180","$1,962","$2,398","$2,670","$2,403","$2,937","$2,900","$2,610","$3,190"
10514,METRO48325M48325,"Westchester County, NY Statutory Exception Area","$2,470","$2,223","$2,717","$2,900","$2,610","$3,190","$3,530","$3,177","$3,883","$4,330","$3,897","$4,763","$4,700","$4,230","$5,170"
10517,METRO48325M48325,"Westchester County, NY Statutory Exception Area","$1,820","$1,638","$2,002","$2,130","$1,917","$2,343","$2,590","$2,331","$2,849","$3,180","$2,862","$3,498","$3,450","$3,105","$3,795"
10518,METRO48325M48325,"Westchester County, NY Statutory Exception Area","$2,330","$2,097","$2,563","$2,740","$2,466","$3,014","$3,330","$2,997","$3,663","$4,080","$3,672","$4,488","$4,430","$3,987","$4,873"
10519,METRO48325M48325,"Westchester County, NY Statutory Exception Area","$2,130","$1,917","$2,343","$2,410","$2,169","$2,651","$2,870","$2,583","$3,157","$3,540","$3,186","$3,894","$3,830","$3,447","$4,213"
10520,METRO48325M48325,"Westchester County, NY Statutory Exception Area","$1,520","$1,368","$1,672","$1,780","$1,602","$1,958","$2,170","$1,953","$2,387","$2,660","$2,394","$2,926","$2,890","$2,601","$3,179"
10521,METRO48325M48325,"Westchester County, NY Statutory Exception Area","$1,650","$1,485","$1,815","$1,930","$1,737","$2,123","$2,350","$2,115","$2,585","$2,880","$2,592","$3,168","$3,130","$2,817","$3,443"
10522,METRO48325M48325,"Westchester County, NY Statutory Exception Area","$1,930","$1,737","$2,123","$2,260","$2,034","$2,486","$2,750","$2,475","$3,025","$3,370","$3,033","$3,707","$3,660","$3,294","$4,026"
10523,METRO48325M48325,"Westchester County, NY Statutory Exception Area","$2,450","$2,205","$2,695","$2,880","$2,592","$3,168","$3,500","$3,150","$3,850","$4,290","$3,861","$4,719","$4,660","$4,194","$5,126"
10526,METRO48325M48325,"Westchester County, NY Statutory Exception Area","$2,270","$2,043","$2,497","$2,670","$2,403","$2,937","$3,250","$2,925","$3,575","$3,980","$3,582","$4,378","$4,320","$3,888","$4,752"
10527,METRO48325M48325,"Westchester County, NY Statutory Exception Area","$1,750","$1,575","$1,925","$2,060","$1,854","$2,266","$2,500","$2,250","$2,750","$3,070","$2,763","$3,377","$3,330","$2,997","$3,663"
10528,METRO48325M48325,"Westchester County, NY Statutory Exception Area","$2,190","$1,971","$2,409","$2,570","$2,313","$2,827","$3,130","$2,817","$3,443","$3,840","$3,456","$4,224","$4,170","$3,753","$4,587"
10530,METRO48325M48325,"Westchester County, NY Statutory Exception Area","$1,960","$1,764","$2,156","$2,300","$2,070","$2,530","$2,800","$2,520","$3,080","$3,430","$3,087","$3,773","$3,730","$3,357","$4,103"
10532,METRO48325M48325,"Westchester County, NY Statutory Exception Area","$2,010","$1,809","$2,211","$2,360","$2,124","$2,596","$2,870","$2,583","$3,157","$3,520","$3,168","$3,872","$3,820","$3,438","$4,202"
10533,METRO48325M48325,"Westchester County, NY Statutory Exception Area","$1,640","$1,476","$1,804","$1,920","$1,728","$2,112","$2,340","$2,106","$2,574","$2,870","$2,583","$3,157","$3,120","$2,808","$3,432"
10535,METRO48325M48325,"Westchester County, NY Statutory Exception Area","$1,800","$1,620","$1,980","$2,080","$1,872","$2,288","$2,500","$2,250","$2,750","$3,070","$2,763","$3,377","$3,330","$2,997","$3,663"
10536,METRO48325M48325,"Westchester County, NY Statutory Exception Area","$2,450","$2,205","$2,695","$2,880","$2,592","$3,168","$3,500","$3,150","$3,850","$4,290","$3,861","$4,719","$4,660","$4,194","$5,126"
10537,METRO48325M48325,"Westchester County, NY Statutory Exception Area","$3,100","$2,790","$3,410","$3,180","$2,862","$3,498","$3,570","$3,213","$3,927","$4,450","$4,005","$4,895","$4,800","$4,320","$5,280"
10538,METRO48325M48325,"Westchester County, NY Statutory Exception Area","$1,880","$1,692","$2,068","$2,210","$1,989","$2,431","$2,690","$2,421","$2,959","$3,300","$2,970","$3,630","$3,580","$3,222","$3,938"
10540,METRO48325M48325,"Westchester County, NY Statutory Exception Area","$1,650","$1,485","$1,815","$1,930","$1,737","$2,123","$2,350","$2,115","$2,585","$2,880","$2,592","$3,168","$3,130","$2,817","$3,443"
10541,METRO48325M48325,"Westchester County, NY Statutory Exception Area","$2,280","$2,052","$2,508","$2,360","$2,124","$2,596","$2,660","$2,394","$2,926","$3,310","$2,979","$3,641","$3,570","$3,213","$3,927"
10543,METRO48325M48325,"Westchester County, NY Statutory Exception Area","$1,910","$1,719","$2,101","$2,240","$2,016","$2,464","$2,720","$2,448","$2,992","$3,340","$3,006","$3,674","$3,620","$3,258","$3,982"
10545,METRO48325M48325,"Westchester County, NY Statutory Exception Area","$1,740","$1,566","$1,914","$2,050","$1,845","$2,255","$2,490","$2,241","$2,739","$3,050","$2,745","$3,355","$3,320","$2,988","$3,652"
10546,METRO48325M48325,"Westchester County, NY Statutory Exception Area","$2,470","$2,223","$2,717","$2,900","$2,610","$3,190","$3,530","$3,177","$3,883","$4,330","$3,897","$4,763","$4,700","$4,230","$5,170"
10547,METRO48325M48325,"Westchester County, NY Statutory Exception Area","$1,770","$1,593","$1,947","$2,070","$1,863","$2,277","$2,520","$2,268","$2,772","$3,090","$2,781","$3,399","$3,360","$3,024","$3,696"
10548,METRO48325M48325,"Westchester County, NY Statutory Exception Area","$1,370","$1,233","$1,507","$1,600","$1,440","$1,760","$1,950","$1,755","$2,145","$2,390","$2,151","$2,629","$2,600","$2,340","$2,860"
10549,METRO48325M48325,"Westchester County, NY Statutory Exception Area","$1,690","$1,521","$1,859","$1,980","$1,782","$2,178","$2,410","$2,169","$2,651","$2,960","$2,664","$3,256","$3,210","$2,889","$3,531"
10550,METRO48325M48325,"Westchester County, NY Statutory Exception Area","$1,920","$1,728","$2,112","$1,960","$1,764","$2,156","$2,210","$1,989","$2,431","$2,780","$2,502","$3,058","$2,990","$2,691","$3,289"
10551,METRO48325M48325,"Westchester County, NY Statutory Exception Area","$1,650","$1,485","$1,815","$1,930","$1,737","$2,123","$2,350","$2,115","$2,585","$2,880","$2,592","$3,168","$3,130","$2,817","$3,443"
10552,METRO48325M48325,"Westchester County, NY Statutory Exception Area","$1,540","$1,386","$1,694","$1,810","$1,629","$1,991","$2,200","$1,980","$2,420","$2,700","$2,430","$2,970","$2,930","$2,637","$3,223"
10553,METRO48325M48325,"Westchester County, NY Statutory Exception Area","$1,510","$1,359","$1,661","$1,770","$1,593","$1,947","$2,150","$1,935","$2,365","$2,640","$2,376","$2,904","$2,860","$2,574","$3,146"
10560,METRO48325M48325,"Westchester County, NY Statutory Exception Area","$1,920","$1,728","$2,112","$2,140","$1,926","$2,354","$2,600","$2,340","$2,860","$3,190","$2,871","$3,509","$3,460","$3,114","$3,806"
10562,METRO48325M48325,"Westchester County, NY Statutory Exception Area","$1,740","$1,566","$1,914","$2,050","$1,845","$2,255","$2,490","$2,241","$2,739","$3,050","$2,745","$3,355","$3,320","$2,988","$3,652"
10566,METRO48325M48325,"Westchester County, NY Statutory Exception Area","$1,600","$1,440","$1,760","$1,880","$1,692","$2,068","$2,280","$2,052","$2,508","$2,800","$2,520","$3,080","$3,040","$2,736","$3,344"
10567,METRO48325M48325,"Westchester County, NY Statutory Exception Area","$1,920","$1,728","$2,112","$2,180","$1,962","$2,398","$2,650","$2,385","$2,915","$3,250","$2,925","$3,575","$3,530","$3,177","$3,883"
10570,METRO48325M48325,"Westchester County, NY Statutory Exception Area","$1,700","$1,530","$1,870","$1,990","$1,791","$2,189","$2,420","$2,178","$2,662","$2,970","$2,673","$3,267","$3,220","$2,898","$3,542"
10573,METRO48325M48325,"Westchester County, NY Statutory Exception Area","$1,790","$1,611","$1,969","$2,110","$1,899","$2,321","$2,560","$2,304","$2,816","$3,140","$2,826","$3,454","$3,410","$3,069","$3,751"
10576,METRO48325M48325,"Westchester County, NY Statutory Exception Area","$2,360","$2,124","$2,596","$2,800","$2,520","$3,080","$3,400","$3,060","$3,740","$4,170","$3,753","$4,587","$4,530","$4,077","$4,983"
10577,METRO48325M48325,"Westchester County, NY Statutory Exception Area","$1,970","$1,773","$2,167","$2,320","$2,088","$2,552","$2,810","$2,529","$3,091","$3,450","$3,105","$3,795","$3,740","$3,366","$4,114"
10578,METRO48325M48325,"Westchester County, NY Statutory Exception Area","$2,310","$2,079","$2,541","$2,710","$2,439","$2,981","$3,300","$2,970","$3,630","$4,050","$3,645","$4,455","$4,390","$3,951","$4,829"
10580,METRO48325M48325,"Westchester County, NY Statutory Exception Area","$2,470","$2,223","$2,717","$2,900","$2,610","$3,190","$3,530","$3,177","$3,883","$4,330","$3,897","$4,763","$4,700","$4,230","$5,170"
10583,METRO48325M48325,"Westchester County, NY Statutory Exception Area","$2,020","$1,818","$2,222","$2,370","$2,133","$2,607","$2,880","$2,592","$3,168","$3,530","$3,177","$3,883","$3,840","$3,456","$4,224"
10587,METRO48325M48325,"Westchester County, NY Statutory Exception Area","$1,650","$1,485","$1,815","$1,930","$1,737","$2,123","$2,350","$2,115","$2,585","$2,880","$2,592","$3,168","$3,130","$2,817","$3,443"
10588,METRO48325M48325,"Westchester County, NY Statutory Exception Area","$1,920","$1,728","$2,112","$1,980","$1,782","$2,178","$2,410","$2,169","$2,651","$2,960","$2,664","$3,256","$3,210","$2,889","$3,531"
10589,METRO48325M48325,"Westchester County, NY Statutory Exception Area","$2,470","$2,223","$2,717","$2,900","$2,610","$3,190","$3,530","$3,177","$3,883","$4,330","$3,897","$4,763","$4,700","$4,230","$5,170"
10590,METRO48325M48325,"Westchester County, NY Statutory Exception Area","$2,130","$1,917","$2,343","$2,500","$2,250","$2,750","$3,040","$2,736","$3,344","$3,730","$3,357","$4,103","$4,050","$3,645","$4,455"
10591,METRO48325M48325,"Westchester County, NY Statutory Exception Area","$1,690","$1,521","$1,859","$1,980","$1,782","$2,178","$2,410","$2,169","$2,651","$2,960","$2,664","$3,256","$3,210","$2,889","$3,531"
10594,METRO48325M48325,"Westchester County, NY Statutory Exception Area","$1,860","$1,674","$2,046","$2,180","$1,962","$2,398","$2,650","$2,385","$2,915","$3,250","$2,925","$3,575","$3,530","$3,177","$3,883"
10595,METRO48325M48325,"Westchester County, NY Statutory Exception Area","$1,820","$1,638","$2,002","$2,140","$1,926","$2,354","$2,600","$2,340","$2,860","$3,190","$2,871","$3,509","$3,460","$3,114","$3,806"
10596,METRO48325M48325,"Westchester County, NY Statutory Exception Area","$1,640","$1,476","$1,804","$1,920","$1,728","$2,112","$2,340","$2,106","$2,574","$2,870","$2,583","$3,157","$3,120","$2,808","$3,432"
10597,METRO48325M48325,"Westchester County, NY Statutory Exception Area","$2,080","$1,872","$2,288","$2,450","$2,205","$2,695","$2,980","$2,682","$3,278","$3,650","$3,285","$4,015","$3,960","$3,564","$4,356"
10598,METRO48325M48325,"Westchester County, NY Statutory Exception Area","$1,750","$1,575","$1,925","$2,060","$1,854","$2,266","$2,500","$2,250","$2,750","$3,070","$2,763","$3,377","$3,330","$2,997","$3,663"
10601,METRO48325M48325,"Westchester County, NY Statutory Exception Area","$1,930","$1,737","$2,123","$2,270","$2,043","$2,497","$2,760","$2,484","$3,036","$3,390","$3,051","$3,729","$3,680","$3,312","$4,048"
10602,METRO48325M48325,"Westchester County, NY Statutory Exception Area","$1,650","$1,485","$1,815","$1,930","$1,737","$2,123","$2,350","$2,115","$2,585","$2,880","$2,592","$3,168","$3,130","$2,817","$3,443"
10603,METRO48325M48325,"Westchester County, NY Statutory Exception Area","$1,770","$1,593","$1,947","$2,070","$1,863","$2,277","$2,520","$2,268","$2,772","$3,090","$2,781","$3,399","$3,360","$3,024","$3,696"
10604,METRO48325M48325,"Westchester County, NY Statutory Exception Area","$1,950","$1,755","$2,145","$2,290","$2,061","$2,519","$2,780","$2,502","$3,058","$3,410","$3,069","$3,751","$3,700","$3,330","$4,070"
10605,METRO48325M48325,"Westchester County, NY Statutory Exception Area","$1,790","$1,611","$1,969","$2,100","$1,890","$2,310","$2,550","$2,295","$2,805","$3,130","$2,817","$3,443","$3,400","$3,060","$3,740"
10606,METRO48325M48325,"Westchester County, NY Statutory Exception Area","$1,980","$1,782","$2,178","$2,330","$2,097","$2,563","$2,830","$2,547","$3,113","$3,470","$3,123","$3,817","$3,770","$3,393","$4,147"
10607,METRO48325M48325,"Westchester County, NY Statutory Exception Area","$1,830","$1,647","$2,013","$2,150","$1,935","$2,365","$2,610","$2,349","$2,871","$3,200","$2,880","$3,520","$3,480","$3,132","$3,828"
10701,METRO48325M48325,"Westchester County, NY Statutory Exception Area","$1,450","$1,305","$1,595","$1,700","$1,530","$1,870","$2,070","$1,863","$2,277","$2,540","$2,286","$2,794","$2,760","$2,484","$3,036"
10702,METRO48325M48325,"Westchester County, NY Statutory Exception Area","$1,650","$1,485","$1,815","$1,930","$1,737","$2,123","$2,350","$2,115","$2,585","$2,880","$2,592","$3,168","$3,130","$2,817","$3,443"
10703,METRO48325M48325,"Westchester County, NY Statutory Exception Area","$1,390","$1,251","$1,529","$1,630","$1,467","$1,793","$1,980","$1,782","$2,178","$2,430","$2,187","$2,673","$2,640","$2,376","$2,904"
10704,METRO48325M48325,"Westchester County, NY Statutory Exception Area","$1,600","$1,440","$1,760","$1,880","$1,692","$2,068","$2,290","$2,061","$2,519","$2,810","$2,529","$3,091","$3,050","$2,745","$3,355"
10705,METRO48325M48325,"Westchester County, NY Statutory Exception Area","$1,500","$1,350","$1,650","$1,760","$1,584","$1,936","$2,140","$1,926","$2,354","$2,620","$2,358","$2,882","$2,850","$2,565","$3,135"
10706,METRO48325M48325,"Westchester County, NY Statutory Exception Area","$1,870","$1,683","$2,057","$2,200","$1,980","$2,420","$2,670","$2,403","$2,937","$3,280","$2,952","$3,608","$3,560","$3,204","$3,916"
10707,METRO48325M48325,"Westchester County, NY Statutory Exception Area","$2,150","$1,935","$2,365","$2,520","$2,268","$2,772","$3,070","$2,763","$3,377","$3,770","$3,393","$4,147","$4,090","$3,681","$4,499"
10708,METRO48325M48325,"Westchester County, NY Statutory Exception Area","$1,760","$1,584","$1,936","$2,060","$1,854","$2,266","$2,510","$2,259","$2,761","$3,080","$2,772","$3,388","$3,340","$3,006","$3,674"
10709,METRO48325M48325,"Westchester County, NY Statutory Exception Area","$1,820","$1,638","$2,002","$2,140","$1,926","$2,354","$2,600","$2,340","$2,860","$3,190","$2,871","$3,509","$3,460","$3,114","$3,806"
10710,METRO48325M48325,"Westchester County, NY Statutory Exception Area","$1,510","$1,359","$1,661","$1,770","$1,593","$1,947","$2,150","$1,935","$2,365","$2,640","$2,376","$2,904","$2,860","$2,574","$3,146"
10801,METRO48325M48325,"Westchester County, NY Statutory Exception Area","$1,610","$1,449","$1,771","$1,890","$1,701","$2,079","$2,300","$2,070","$2,530","$2,820","$2,538","$3,102","$3,060","$2,754","$3,366"
10802,METRO48325M48325,"Westchester County, NY Statutory Exception Area","$1,650","$1,485","$1,815","$1,930","$1,737","$2,123","$2,350","$2,115","$2,585","$2,880","$2,592","$3,168","$3,130","$2,817","$3,443"
10803,METRO48325M48325,"Westchester County, NY Statutory Exception Area","$1,920","$1,728","$2,112","$2,150","$1,935","$2,365","$2,610","$2,349","$2,871","$3,200","$2,880","$3,520","$3,480","$3,132","$3,828"
10804,METRO48325M48325,"Westchester County, NY Statutory Exception Area","$2,070","$1,863","$2,277","$2,430","$2,187","$2,673","$2,960","$2,664","$3,256","$3,630","$3,267","$3,993","$3,940","$3,546","$4,334"
10805,METRO48325M48325,"Westchester County, NY Statutory Exception Area","$1,630","$1,467","$1,793","$1,920","$1,728","$2,112","$2,330","$2,097","$2,563","$2,860","$2,574","$3,146","$3,100","$2,790","$3,410"
