ZIP Code,HUD Area Code,HUD Fair Market Rent Area Name,SAFMR 0BR,SAFMR 0BR - 90% Payment Standard,SAFMR 0BR - 110% Payment Standard,SAFMR 1BR,SAFMR 1BR - 90% Payment Standard,SAFMR 1BR - 110% Payment Standard,SAFMR 2BR,SAFMR 2BR - 90% Payment Standard,SAFMR 2BR - 110% Payment Standard,SAFMR 3BR,SAFMR 3BR - 90% Payment Standard,SAFMR 3BR - 110% Payment Standard,SAFMR 4BR,SAFMR 4BR - 90% Payment Standard,SAFMR 4BR - 110% Payment Standard
12007,METRO10580M10580,"Albany-Schenectady-Troy, NY MSA",$900,$810,$990,"$1,000",$900,"$1,100","$1,220","$1,098","$1,342","$1,510","$1,359","$1,661","$1,650","$1,485","$1,815"
12008,METRO10580M10580,"Albany-Schenectady-Troy, NY MSA",$930,$837,"$1,023","$1,040",$936,"$1,144","$1,270","$1,143","$1,397","$1,570","$1,413","$1,727","$1,720","$1,548","$1,892"
12009,METRO10580M10580,"Albany-Schenectady-Troy, NY MSA",$950,$855,"$1,045","$1,060",$954,"$1,166","$1,290","$1,161","$1,419","$1,590","$1,431","$1,749","$1,750","$1,575","$1,925"
12010,METRO10580M10580,"Albany-Schenectady-Troy, NY MSA",$730,$657,$803,$830,$747,$913,"$1,010",$909,"$1,111","$1,260","$1,134","$1,386","$1,370","$1,233","$1,507"
12018,METRO10580M10580,"Albany-Schenectady-Troy, NY MSA",$970,$873,"$1,067","$1,080",$972,"$1,188","$1,310","$1,179","$1,441","$1,620","$1,458","$1,782","$1,780","$1,602","$1,958"
12019,METRO10580M10580,"Albany-Schenectady-Troy, NY MSA",$930,$837,"$1,023","$1,030",$927,"$1,133","$1,260","$1,134","$1,386","$1,560","$1,404","$1,716","$1,710","$1,539","$1,881"
12020,METRO10580M10580,"Albany-Schenectady-Troy, NY MSA","$1,020",$918,"$1,122","$1,140","$1,026","$1,254","$1,390","$1,251","$1,529","$1,720","$1,548","$1,892","$1,880","$1,692","$2,068"
12022,METRO10580M10580,"Albany-Schenectady-Troy, NY MSA",$900,$810,$990,"$1,000",$900,"$1,100","$1,220","$1,098","$1,342","$1,510","$1,359","$1,661","$1,650","$1,485","$1,815"
12023,METRO10580M10580,"Albany-Schenectady-Troy, NY MSA",$850,$765,$935,$950,$855,"$1,045","$1,160","$1,044","$1,276","$1,430","$1,287","$1,573","$1,570","$1,413","$1,727"
12024,METRO10580M10580,"Albany-Schenectady-Troy, NY MSA",$850,$765,$935,$950,$855,"$1,045","$1,160","$1,044","$1,276","$1,430","$1,287","$1,573","$1,570","$1,413","$1,727"
12025,METRO10580M10580,"Albany-Schenectady-Troy, NY MSA",$730,$657,$803,$830,$747,$913,"$1,010",$909,"$1,111","$1,260","$1,134","$1,386","$1,370","$1,233","$1,507"
12027,METRO10580M10580,"Albany-Schenectady-Troy, NY MSA","$1,040",$936,"$1,144","$1,160","$1,044","$1,276","$1,410","$1,269","$1,551","$1,740","$1,566","$1,914","$1,910","$1,719","$2,101"
12028,METRO10580M10580,"Albany-Schenectady-Troy, NY MSA",$730,$657,$803,$840,$756,$924,"$1,040",$936,"$1,144","$1,320","$1,188","$1,452","$1,410","$1,269","$1,551"
12031,METRO10580M10580,"Albany-Schenectady-Troy, NY MSA",$730,$657,$803,$830,$747,$913,"$1,010",$909,"$1,111","$1,260","$1,134","$1,386","$1,370","$1,233","$1,507"
12033,METRO10580M10580,"Albany-Schenectady-Troy, NY MSA",$920,$828,"$1,012","$1,030",$927,"$1,133","$1,250","$1,125","$1,375","$1,550","$1,395","$1,705","$1,700","$1,530","$1,870"
12035,METRO10580M10580,"Albany-Schenectady-Troy, NY MSA",$770,$693,$847,$860,$774,$946,"$1,050",$945,"$1,155","$1,300","$1,170","$1,430","$1,420","$1,278","$1,562"
12036,METRO10580M10580,"Albany-Schenectady-Troy, NY MSA",$730,$657,$803,$830,$747,$913,"$1,010",$909,"$1,111","$1,260","$1,134","$1,386","$1,370","$1,233","$1,507"
12040,METRO10580M10580,"Albany-Schenectady-Troy, NY MSA",$880,$792,$968,$980,$882,"$1,078","$1,200","$1,080","$1,320","$1,480","$1,332","$1,628","$1,620","$1,458","$1,782"
12041,METRO10580M10580,"Albany-Schenectady-Troy, NY MSA",$910,$819,"$1,001","$1,010",$909,"$1,111","$1,230","$1,107","$1,353","$1,520","$1,368","$1,672","$1,660","$1,494","$1,826"
12043,METRO10580M10580,"Albany-Schenectady-Troy, NY MSA",$730,$657,$803,$830,$747,$913,"$1,010",$909,"$1,111","$1,260","$1,134","$1,386","$1,370","$1,233","$1,507"
12045,METRO10580M10580,"Albany-Schenectady-Troy, NY MSA",$740,$666,$814,$830,$747,$913,"$1,010",$909,"$1,111","$1,260","$1,134","$1,386","$1,370","$1,233","$1,507"
12046,METRO10580M10580,"Albany-Schenectady-Troy, NY MSA",$890,$801,$979,"$1,000",$900,"$1,100","$1,210","$1,089","$1,331","$1,500","$1,350","$1,650","$1,640","$1,476","$1,804"
12047,METRO10580M10580,"Albany-Schenectady-Troy, NY MSA",$830,$747,$913,$920,$828,"$1,012","$1,120","$1,008","$1,232","$1,380","$1,242","$1,518","$1,520","$1,368","$1,672"
12052,METRO10580M10580,"Albany-Schenectady-Troy, NY MSA",$830,$747,$913,$930,$837,"$1,023","$1,130","$1,017","$1,243","$1,400","$1,260","$1,540","$1,530","$1,377","$1,683"
12053,METRO10580M10580,"Albany-Schenectady-Troy, NY MSA","$1,150","$1,035","$1,265","$1,280","$1,152","$1,408","$1,560","$1,404","$1,716","$1,930","$1,737","$2,123","$2,120","$1,908","$2,332"
12054,METRO10580M10580,"Albany-Schenectady-Troy, NY MSA","$1,020",$918,"$1,122","$1,140","$1,026","$1,254","$1,390","$1,251","$1,529","$1,720","$1,548","$1,892","$1,880","$1,692","$2,068"
12055,METRO10580M10580,"Albany-Schenectady-Troy, NY MSA",$900,$810,$990,"$1,000",$900,"$1,100","$1,220","$1,098","$1,342","$1,510","$1,359","$1,661","$1,650","$1,485","$1,815"
12056,METRO10580M10580,"Albany-Schenectady-Troy, NY MSA",$870,$783,$957,$970,$873,"$1,067","$1,180","$1,062","$1,298","$1,460","$1,314","$1,606","$1,600","$1,440","$1,760"
12057,METRO10580M10580,"Albany-Schenectady-Troy, NY MSA",$730,$657,$803,$840,$756,$924,"$1,040",$936,"$1,144","$1,330","$1,197","$1,463","$1,420","$1,278","$1,562"
12059,METRO10580M10580,"Albany-Schenectady-Troy, NY MSA",$730,$657,$803,$830,$747,$913,"$1,010",$909,"$1,111","$1,260","$1,134","$1,386","$1,370","$1,233","$1,507"
12061,METRO10580M10580,"Albany-Schenectady-Troy, NY MSA","$1,090",$981,"$1,199","$1,210","$1,089","$1,331","$1,480","$1,332","$1,628","$1,830","$1,647","$2,013","$2,010","$1,809","$2,211"
12062,METRO10580M10580,"Albany-Schenectady-Troy, NY MSA",$770,$693,$847,$860,$774,$946,"$1,050",$945,"$1,155","$1,290","$1,161","$1,419","$1,420","$1,278","$1,562"
12063,METRO10580M10580,"Albany-Schenectady-Troy, NY MSA",$940,$846,"$1,034","$1,040",$936,"$1,144","$1,270","$1,143","$1,397","$1,580","$1,422","$1,738","$1,730","$1,557","$1,903"
12064,METRO10580M10580,"Albany-Schenectady-Troy, NY MSA",$730,$657,$803,$830,$747,$913,"$1,010",$909,"$1,111","$1,260","$1,134","$1,386","$1,370","$1,233","$1,507"
12065,METRO10580M10580,"Albany-Schenectady-Troy, NY MSA","$1,050",$945,"$1,155","$1,170","$1,053","$1,287","$1,420","$1,278","$1,562","$1,760","$1,584","$1,936","$1,930","$1,737","$2,123"
12066,METRO10580M10580,"Albany-Schenectady-Troy, NY MSA",$800,$720,$880,$890,$801,$979,"$1,080",$972,"$1,188","$1,340","$1,206","$1,474","$1,460","$1,314","$1,606"
12067,METRO10580M10580,"Albany-Schenectady-Troy, NY MSA","$1,030",$927,"$1,133","$1,150","$1,035","$1,265","$1,390","$1,251","$1,529","$1,720","$1,548","$1,892","$1,890","$1,701","$2,079"
12071,METRO10580M10580,"Albany-Schenectady-Troy, NY MSA",$730,$657,$803,$830,$747,$913,"$1,010",$909,"$1,111","$1,260","$1,134","$1,386","$1,370","$1,233","$1,507"
12073,METRO10580M10580,"Albany-Schenectady-Troy, NY MSA",$730,$657,$803,$830,$747,$913,"$1,010",$909,"$1,111","$1,260","$1,134","$1,386","$1,370","$1,233","$1,507"
12074,METRO10580M10580,"Albany-Schenectady-Troy, NY MSA","$1,020",$918,"$1,122","$1,140","$1,026","$1,254","$1,390","$1,251","$1,529","$1,720","$1,548","$1,892","$1,880","$1,692","$2,068"
12076,METRO10580M10580,"Albany-Schenectady-Troy, NY MSA",$820,$738,$902,$910,$819,"$1,001","$1,110",$999,"$1,221","$1,370","$1,233","$1,507","$1,510","$1,359","$1,661"
12077,METRO10580M10580,"Albany-Schenectady-Troy, NY MSA","$1,060",$954,"$1,166","$1,180","$1,062","$1,298","$1,440","$1,296","$1,584","$1,780","$1,602","$1,958","$1,950","$1,755","$2,145"
12082,METRO10580M10580,"Albany-Schenectady-Troy, NY MSA",$850,$765,$935,$950,$855,"$1,045","$1,160","$1,044","$1,276","$1,430","$1,287","$1,573","$1,570","$1,413","$1,727"
12083,METRO10580M10580,"Albany-Schenectady-Troy, NY MSA",$820,$738,$902,$910,$819,"$1,001","$1,110",$999,"$1,221","$1,370","$1,233","$1,507","$1,510","$1,359","$1,661"
12084,METRO10580M10580,"Albany-Schenectady-Troy, NY MSA","$1,080",$972,"$1,188","$1,200","$1,080","$1,320","$1,460","$1,314","$1,606","$1,800","$1,620","$1,980","$1,980","$1,782","$2,178"
12085,METRO10580M10580,"Albany-Schenectady-Troy, NY MSA",$920,$828,"$1,012","$1,030",$927,"$1,133","$1,250","$1,125","$1,375","$1,550","$1,395","$1,705","$1,700","$1,530","$1,870"
12086,METRO10580M10580,"Albany-Schenectady-Troy, NY MSA",$730,$657,$803,$830,$747,$913,"$1,010",$909,"$1,111","$1,260","$1,134","$1,386","$1,370","$1,233","$1,507"
12087,METRO10580M10580,"Albany-Schenectady-Troy, NY MSA",$900,$810,$990,"$1,000",$900,"$1,100","$1,220","$1,098","$1,342","$1,510","$1,359","$1,661","$1,650","$1,485","$1,815"
12089,METRO10580M10580,"Albany-Schenectady-Troy, NY MSA",$820,$738,$902,$910,$819,"$1,001","$1,110",$999,"$1,221","$1,370","$1,233","$1,507","$1,510","$1,359","$1,661"
12090,METRO10580M10580,"Albany-Schenectady-Troy, NY MSA",$820,$738,$902,$910,$819,"$1,001","$1,110",$999,"$1,221","$1,370","$1,233","$1,507","$1,510","$1,359","$1,661"
12092,METRO10580M10580,"Albany-Schenectady-Troy, NY MSA",$790,$711,$869,$880,$792,$968,"$1,070",$963,"$1,177","$1,320","$1,188","$1,452","$1,450","$1,305","$1,595"
12093,METRO10580M10580,"Albany-Schenectady-Troy, NY MSA",$730,$657,$803,$830,$747,$913,"$1,010",$909,"$1,111","$1,260","$1,134","$1,386","$1,370","$1,233","$1,507"
12094,METRO10580M10580,"Albany-Schenectady-Troy, NY MSA",$790,$711,$869,$890,$801,$979,"$1,090",$981,"$1,199","$1,360","$1,224","$1,496","$1,480","$1,332","$1,628"
12107,METRO10580M10580,"Albany-Schenectady-Troy, NY MSA",$900,$810,$990,"$1,000",$900,"$1,100","$1,220","$1,098","$1,342","$1,510","$1,359","$1,661","$1,650","$1,485","$1,815"
12110,METRO10580M10580,"Albany-Schenectady-Troy, NY MSA","$1,070",$963,"$1,177","$1,190","$1,071","$1,309","$1,450","$1,305","$1,595","$1,790","$1,611","$1,969","$1,970","$1,773","$2,167"
12118,METRO10580M10580,"Albany-Schenectady-Troy, NY MSA",$800,$720,$880,$890,$801,$979,"$1,080",$972,"$1,188","$1,340","$1,206","$1,474","$1,460","$1,314","$1,606"
12120,METRO10580M10580,"Albany-Schenectady-Troy, NY MSA",$800,$720,$880,$930,$837,"$1,023","$1,140","$1,026","$1,254","$1,430","$1,287","$1,573","$1,540","$1,386","$1,694"
12121,METRO10580M10580,"Albany-Schenectady-Troy, NY MSA",$780,$702,$858,$870,$783,$957,"$1,060",$954,"$1,166","$1,320","$1,188","$1,452","$1,440","$1,296","$1,584"
12122,METRO10580M10580,"Albany-Schenectady-Troy, NY MSA",$730,$657,$803,$830,$747,$913,"$1,010",$909,"$1,111","$1,260","$1,134","$1,386","$1,370","$1,233","$1,507"
12123,METRO10580M10580,"Albany-Schenectady-Troy, NY MSA",$750,$675,$825,$840,$756,$924,"$1,020",$918,"$1,122","$1,260","$1,134","$1,386","$1,380","$1,242","$1,518"
12128,METRO10580M10580,"Albany-Schenectady-Troy, NY MSA",$900,$810,$990,"$1,000",$900,"$1,100","$1,220","$1,098","$1,342","$1,510","$1,359","$1,661","$1,650","$1,485","$1,815"
12131,METRO10580M10580,"Albany-Schenectady-Troy, NY MSA",$730,$657,$803,$830,$747,$913,"$1,010",$909,"$1,111","$1,260","$1,134","$1,386","$1,370","$1,233","$1,507"
12133,METRO10580M10580,"Albany-Schenectady-Troy, NY MSA",$850,$765,$935,$950,$855,"$1,045","$1,160","$1,044","$1,276","$1,430","$1,287","$1,573","$1,570","$1,413","$1,727"
12134,METRO10580M10580,"Albany-Schenectady-Troy, NY MSA",$730,$657,$803,$830,$747,$913,"$1,010",$909,"$1,111","$1,260","$1,134","$1,386","$1,370","$1,233","$1,507"
12137,METRO10580M10580,"Albany-Schenectady-Troy, NY MSA",$760,$684,$836,$850,$765,$935,"$1,040",$936,"$1,144","$1,290","$1,161","$1,419","$1,410","$1,269","$1,551"
12138,METRO10580M10580,"Albany-Schenectady-Troy, NY MSA",$730,$657,$803,$830,$747,$913,"$1,010",$909,"$1,111","$1,260","$1,134","$1,386","$1,370","$1,233","$1,507"
12140,METRO10580M10580,"Albany-Schenectady-Troy, NY MSA",$730,$657,$803,$830,$747,$913,"$1,010",$909,"$1,111","$1,260","$1,134","$1,386","$1,370","$1,233","$1,507"
12141,METRO10580M10580,"Albany-Schenectady-Troy, NY MSA",$830,$747,$913,$930,$837,"$1,023","$1,130","$1,017","$1,243","$1,400","$1,260","$1,540","$1,530","$1,377","$1,683"
12143,METRO10580M10580,"Albany-Schenectady-Troy, NY MSA",$790,$711,$869,$880,$792,$968,"$1,070",$963,"$1,177","$1,320","$1,188","$1,452","$1,450","$1,305","$1,595"
12144,METRO10580M10580,"Albany-Schenectady-Troy, NY MSA",$910,$819,"$1,001","$1,010",$909,"$1,111","$1,230","$1,107","$1,353","$1,520","$1,368","$1,672","$1,670","$1,503","$1,837"
12147,METRO10580M10580,"Albany-Schenectady-Troy, NY MSA",$780,$702,$858,$870,$783,$957,"$1,060",$954,"$1,166","$1,310","$1,179","$1,441","$1,430","$1,287","$1,573"
12148,METRO10580M10580,"Albany-Schenectady-Troy, NY MSA","$1,010",$909,"$1,111","$1,120","$1,008","$1,232","$1,370","$1,233","$1,507","$1,690","$1,521","$1,859","$1,860","$1,674","$2,046"
12149,METRO10580M10580,"Albany-Schenectady-Troy, NY MSA",$730,$657,$803,$830,$747,$913,"$1,010",$909,"$1,111","$1,260","$1,134","$1,386","$1,370","$1,233","$1,507"
12150,METRO10580M10580,"Albany-Schenectady-Troy, NY MSA",$850,$765,$935,$950,$855,"$1,045","$1,160","$1,044","$1,276","$1,430","$1,287","$1,573","$1,570","$1,413","$1,727"
12151,METRO10580M10580,"Albany-Schenectady-Troy, NY MSA","$1,030",$927,"$1,133","$1,150","$1,035","$1,265","$1,400","$1,260","$1,540","$1,730","$1,557","$1,903","$1,900","$1,710","$2,090"
12153,METRO10580M10580,"Albany-Schenectady-Troy, NY MSA",$830,$747,$913,$920,$828,"$1,012","$1,120","$1,008","$1,232","$1,380","$1,242","$1,518","$1,520","$1,368","$1,672"
12154,METRO10580M10580,"Albany-Schenectady-Troy, NY MSA",$730,$657,$803,$830,$747,$913,"$1,010",$909,"$1,111","$1,260","$1,134","$1,386","$1,370","$1,233","$1,507"
12156,METRO10580M10580,"Albany-Schenectady-Troy, NY MSA",$730,$657,$803,$830,$747,$913,"$1,010",$909,"$1,111","$1,260","$1,134","$1,386","$1,370","$1,233","$1,507"
12157,METRO10580M10580,"Albany-Schenectady-Troy, NY MSA",$730,$657,$803,$830,$747,$913,"$1,010",$909,"$1,111","$1,260","$1,134","$1,386","$1,370","$1,233","$1,507"
12158,METRO10580M10580,"Albany-Schenectady-Troy, NY MSA","$1,080",$972,"$1,188","$1,210","$1,089","$1,331","$1,470","$1,323","$1,617","$1,820","$1,638","$2,002","$1,990","$1,791","$2,189"
12159,METRO10580M10580,"Albany-Schenectady-Troy, NY MSA",$970,$873,"$1,067","$1,080",$972,"$1,188","$1,320","$1,188","$1,452","$1,630","$1,467","$1,793","$1,790","$1,611","$1,969"
12160,METRO10580M10580,"Albany-Schenectady-Troy, NY MSA",$850,$765,$935,$940,$846,"$1,034","$1,150","$1,035","$1,265","$1,420","$1,278","$1,562","$1,560","$1,404","$1,716"
12161,METRO10580M10580,"Albany-Schenectady-Troy, NY MSA","$1,080",$972,"$1,188","$1,210","$1,089","$1,331","$1,470","$1,323","$1,617","$1,820","$1,638","$2,002","$1,990","$1,791","$2,189"
12166,METRO10580M10580,"Albany-Schenectady-Troy, NY MSA",$730,$657,$803,$830,$747,$913,"$1,010",$909,"$1,111","$1,260","$1,134","$1,386","$1,370","$1,233","$1,507"
12167,METRO10580M10580,"Albany-Schenectady-Troy, NY MSA",$730,$657,$803,$830,$747,$913,"$1,010",$909,"$1,111","$1,260","$1,134","$1,386","$1,370","$1,233","$1,507"
12168,METRO10580M10580,"Albany-Schenectady-Troy, NY MSA",$730,$657,$803,$830,$747,$913,"$1,010",$909,"$1,111","$1,260","$1,134","$1,386","$1,370","$1,233","$1,507"
12169,METRO10580M10580,"Albany-Schenectady-Troy, NY MSA",$780,$702,$858,$870,$783,$957,"$1,050",$945,"$1,155","$1,300","$1,170","$1,430","$1,430","$1,287","$1,573"
12170,METRO10580M10580,"Albany-Schenectady-Troy, NY MSA","$1,100",$990,"$1,210","$1,220","$1,098","$1,342","$1,490","$1,341","$1,639","$1,840","$1,656","$2,024","$2,020","$1,818","$2,222"
12175,METRO10580M10580,"Albany-Schenectady-Troy, NY MSA",$950,$855,"$1,045","$1,060",$954,"$1,166","$1,290","$1,161","$1,419","$1,590","$1,431","$1,749","$1,750","$1,575","$1,925"
12180,METRO10580M10580,"Albany-Schenectady-Troy, NY MSA",$850,$765,$935,$940,$846,"$1,034","$1,150","$1,035","$1,265","$1,420","$1,278","$1,562","$1,560","$1,404","$1,716"
12181,METRO10580M10580,"Albany-Schenectady-Troy, NY MSA",$850,$765,$935,$950,$855,"$1,045","$1,160","$1,044","$1,276","$1,430","$1,287","$1,573","$1,570","$1,413","$1,727"
12182,METRO10580M10580,"Albany-Schenectady-Troy, NY MSA",$760,$684,$836,$850,$765,$935,"$1,030",$927,"$1,133","$1,270","$1,143","$1,397","$1,400","$1,260","$1,540"
12183,METRO10580M10580,"Albany-Schenectady-Troy, NY MSA",$740,$666,$814,$830,$747,$913,"$1,010",$909,"$1,111","$1,260","$1,134","$1,386","$1,370","$1,233","$1,507"
12184,METRO10580M10580,"Albany-Schenectady-Troy, NY MSA",$850,$765,$935,$950,$855,"$1,045","$1,160","$1,044","$1,276","$1,430","$1,287","$1,573","$1,570","$1,413","$1,727"
12185,METRO10580M10580,"Albany-Schenectady-Troy, NY MSA",$810,$729,$891,$910,$819,"$1,001","$1,110",$999,"$1,221","$1,380","$1,242","$1,518","$1,510","$1,359","$1,661"
12186,METRO10580M10580,"Albany-Schenectady-Troy, NY MSA",$880,$792,$968,$980,$882,"$1,078","$1,190","$1,071","$1,309","$1,470","$1,323","$1,617","$1,610","$1,449","$1,771"
12187,METRO10580M10580,"Albany-Schenectady-Troy, NY MSA",$730,$657,$803,$830,$747,$913,"$1,010",$909,"$1,111","$1,260","$1,134","$1,386","$1,370","$1,233","$1,507"
12188,METRO10580M10580,"Albany-Schenectady-Troy, NY MSA",$850,$765,$935,$940,$846,"$1,034","$1,150","$1,035","$1,265","$1,420","$1,278","$1,562","$1,560","$1,404","$1,716"
12189,METRO10580M10580,"Albany-Schenectady-Troy, NY MSA",$800,$720,$880,$890,$801,$979,"$1,080",$972,"$1,188","$1,340","$1,206","$1,474","$1,460","$1,314","$1,606"
12193,METRO10580M10580,"Albany-Schenectady-Troy, NY MSA",$980,$882,"$1,078","$1,090",$981,"$1,199","$1,330","$1,197","$1,463","$1,640","$1,476","$1,804","$1,800","$1,620","$1,980"
12194,METRO10580M10580,"Albany-Schenectady-Troy, NY MSA",$730,$657,$803,$830,$747,$913,"$1,010",$909,"$1,111","$1,260","$1,134","$1,386","$1,370","$1,233","$1,507"
12196,METRO10580M10580,"Albany-Schenectady-Troy, NY MSA",$780,$702,$858,$870,$783,$957,"$1,060",$954,"$1,166","$1,310","$1,179","$1,441","$1,440","$1,296","$1,584"
12198,METRO10580M10580,"Albany-Schenectady-Troy, NY MSA",$770,$693,$847,$860,$774,$946,"$1,050",$945,"$1,155","$1,300","$1,170","$1,430","$1,420","$1,278","$1,562"
12201,METRO10580M10580,"Albany-Schenectady-Troy, NY MSA",$900,$810,$990,"$1,000",$900,"$1,100","$1,220","$1,098","$1,342","$1,510","$1,359","$1,661","$1,650","$1,485","$1,815"
12202,METRO10580M10580,"Albany-Schenectady-Troy, NY MSA",$770,$693,$847,$850,$765,$935,"$1,040",$936,"$1,144","$1,290","$1,161","$1,419","$1,410","$1,269","$1,551"
12203,METRO10580M10580,"Albany-Schenectady-Troy, NY MSA",$980,$882,"$1,078","$1,090",$981,"$1,199","$1,330","$1,197","$1,463","$1,640","$1,476","$1,804","$1,800","$1,620","$1,980"
12204,METRO10580M10580,"Albany-Schenectady-Troy, NY MSA",$920,$828,"$1,012","$1,030",$927,"$1,133","$1,250","$1,125","$1,375","$1,550","$1,395","$1,705","$1,700","$1,530","$1,870"
12205,METRO10580M10580,"Albany-Schenectady-Troy, NY MSA",$980,$882,"$1,078","$1,090",$981,"$1,199","$1,330","$1,197","$1,463","$1,640","$1,476","$1,804","$1,800","$1,620","$1,980"
12206,METRO10580M10580,"Albany-Schenectady-Troy, NY MSA",$850,$765,$935,$950,$855,"$1,045","$1,160","$1,044","$1,276","$1,430","$1,287","$1,573","$1,570","$1,413","$1,727"
12207,METRO10580M10580,"Albany-Schenectady-Troy, NY MSA",$760,$684,$836,$850,$765,$935,"$1,030",$927,"$1,133","$1,270","$1,143","$1,397","$1,400","$1,260","$1,540"
12208,METRO10580M10580,"Albany-Schenectady-Troy, NY MSA",$900,$810,$990,"$1,000",$900,"$1,100","$1,220","$1,098","$1,342","$1,510","$1,359","$1,661","$1,650","$1,485","$1,815"
12209,METRO10580M10580,"Albany-Schenectady-Troy, NY MSA",$920,$828,"$1,012","$1,030",$927,"$1,133","$1,250","$1,125","$1,375","$1,550","$1,395","$1,705","$1,700","$1,530","$1,870"
12210,METRO10580M10580,"Albany-Schenectady-Troy, NY MSA",$830,$747,$913,$920,$828,"$1,012","$1,120","$1,008","$1,232","$1,380","$1,242","$1,518","$1,520","$1,368","$1,672"
12211,METRO10580M10580,"Albany-Schenectady-Troy, NY MSA","$1,330","$1,197","$1,463","$1,490","$1,341","$1,639","$1,810","$1,629","$1,991","$2,240","$2,016","$2,464","$2,450","$2,205","$2,695"
12212,METRO10580M10580,"Albany-Schenectady-Troy, NY MSA",$900,$810,$990,"$1,000",$900,"$1,100","$1,220","$1,098","$1,342","$1,510","$1,359","$1,661","$1,650","$1,485","$1,815"
12220,METRO10580M10580,"Albany-Schenectady-Troy, NY MSA",$900,$810,$990,"$1,000",$900,"$1,100","$1,220","$1,098","$1,342","$1,510","$1,359","$1,661","$1,650","$1,485","$1,815"
12222,METRO10580M10580,"Albany-Schenectady-Troy, NY MSA",$960,$864,"$1,056","$1,060",$954,"$1,166","$1,300","$1,170","$1,430","$1,600","$1,440","$1,760","$1,760","$1,584","$1,936"
12223,METRO10580M10580,"Albany-Schenectady-Troy, NY MSA",$900,$810,$990,"$1,000",$900,"$1,100","$1,220","$1,098","$1,342","$1,510","$1,359","$1,661","$1,650","$1,485","$1,815"
12226,METRO10580M10580,"Albany-Schenectady-Troy, NY MSA",$900,$810,$990,"$1,000",$900,"$1,100","$1,220","$1,098","$1,342","$1,510","$1,359","$1,661","$1,650","$1,485","$1,815"
12227,METRO10580M10580,"Albany-Schenectady-Troy, NY MSA",$900,$810,$990,"$1,000",$900,"$1,100","$1,220","$1,098","$1,342","$1,510","$1,359","$1,661","$1,650","$1,485","$1,815"
12236,METRO10580M10580,"Albany-Schenectady-Troy, NY MSA",$900,$810,$990,"$1,000",$900,"$1,100","$1,220","$1,098","$1,342","$1,510","$1,359","$1,661","$1,650","$1,485","$1,815"
12237,METRO10580M10580,"Albany-Schenectady-Troy, NY MSA",$900,$810,$990,"$1,000",$900,"$1,100","$1,220","$1,098","$1,342","$1,510","$1,359","$1,661","$1,650","$1,485","$1,815"
12247,METRO10580M10580,"Albany-Schenectady-Troy, NY MSA",$900,$810,$990,"$1,000",$900,"$1,100","$1,220","$1,098","$1,342","$1,510","$1,359","$1,661","$1,650","$1,485","$1,815"
12260,METRO10580M10580,"Albany-Schenectady-Troy, NY MSA",$900,$810,$990,"$1,000",$900,"$1,100","$1,220","$1,098","$1,342","$1,510","$1,359","$1,661","$1,650","$1,485","$1,815"
12288,METRO10580M10580,"Albany-Schenectady-Troy, NY MSA",$900,$810,$990,"$1,000",$900,"$1,100","$1,220","$1,098","$1,342","$1,510","$1,359","$1,661","$1,650","$1,485","$1,815"
12301,METRO10580M10580,"Albany-Schenectady-Troy, NY MSA",$830,$747,$913,$930,$837,"$1,023","$1,130","$1,017","$1,243","$1,400","$1,260","$1,540","$1,530","$1,377","$1,683"
12302,METRO10580M10580,"Albany-Schenectady-Troy, NY MSA",$930,$837,"$1,023","$1,030",$927,"$1,133","$1,260","$1,134","$1,386","$1,560","$1,404","$1,716","$1,710","$1,539","$1,881"
12303,METRO10580M10580,"Albany-Schenectady-Troy, NY MSA",$820,$738,$902,$910,$819,"$1,001","$1,110",$999,"$1,221","$1,370","$1,233","$1,507","$1,510","$1,359","$1,661"
12304,METRO10580M10580,"Albany-Schenectady-Troy, NY MSA",$820,$738,$902,$910,$819,"$1,001","$1,110",$999,"$1,221","$1,370","$1,233","$1,507","$1,510","$1,359","$1,661"
12305,METRO10580M10580,"Albany-Schenectady-Troy, NY MSA",$730,$657,$803,$830,$747,$913,"$1,010",$909,"$1,111","$1,260","$1,134","$1,386","$1,370","$1,233","$1,507"
12306,METRO10580M10580,"Albany-Schenectady-Troy, NY MSA",$840,$756,$924,$940,$846,"$1,034","$1,140","$1,026","$1,254","$1,410","$1,269","$1,551","$1,550","$1,395","$1,705"
12307,METRO10580M10580,"Albany-Schenectady-Troy, NY MSA",$770,$693,$847,$850,$765,$935,"$1,040",$936,"$1,144","$1,290","$1,161","$1,419","$1,410","$1,269","$1,551"
12308,METRO10580M10580,"Albany-Schenectady-Troy, NY MSA",$820,$738,$902,$910,$819,"$1,001","$1,110",$999,"$1,221","$1,370","$1,233","$1,507","$1,510","$1,359","$1,661"
12309,METRO10580M10580,"Albany-Schenectady-Troy, NY MSA",$970,$873,"$1,067","$1,080",$972,"$1,188","$1,310","$1,179","$1,441","$1,620","$1,458","$1,782","$1,780","$1,602","$1,958"
12345,METRO10580M10580,"Albany-Schenectady-Troy, NY MSA",$830,$747,$913,$930,$837,"$1,023","$1,130","$1,017","$1,243","$1,400","$1,260","$1,540","$1,530","$1,377","$1,683"
12460,METRO10580M10580,"Albany-Schenectady-Troy, NY MSA",$900,$810,$990,"$1,000",$900,"$1,100","$1,220","$1,098","$1,342","$1,510","$1,359","$1,661","$1,650","$1,485","$1,815"
12469,METRO10580M10580,"Albany-Schenectady-Troy, NY MSA",$760,$684,$836,$840,$756,$924,"$1,020",$918,"$1,122","$1,260","$1,134","$1,386","$1,390","$1,251","$1,529"
12803,METRO10580M10580,"Albany-Schenectady-Troy, NY MSA",$830,$747,$913,$920,$828,"$1,012","$1,120","$1,008","$1,232","$1,380","$1,242","$1,518","$1,520","$1,368","$1,672"
12822,METRO10580M10580,"Albany-Schenectady-Troy, NY MSA",$790,$711,$869,$880,$792,$968,"$1,070",$963,"$1,177","$1,320","$1,188","$1,452","$1,450","$1,305","$1,595"
12828,METRO10580M10580,"Albany-Schenectady-Troy, NY MSA",$740,$666,$814,$860,$774,$946,"$1,070",$963,"$1,177","$1,360","$1,224","$1,496","$1,450","$1,305","$1,595"
12831,METRO10580M10580,"Albany-Schenectady-Troy, NY MSA",$960,$864,"$1,056","$1,070",$963,"$1,177","$1,300","$1,170","$1,430","$1,610","$1,449","$1,771","$1,760","$1,584","$1,936"
12833,METRO10580M10580,"Albany-Schenectady-Troy, NY MSA",$790,$711,$869,$880,$792,$968,"$1,070",$963,"$1,177","$1,320","$1,188","$1,452","$1,450","$1,305","$1,595"
12835,METRO10580M10580,"Albany-Schenectady-Troy, NY MSA",$750,$675,$825,$840,$756,$924,"$1,020",$918,"$1,122","$1,260","$1,134","$1,386","$1,380","$1,242","$1,518"
12850,METRO10580M10580,"Albany-Schenectady-Troy, NY MSA","$1,030",$927,"$1,133","$1,150","$1,035","$1,265","$1,400","$1,260","$1,540","$1,730","$1,557","$1,903","$1,900","$1,710","$2,090"
12859,METRO10580M10580,"Albany-Schenectady-Troy, NY MSA","$1,190","$1,071","$1,309","$1,330","$1,197","$1,463","$1,620","$1,458","$1,782","$2,000","$1,800","$2,200","$2,200","$1,980","$2,420"
12863,METRO10580M10580,"Albany-Schenectady-Troy, NY MSA",$850,$765,$935,$950,$855,"$1,045","$1,160","$1,044","$1,276","$1,430","$1,287","$1,573","$1,570","$1,413","$1,727"
12866,METRO10580M10580,"Albany-Schenectady-Troy, NY MSA","$1,150","$1,035","$1,265","$1,280","$1,152","$1,408","$1,560","$1,404","$1,716","$1,930","$1,737","$2,123","$2,120","$1,908","$2,332"
12871,METRO10580M10580,"Albany-Schenectady-Troy, NY MSA",$830,$747,$913,$920,$828,"$1,012","$1,120","$1,008","$1,232","$1,380","$1,242","$1,518","$1,520","$1,368","$1,672"
12884,METRO10580M10580,"Albany-Schenectady-Troy, NY MSA",$940,$846,"$1,034","$1,040",$936,"$1,144","$1,270","$1,143","$1,397","$1,570","$1,413","$1,727","$1,720","$1,548","$1,892"
13320,METRO10580M10580,"Albany-Schenectady-Troy, NY MSA",$730,$657,$803,$830,$747,$913,"$1,010",$909,"$1,111","$1,260","$1,134","$1,386","$1,370","$1,233","$1,507"
13459,METRO10580M10580,"Albany-Schenectady-Troy, NY MSA",$800,$720,$880,$890,$801,$979,"$1,080",$972,"$1,188","$1,340","$1,206","$1,474","$1,460","$1,314","$1,606"
13730,METRO13780M13780,"Binghamton, NY MSA",$570,$513,$627,$590,$531,$649,$770,$693,$847,"$1,010",$909,"$1,111","$1,160","$1,044","$1,276"
13732,METRO13780M13780,"Binghamton, NY MSA",$570,$513,$627,$600,$540,$660,$770,$693,$847,"$1,020",$918,"$1,122","$1,160","$1,044","$1,276"
13734,METRO13780M13780,"Binghamton, NY MSA",$640,$576,$704,$670,$603,$737,$860,$774,$946,"$1,140","$1,026","$1,254","$1,250","$1,125","$1,375"
13736,METRO13780M13780,"Binghamton, NY MSA",$890,$801,$979,$950,$855,"$1,045","$1,150","$1,035","$1,265","$1,460","$1,314","$1,606","$1,640","$1,476","$1,804"
13737,METRO13780M13780,"Binghamton, NY MSA",$640,$576,$704,$670,$603,$737,$860,$774,$946,"$1,140","$1,026","$1,254","$1,260","$1,134","$1,386"
13743,METRO13780M13780,"Binghamton, NY MSA",$580,$522,$638,$610,$549,$671,$780,$702,$858,"$1,040",$936,"$1,144","$1,160","$1,044","$1,276"
13744,METRO13780M13780,"Binghamton, NY MSA",$620,$558,$682,$650,$585,$715,$840,$756,$924,"$1,110",$999,"$1,221","$1,230","$1,107","$1,353"
13745,METRO13780M13780,"Binghamton, NY MSA",$640,$576,$704,$670,$603,$737,$860,$774,$946,"$1,140","$1,026","$1,254","$1,260","$1,134","$1,386"
13746,METRO13780M13780,"Binghamton, NY MSA",$630,$567,$693,$660,$594,$726,$850,$765,$935,"$1,130","$1,017","$1,243","$1,250","$1,125","$1,375"
13748,METRO13780M13780,"Binghamton, NY MSA",$790,$711,$869,$840,$756,$924,"$1,070",$963,"$1,177","$1,420","$1,278","$1,562","$1,570","$1,413","$1,727"
13749,METRO13780M13780,"Binghamton, NY MSA",$640,$576,$704,$670,$603,$737,$860,$774,$946,"$1,140","$1,026","$1,254","$1,260","$1,134","$1,386"
13754,METRO13780M13780,"Binghamton, NY MSA",$610,$549,$671,$650,$585,$715,$830,$747,$913,"$1,100",$990,"$1,210","$1,220","$1,098","$1,342"
13760,METRO13780M13780,"Binghamton, NY MSA",$620,$558,$682,$660,$594,$726,$840,$756,$924,"$1,120","$1,008","$1,232","$1,230","$1,107","$1,353"
13761,METRO13780M13780,"Binghamton, NY MSA",$640,$576,$704,$670,$603,$737,$860,$774,$946,"$1,140","$1,026","$1,254","$1,260","$1,134","$1,386"
13762,METRO13780M13780,"Binghamton, NY MSA",$640,$576,$704,$670,$603,$737,$860,$774,$946,"$1,140","$1,026","$1,254","$1,260","$1,134","$1,386"
13777,METRO13780M13780,"Binghamton, NY MSA",$640,$576,$704,$670,$603,$737,$860,$774,$946,"$1,150","$1,035","$1,265","$1,260","$1,134","$1,386"
13778,METRO13780M13780,"Binghamton, NY MSA",$570,$513,$627,$600,$540,$660,$770,$693,$847,"$1,020",$918,"$1,122","$1,160","$1,044","$1,276"
13783,METRO13780M13780,"Binghamton, NY MSA",$640,$576,$704,$670,$603,$737,$860,$774,$946,"$1,140","$1,026","$1,254","$1,260","$1,134","$1,386"
13787,METRO13780M13780,"Binghamton, NY MSA",$570,$513,$627,$590,$531,$649,$770,$693,$847,"$1,010",$909,"$1,111","$1,160","$1,044","$1,276"
13790,METRO13780M13780,"Binghamton, NY MSA",$670,$603,$737,$700,$630,$770,$900,$810,$990,"$1,200","$1,080","$1,320","$1,320","$1,188","$1,452"
13794,METRO13780M13780,"Binghamton, NY MSA",$660,$594,$726,$700,$630,$770,$890,$801,$979,"$1,180","$1,062","$1,298","$1,310","$1,179","$1,441"
13795,METRO13780M13780,"Binghamton, NY MSA",$680,$612,$748,$720,$648,$792,$920,$828,"$1,012","$1,220","$1,098","$1,342","$1,350","$1,215","$1,485"
13797,METRO13780M13780,"Binghamton, NY MSA",$670,$603,$737,$710,$639,$781,$910,$819,"$1,001","$1,210","$1,089","$1,331","$1,340","$1,206","$1,474"
13802,METRO13780M13780,"Binghamton, NY MSA",$630,$567,$693,$670,$603,$737,$860,$774,$946,"$1,140","$1,026","$1,254","$1,260","$1,134","$1,386"
13803,METRO13780M13780,"Binghamton, NY MSA",$660,$594,$726,$700,$630,$770,$890,$801,$979,"$1,180","$1,062","$1,298","$1,310","$1,179","$1,441"
13811,METRO13780M13780,"Binghamton, NY MSA",$570,$513,$627,$590,$531,$649,$770,$693,$847,"$1,010",$909,"$1,111","$1,160","$1,044","$1,276"
13812,METRO13780M13780,"Binghamton, NY MSA",$690,$621,$759,$730,$657,$803,$930,$837,"$1,023","$1,240","$1,116","$1,364","$1,360","$1,224","$1,496"
13813,METRO13780M13780,"Binghamton, NY MSA",$570,$513,$627,$600,$540,$660,$780,$702,$858,"$1,030",$927,"$1,133","$1,160","$1,044","$1,276"
13826,METRO13780M13780,"Binghamton, NY MSA",$570,$513,$627,$590,$531,$649,$770,$693,$847,"$1,010",$909,"$1,111","$1,160","$1,044","$1,276"
13827,METRO13780M13780,"Binghamton, NY MSA",$620,$558,$682,$660,$594,$726,$840,$756,$924,"$1,120","$1,008","$1,232","$1,230","$1,107","$1,353"
13833,METRO13780M13780,"Binghamton, NY MSA",$760,$684,$836,$800,$720,$880,"$1,020",$918,"$1,122","$1,360","$1,224","$1,496","$1,500","$1,350","$1,650"
13835,METRO13780M13780,"Binghamton, NY MSA",$610,$549,$671,$640,$576,$704,$820,$738,$902,"$1,090",$981,"$1,199","$1,200","$1,080","$1,320"
13840,METRO13780M13780,"Binghamton, NY MSA",$610,$549,$671,$650,$585,$715,$830,$747,$913,"$1,100",$990,"$1,210","$1,220","$1,098","$1,342"
13845,METRO13780M13780,"Binghamton, NY MSA",$610,$549,$671,$650,$585,$715,$830,$747,$913,"$1,100",$990,"$1,210","$1,220","$1,098","$1,342"
13848,METRO13780M13780,"Binghamton, NY MSA",$640,$576,$704,$670,$603,$737,$860,$774,$946,"$1,140","$1,026","$1,254","$1,260","$1,134","$1,386"
13850,METRO13780M13780,"Binghamton, NY MSA",$770,$693,$847,$810,$729,$891,"$1,040",$936,"$1,144","$1,380","$1,242","$1,518","$1,530","$1,377","$1,683"
13851,METRO13780M13780,"Binghamton, NY MSA",$640,$576,$704,$670,$603,$737,$860,$774,$946,"$1,140","$1,026","$1,254","$1,260","$1,134","$1,386"
13862,METRO13780M13780,"Binghamton, NY MSA",$610,$549,$671,$640,$576,$704,$820,$738,$902,"$1,090",$981,"$1,199","$1,200","$1,080","$1,320"
13863,METRO13780M13780,"Binghamton, NY MSA",$640,$576,$704,$670,$603,$737,$860,$774,$946,"$1,140","$1,026","$1,254","$1,260","$1,134","$1,386"
13864,METRO13780M13780,"Binghamton, NY MSA",$890,$801,$979,$950,$855,"$1,045","$1,150","$1,035","$1,265","$1,460","$1,314","$1,606","$1,640","$1,476","$1,804"
13865,METRO13780M13780,"Binghamton, NY MSA",$570,$513,$627,$590,$531,$649,$770,$693,$847,"$1,010",$909,"$1,111","$1,160","$1,044","$1,276"
13901,METRO13780M13780,"Binghamton, NY MSA",$600,$540,$660,$630,$567,$693,$810,$729,$891,"$1,080",$972,"$1,188","$1,190","$1,071","$1,309"
13902,METRO13780M13780,"Binghamton, NY MSA",$770,$693,$847,$810,$729,$891,"$1,040",$936,"$1,144","$1,380","$1,242","$1,518","$1,530","$1,377","$1,683"
13903,METRO13780M13780,"Binghamton, NY MSA",$630,$567,$693,$660,$594,$726,$850,$765,$935,"$1,130","$1,017","$1,243","$1,250","$1,125","$1,375"
13904,METRO13780M13780,"Binghamton, NY MSA",$610,$549,$671,$650,$585,$715,$830,$747,$913,"$1,100",$990,"$1,210","$1,220","$1,098","$1,342"
13905,METRO13780M13780,"Binghamton, NY MSA",$650,$585,$715,$690,$621,$759,$880,$792,$968,"$1,170","$1,053","$1,287","$1,290","$1,161","$1,419"
14817,METRO13780M13780,"Binghamton, NY MSA",$890,$801,$979,$950,$855,"$1,045","$1,150","$1,035","$1,265","$1,470","$1,323","$1,617","$1,640","$1,476","$1,804"
14859,METRO13780M13780,"Binghamton, NY MSA",$690,$621,$759,$710,$639,$781,$900,$810,$990,"$1,190","$1,071","$1,309","$1,300","$1,170","$1,430"
14883,METRO13780M13780,"Binghamton, NY MSA",$890,$801,$979,$950,$855,"$1,045","$1,150","$1,035","$1,265","$1,460","$1,314","$1,606","$1,640","$1,476","$1,804"
14889,METRO13780M13780,"Binghamton, NY MSA",$770,$693,$847,$780,$702,$858,$990,$891,"$1,089","$1,300","$1,170","$1,430","$1,400","$1,260","$1,540"
14892,METRO13780M13780,"Binghamton, NY MSA",$660,$594,$726,$660,$594,$726,$840,$756,$924,"$1,100",$990,"$1,210","$1,200","$1,080","$1,320"
14001,METRO15380M15380,"Buffalo-Cheektowaga-Niagara Falls, NY MSA",$750,$675,$825,$780,$702,$858,$930,$837,"$1,023","$1,150","$1,035","$1,265","$1,290","$1,161","$1,419"
14004,METRO15380M15380,"Buffalo-Cheektowaga-Niagara Falls, NY MSA",$710,$639,$781,$740,$666,$814,$880,$792,$968,"$1,090",$981,"$1,199","$1,220","$1,098","$1,342"
14006,METRO15380M15380,"Buffalo-Cheektowaga-Niagara Falls, NY MSA",$780,$702,$858,$820,$738,$902,$970,$873,"$1,067","$1,200","$1,080","$1,320","$1,340","$1,206","$1,474"
14008,METRO15380M15380,"Buffalo-Cheektowaga-Niagara Falls, NY MSA",$780,$702,$858,$820,$738,$902,$970,$873,"$1,067","$1,200","$1,080","$1,320","$1,340","$1,206","$1,474"
14009,METRO15380M15380,"Buffalo-Cheektowaga-Niagara Falls, NY MSA",$790,$711,$869,$830,$747,$913,$980,$882,"$1,078","$1,210","$1,089","$1,331","$1,360","$1,224","$1,496"
14010,METRO15380M15380,"Buffalo-Cheektowaga-Niagara Falls, NY MSA",$790,$711,$869,$830,$747,$913,$980,$882,"$1,078","$1,210","$1,089","$1,331","$1,360","$1,224","$1,496"
14012,METRO15380M15380,"Buffalo-Cheektowaga-Niagara Falls, NY MSA",$770,$693,$847,$810,$729,$891,$960,$864,"$1,056","$1,190","$1,071","$1,309","$1,330","$1,197","$1,463"
14013,METRO15380M15380,"Buffalo-Cheektowaga-Niagara Falls, NY MSA",$790,$711,$869,$830,$747,$913,$980,$882,"$1,078","$1,210","$1,089","$1,331","$1,360","$1,224","$1,496"
14025,METRO15380M15380,"Buffalo-Cheektowaga-Niagara Falls, NY MSA",$790,$711,$869,$830,$747,$913,$980,$882,"$1,078","$1,210","$1,089","$1,331","$1,360","$1,224","$1,496"
14026,METRO15380M15380,"Buffalo-Cheektowaga-Niagara Falls, NY MSA",$670,$603,$737,$700,$630,$770,$830,$747,$913,"$1,030",$927,"$1,133","$1,160","$1,044","$1,276"
14027,METRO15380M15380,"Buffalo-Cheektowaga-Niagara Falls, NY MSA",$790,$711,$869,$830,$747,$913,$980,$882,"$1,078","$1,210","$1,089","$1,331","$1,360","$1,224","$1,496"
14028,METRO15380M15380,"Buffalo-Cheektowaga-Niagara Falls, NY MSA",$810,$729,$891,$850,$765,$935,"$1,010",$909,"$1,111","$1,250","$1,125","$1,375","$1,400","$1,260","$1,540"
14030,METRO15380M15380,"Buffalo-Cheektowaga-Niagara Falls, NY MSA",$810,$729,$891,$850,$765,$935,"$1,010",$909,"$1,111","$1,250","$1,125","$1,375","$1,400","$1,260","$1,540"
14031,METRO15380M15380,"Buffalo-Cheektowaga-Niagara Falls, NY MSA",$680,$612,$748,$720,$648,$792,$850,$765,$935,"$1,050",$945,"$1,155","$1,180","$1,062","$1,298"
14032,METRO15380M15380,"Buffalo-Cheektowaga-Niagara Falls, NY MSA","$1,160","$1,044","$1,276","$1,210","$1,089","$1,331","$1,440","$1,296","$1,584","$1,780","$1,602","$1,958","$1,990","$1,791","$2,189"
14033,METRO15380M15380,"Buffalo-Cheektowaga-Niagara Falls, NY MSA",$800,$720,$880,$840,$756,$924,"$1,000",$900,"$1,100","$1,240","$1,116","$1,364","$1,380","$1,242","$1,518"
14034,METRO15380M15380,"Buffalo-Cheektowaga-Niagara Falls, NY MSA",$670,$603,$737,$700,$630,$770,$830,$747,$913,"$1,030",$927,"$1,133","$1,160","$1,044","$1,276"
14035,METRO15380M15380,"Buffalo-Cheektowaga-Niagara Falls, NY MSA",$670,$603,$737,$700,$630,$770,$830,$747,$913,"$1,030",$927,"$1,133","$1,160","$1,044","$1,276"
14036,METRO15380M15380,"Buffalo-Cheektowaga-Niagara Falls, NY MSA",$790,$711,$869,$830,$747,$913,$980,$882,"$1,078","$1,210","$1,089","$1,331","$1,360","$1,224","$1,496"
14037,METRO15380M15380,"Buffalo-Cheektowaga-Niagara Falls, NY MSA",$750,$675,$825,$780,$702,$858,$930,$837,"$1,023","$1,150","$1,035","$1,265","$1,290","$1,161","$1,419"
14038,METRO15380M15380,"Buffalo-Cheektowaga-Niagara Falls, NY MSA",$790,$711,$869,$830,$747,$913,$980,$882,"$1,078","$1,210","$1,089","$1,331","$1,360","$1,224","$1,496"
14043,METRO15380M15380,"Buffalo-Cheektowaga-Niagara Falls, NY MSA",$820,$738,$902,$860,$774,$946,"$1,020",$918,"$1,122","$1,260","$1,134","$1,386","$1,410","$1,269","$1,551"
14047,METRO15380M15380,"Buffalo-Cheektowaga-Niagara Falls, NY MSA",$760,$684,$836,$800,$720,$880,$950,$855,"$1,045","$1,170","$1,053","$1,287","$1,320","$1,188","$1,452"
14051,METRO15380M15380,"Buffalo-Cheektowaga-Niagara Falls, NY MSA","$1,160","$1,044","$1,276","$1,210","$1,089","$1,331","$1,440","$1,296","$1,584","$1,780","$1,602","$1,958","$1,990","$1,791","$2,189"
14052,METRO15380M15380,"Buffalo-Cheektowaga-Niagara Falls, NY MSA",$750,$675,$825,$780,$702,$858,$930,$837,"$1,023","$1,150","$1,035","$1,265","$1,290","$1,161","$1,419"
14055,METRO15380M15380,"Buffalo-Cheektowaga-Niagara Falls, NY MSA",$700,$630,$770,$720,$648,$792,$860,$774,$946,"$1,070",$963,"$1,177","$1,200","$1,080","$1,320"
14057,METRO15380M15380,"Buffalo-Cheektowaga-Niagara Falls, NY MSA",$680,$612,$748,$720,$648,$792,$850,$765,$935,"$1,050",$945,"$1,155","$1,180","$1,062","$1,298"
14059,METRO15380M15380,"Buffalo-Cheektowaga-Niagara Falls, NY MSA",$920,$828,"$1,012",$970,$873,"$1,067","$1,150","$1,035","$1,265","$1,420","$1,278","$1,562","$1,590","$1,431","$1,749"
14061,METRO15380M15380,"Buffalo-Cheektowaga-Niagara Falls, NY MSA",$910,$819,"$1,001",$950,$855,"$1,045","$1,130","$1,017","$1,243","$1,400","$1,260","$1,540","$1,560","$1,404","$1,716"
14067,METRO15380M15380,"Buffalo-Cheektowaga-Niagara Falls, NY MSA",$740,$666,$814,$780,$702,$858,$920,$828,"$1,012","$1,140","$1,026","$1,254","$1,270","$1,143","$1,397"
14068,METRO15380M15380,"Buffalo-Cheektowaga-Niagara Falls, NY MSA",$880,$792,$968,$930,$837,"$1,023","$1,100",$990,"$1,210","$1,360","$1,224","$1,496","$1,520","$1,368","$1,672"
14069,METRO15380M15380,"Buffalo-Cheektowaga-Niagara Falls, NY MSA",$740,$666,$814,$780,$702,$858,$920,$828,"$1,012","$1,140","$1,026","$1,254","$1,270","$1,143","$1,397"
14070,METRO15380M15380,"Buffalo-Cheektowaga-Niagara Falls, NY MSA",$670,$603,$737,$700,$630,$770,$830,$747,$913,"$1,030",$927,"$1,133","$1,160","$1,044","$1,276"
14072,METRO15380M15380,"Buffalo-Cheektowaga-Niagara Falls, NY MSA",$920,$828,"$1,012",$960,$864,"$1,056","$1,140","$1,026","$1,254","$1,410","$1,269","$1,551","$1,580","$1,422","$1,738"
14075,METRO15380M15380,"Buffalo-Cheektowaga-Niagara Falls, NY MSA",$850,$765,$935,$890,$801,$979,"$1,060",$954,"$1,166","$1,310","$1,179","$1,441","$1,470","$1,323","$1,617"
14080,METRO15380M15380,"Buffalo-Cheektowaga-Niagara Falls, NY MSA",$760,$684,$836,$790,$711,$869,$940,$846,"$1,034","$1,160","$1,044","$1,276","$1,300","$1,170","$1,430"
14081,METRO15380M15380,"Buffalo-Cheektowaga-Niagara Falls, NY MSA",$720,$648,$792,$760,$684,$836,$900,$810,$990,"$1,110",$999,"$1,221","$1,250","$1,125","$1,375"
14085,METRO15380M15380,"Buffalo-Cheektowaga-Niagara Falls, NY MSA","$1,000",$900,"$1,100","$1,050",$945,"$1,155","$1,240","$1,116","$1,364","$1,530","$1,377","$1,683","$1,720","$1,548","$1,892"
14086,METRO15380M15380,"Buffalo-Cheektowaga-Niagara Falls, NY MSA",$760,$684,$836,$790,$711,$869,$940,$846,"$1,034","$1,160","$1,044","$1,276","$1,300","$1,170","$1,430"
14091,METRO15380M15380,"Buffalo-Cheektowaga-Niagara Falls, NY MSA",$670,$603,$737,$700,$630,$770,$830,$747,$913,"$1,030",$927,"$1,133","$1,160","$1,044","$1,276"
14092,METRO15380M15380,"Buffalo-Cheektowaga-Niagara Falls, NY MSA",$810,$729,$891,$850,$765,$935,"$1,010",$909,"$1,111","$1,250","$1,125","$1,375","$1,400","$1,260","$1,540"
14094,METRO15380M15380,"Buffalo-Cheektowaga-Niagara Falls, NY MSA",$720,$648,$792,$750,$675,$825,$890,$801,$979,"$1,100",$990,"$1,210","$1,230","$1,107","$1,353"
14095,METRO15380M15380,"Buffalo-Cheektowaga-Niagara Falls, NY MSA",$690,$621,$759,$730,$657,$803,$860,$774,$946,"$1,060",$954,"$1,166","$1,190","$1,071","$1,309"
14098,METRO15380M15380,"Buffalo-Cheektowaga-Niagara Falls, NY MSA",$670,$603,$737,$770,$693,$847,$960,$864,"$1,056","$1,190","$1,071","$1,309","$1,300","$1,170","$1,430"
14102,METRO15380M15380,"Buffalo-Cheektowaga-Niagara Falls, NY MSA",$800,$720,$880,$830,$747,$913,$990,$891,"$1,089","$1,220","$1,098","$1,342","$1,370","$1,233","$1,507"
14103,METRO15380M15380,"Buffalo-Cheektowaga-Niagara Falls, NY MSA",$670,$603,$737,$730,$657,$803,$910,$819,"$1,001","$1,130","$1,017","$1,243","$1,230","$1,107","$1,353"
14105,METRO15380M15380,"Buffalo-Cheektowaga-Niagara Falls, NY MSA",$670,$603,$737,$730,$657,$803,$910,$819,"$1,001","$1,130","$1,017","$1,243","$1,230","$1,107","$1,353"
14107,METRO15380M15380,"Buffalo-Cheektowaga-Niagara Falls, NY MSA",$690,$621,$759,$730,$657,$803,$860,$774,$946,"$1,060",$954,"$1,166","$1,190","$1,071","$1,309"
14108,METRO15380M15380,"Buffalo-Cheektowaga-Niagara Falls, NY MSA",$720,$648,$792,$750,$675,$825,$890,$801,$979,"$1,100",$990,"$1,210","$1,230","$1,107","$1,353"
14109,METRO15380M15380,"Buffalo-Cheektowaga-Niagara Falls, NY MSA",$750,$675,$825,$790,$711,$869,$940,$846,"$1,034","$1,160","$1,044","$1,276","$1,290","$1,161","$1,419"
14110,METRO15380M15380,"Buffalo-Cheektowaga-Niagara Falls, NY MSA",$790,$711,$869,$830,$747,$913,$980,$882,"$1,078","$1,210","$1,089","$1,331","$1,360","$1,224","$1,496"
14111,METRO15380M15380,"Buffalo-Cheektowaga-Niagara Falls, NY MSA",$670,$603,$737,$700,$630,$770,$830,$747,$913,"$1,030",$927,"$1,133","$1,160","$1,044","$1,276"
14112,METRO15380M15380,"Buffalo-Cheektowaga-Niagara Falls, NY MSA",$870,$783,$957,$910,$819,"$1,001","$1,080",$972,"$1,188","$1,330","$1,197","$1,463","$1,500","$1,350","$1,650"
14120,METRO15380M15380,"Buffalo-Cheektowaga-Niagara Falls, NY MSA",$720,$648,$792,$750,$675,$825,$890,$801,$979,"$1,100",$990,"$1,210","$1,230","$1,107","$1,353"
14126,METRO15380M15380,"Buffalo-Cheektowaga-Niagara Falls, NY MSA",$810,$729,$891,$850,$765,$935,"$1,010",$909,"$1,111","$1,250","$1,125","$1,375","$1,400","$1,260","$1,540"
14127,METRO15380M15380,"Buffalo-Cheektowaga-Niagara Falls, NY MSA",$900,$810,$990,$940,$846,"$1,034","$1,120","$1,008","$1,232","$1,380","$1,242","$1,518","$1,550","$1,395","$1,705"
14131,METRO15380M15380,"Buffalo-Cheektowaga-Niagara Falls, NY MSA",$980,$882,"$1,078","$1,030",$927,"$1,133","$1,220","$1,098","$1,342","$1,510","$1,359","$1,661","$1,690","$1,521","$1,859"
14132,METRO15380M15380,"Buffalo-Cheektowaga-Niagara Falls, NY MSA",$730,$657,$803,$770,$693,$847,$910,$819,"$1,001","$1,120","$1,008","$1,232","$1,260","$1,134","$1,386"
14134,METRO15380M15380,"Buffalo-Cheektowaga-Niagara Falls, NY MSA",$800,$720,$880,$830,$747,$913,$990,$891,"$1,089","$1,230","$1,107","$1,353","$1,370","$1,233","$1,507"
14139,METRO15380M15380,"Buffalo-Cheektowaga-Niagara Falls, NY MSA",$760,$684,$836,$790,$711,$869,$940,$846,"$1,034","$1,160","$1,044","$1,276","$1,300","$1,170","$1,430"
14140,METRO15380M15380,"Buffalo-Cheektowaga-Niagara Falls, NY MSA",$790,$711,$869,$830,$747,$913,$980,$882,"$1,078","$1,210","$1,089","$1,331","$1,360","$1,224","$1,496"
14141,METRO15380M15380,"Buffalo-Cheektowaga-Niagara Falls, NY MSA",$670,$603,$737,$700,$630,$770,$830,$747,$913,"$1,030",$927,"$1,133","$1,160","$1,044","$1,276"
14144,METRO15380M15380,"Buffalo-Cheektowaga-Niagara Falls, NY MSA",$690,$621,$759,$730,$657,$803,$860,$774,$946,"$1,060",$954,"$1,166","$1,190","$1,071","$1,309"
14145,METRO15380M15380,"Buffalo-Cheektowaga-Niagara Falls, NY MSA",$780,$702,$858,$820,$738,$902,$970,$873,"$1,067","$1,200","$1,080","$1,320","$1,340","$1,206","$1,474"
14150,METRO15380M15380,"Buffalo-Cheektowaga-Niagara Falls, NY MSA",$820,$738,$902,$860,$774,$946,"$1,020",$918,"$1,122","$1,260","$1,134","$1,386","$1,410","$1,269","$1,551"
14151,METRO15380M15380,"Buffalo-Cheektowaga-Niagara Falls, NY MSA",$790,$711,$869,$830,$747,$913,$980,$882,"$1,078","$1,210","$1,089","$1,331","$1,360","$1,224","$1,496"
14169,METRO15380M15380,"Buffalo-Cheektowaga-Niagara Falls, NY MSA",$750,$675,$825,$780,$702,$858,$930,$837,"$1,023","$1,150","$1,035","$1,265","$1,290","$1,161","$1,419"
14170,METRO15380M15380,"Buffalo-Cheektowaga-Niagara Falls, NY MSA",$800,$720,$880,$840,$756,$924,"$1,000",$900,"$1,100","$1,230","$1,107","$1,353","$1,380","$1,242","$1,518"
14172,METRO15380M15380,"Buffalo-Cheektowaga-Niagara Falls, NY MSA",$820,$738,$902,$860,$774,$946,"$1,020",$918,"$1,122","$1,260","$1,134","$1,386","$1,410","$1,269","$1,551"
14173,METRO15380M15380,"Buffalo-Cheektowaga-Niagara Falls, NY MSA",$790,$711,$869,$830,$747,$913,$980,$882,"$1,078","$1,210","$1,089","$1,331","$1,360","$1,224","$1,496"
14174,METRO15380M15380,"Buffalo-Cheektowaga-Niagara Falls, NY MSA",$730,$657,$803,$770,$693,$847,$910,$819,"$1,001","$1,120","$1,008","$1,232","$1,260","$1,134","$1,386"
14201,METRO15380M15380,"Buffalo-Cheektowaga-Niagara Falls, NY MSA",$750,$675,$825,$780,$702,$858,$930,$837,"$1,023","$1,150","$1,035","$1,265","$1,290","$1,161","$1,419"
14202,METRO15380M15380,"Buffalo-Cheektowaga-Niagara Falls, NY MSA",$800,$720,$880,$840,$756,$924,"$1,000",$900,"$1,100","$1,240","$1,116","$1,364","$1,380","$1,242","$1,518"
14203,METRO15380M15380,"Buffalo-Cheektowaga-Niagara Falls, NY MSA","$1,090",$981,"$1,199","$1,150","$1,035","$1,265","$1,360","$1,224","$1,496","$1,680","$1,512","$1,848","$1,880","$1,692","$2,068"
14204,METRO15380M15380,"Buffalo-Cheektowaga-Niagara Falls, NY MSA",$670,$603,$737,$700,$630,$770,$830,$747,$913,"$1,030",$927,"$1,133","$1,160","$1,044","$1,276"
14205,METRO15380M15380,"Buffalo-Cheektowaga-Niagara Falls, NY MSA",$790,$711,$869,$830,$747,$913,$980,$882,"$1,078","$1,210","$1,089","$1,331","$1,360","$1,224","$1,496"
14206,METRO15380M15380,"Buffalo-Cheektowaga-Niagara Falls, NY MSA",$730,$657,$803,$770,$693,$847,$910,$819,"$1,001","$1,120","$1,008","$1,232","$1,260","$1,134","$1,386"
14207,METRO15380M15380,"Buffalo-Cheektowaga-Niagara Falls, NY MSA",$680,$612,$748,$710,$639,$781,$840,$756,$924,"$1,040",$936,"$1,144","$1,160","$1,044","$1,276"
14208,METRO15380M15380,"Buffalo-Cheektowaga-Niagara Falls, NY MSA",$820,$738,$902,$860,$774,$946,"$1,020",$918,"$1,122","$1,260","$1,134","$1,386","$1,410","$1,269","$1,551"
14209,METRO15380M15380,"Buffalo-Cheektowaga-Niagara Falls, NY MSA",$780,$702,$858,$820,$738,$902,$970,$873,"$1,067","$1,200","$1,080","$1,320","$1,340","$1,206","$1,474"
14210,METRO15380M15380,"Buffalo-Cheektowaga-Niagara Falls, NY MSA",$730,$657,$803,$770,$693,$847,$910,$819,"$1,001","$1,120","$1,008","$1,232","$1,260","$1,134","$1,386"
14211,METRO15380M15380,"Buffalo-Cheektowaga-Niagara Falls, NY MSA",$680,$612,$748,$720,$648,$792,$850,$765,$935,"$1,050",$945,"$1,155","$1,180","$1,062","$1,298"
14212,METRO15380M15380,"Buffalo-Cheektowaga-Niagara Falls, NY MSA",$680,$612,$748,$720,$648,$792,$850,$765,$935,"$1,050",$945,"$1,155","$1,180","$1,062","$1,298"
14213,METRO15380M15380,"Buffalo-Cheektowaga-Niagara Falls, NY MSA",$750,$675,$825,$780,$702,$858,$930,$837,"$1,023","$1,150","$1,035","$1,265","$1,290","$1,161","$1,419"
14214,METRO15380M15380,"Buffalo-Cheektowaga-Niagara Falls, NY MSA",$800,$720,$880,$830,$747,$913,$990,$891,"$1,089","$1,220","$1,098","$1,342","$1,370","$1,233","$1,507"
14215,METRO15380M15380,"Buffalo-Cheektowaga-Niagara Falls, NY MSA",$700,$630,$770,$730,$657,$803,$870,$783,$957,"$1,080",$972,"$1,188","$1,200","$1,080","$1,320"
14216,METRO15380M15380,"Buffalo-Cheektowaga-Niagara Falls, NY MSA",$880,$792,$968,$920,$828,"$1,012","$1,090",$981,"$1,199","$1,350","$1,215","$1,485","$1,510","$1,359","$1,661"
14217,METRO15380M15380,"Buffalo-Cheektowaga-Niagara Falls, NY MSA",$740,$666,$814,$780,$702,$858,$920,$828,"$1,012","$1,140","$1,026","$1,254","$1,270","$1,143","$1,397"
14218,METRO15380M15380,"Buffalo-Cheektowaga-Niagara Falls, NY MSA",$670,$603,$737,$700,$630,$770,$830,$747,$913,"$1,030",$927,"$1,133","$1,160","$1,044","$1,276"
14219,METRO15380M15380,"Buffalo-Cheektowaga-Niagara Falls, NY MSA",$730,$657,$803,$770,$693,$847,$910,$819,"$1,001","$1,120","$1,008","$1,232","$1,260","$1,134","$1,386"
14220,METRO15380M15380,"Buffalo-Cheektowaga-Niagara Falls, NY MSA",$730,$657,$803,$770,$693,$847,$910,$819,"$1,001","$1,120","$1,008","$1,232","$1,260","$1,134","$1,386"
14221,METRO15380M15380,"Buffalo-Cheektowaga-Niagara Falls, NY MSA","$1,040",$936,"$1,144","$1,090",$981,"$1,199","$1,290","$1,161","$1,419","$1,590","$1,431","$1,749","$1,790","$1,611","$1,969"
14222,METRO15380M15380,"Buffalo-Cheektowaga-Niagara Falls, NY MSA",$970,$873,"$1,067","$1,020",$918,"$1,122","$1,210","$1,089","$1,331","$1,500","$1,350","$1,650","$1,680","$1,512","$1,848"
14223,METRO15380M15380,"Buffalo-Cheektowaga-Niagara Falls, NY MSA",$760,$684,$836,$800,$720,$880,$950,$855,"$1,045","$1,170","$1,053","$1,287","$1,320","$1,188","$1,452"
14224,METRO15380M15380,"Buffalo-Cheektowaga-Niagara Falls, NY MSA",$820,$738,$902,$860,$774,$946,"$1,020",$918,"$1,122","$1,260","$1,134","$1,386","$1,410","$1,269","$1,551"
14225,METRO15380M15380,"Buffalo-Cheektowaga-Niagara Falls, NY MSA",$750,$675,$825,$780,$702,$858,$930,$837,"$1,023","$1,150","$1,035","$1,265","$1,290","$1,161","$1,419"
14226,METRO15380M15380,"Buffalo-Cheektowaga-Niagara Falls, NY MSA",$870,$783,$957,$910,$819,"$1,001","$1,080",$972,"$1,188","$1,340","$1,206","$1,474","$1,500","$1,350","$1,650"
14227,METRO15380M15380,"Buffalo-Cheektowaga-Niagara Falls, NY MSA",$880,$792,$968,$930,$837,"$1,023","$1,100",$990,"$1,210","$1,360","$1,224","$1,496","$1,520","$1,368","$1,672"
14228,METRO15380M15380,"Buffalo-Cheektowaga-Niagara Falls, NY MSA","$1,000",$900,"$1,100","$1,050",$945,"$1,155","$1,240","$1,116","$1,364","$1,530","$1,377","$1,683","$1,720","$1,548","$1,892"
14231,METRO15380M15380,"Buffalo-Cheektowaga-Niagara Falls, NY MSA",$790,$711,$869,$830,$747,$913,$980,$882,"$1,078","$1,210","$1,089","$1,331","$1,360","$1,224","$1,496"
14233,METRO15380M15380,"Buffalo-Cheektowaga-Niagara Falls, NY MSA",$790,$711,$869,$830,$747,$913,$980,$882,"$1,078","$1,210","$1,089","$1,331","$1,360","$1,224","$1,496"
14240,METRO15380M15380,"Buffalo-Cheektowaga-Niagara Falls, NY MSA",$790,$711,$869,$830,$747,$913,$980,$882,"$1,078","$1,210","$1,089","$1,331","$1,360","$1,224","$1,496"
14261,METRO15380M15380,"Buffalo-Cheektowaga-Niagara Falls, NY MSA","$1,000",$900,"$1,100","$1,050",$945,"$1,155","$1,240","$1,116","$1,364","$1,530","$1,377","$1,683","$1,720","$1,548","$1,892"
14263,METRO15380M15380,"Buffalo-Cheektowaga-Niagara Falls, NY MSA",$790,$711,$869,$830,$747,$913,$980,$882,"$1,078","$1,210","$1,089","$1,331","$1,360","$1,224","$1,496"
14272,METRO15380M15380,"Buffalo-Cheektowaga-Niagara Falls, NY MSA",$790,$711,$869,$830,$747,$913,$980,$882,"$1,078","$1,210","$1,089","$1,331","$1,360","$1,224","$1,496"
14273,METRO15380M15380,"Buffalo-Cheektowaga-Niagara Falls, NY MSA",$790,$711,$869,$830,$747,$913,$980,$882,"$1,078","$1,210","$1,089","$1,331","$1,360","$1,224","$1,496"
14280,METRO15380M15380,"Buffalo-Cheektowaga-Niagara Falls, NY MSA",$790,$711,$869,$830,$747,$913,$980,$882,"$1,078","$1,210","$1,089","$1,331","$1,360","$1,224","$1,496"
14301,METRO15380M15380,"Buffalo-Cheektowaga-Niagara Falls, NY MSA",$670,$603,$737,$700,$630,$770,$830,$747,$913,"$1,030",$927,"$1,133","$1,160","$1,044","$1,276"
14302,METRO15380M15380,"Buffalo-Cheektowaga-Niagara Falls, NY MSA",$670,$603,$737,$700,$630,$770,$830,$747,$913,"$1,030",$927,"$1,133","$1,160","$1,044","$1,276"
14303,METRO15380M15380,"Buffalo-Cheektowaga-Niagara Falls, NY MSA",$680,$612,$748,$720,$648,$792,$850,$765,$935,"$1,050",$945,"$1,155","$1,180","$1,062","$1,298"
14304,METRO15380M15380,"Buffalo-Cheektowaga-Niagara Falls, NY MSA",$690,$621,$759,$730,$657,$803,$860,$774,$946,"$1,060",$954,"$1,166","$1,190","$1,071","$1,309"
14305,METRO15380M15380,"Buffalo-Cheektowaga-Niagara Falls, NY MSA",$740,$666,$814,$780,$702,$858,$920,$828,"$1,012","$1,140","$1,026","$1,254","$1,270","$1,143","$1,397"
14805,METRO21300M21300,"Elmira, NY MSA",$740,$666,$814,$740,$666,$814,$940,$846,"$1,034","$1,240","$1,116","$1,364","$1,330","$1,197","$1,463"
14812,METRO21300M21300,"Elmira, NY MSA",$690,$621,$759,$690,$621,$759,$880,$792,$968,"$1,160","$1,044","$1,276","$1,250","$1,125","$1,375"
14814,METRO21300M21300,"Elmira, NY MSA",$930,$837,"$1,023",$940,$846,"$1,034","$1,190","$1,071","$1,309","$1,560","$1,404","$1,716","$1,690","$1,521","$1,859"
14816,METRO21300M21300,"Elmira, NY MSA",$810,$729,$891,$820,$738,$902,"$1,040",$936,"$1,144","$1,360","$1,224","$1,496","$1,470","$1,323","$1,617"
14824,METRO21300M21300,"Elmira, NY MSA",$770,$693,$847,$770,$693,$847,$980,$882,"$1,078","$1,290","$1,161","$1,419","$1,390","$1,251","$1,529"
14825,METRO21300M21300,"Elmira, NY MSA",$750,$675,$825,$760,$684,$836,$960,$864,"$1,056","$1,260","$1,134","$1,386","$1,360","$1,224","$1,496"
14830,METRO21300M21300,"Elmira, NY MSA",$760,$684,$836,$760,$684,$836,$970,$873,"$1,067","$1,280","$1,152","$1,408","$1,380","$1,242","$1,518"
14838,METRO21300M21300,"Elmira, NY MSA",$810,$729,$891,$810,$729,$891,"$1,030",$927,"$1,133","$1,350","$1,215","$1,485","$1,460","$1,314","$1,606"
14845,METRO21300M21300,"Elmira, NY MSA",$860,$774,$946,$870,$783,$957,"$1,100",$990,"$1,210","$1,450","$1,305","$1,595","$1,560","$1,404","$1,716"
14859,METRO21300M21300,"Elmira, NY MSA",$690,$621,$759,$710,$639,$781,$900,$810,$990,"$1,190","$1,071","$1,309","$1,300","$1,170","$1,430"
14861,METRO21300M21300,"Elmira, NY MSA",$780,$702,$858,$790,$711,$869,"$1,000",$900,"$1,100","$1,310","$1,179","$1,441","$1,420","$1,278","$1,562"
14864,METRO21300M21300,"Elmira, NY MSA",$760,$684,$836,$760,$684,$836,$970,$873,"$1,067","$1,280","$1,152","$1,408","$1,380","$1,242","$1,518"
14867,METRO21300M21300,"Elmira, NY MSA",$890,$801,$979,$950,$855,"$1,045","$1,150","$1,035","$1,265","$1,460","$1,314","$1,606","$1,640","$1,476","$1,804"
14871,METRO21300M21300,"Elmira, NY MSA",$840,$756,$924,$850,$765,$935,"$1,080",$972,"$1,188","$1,420","$1,278","$1,562","$1,530","$1,377","$1,683"
14872,METRO21300M21300,"Elmira, NY MSA",$660,$594,$726,$660,$594,$726,$840,$756,$924,"$1,100",$990,"$1,210","$1,160","$1,044","$1,276"
14883,METRO21300M21300,"Elmira, NY MSA",$890,$801,$979,$950,$855,"$1,045","$1,150","$1,035","$1,265","$1,460","$1,314","$1,606","$1,640","$1,476","$1,804"
14889,METRO21300M21300,"Elmira, NY MSA",$770,$693,$847,$780,$702,$858,$990,$891,"$1,089","$1,300","$1,170","$1,430","$1,400","$1,260","$1,540"
14892,METRO21300M21300,"Elmira, NY MSA",$660,$594,$726,$660,$594,$726,$840,$756,$924,"$1,100",$990,"$1,210","$1,200","$1,080","$1,320"
14894,METRO21300M21300,"Elmira, NY MSA",$770,$693,$847,$770,$693,$847,$980,$882,"$1,078","$1,290","$1,161","$1,419","$1,390","$1,251","$1,529"
14901,METRO21300M21300,"Elmira, NY MSA",$660,$594,$726,$660,$594,$726,$840,$756,$924,"$1,100",$990,"$1,210","$1,190","$1,071","$1,309"
14902,METRO21300M21300,"Elmira, NY MSA",$740,$666,$814,$740,$666,$814,$940,$846,"$1,034","$1,240","$1,116","$1,364","$1,330","$1,197","$1,463"
14903,METRO21300M21300,"Elmira, NY MSA",$750,$675,$825,$760,$684,$836,$960,$864,"$1,056","$1,260","$1,134","$1,386","$1,360","$1,224","$1,496"
14904,METRO21300M21300,"Elmira, NY MSA",$690,$621,$759,$690,$621,$759,$880,$792,$968,"$1,160","$1,044","$1,276","$1,250","$1,125","$1,375"
14905,METRO21300M21300,"Elmira, NY MSA",$750,$675,$825,$760,$684,$836,$960,$864,"$1,056","$1,260","$1,134","$1,386","$1,360","$1,224","$1,496"
12028,METRO24020M24020,"Glens Falls, NY MSA",$730,$657,$803,$840,$756,$924,"$1,040",$936,"$1,144","$1,320","$1,188","$1,452","$1,410","$1,269","$1,551"
12057,METRO24020M24020,"Glens Falls, NY MSA",$730,$657,$803,$840,$756,$924,"$1,040",$936,"$1,144","$1,330","$1,197","$1,463","$1,420","$1,278","$1,562"
12090,METRO24020M24020,"Glens Falls, NY MSA",$820,$738,$902,$910,$819,"$1,001","$1,110",$999,"$1,221","$1,370","$1,233","$1,507","$1,510","$1,359","$1,661"
12094,METRO24020M24020,"Glens Falls, NY MSA",$790,$711,$869,$890,$801,$979,"$1,090",$981,"$1,199","$1,360","$1,224","$1,496","$1,480","$1,332","$1,628"
12154,METRO24020M24020,"Glens Falls, NY MSA",$730,$657,$803,$830,$747,$913,"$1,010",$909,"$1,111","$1,260","$1,134","$1,386","$1,370","$1,233","$1,507"
12185,METRO24020M24020,"Glens Falls, NY MSA",$810,$729,$891,$910,$819,"$1,001","$1,110",$999,"$1,221","$1,380","$1,242","$1,518","$1,510","$1,359","$1,661"
12801,METRO24020M24020,"Glens Falls, NY MSA",$710,$639,$781,$850,$765,$935,"$1,060",$954,"$1,166","$1,380","$1,242","$1,518","$1,440","$1,296","$1,584"
12803,METRO24020M24020,"Glens Falls, NY MSA",$830,$747,$913,$920,$828,"$1,012","$1,120","$1,008","$1,232","$1,380","$1,242","$1,518","$1,520","$1,368","$1,672"
12804,METRO24020M24020,"Glens Falls, NY MSA",$870,$783,$957,"$1,030",$927,"$1,133","$1,290","$1,161","$1,419","$1,670","$1,503","$1,837","$1,750","$1,575","$1,925"
12808,METRO24020M24020,"Glens Falls, NY MSA",$670,$603,$737,$800,$720,$880,$990,$891,"$1,089","$1,290","$1,161","$1,419","$1,350","$1,215","$1,485"
12809,METRO24020M24020,"Glens Falls, NY MSA",$610,$549,$671,$720,$648,$792,$910,$819,"$1,001","$1,180","$1,062","$1,298","$1,250","$1,125","$1,375"
12810,METRO24020M24020,"Glens Falls, NY MSA",$680,$612,$748,$810,$729,$891,"$1,010",$909,"$1,111","$1,310","$1,179","$1,441","$1,370","$1,233","$1,507"
12811,METRO24020M24020,"Glens Falls, NY MSA",$700,$630,$770,$830,$747,$913,"$1,040",$936,"$1,144","$1,350","$1,215","$1,485","$1,410","$1,269","$1,551"
12814,METRO24020M24020,"Glens Falls, NY MSA",$680,$612,$748,$810,$729,$891,"$1,010",$909,"$1,111","$1,310","$1,179","$1,441","$1,370","$1,233","$1,507"
12815,METRO24020M24020,"Glens Falls, NY MSA",$660,$594,$726,$790,$711,$869,$990,$891,"$1,089","$1,290","$1,161","$1,419","$1,340","$1,206","$1,474"
12816,METRO24020M24020,"Glens Falls, NY MSA",$660,$594,$726,$790,$711,$869,$990,$891,"$1,089","$1,290","$1,161","$1,419","$1,340","$1,206","$1,474"
12817,METRO24020M24020,"Glens Falls, NY MSA",$610,$549,$671,$720,$648,$792,$910,$819,"$1,001","$1,180","$1,062","$1,298","$1,250","$1,125","$1,375"
12819,METRO24020M24020,"Glens Falls, NY MSA",$830,$747,$913,$990,$891,"$1,089","$1,240","$1,116","$1,364","$1,610","$1,449","$1,771","$1,680","$1,512","$1,848"
12820,METRO24020M24020,"Glens Falls, NY MSA",$740,$666,$814,$880,$792,$968,"$1,100",$990,"$1,210","$1,430","$1,287","$1,573","$1,490","$1,341","$1,639"
12821,METRO24020M24020,"Glens Falls, NY MSA",$680,$612,$748,$810,$729,$891,"$1,010",$909,"$1,111","$1,320","$1,188","$1,452","$1,380","$1,242","$1,518"
12823,METRO24020M24020,"Glens Falls, NY MSA",$680,$612,$748,$810,$729,$891,"$1,010",$909,"$1,111","$1,320","$1,188","$1,452","$1,380","$1,242","$1,518"
12824,METRO24020M24020,"Glens Falls, NY MSA",$680,$612,$748,$810,$729,$891,"$1,020",$918,"$1,122","$1,330","$1,197","$1,463","$1,380","$1,242","$1,518"
12827,METRO24020M24020,"Glens Falls, NY MSA",$670,$603,$737,$800,$720,$880,"$1,000",$900,"$1,100","$1,300","$1,170","$1,430","$1,360","$1,224","$1,496"
12828,METRO24020M24020,"Glens Falls, NY MSA",$740,$666,$814,$860,$774,$946,"$1,070",$963,"$1,177","$1,360","$1,224","$1,496","$1,450","$1,305","$1,595"
12832,METRO24020M24020,"Glens Falls, NY MSA",$610,$549,$671,$720,$648,$792,$910,$819,"$1,001","$1,180","$1,062","$1,298","$1,250","$1,125","$1,375"
12834,METRO24020M24020,"Glens Falls, NY MSA",$700,$630,$770,$840,$756,$924,"$1,050",$945,"$1,155","$1,360","$1,224","$1,496","$1,420","$1,278","$1,562"
12835,METRO24020M24020,"Glens Falls, NY MSA",$750,$675,$825,$840,$756,$924,"$1,020",$918,"$1,122","$1,260","$1,134","$1,386","$1,380","$1,242","$1,518"
12836,METRO24020M24020,"Glens Falls, NY MSA",$640,$576,$704,$760,$684,$836,$950,$855,"$1,045","$1,230","$1,107","$1,353","$1,290","$1,161","$1,419"
12837,METRO24020M24020,"Glens Falls, NY MSA",$680,$612,$748,$810,$729,$891,"$1,020",$918,"$1,122","$1,320","$1,188","$1,452","$1,380","$1,242","$1,518"
12838,METRO24020M24020,"Glens Falls, NY MSA",$810,$729,$891,$960,$864,"$1,056","$1,200","$1,080","$1,320","$1,560","$1,404","$1,716","$1,630","$1,467","$1,793"
12839,METRO24020M24020,"Glens Falls, NY MSA",$710,$639,$781,$850,$765,$935,"$1,060",$954,"$1,166","$1,380","$1,242","$1,518","$1,440","$1,296","$1,584"
12841,METRO24020M24020,"Glens Falls, NY MSA",$770,$693,$847,$920,$828,"$1,012","$1,160","$1,044","$1,276","$1,500","$1,350","$1,650","$1,570","$1,413","$1,727"
12843,METRO24020M24020,"Glens Falls, NY MSA",$680,$612,$748,$810,$729,$891,"$1,010",$909,"$1,111","$1,310","$1,179","$1,441","$1,370","$1,233","$1,507"
12844,METRO24020M24020,"Glens Falls, NY MSA",$700,$630,$770,$840,$756,$924,"$1,050",$945,"$1,155","$1,360","$1,224","$1,496","$1,420","$1,278","$1,562"
12845,METRO24020M24020,"Glens Falls, NY MSA",$760,$684,$836,$900,$810,$990,"$1,130","$1,017","$1,243","$1,470","$1,323","$1,617","$1,530","$1,377","$1,683"
12846,METRO24020M24020,"Glens Falls, NY MSA",$810,$729,$891,$960,$864,"$1,056","$1,200","$1,080","$1,320","$1,560","$1,404","$1,716","$1,630","$1,467","$1,793"
12848,METRO24020M24020,"Glens Falls, NY MSA",$690,$621,$759,$820,$738,$902,"$1,030",$927,"$1,133","$1,340","$1,206","$1,474","$1,400","$1,260","$1,540"
12849,METRO24020M24020,"Glens Falls, NY MSA",$610,$549,$671,$720,$648,$792,$910,$819,"$1,001","$1,180","$1,062","$1,298","$1,250","$1,125","$1,375"
12853,METRO24020M24020,"Glens Falls, NY MSA",$700,$630,$770,$830,$747,$913,"$1,040",$936,"$1,144","$1,350","$1,215","$1,485","$1,410","$1,269","$1,551"
12854,METRO24020M24020,"Glens Falls, NY MSA",$690,$621,$759,$820,$738,$902,"$1,030",$927,"$1,133","$1,340","$1,206","$1,474","$1,400","$1,260","$1,540"
12856,METRO24020M24020,"Glens Falls, NY MSA",$740,$666,$814,$880,$792,$968,"$1,100",$990,"$1,210","$1,430","$1,287","$1,573","$1,490","$1,341","$1,639"
12857,METRO24020M24020,"Glens Falls, NY MSA",$760,$684,$836,$900,$810,$990,"$1,130","$1,017","$1,243","$1,470","$1,323","$1,617","$1,530","$1,377","$1,683"
12860,METRO24020M24020,"Glens Falls, NY MSA",$660,$594,$726,$790,$711,$869,$980,$882,"$1,078","$1,280","$1,152","$1,408","$1,330","$1,197","$1,463"
12861,METRO24020M24020,"Glens Falls, NY MSA",$710,$639,$781,$850,$765,$935,"$1,060",$954,"$1,166","$1,380","$1,242","$1,518","$1,440","$1,296","$1,584"
12862,METRO24020M24020,"Glens Falls, NY MSA",$690,$621,$759,$820,$738,$902,"$1,030",$927,"$1,133","$1,340","$1,206","$1,474","$1,390","$1,251","$1,529"
12865,METRO24020M24020,"Glens Falls, NY MSA",$700,$630,$770,$830,$747,$913,"$1,040",$936,"$1,144","$1,350","$1,215","$1,485","$1,410","$1,269","$1,551"
12870,METRO24020M24020,"Glens Falls, NY MSA",$680,$612,$748,$810,$729,$891,"$1,010",$909,"$1,111","$1,310","$1,179","$1,441","$1,370","$1,233","$1,507"
12873,METRO24020M24020,"Glens Falls, NY MSA",$730,$657,$803,$870,$783,$957,"$1,090",$981,"$1,199","$1,420","$1,278","$1,562","$1,480","$1,332","$1,628"
12874,METRO24020M24020,"Glens Falls, NY MSA",$650,$585,$715,$770,$693,$847,$960,$864,"$1,056","$1,250","$1,125","$1,375","$1,310","$1,179","$1,441"
12878,METRO24020M24020,"Glens Falls, NY MSA",$610,$549,$671,$720,$648,$792,$910,$819,"$1,001","$1,180","$1,062","$1,298","$1,250","$1,125","$1,375"
12883,METRO24020M24020,"Glens Falls, NY MSA",$690,$621,$759,$820,$738,$902,"$1,030",$927,"$1,133","$1,340","$1,206","$1,474","$1,400","$1,260","$1,540"
12885,METRO24020M24020,"Glens Falls, NY MSA",$660,$594,$726,$790,$711,$869,$990,$891,"$1,089","$1,290","$1,161","$1,419","$1,340","$1,206","$1,474"
12886,METRO24020M24020,"Glens Falls, NY MSA",$690,$621,$759,$820,$738,$902,"$1,030",$927,"$1,133","$1,340","$1,206","$1,474","$1,390","$1,251","$1,529"
12887,METRO24020M24020,"Glens Falls, NY MSA",$690,$621,$759,$820,$738,$902,"$1,030",$927,"$1,133","$1,340","$1,206","$1,474","$1,400","$1,260","$1,540"
13045,METRO27060M27060,"Ithaca, NY MSA",$890,$801,$979,$950,$855,"$1,045","$1,150","$1,035","$1,265","$1,460","$1,314","$1,606","$1,640","$1,476","$1,804"
13053,METRO27060M27060,"Ithaca, NY MSA",$890,$801,$979,$950,$855,"$1,045","$1,150","$1,035","$1,265","$1,460","$1,314","$1,606","$1,640","$1,476","$1,804"
13062,METRO27060M27060,"Ithaca, NY MSA",$890,$801,$979,$950,$855,"$1,045","$1,150","$1,035","$1,265","$1,460","$1,314","$1,606","$1,640","$1,476","$1,804"
13068,METRO27060M27060,"Ithaca, NY MSA",$890,$801,$979,$950,$855,"$1,045","$1,150","$1,035","$1,265","$1,460","$1,314","$1,606","$1,640","$1,476","$1,804"
13073,METRO27060M27060,"Ithaca, NY MSA",$890,$801,$979,$950,$855,"$1,045","$1,150","$1,035","$1,265","$1,460","$1,314","$1,606","$1,640","$1,476","$1,804"
13081,METRO27060M27060,"Ithaca, NY MSA","$1,060",$954,"$1,166","$1,130","$1,017","$1,243","$1,370","$1,233","$1,507","$1,750","$1,575","$1,925","$1,860","$1,674","$2,046"
13092,METRO27060M27060,"Ithaca, NY MSA",$890,$801,$979,$950,$855,"$1,045","$1,150","$1,035","$1,265","$1,460","$1,314","$1,606","$1,640","$1,476","$1,804"
13102,METRO27060M27060,"Ithaca, NY MSA",$890,$801,$979,$950,$855,"$1,045","$1,150","$1,035","$1,265","$1,460","$1,314","$1,606","$1,640","$1,476","$1,804"
13736,METRO27060M27060,"Ithaca, NY MSA",$890,$801,$979,$950,$855,"$1,045","$1,150","$1,035","$1,265","$1,460","$1,314","$1,606","$1,640","$1,476","$1,804"
13864,METRO27060M27060,"Ithaca, NY MSA",$890,$801,$979,$950,$855,"$1,045","$1,150","$1,035","$1,265","$1,460","$1,314","$1,606","$1,640","$1,476","$1,804"
14817,METRO27060M27060,"Ithaca, NY MSA",$890,$801,$979,$950,$855,"$1,045","$1,150","$1,035","$1,265","$1,470","$1,323","$1,617","$1,640","$1,476","$1,804"
14850,METRO27060M27060,"Ithaca, NY MSA","$1,110",$999,"$1,221","$1,190","$1,071","$1,309","$1,440","$1,296","$1,584","$1,840","$1,656","$2,024","$1,950","$1,755","$2,145"
14851,METRO27060M27060,"Ithaca, NY MSA","$1,060",$954,"$1,166","$1,130","$1,017","$1,243","$1,370","$1,233","$1,507","$1,750","$1,575","$1,925","$1,860","$1,674","$2,046"
14852,METRO27060M27060,"Ithaca, NY MSA","$1,060",$954,"$1,166","$1,130","$1,017","$1,243","$1,370","$1,233","$1,507","$1,750","$1,575","$1,925","$1,860","$1,674","$2,046"
14853,METRO27060M27060,"Ithaca, NY MSA","$1,110",$999,"$1,221","$1,190","$1,071","$1,309","$1,440","$1,296","$1,584","$1,840","$1,656","$2,024","$1,950","$1,755","$2,145"
14854,METRO27060M27060,"Ithaca, NY MSA",$960,$864,"$1,056","$1,030",$927,"$1,133","$1,250","$1,125","$1,375","$1,600","$1,440","$1,760","$1,700","$1,530","$1,870"
14867,METRO27060M27060,"Ithaca, NY MSA",$890,$801,$979,$950,$855,"$1,045","$1,150","$1,035","$1,265","$1,460","$1,314","$1,606","$1,640","$1,476","$1,804"
14881,METRO27060M27060,"Ithaca, NY MSA",$960,$864,"$1,056","$1,030",$927,"$1,133","$1,250","$1,125","$1,375","$1,600","$1,440","$1,760","$1,700","$1,530","$1,870"
14882,METRO27060M27060,"Ithaca, NY MSA","$1,250","$1,125","$1,375","$1,340","$1,206","$1,474","$1,620","$1,458","$1,782","$2,070","$1,863","$2,277","$2,200","$1,980","$2,420"
14883,METRO27060M27060,"Ithaca, NY MSA",$890,$801,$979,$950,$855,"$1,045","$1,150","$1,035","$1,265","$1,460","$1,314","$1,606","$1,640","$1,476","$1,804"
14886,METRO27060M27060,"Ithaca, NY MSA",$960,$864,"$1,056","$1,030",$927,"$1,133","$1,250","$1,125","$1,375","$1,600","$1,440","$1,760","$1,700","$1,530","$1,870"
12401,METRO28740M28740,"Kingston, NY MSA",$940,$846,"$1,034","$1,060",$954,"$1,166","$1,360","$1,224","$1,496","$1,790","$1,611","$1,969","$2,010","$1,809","$2,211"
12402,METRO28740M28740,"Kingston, NY MSA",$940,$846,"$1,034","$1,060",$954,"$1,166","$1,360","$1,224","$1,496","$1,790","$1,611","$1,969","$2,010","$1,809","$2,211"
12404,METRO28740M28740,"Kingston, NY MSA",$870,$783,$957,$990,$891,"$1,089","$1,270","$1,143","$1,397","$1,670","$1,503","$1,837","$1,880","$1,692","$2,068"
12406,METRO28740M28740,"Kingston, NY MSA",$780,$702,$858,$920,$828,"$1,012","$1,170","$1,053","$1,287","$1,520","$1,368","$1,672","$1,720","$1,548","$1,892"
12409,METRO28740M28740,"Kingston, NY MSA","$1,000",$900,"$1,100","$1,130","$1,017","$1,243","$1,460","$1,314","$1,606","$1,920","$1,728","$2,112","$2,160","$1,944","$2,376"
12410,METRO28740M28740,"Kingston, NY MSA",$940,$846,"$1,034","$1,060",$954,"$1,166","$1,360","$1,224","$1,496","$1,790","$1,611","$1,969","$2,010","$1,809","$2,211"
12411,METRO28740M28740,"Kingston, NY MSA",$920,$828,"$1,012","$1,040",$936,"$1,144","$1,340","$1,206","$1,474","$1,760","$1,584","$1,936","$1,980","$1,782","$2,178"
12412,METRO28740M28740,"Kingston, NY MSA",$920,$828,"$1,012","$1,040",$936,"$1,144","$1,340","$1,206","$1,474","$1,760","$1,584","$1,936","$1,980","$1,782","$2,178"
12416,METRO28740M28740,"Kingston, NY MSA",$940,$846,"$1,034","$1,060",$954,"$1,166","$1,360","$1,224","$1,496","$1,790","$1,611","$1,969","$2,010","$1,809","$2,211"
12417,METRO28740M28740,"Kingston, NY MSA","$1,120","$1,008","$1,232","$1,270","$1,143","$1,397","$1,630","$1,467","$1,793","$2,140","$1,926","$2,354","$2,410","$2,169","$2,651"
12419,METRO28740M28740,"Kingston, NY MSA",$930,$837,"$1,023","$1,050",$945,"$1,155","$1,350","$1,215","$1,485","$1,780","$1,602","$1,958","$2,000","$1,800","$2,200"
12420,METRO28740M28740,"Kingston, NY MSA",$920,$828,"$1,012","$1,020",$918,"$1,122","$1,320","$1,188","$1,452","$1,720","$1,548","$1,892","$1,930","$1,737","$2,123"
12428,METRO28740M28740,"Kingston, NY MSA",$880,$792,$968,$990,$891,"$1,089","$1,280","$1,152","$1,408","$1,680","$1,512","$1,848","$1,890","$1,701","$2,079"
12429,METRO28740M28740,"Kingston, NY MSA","$1,050",$945,"$1,155","$1,190","$1,071","$1,309","$1,530","$1,377","$1,683","$2,010","$1,809","$2,211","$2,270","$2,043","$2,497"
12432,METRO28740M28740,"Kingston, NY MSA",$950,$855,"$1,045","$1,070",$963,"$1,177","$1,380","$1,242","$1,518","$1,810","$1,629","$1,991","$2,040","$1,836","$2,244"
12433,METRO28740M28740,"Kingston, NY MSA",$960,$864,"$1,056","$1,090",$981,"$1,199","$1,400","$1,260","$1,540","$1,840","$1,656","$2,024","$2,070","$1,863","$2,277"
12435,METRO28740M28740,"Kingston, NY MSA",$840,$756,$924,$950,$855,"$1,045","$1,220","$1,098","$1,342","$1,600","$1,440","$1,760","$1,800","$1,620","$1,980"
12440,METRO28740M28740,"Kingston, NY MSA","$1,120","$1,008","$1,232","$1,270","$1,143","$1,397","$1,630","$1,467","$1,793","$2,140","$1,926","$2,354","$2,410","$2,169","$2,651"
12441,METRO28740M28740,"Kingston, NY MSA",$940,$846,"$1,034","$1,060",$954,"$1,166","$1,360","$1,224","$1,496","$1,790","$1,611","$1,969","$2,010","$1,809","$2,211"
12443,METRO28740M28740,"Kingston, NY MSA","$1,160","$1,044","$1,276","$1,310","$1,179","$1,441","$1,680","$1,512","$1,848","$2,210","$1,989","$2,431","$2,490","$2,241","$2,739"
12446,METRO28740M28740,"Kingston, NY MSA",$780,$702,$858,$920,$828,"$1,012","$1,170","$1,053","$1,287","$1,520","$1,368","$1,672","$1,720","$1,548","$1,892"
12448,METRO28740M28740,"Kingston, NY MSA",$940,$846,"$1,034","$1,070",$963,"$1,177","$1,380","$1,242","$1,518","$1,810","$1,629","$1,991","$2,040","$1,836","$2,244"
12449,METRO28740M28740,"Kingston, NY MSA",$940,$846,"$1,034","$1,060",$954,"$1,166","$1,370","$1,233","$1,507","$1,800","$1,620","$1,980","$2,030","$1,827","$2,233"
12453,METRO28740M28740,"Kingston, NY MSA",$890,$801,$979,"$1,010",$909,"$1,111","$1,300","$1,170","$1,430","$1,710","$1,539","$1,881","$1,920","$1,728","$2,112"
12455,METRO28740M28740,"Kingston, NY MSA",$780,$702,$858,$920,$828,"$1,012","$1,170","$1,053","$1,287","$1,520","$1,368","$1,672","$1,720","$1,548","$1,892"
12456,METRO28740M28740,"Kingston, NY MSA",$890,$801,$979,"$1,010",$909,"$1,111","$1,300","$1,170","$1,430","$1,710","$1,539","$1,881","$1,920","$1,728","$2,112"
12457,METRO28740M28740,"Kingston, NY MSA",$780,$702,$858,$920,$828,"$1,012","$1,170","$1,053","$1,287","$1,520","$1,368","$1,672","$1,720","$1,548","$1,892"
12458,METRO28740M28740,"Kingston, NY MSA",$780,$702,$858,$920,$828,"$1,012","$1,170","$1,053","$1,287","$1,520","$1,368","$1,672","$1,720","$1,548","$1,892"
12461,METRO28740M28740,"Kingston, NY MSA",$780,$702,$858,$920,$828,"$1,012","$1,170","$1,053","$1,287","$1,520","$1,368","$1,672","$1,720","$1,548","$1,892"
12463,METRO28740M28740,"Kingston, NY MSA",$940,$846,"$1,034","$1,060",$954,"$1,166","$1,360","$1,224","$1,496","$1,790","$1,611","$1,969","$2,010","$1,809","$2,211"
12464,METRO28740M28740,"Kingston, NY MSA",$920,$828,"$1,012","$1,030",$927,"$1,133","$1,330","$1,197","$1,463","$1,750","$1,575","$1,925","$1,970","$1,773","$2,167"
12465,METRO28740M28740,"Kingston, NY MSA",$940,$846,"$1,034","$1,060",$954,"$1,166","$1,360","$1,224","$1,496","$1,790","$1,611","$1,969","$2,010","$1,809","$2,211"
12466,METRO28740M28740,"Kingston, NY MSA",$960,$864,"$1,056","$1,090",$981,"$1,199","$1,400","$1,260","$1,540","$1,840","$1,656","$2,024","$2,070","$1,863","$2,277"
12471,METRO28740M28740,"Kingston, NY MSA","$1,050",$945,"$1,155","$1,190","$1,071","$1,309","$1,520","$1,368","$1,672","$2,000","$1,800","$2,200","$2,250","$2,025","$2,475"
12472,METRO28740M28740,"Kingston, NY MSA",$870,$783,$957,$990,$891,"$1,089","$1,270","$1,143","$1,397","$1,670","$1,503","$1,837","$1,880","$1,692","$2,068"
12475,METRO28740M28740,"Kingston, NY MSA","$1,310","$1,179","$1,441","$1,480","$1,332","$1,628","$1,900","$1,710","$2,090","$2,500","$2,250","$2,750","$2,810","$2,529","$3,091"
12477,METRO28740M28740,"Kingston, NY MSA",$890,$801,$979,"$1,010",$909,"$1,111","$1,300","$1,170","$1,430","$1,710","$1,539","$1,881","$1,920","$1,728","$2,112"
12480,METRO28740M28740,"Kingston, NY MSA",$940,$846,"$1,034","$1,060",$954,"$1,166","$1,360","$1,224","$1,496","$1,790","$1,611","$1,969","$2,010","$1,809","$2,211"
12481,METRO28740M28740,"Kingston, NY MSA",$950,$855,"$1,045","$1,070",$963,"$1,177","$1,380","$1,242","$1,518","$1,810","$1,629","$1,991","$2,040","$1,836","$2,244"
12483,METRO28740M28740,"Kingston, NY MSA",$940,$846,"$1,034","$1,060",$954,"$1,166","$1,360","$1,224","$1,496","$1,790","$1,611","$1,969","$2,010","$1,809","$2,211"
12484,METRO28740M28740,"Kingston, NY MSA",$920,$828,"$1,012","$1,040",$936,"$1,144","$1,340","$1,206","$1,474","$1,760","$1,584","$1,936","$1,980","$1,782","$2,178"
12486,METRO28740M28740,"Kingston, NY MSA",$960,$864,"$1,056","$1,100",$990,"$1,210","$1,400","$1,260","$1,540","$1,840","$1,656","$2,024","$2,080","$1,872","$2,288"
12487,METRO28740M28740,"Kingston, NY MSA","$1,030",$927,"$1,133","$1,170","$1,053","$1,287","$1,500","$1,350","$1,650","$1,970","$1,773","$2,167","$2,220","$1,998","$2,442"
12489,METRO28740M28740,"Kingston, NY MSA",$780,$702,$858,$920,$828,"$1,012","$1,170","$1,053","$1,287","$1,520","$1,368","$1,672","$1,720","$1,548","$1,892"
12490,METRO28740M28740,"Kingston, NY MSA",$890,$801,$979,"$1,010",$909,"$1,111","$1,300","$1,170","$1,430","$1,710","$1,539","$1,881","$1,920","$1,728","$2,112"
12491,METRO28740M28740,"Kingston, NY MSA","$1,000",$900,"$1,100","$1,130","$1,017","$1,243","$1,460","$1,314","$1,606","$1,920","$1,728","$2,112","$2,150","$1,935","$2,365"
12493,METRO28740M28740,"Kingston, NY MSA","$1,040",$936,"$1,144","$1,180","$1,062","$1,298","$1,510","$1,359","$1,661","$1,990","$1,791","$2,189","$2,230","$2,007","$2,453"
12494,METRO28740M28740,"Kingston, NY MSA",$800,$720,$880,$920,$828,"$1,012","$1,170","$1,053","$1,287","$1,520","$1,368","$1,672","$1,720","$1,548","$1,892"
12495,METRO28740M28740,"Kingston, NY MSA",$940,$846,"$1,034","$1,060",$954,"$1,166","$1,360","$1,224","$1,496","$1,790","$1,611","$1,969","$2,010","$1,809","$2,211"
12498,METRO28740M28740,"Kingston, NY MSA",$890,$801,$979,"$1,010",$909,"$1,111","$1,300","$1,170","$1,430","$1,710","$1,539","$1,881","$1,920","$1,728","$2,112"
12515,METRO28740M28740,"Kingston, NY MSA",$890,$801,$979,"$1,010",$909,"$1,111","$1,300","$1,170","$1,430","$1,710","$1,539","$1,881","$1,920","$1,728","$2,112"
12525,METRO28740M28740,"Kingston, NY MSA",$960,$864,"$1,056","$1,090",$981,"$1,199","$1,400","$1,260","$1,540","$1,840","$1,656","$2,024","$2,070","$1,863","$2,277"
12528,METRO28740M28740,"Kingston, NY MSA","$1,030",$927,"$1,133","$1,160","$1,044","$1,276","$1,490","$1,341","$1,639","$1,960","$1,764","$2,156","$2,200","$1,980","$2,420"
12542,METRO28740M28740,"Kingston, NY MSA",$980,$882,"$1,078","$1,050",$945,"$1,155","$1,330","$1,197","$1,463","$1,690","$1,521","$1,859","$1,890","$1,701","$2,079"
12547,METRO28740M28740,"Kingston, NY MSA","$1,090",$981,"$1,199","$1,240","$1,116","$1,364","$1,590","$1,431","$1,749","$2,090","$1,881","$2,299","$2,350","$2,115","$2,585"
12548,METRO28740M28740,"Kingston, NY MSA",$960,$864,"$1,056","$1,080",$972,"$1,188","$1,390","$1,251","$1,529","$1,820","$1,638","$2,002","$2,050","$1,845","$2,255"
12550,METRO28740M28740,"Kingston, NY MSA",$980,$882,"$1,078","$1,050",$945,"$1,155","$1,330","$1,197","$1,463","$1,690","$1,521","$1,859","$1,890","$1,701","$2,079"
12561,METRO28740M28740,"Kingston, NY MSA","$1,090",$981,"$1,199","$1,230","$1,107","$1,353","$1,580","$1,422","$1,738","$2,080","$1,872","$2,288","$2,340","$2,106","$2,574"
12566,METRO28740M28740,"Kingston, NY MSA",$980,$882,"$1,078","$1,050",$945,"$1,155","$1,350","$1,215","$1,485","$1,750","$1,575","$1,925","$1,970","$1,773","$2,167"
12568,METRO28740M28740,"Kingston, NY MSA",$940,$846,"$1,034","$1,060",$954,"$1,166","$1,360","$1,224","$1,496","$1,790","$1,611","$1,969","$2,010","$1,809","$2,211"
12586,METRO28740M28740,"Kingston, NY MSA","$1,130","$1,017","$1,243","$1,220","$1,098","$1,342","$1,550","$1,395","$1,705","$1,970","$1,773","$2,167","$2,220","$1,998","$2,442"
12588,METRO28740M28740,"Kingston, NY MSA",$940,$846,"$1,034","$1,060",$954,"$1,166","$1,360","$1,224","$1,496","$1,790","$1,611","$1,969","$2,010","$1,809","$2,211"
12589,METRO28740M28740,"Kingston, NY MSA",$980,$882,"$1,078","$1,050",$945,"$1,155","$1,330","$1,197","$1,463","$1,720","$1,548","$1,892","$1,930","$1,737","$2,123"
12725,METRO28740M28740,"Kingston, NY MSA",$940,$846,"$1,034","$1,070",$963,"$1,177","$1,370","$1,233","$1,507","$1,800","$1,620","$1,980","$2,030","$1,827","$2,233"
12740,METRO28740M28740,"Kingston, NY MSA",$980,$882,"$1,078","$1,110",$999,"$1,221","$1,430","$1,287","$1,573","$1,880","$1,692","$2,068","$2,120","$1,908","$2,332"
12758,METRO28740M28740,"Kingston, NY MSA",$920,$828,"$1,012","$1,040",$936,"$1,144","$1,340","$1,206","$1,474","$1,760","$1,584","$1,936","$1,980","$1,782","$2,178"
12763,METRO28740M28740,"Kingston, NY MSA",$940,$846,"$1,034","$1,060",$954,"$1,166","$1,360","$1,224","$1,496","$1,790","$1,611","$1,969","$2,010","$1,809","$2,211"
12789,METRO28740M28740,"Kingston, NY MSA",$940,$846,"$1,034","$1,060",$954,"$1,166","$1,360","$1,224","$1,496","$1,790","$1,611","$1,969","$2,010","$1,809","$2,211"
13731,METRO28740M28740,"Kingston, NY MSA",$940,$846,"$1,034","$1,060",$954,"$1,166","$1,360","$1,224","$1,496","$1,790","$1,611","$1,969","$2,010","$1,809","$2,211"
06390,METRO35620MM5380,"Nassau-Suffolk, NY HUD Metro FMR Area","$1,360","$1,224","$1,496","$1,670","$1,503","$1,837","$2,040","$1,836","$2,244","$2,610","$2,349","$2,871","$2,880","$2,592","$3,168"
11001,METRO35620MM5380,"Nassau-Suffolk, NY HUD Metro FMR Area","$1,590","$1,431","$1,749","$1,670","$1,503","$1,837","$2,000","$1,800","$2,200","$2,550","$2,295","$2,805","$2,800","$2,520","$3,080"
11002,METRO35620MM5380,"Nassau-Suffolk, NY HUD Metro FMR Area","$1,400","$1,260","$1,540","$1,720","$1,548","$1,892","$2,100","$1,890","$2,310","$2,690","$2,421","$2,959","$2,960","$2,664","$3,256"
11003,METRO35620MM5380,"Nassau-Suffolk, NY HUD Metro FMR Area","$1,590","$1,431","$1,749","$1,700","$1,530","$1,870","$2,070","$1,863","$2,277","$2,650","$2,385","$2,915","$2,920","$2,628","$3,212"
11004,METRO35620MM5380,"Nassau-Suffolk, NY HUD Metro FMR Area","$2,020","$1,818","$2,222","$2,050","$1,845","$2,255","$2,340","$2,106","$2,574","$2,950","$2,655","$3,245","$3,170","$2,853","$3,487"
11005,METRO35620MM5380,"Nassau-Suffolk, NY HUD Metro FMR Area","$3,030","$2,727","$3,333","$3,080","$2,772","$3,388","$3,510","$3,159","$3,861","$4,430","$3,987","$4,873","$4,760","$4,284","$5,236"
11010,METRO35620MM5380,"Nassau-Suffolk, NY HUD Metro FMR Area","$1,310","$1,179","$1,441","$1,620","$1,458","$1,782","$1,970","$1,773","$2,167","$2,520","$2,268","$2,772","$2,780","$2,502","$3,058"
11020,METRO35620MM5380,"Nassau-Suffolk, NY HUD Metro FMR Area","$1,670","$1,503","$1,837","$1,980","$1,782","$2,178","$2,430","$2,187","$2,673","$3,130","$2,817","$3,443","$3,490","$3,141","$3,839"
11021,METRO35620MM5380,"Nassau-Suffolk, NY HUD Metro FMR Area","$1,390","$1,251","$1,529","$1,720","$1,548","$1,892","$2,090","$1,881","$2,299","$2,670","$2,403","$2,937","$2,950","$2,655","$3,245"
11022,METRO35620MM5380,"Nassau-Suffolk, NY HUD Metro FMR Area","$1,400","$1,260","$1,540","$1,720","$1,548","$1,892","$2,100","$1,890","$2,310","$2,690","$2,421","$2,959","$2,960","$2,664","$3,256"
11023,METRO35620MM5380,"Nassau-Suffolk, NY HUD Metro FMR Area","$2,060","$1,854","$2,266","$2,540","$2,286","$2,794","$3,100","$2,790","$3,410","$3,970","$3,573","$4,367","$4,370","$3,933","$4,807"
11024,METRO35620MM5380,"Nassau-Suffolk, NY HUD Metro FMR Area","$1,430","$1,287","$1,573","$1,760","$1,584","$1,936","$2,150","$1,935","$2,365","$2,750","$2,475","$3,025","$3,030","$2,727","$3,333"
11030,METRO35620MM5380,"Nassau-Suffolk, NY HUD Metro FMR Area","$1,380","$1,242","$1,518","$1,710","$1,539","$1,881","$2,080","$1,872","$2,288","$2,660","$2,394","$2,926","$2,930","$2,637","$3,223"
11040,METRO35620MM5380,"Nassau-Suffolk, NY HUD Metro FMR Area","$1,590","$1,431","$1,749","$1,830","$1,647","$2,013","$2,220","$1,998","$2,442","$2,830","$2,547","$3,113","$3,120","$2,808","$3,432"
11042,METRO35620MM5380,"Nassau-Suffolk, NY HUD Metro FMR Area","$1,710","$1,539","$1,881","$1,990","$1,791","$2,189","$2,370","$2,133","$2,607","$3,020","$2,718","$3,322","$3,310","$2,979","$3,641"
11050,METRO35620MM5380,"Nassau-Suffolk, NY HUD Metro FMR Area","$1,590","$1,431","$1,749","$1,970","$1,773","$2,167","$2,400","$2,160","$2,640","$3,070","$2,763","$3,377","$3,380","$3,042","$3,718"
11096,METRO35620MM5380,"Nassau-Suffolk, NY HUD Metro FMR Area","$1,210","$1,089","$1,331","$1,500","$1,350","$1,650","$1,840","$1,656","$2,024","$2,350","$2,115","$2,585","$2,610","$2,349","$2,871"
11501,METRO35620MM5380,"Nassau-Suffolk, NY HUD Metro FMR Area","$1,280","$1,152","$1,408","$1,580","$1,422","$1,738","$1,920","$1,728","$2,112","$2,460","$2,214","$2,706","$2,710","$2,439","$2,981"
11507,METRO35620MM5380,"Nassau-Suffolk, NY HUD Metro FMR Area","$1,730","$1,557","$1,903","$2,130","$1,917","$2,343","$2,600","$2,340","$2,860","$3,330","$2,997","$3,663","$3,670","$3,303","$4,037"
11509,METRO35620MM5380,"Nassau-Suffolk, NY HUD Metro FMR Area","$2,050","$1,845","$2,255","$2,540","$2,286","$2,794","$3,090","$2,781","$3,399","$3,950","$3,555","$4,345","$4,360","$3,924","$4,796"
11510,METRO35620MM5380,"Nassau-Suffolk, NY HUD Metro FMR Area","$1,470","$1,323","$1,617","$1,810","$1,629","$1,991","$2,210","$1,989","$2,431","$2,830","$2,547","$3,113","$3,120","$2,808","$3,432"
11514,METRO35620MM5380,"Nassau-Suffolk, NY HUD Metro FMR Area","$1,380","$1,242","$1,518","$1,710","$1,539","$1,881","$2,080","$1,872","$2,288","$2,660","$2,394","$2,926","$2,930","$2,637","$3,223"
11516,METRO35620MM5380,"Nassau-Suffolk, NY HUD Metro FMR Area","$1,420","$1,278","$1,562","$1,750","$1,575","$1,925","$2,130","$1,917","$2,343","$2,730","$2,457","$3,003","$3,000","$2,700","$3,300"
11518,METRO35620MM5380,"Nassau-Suffolk, NY HUD Metro FMR Area","$1,490","$1,341","$1,639","$1,850","$1,665","$2,035","$2,250","$2,025","$2,475","$2,880","$2,592","$3,168","$3,170","$2,853","$3,487"
11520,METRO35620MM5380,"Nassau-Suffolk, NY HUD Metro FMR Area","$1,210","$1,089","$1,331","$1,500","$1,350","$1,650","$1,840","$1,656","$2,024","$2,350","$2,115","$2,585","$2,610","$2,349","$2,871"
11530,METRO35620MM5380,"Nassau-Suffolk, NY HUD Metro FMR Area","$2,060","$1,854","$2,266","$2,540","$2,286","$2,794","$3,100","$2,790","$3,410","$3,970","$3,573","$4,367","$4,370","$3,933","$4,807"
11531,METRO35620MM5380,"Nassau-Suffolk, NY HUD Metro FMR Area","$1,400","$1,260","$1,540","$1,720","$1,548","$1,892","$2,100","$1,890","$2,310","$2,690","$2,421","$2,959","$2,960","$2,664","$3,256"
11542,METRO35620MM5380,"Nassau-Suffolk, NY HUD Metro FMR Area","$1,430","$1,287","$1,573","$1,760","$1,584","$1,936","$2,150","$1,935","$2,365","$2,750","$2,475","$3,025","$3,030","$2,727","$3,333"
11545,METRO35620MM5380,"Nassau-Suffolk, NY HUD Metro FMR Area","$1,420","$1,278","$1,562","$1,750","$1,575","$1,925","$2,130","$1,917","$2,343","$2,730","$2,457","$3,003","$3,000","$2,700","$3,300"
11547,METRO35620MM5380,"Nassau-Suffolk, NY HUD Metro FMR Area","$1,590","$1,431","$1,749","$1,960","$1,764","$2,156","$2,390","$2,151","$2,629","$3,050","$2,745","$3,355","$3,360","$3,024","$3,696"
11548,METRO35620MM5380,"Nassau-Suffolk, NY HUD Metro FMR Area","$1,530","$1,377","$1,683","$1,890","$1,701","$2,079","$2,300","$2,070","$2,530","$2,940","$2,646","$3,234","$3,240","$2,916","$3,564"
11549,METRO35620MM5380,"Nassau-Suffolk, NY HUD Metro FMR Area","$1,250","$1,125","$1,375","$1,540","$1,386","$1,694","$1,880","$1,692","$2,068","$2,410","$2,169","$2,651","$2,650","$2,385","$2,915"
11550,METRO35620MM5380,"Nassau-Suffolk, NY HUD Metro FMR Area","$1,260","$1,134","$1,386","$1,550","$1,395","$1,705","$1,890","$1,701","$2,079","$2,420","$2,178","$2,662","$2,660","$2,394","$2,926"
11551,METRO35620MM5380,"Nassau-Suffolk, NY HUD Metro FMR Area","$1,400","$1,260","$1,540","$1,720","$1,548","$1,892","$2,100","$1,890","$2,310","$2,690","$2,421","$2,959","$2,960","$2,664","$3,256"
11552,METRO35620MM5380,"Nassau-Suffolk, NY HUD Metro FMR Area","$1,520","$1,368","$1,672","$1,880","$1,692","$2,068","$2,290","$2,061","$2,519","$2,930","$2,637","$3,223","$3,230","$2,907","$3,553"
11553,METRO35620MM5380,"Nassau-Suffolk, NY HUD Metro FMR Area","$1,250","$1,125","$1,375","$1,540","$1,386","$1,694","$1,880","$1,692","$2,068","$2,410","$2,169","$2,651","$2,650","$2,385","$2,915"
11554,METRO35620MM5380,"Nassau-Suffolk, NY HUD Metro FMR Area","$1,850","$1,665","$2,035","$2,280","$2,052","$2,508","$2,780","$2,502","$3,058","$3,560","$3,204","$3,916","$3,920","$3,528","$4,312"
11556,METRO35620MM5380,"Nassau-Suffolk, NY HUD Metro FMR Area","$1,400","$1,260","$1,540","$1,720","$1,548","$1,892","$2,100","$1,890","$2,310","$2,690","$2,421","$2,959","$2,960","$2,664","$3,256"
11557,METRO35620MM5380,"Nassau-Suffolk, NY HUD Metro FMR Area","$1,210","$1,089","$1,331","$1,500","$1,350","$1,650","$1,840","$1,656","$2,024","$2,350","$2,115","$2,585","$2,630","$2,367","$2,893"
11558,METRO35620MM5380,"Nassau-Suffolk, NY HUD Metro FMR Area","$1,330","$1,197","$1,463","$1,640","$1,476","$1,804","$2,000","$1,800","$2,200","$2,560","$2,304","$2,816","$2,820","$2,538","$3,102"
11559,METRO35620MM5380,"Nassau-Suffolk, NY HUD Metro FMR Area","$1,590","$1,431","$1,749","$1,670","$1,503","$1,837","$2,030","$1,827","$2,233","$2,600","$2,340","$2,860","$2,860","$2,574","$3,146"
11560,METRO35620MM5380,"Nassau-Suffolk, NY HUD Metro FMR Area","$1,490","$1,341","$1,639","$1,840","$1,656","$2,024","$2,240","$2,016","$2,464","$2,870","$2,583","$3,157","$3,160","$2,844","$3,476"
11561,METRO35620MM5380,"Nassau-Suffolk, NY HUD Metro FMR Area","$1,620","$1,458","$1,782","$2,000","$1,800","$2,200","$2,440","$2,196","$2,684","$3,120","$2,808","$3,432","$3,440","$3,096","$3,784"
11563,METRO35620MM5380,"Nassau-Suffolk, NY HUD Metro FMR Area","$1,420","$1,278","$1,562","$1,760","$1,584","$1,936","$2,140","$1,926","$2,354","$2,740","$2,466","$3,014","$3,020","$2,718","$3,322"
11565,METRO35620MM5380,"Nassau-Suffolk, NY HUD Metro FMR Area","$1,360","$1,224","$1,496","$1,680","$1,512","$1,848","$2,050","$1,845","$2,255","$2,620","$2,358","$2,882","$2,890","$2,601","$3,179"
11566,METRO35620MM5380,"Nassau-Suffolk, NY HUD Metro FMR Area","$1,690","$1,521","$1,859","$2,090","$1,881","$2,299","$2,550","$2,295","$2,805","$3,260","$2,934","$3,586","$3,590","$3,231","$3,949"
11568,METRO35620MM5380,"Nassau-Suffolk, NY HUD Metro FMR Area","$1,540","$1,386","$1,694","$1,890","$1,701","$2,079","$2,310","$2,079","$2,541","$2,950","$2,655","$3,245","$3,250","$2,925","$3,575"
11569,METRO35620MM5380,"Nassau-Suffolk, NY HUD Metro FMR Area","$1,620","$1,458","$1,782","$2,000","$1,800","$2,200","$2,440","$2,196","$2,684","$3,120","$2,808","$3,432","$3,440","$3,096","$3,784"
11570,METRO35620MM5380,"Nassau-Suffolk, NY HUD Metro FMR Area","$1,320","$1,188","$1,452","$1,630","$1,467","$1,793","$1,990","$1,791","$2,189","$2,550","$2,295","$2,805","$2,810","$2,529","$3,091"
11571,METRO35620MM5380,"Nassau-Suffolk, NY HUD Metro FMR Area","$1,400","$1,260","$1,540","$1,720","$1,548","$1,892","$2,100","$1,890","$2,310","$2,690","$2,421","$2,959","$2,960","$2,664","$3,256"
11572,METRO35620MM5380,"Nassau-Suffolk, NY HUD Metro FMR Area","$1,210","$1,089","$1,331","$1,500","$1,350","$1,650","$1,840","$1,656","$2,024","$2,350","$2,115","$2,585","$2,610","$2,349","$2,871"
11575,METRO35620MM5380,"Nassau-Suffolk, NY HUD Metro FMR Area","$1,460","$1,314","$1,606","$1,800","$1,620","$1,980","$2,190","$1,971","$2,409","$2,800","$2,520","$3,080","$3,090","$2,781","$3,399"
11576,METRO35620MM5380,"Nassau-Suffolk, NY HUD Metro FMR Area","$1,730","$1,557","$1,903","$2,140","$1,926","$2,354","$2,610","$2,349","$2,871","$3,340","$3,006","$3,674","$3,680","$3,312","$4,048"
11577,METRO35620MM5380,"Nassau-Suffolk, NY HUD Metro FMR Area","$1,730","$1,557","$1,903","$2,130","$1,917","$2,343","$2,600","$2,340","$2,860","$3,330","$2,997","$3,663","$3,670","$3,303","$4,037"
11579,METRO35620MM5380,"Nassau-Suffolk, NY HUD Metro FMR Area","$1,650","$1,485","$1,815","$2,040","$1,836","$2,244","$2,480","$2,232","$2,728","$3,170","$2,853","$3,487","$3,500","$3,150","$3,850"
11580,METRO35620MM5380,"Nassau-Suffolk, NY HUD Metro FMR Area","$1,590","$1,431","$1,749","$1,630","$1,467","$1,793","$1,970","$1,773","$2,167","$2,520","$2,268","$2,772","$2,780","$2,502","$3,058"
11581,METRO35620MM5380,"Nassau-Suffolk, NY HUD Metro FMR Area","$1,360","$1,224","$1,496","$1,680","$1,512","$1,848","$2,050","$1,845","$2,255","$2,620","$2,358","$2,882","$2,890","$2,601","$3,179"
11582,METRO35620MM5380,"Nassau-Suffolk, NY HUD Metro FMR Area","$1,400","$1,260","$1,540","$1,720","$1,548","$1,892","$2,100","$1,890","$2,310","$2,690","$2,421","$2,959","$2,960","$2,664","$3,256"
11590,METRO35620MM5380,"Nassau-Suffolk, NY HUD Metro FMR Area","$1,530","$1,377","$1,683","$1,890","$1,701","$2,079","$2,300","$2,070","$2,530","$2,940","$2,646","$3,234","$3,240","$2,916","$3,564"
11596,METRO35620MM5380,"Nassau-Suffolk, NY HUD Metro FMR Area","$1,420","$1,278","$1,562","$1,760","$1,584","$1,936","$2,140","$1,926","$2,354","$2,740","$2,466","$3,014","$3,020","$2,718","$3,322"
11598,METRO35620MM5380,"Nassau-Suffolk, NY HUD Metro FMR Area","$1,550","$1,395","$1,705","$1,920","$1,728","$2,112","$2,340","$2,106","$2,574","$2,990","$2,691","$3,289","$3,300","$2,970","$3,630"
11691,METRO35620MM5380,"Nassau-Suffolk, NY HUD Metro FMR Area","$1,930","$1,737","$2,123","$1,970","$1,773","$2,167","$2,240","$2,016","$2,464","$2,830","$2,547","$3,113","$3,040","$2,736","$3,344"
11701,METRO35620MM5380,"Nassau-Suffolk, NY HUD Metro FMR Area","$1,250","$1,125","$1,375","$1,540","$1,386","$1,694","$1,880","$1,692","$2,068","$2,410","$2,169","$2,651","$2,650","$2,385","$2,915"
11702,METRO35620MM5380,"Nassau-Suffolk, NY HUD Metro FMR Area","$1,490","$1,341","$1,639","$1,840","$1,656","$2,024","$2,240","$2,016","$2,464","$2,870","$2,583","$3,157","$3,160","$2,844","$3,476"
11703,METRO35620MM5380,"Nassau-Suffolk, NY HUD Metro FMR Area","$1,460","$1,314","$1,606","$1,810","$1,629","$1,991","$2,200","$1,980","$2,420","$2,810","$2,529","$3,091","$3,100","$2,790","$3,410"
11704,METRO35620MM5380,"Nassau-Suffolk, NY HUD Metro FMR Area","$1,340","$1,206","$1,474","$1,660","$1,494","$1,826","$2,020","$1,818","$2,222","$2,580","$2,322","$2,838","$2,850","$2,565","$3,135"
11705,METRO35620MM5380,"Nassau-Suffolk, NY HUD Metro FMR Area","$1,380","$1,242","$1,518","$1,710","$1,539","$1,881","$2,080","$1,872","$2,288","$2,660","$2,394","$2,926","$2,930","$2,637","$3,223"
11706,METRO35620MM5380,"Nassau-Suffolk, NY HUD Metro FMR Area","$1,280","$1,152","$1,408","$1,580","$1,422","$1,738","$1,920","$1,728","$2,112","$2,460","$2,214","$2,706","$2,710","$2,439","$2,981"
11709,METRO35620MM5380,"Nassau-Suffolk, NY HUD Metro FMR Area","$1,230","$1,107","$1,353","$1,520","$1,368","$1,672","$1,850","$1,665","$2,035","$2,370","$2,133","$2,607","$2,610","$2,349","$2,871"
11710,METRO35620MM5380,"Nassau-Suffolk, NY HUD Metro FMR Area","$1,350","$1,215","$1,485","$1,670","$1,503","$1,837","$2,030","$1,827","$2,233","$2,600","$2,340","$2,860","$2,860","$2,574","$3,146"
11713,METRO35620MM5380,"Nassau-Suffolk, NY HUD Metro FMR Area","$1,640","$1,476","$1,804","$2,030","$1,827","$2,233","$2,470","$2,223","$2,717","$3,160","$2,844","$3,476","$3,480","$3,132","$3,828"
11714,METRO35620MM5380,"Nassau-Suffolk, NY HUD Metro FMR Area","$1,480","$1,332","$1,628","$1,830","$1,647","$2,013","$2,230","$2,007","$2,453","$2,850","$2,565","$3,135","$3,140","$2,826","$3,454"
11715,METRO35620MM5380,"Nassau-Suffolk, NY HUD Metro FMR Area","$1,340","$1,206","$1,474","$1,660","$1,494","$1,826","$2,020","$1,818","$2,222","$2,580","$2,322","$2,838","$2,850","$2,565","$3,135"
11716,METRO35620MM5380,"Nassau-Suffolk, NY HUD Metro FMR Area","$1,390","$1,251","$1,529","$1,720","$1,548","$1,892","$2,090","$1,881","$2,299","$2,670","$2,403","$2,937","$2,950","$2,655","$3,245"
11717,METRO35620MM5380,"Nassau-Suffolk, NY HUD Metro FMR Area","$1,220","$1,098","$1,342","$1,500","$1,350","$1,650","$1,840","$1,656","$2,024","$2,350","$2,115","$2,585","$2,610","$2,349","$2,871"
11718,METRO35620MM5380,"Nassau-Suffolk, NY HUD Metro FMR Area","$1,210","$1,089","$1,331","$1,500","$1,350","$1,650","$1,840","$1,656","$2,024","$2,350","$2,115","$2,585","$2,610","$2,349","$2,871"
11719,METRO35620MM5380,"Nassau-Suffolk, NY HUD Metro FMR Area","$1,280","$1,152","$1,408","$1,580","$1,422","$1,738","$1,920","$1,728","$2,112","$2,460","$2,214","$2,706","$2,710","$2,439","$2,981"
11720,METRO35620MM5380,"Nassau-Suffolk, NY HUD Metro FMR Area","$1,410","$1,269","$1,551","$1,740","$1,566","$1,914","$2,120","$1,908","$2,332","$2,710","$2,439","$2,981","$2,990","$2,691","$3,289"
11721,METRO35620MM5380,"Nassau-Suffolk, NY HUD Metro FMR Area","$1,360","$1,224","$1,496","$1,670","$1,503","$1,837","$2,040","$1,836","$2,244","$2,610","$2,349","$2,871","$2,880","$2,592","$3,168"
11722,METRO35620MM5380,"Nassau-Suffolk, NY HUD Metro FMR Area","$1,340","$1,206","$1,474","$1,650","$1,485","$1,815","$2,010","$1,809","$2,211","$2,570","$2,313","$2,827","$2,830","$2,547","$3,113"
11724,METRO35620MM5380,"Nassau-Suffolk, NY HUD Metro FMR Area","$2,040","$1,836","$2,244","$2,520","$2,268","$2,772","$3,070","$2,763","$3,377","$3,930","$3,537","$4,323","$4,330","$3,897","$4,763"
11725,METRO35620MM5380,"Nassau-Suffolk, NY HUD Metro FMR Area","$1,420","$1,278","$1,562","$1,760","$1,584","$1,936","$2,140","$1,926","$2,354","$2,740","$2,466","$3,014","$3,020","$2,718","$3,322"
11726,METRO35620MM5380,"Nassau-Suffolk, NY HUD Metro FMR Area","$1,250","$1,125","$1,375","$1,540","$1,386","$1,694","$1,880","$1,692","$2,068","$2,410","$2,169","$2,651","$2,650","$2,385","$2,915"
11727,METRO35620MM5380,"Nassau-Suffolk, NY HUD Metro FMR Area","$1,540","$1,386","$1,694","$1,900","$1,710","$2,090","$2,320","$2,088","$2,552","$2,970","$2,673","$3,267","$3,270","$2,943","$3,597"
11729,METRO35620MM5380,"Nassau-Suffolk, NY HUD Metro FMR Area","$1,260","$1,134","$1,386","$1,560","$1,404","$1,716","$1,900","$1,710","$2,090","$2,430","$2,187","$2,673","$2,680","$2,412","$2,948"
11730,METRO35620MM5380,"Nassau-Suffolk, NY HUD Metro FMR Area","$1,550","$1,395","$1,705","$1,910","$1,719","$2,101","$2,330","$2,097","$2,563","$2,980","$2,682","$3,278","$3,280","$2,952","$3,608"
11731,METRO35620MM5380,"Nassau-Suffolk, NY HUD Metro FMR Area","$1,520","$1,368","$1,672","$1,880","$1,692","$2,068","$2,290","$2,061","$2,519","$2,930","$2,637","$3,223","$3,230","$2,907","$3,553"
11732,METRO35620MM5380,"Nassau-Suffolk, NY HUD Metro FMR Area","$1,750","$1,575","$1,925","$2,160","$1,944","$2,376","$2,630","$2,367","$2,893","$3,360","$3,024","$3,696","$3,710","$3,339","$4,081"
11733,METRO35620MM5380,"Nassau-Suffolk, NY HUD Metro FMR Area","$1,830","$1,647","$2,013","$2,260","$2,034","$2,486","$2,750","$2,475","$3,025","$3,520","$3,168","$3,872","$3,880","$3,492","$4,268"
11735,METRO35620MM5380,"Nassau-Suffolk, NY HUD Metro FMR Area","$1,330","$1,197","$1,463","$1,640","$1,476","$1,804","$2,000","$1,800","$2,200","$2,560","$2,304","$2,816","$2,820","$2,538","$3,102"
11738,METRO35620MM5380,"Nassau-Suffolk, NY HUD Metro FMR Area","$1,520","$1,368","$1,672","$1,880","$1,692","$2,068","$2,290","$2,061","$2,519","$2,930","$2,637","$3,223","$3,230","$2,907","$3,553"
11739,METRO35620MM5380,"Nassau-Suffolk, NY HUD Metro FMR Area","$1,450","$1,305","$1,595","$1,780","$1,602","$1,958","$2,180","$1,962","$2,398","$2,780","$2,502","$3,058","$3,070","$2,763","$3,377"
11740,METRO35620MM5380,"Nassau-Suffolk, NY HUD Metro FMR Area","$1,470","$1,323","$1,617","$1,810","$1,629","$1,991","$2,210","$1,989","$2,431","$2,820","$2,538","$3,102","$3,110","$2,799","$3,421"
11741,METRO35620MM5380,"Nassau-Suffolk, NY HUD Metro FMR Area","$1,480","$1,332","$1,628","$1,830","$1,647","$2,013","$2,230","$2,007","$2,453","$2,850","$2,565","$3,135","$3,140","$2,826","$3,454"
11742,METRO35620MM5380,"Nassau-Suffolk, NY HUD Metro FMR Area","$1,320","$1,188","$1,452","$1,630","$1,467","$1,793","$1,990","$1,791","$2,189","$2,550","$2,295","$2,805","$2,810","$2,529","$3,091"
11743,METRO35620MM5380,"Nassau-Suffolk, NY HUD Metro FMR Area","$1,490","$1,341","$1,639","$1,840","$1,656","$2,024","$2,240","$2,016","$2,464","$2,870","$2,583","$3,157","$3,160","$2,844","$3,476"
11746,METRO35620MM5380,"Nassau-Suffolk, NY HUD Metro FMR Area","$1,430","$1,287","$1,573","$1,760","$1,584","$1,936","$2,150","$1,935","$2,365","$2,750","$2,475","$3,025","$3,030","$2,727","$3,333"
11747,METRO35620MM5380,"Nassau-Suffolk, NY HUD Metro FMR Area","$1,890","$1,701","$2,079","$2,340","$2,106","$2,574","$2,850","$2,565","$3,135","$3,650","$3,285","$4,015","$4,020","$3,618","$4,422"
11749,METRO35620MM5380,"Nassau-Suffolk, NY HUD Metro FMR Area","$1,460","$1,314","$1,606","$1,800","$1,620","$1,980","$2,190","$1,971","$2,409","$2,800","$2,520","$3,080","$3,090","$2,781","$3,399"
11751,METRO35620MM5380,"Nassau-Suffolk, NY HUD Metro FMR Area","$1,210","$1,089","$1,331","$1,500","$1,350","$1,650","$1,840","$1,656","$2,024","$2,350","$2,115","$2,585","$2,610","$2,349","$2,871"
11752,METRO35620MM5380,"Nassau-Suffolk, NY HUD Metro FMR Area","$1,520","$1,368","$1,672","$1,880","$1,692","$2,068","$2,290","$2,061","$2,519","$2,930","$2,637","$3,223","$3,230","$2,907","$3,553"
11753,METRO35620MM5380,"Nassau-Suffolk, NY HUD Metro FMR Area","$1,440","$1,296","$1,584","$1,770","$1,593","$1,947","$2,160","$1,944","$2,376","$2,760","$2,484","$3,036","$3,050","$2,745","$3,355"
11754,METRO35620MM5380,"Nassau-Suffolk, NY HUD Metro FMR Area","$1,210","$1,089","$1,331","$1,500","$1,350","$1,650","$1,840","$1,656","$2,024","$2,350","$2,115","$2,585","$2,610","$2,349","$2,871"
11755,METRO35620MM5380,"Nassau-Suffolk, NY HUD Metro FMR Area","$1,450","$1,305","$1,595","$1,790","$1,611","$1,969","$2,180","$1,962","$2,398","$2,790","$2,511","$3,069","$3,070","$2,763","$3,377"
11756,METRO35620MM5380,"Nassau-Suffolk, NY HUD Metro FMR Area","$1,610","$1,449","$1,771","$1,990","$1,791","$2,189","$2,430","$2,187","$2,673","$3,110","$2,799","$3,421","$3,430","$3,087","$3,773"
11757,METRO35620MM5380,"Nassau-Suffolk, NY HUD Metro FMR Area","$1,240","$1,116","$1,364","$1,530","$1,377","$1,683","$1,860","$1,674","$2,046","$2,380","$2,142","$2,618","$2,620","$2,358","$2,882"
11758,METRO35620MM5380,"Nassau-Suffolk, NY HUD Metro FMR Area","$1,580","$1,422","$1,738","$1,950","$1,755","$2,145","$2,380","$2,142","$2,618","$3,050","$2,745","$3,355","$3,360","$3,024","$3,696"
11762,METRO35620MM5380,"Nassau-Suffolk, NY HUD Metro FMR Area","$1,870","$1,683","$2,057","$2,310","$2,079","$2,541","$2,820","$2,538","$3,102","$3,610","$3,249","$3,971","$3,980","$3,582","$4,378"
11763,METRO35620MM5380,"Nassau-Suffolk, NY HUD Metro FMR Area","$1,530","$1,377","$1,683","$1,900","$1,710","$2,090","$2,310","$2,079","$2,541","$2,960","$2,664","$3,256","$3,260","$2,934","$3,586"
11764,METRO35620MM5380,"Nassau-Suffolk, NY HUD Metro FMR Area","$1,220","$1,098","$1,342","$1,500","$1,350","$1,650","$1,840","$1,656","$2,024","$2,350","$2,115","$2,585","$2,610","$2,349","$2,871"
11765,METRO35620MM5380,"Nassau-Suffolk, NY HUD Metro FMR Area","$2,060","$1,854","$2,266","$2,540","$2,286","$2,794","$3,100","$2,790","$3,410","$3,970","$3,573","$4,367","$4,370","$3,933","$4,807"
11766,METRO35620MM5380,"Nassau-Suffolk, NY HUD Metro FMR Area","$1,390","$1,251","$1,529","$1,710","$1,539","$1,881","$2,090","$1,881","$2,299","$2,670","$2,403","$2,937","$2,950","$2,655","$3,245"
11767,METRO35620MM5380,"Nassau-Suffolk, NY HUD Metro FMR Area","$1,430","$1,287","$1,573","$1,760","$1,584","$1,936","$2,150","$1,935","$2,365","$2,750","$2,475","$3,025","$3,030","$2,727","$3,333"
11768,METRO35620MM5380,"Nassau-Suffolk, NY HUD Metro FMR Area","$1,380","$1,242","$1,518","$1,700","$1,530","$1,870","$2,070","$1,863","$2,277","$2,650","$2,385","$2,915","$2,920","$2,628","$3,212"
11769,METRO35620MM5380,"Nassau-Suffolk, NY HUD Metro FMR Area","$1,210","$1,089","$1,331","$1,500","$1,350","$1,650","$1,840","$1,656","$2,024","$2,350","$2,115","$2,585","$2,610","$2,349","$2,871"
11770,METRO35620MM5380,"Nassau-Suffolk, NY HUD Metro FMR Area","$1,280","$1,152","$1,408","$1,580","$1,422","$1,738","$1,920","$1,728","$2,112","$2,460","$2,214","$2,706","$2,710","$2,439","$2,981"
11771,METRO35620MM5380,"Nassau-Suffolk, NY HUD Metro FMR Area","$1,390","$1,251","$1,529","$1,720","$1,548","$1,892","$2,090","$1,881","$2,299","$2,670","$2,403","$2,937","$2,950","$2,655","$3,245"
11772,METRO35620MM5380,"Nassau-Suffolk, NY HUD Metro FMR Area","$1,270","$1,143","$1,397","$1,570","$1,413","$1,727","$1,910","$1,719","$2,101","$2,440","$2,196","$2,684","$2,690","$2,421","$2,959"
11773,METRO35620MM5380,"Nassau-Suffolk, NY HUD Metro FMR Area","$1,400","$1,260","$1,540","$1,720","$1,548","$1,892","$2,100","$1,890","$2,310","$2,690","$2,421","$2,959","$2,960","$2,664","$3,256"
11776,METRO35620MM5380,"Nassau-Suffolk, NY HUD Metro FMR Area","$1,450","$1,305","$1,595","$1,790","$1,611","$1,969","$2,180","$1,962","$2,398","$2,790","$2,511","$3,069","$3,070","$2,763","$3,377"
11777,METRO35620MM5380,"Nassau-Suffolk, NY HUD Metro FMR Area","$1,390","$1,251","$1,529","$1,720","$1,548","$1,892","$2,090","$1,881","$2,299","$2,670","$2,403","$2,937","$2,950","$2,655","$3,245"
11778,METRO35620MM5380,"Nassau-Suffolk, NY HUD Metro FMR Area","$1,210","$1,089","$1,331","$1,500","$1,350","$1,650","$1,840","$1,656","$2,024","$2,350","$2,115","$2,585","$2,610","$2,349","$2,871"
11779,METRO35620MM5380,"Nassau-Suffolk, NY HUD Metro FMR Area","$1,250","$1,125","$1,375","$1,540","$1,386","$1,694","$1,880","$1,692","$2,068","$2,410","$2,169","$2,651","$2,650","$2,385","$2,915"
11780,METRO35620MM5380,"Nassau-Suffolk, NY HUD Metro FMR Area","$1,450","$1,305","$1,595","$1,790","$1,611","$1,969","$2,180","$1,962","$2,398","$2,790","$2,511","$3,069","$3,070","$2,763","$3,377"
11782,METRO35620MM5380,"Nassau-Suffolk, NY HUD Metro FMR Area","$1,420","$1,278","$1,562","$1,750","$1,575","$1,925","$2,130","$1,917","$2,343","$2,730","$2,457","$3,003","$3,000","$2,700","$3,300"
11783,METRO35620MM5380,"Nassau-Suffolk, NY HUD Metro FMR Area","$1,620","$1,458","$1,782","$2,000","$1,800","$2,200","$2,440","$2,196","$2,684","$3,120","$2,808","$3,432","$3,440","$3,096","$3,784"
11784,METRO35620MM5380,"Nassau-Suffolk, NY HUD Metro FMR Area","$1,390","$1,251","$1,529","$1,720","$1,548","$1,892","$2,090","$1,881","$2,299","$2,670","$2,403","$2,937","$2,950","$2,655","$3,245"
11786,METRO35620MM5380,"Nassau-Suffolk, NY HUD Metro FMR Area","$1,890","$1,701","$2,079","$2,330","$2,097","$2,563","$2,840","$2,556","$3,124","$3,630","$3,267","$3,993","$4,000","$3,600","$4,400"
11787,METRO35620MM5380,"Nassau-Suffolk, NY HUD Metro FMR Area","$1,400","$1,260","$1,540","$1,720","$1,548","$1,892","$2,100","$1,890","$2,310","$2,690","$2,421","$2,959","$2,960","$2,664","$3,256"
11788,METRO35620MM5380,"Nassau-Suffolk, NY HUD Metro FMR Area","$1,620","$1,458","$1,782","$2,000","$1,800","$2,200","$2,440","$2,196","$2,684","$3,120","$2,808","$3,432","$3,440","$3,096","$3,784"
11789,METRO35620MM5380,"Nassau-Suffolk, NY HUD Metro FMR Area","$1,220","$1,098","$1,342","$1,510","$1,359","$1,661","$1,840","$1,656","$2,024","$2,350","$2,115","$2,585","$2,610","$2,349","$2,871"
11790,METRO35620MM5380,"Nassau-Suffolk, NY HUD Metro FMR Area","$2,060","$1,854","$2,266","$2,540","$2,286","$2,794","$3,100","$2,790","$3,410","$3,970","$3,573","$4,367","$4,370","$3,933","$4,807"
11791,METRO35620MM5380,"Nassau-Suffolk, NY HUD Metro FMR Area","$2,060","$1,854","$2,266","$2,540","$2,286","$2,794","$3,100","$2,790","$3,410","$3,970","$3,573","$4,367","$4,370","$3,933","$4,807"
11792,METRO35620MM5380,"Nassau-Suffolk, NY HUD Metro FMR Area","$2,050","$1,845","$2,255","$2,530","$2,277","$2,783","$3,080","$2,772","$3,388","$3,940","$3,546","$4,334","$4,340","$3,906","$4,774"
11793,METRO35620MM5380,"Nassau-Suffolk, NY HUD Metro FMR Area","$1,500","$1,350","$1,650","$1,860","$1,674","$2,046","$2,260","$2,034","$2,486","$2,890","$2,601","$3,179","$3,190","$2,871","$3,509"
11794,METRO35620MM5380,"Nassau-Suffolk, NY HUD Metro FMR Area","$2,060","$1,854","$2,266","$2,540","$2,286","$2,794","$3,100","$2,790","$3,410","$3,970","$3,573","$4,367","$4,370","$3,933","$4,807"
11795,METRO35620MM5380,"Nassau-Suffolk, NY HUD Metro FMR Area","$1,340","$1,206","$1,474","$1,650","$1,485","$1,815","$2,010","$1,809","$2,211","$2,570","$2,313","$2,827","$2,830","$2,547","$3,113"
11796,METRO35620MM5380,"Nassau-Suffolk, NY HUD Metro FMR Area","$1,260","$1,134","$1,386","$1,560","$1,404","$1,716","$1,900","$1,710","$2,090","$2,430","$2,187","$2,673","$2,680","$2,412","$2,948"
11797,METRO35620MM5380,"Nassau-Suffolk, NY HUD Metro FMR Area","$2,030","$1,827","$2,233","$2,500","$2,250","$2,750","$3,050","$2,745","$3,355","$3,900","$3,510","$4,290","$4,300","$3,870","$4,730"
11798,METRO35620MM5380,"Nassau-Suffolk, NY HUD Metro FMR Area","$1,250","$1,125","$1,375","$1,540","$1,386","$1,694","$1,880","$1,692","$2,068","$2,410","$2,169","$2,651","$2,650","$2,385","$2,915"
11801,METRO35620MM5380,"Nassau-Suffolk, NY HUD Metro FMR Area","$1,520","$1,368","$1,672","$1,880","$1,692","$2,068","$2,290","$2,061","$2,519","$2,930","$2,637","$3,223","$3,230","$2,907","$3,553"
11802,METRO35620MM5380,"Nassau-Suffolk, NY HUD Metro FMR Area","$1,400","$1,260","$1,540","$1,720","$1,548","$1,892","$2,100","$1,890","$2,310","$2,690","$2,421","$2,959","$2,960","$2,664","$3,256"
11803,METRO35620MM5380,"Nassau-Suffolk, NY HUD Metro FMR Area","$1,710","$1,539","$1,881","$2,110","$1,899","$2,321","$2,570","$2,313","$2,827","$3,290","$2,961","$3,619","$3,620","$3,258","$3,982"
11804,METRO35620MM5380,"Nassau-Suffolk, NY HUD Metro FMR Area","$1,570","$1,413","$1,727","$1,940","$1,746","$2,134","$2,360","$2,124","$2,596","$3,020","$2,718","$3,322","$3,320","$2,988","$3,652"
11901,METRO35620MM5380,"Nassau-Suffolk, NY HUD Metro FMR Area","$1,210","$1,089","$1,331","$1,500","$1,350","$1,650","$1,840","$1,656","$2,024","$2,350","$2,115","$2,585","$2,610","$2,349","$2,871"
11930,METRO35620MM5380,"Nassau-Suffolk, NY HUD Metro FMR Area","$1,380","$1,242","$1,518","$1,710","$1,539","$1,881","$2,080","$1,872","$2,288","$2,660","$2,394","$2,926","$2,930","$2,637","$3,223"
11931,METRO35620MM5380,"Nassau-Suffolk, NY HUD Metro FMR Area","$1,210","$1,089","$1,331","$1,500","$1,350","$1,650","$1,840","$1,656","$2,024","$2,350","$2,115","$2,585","$2,610","$2,349","$2,871"
11932,METRO35620MM5380,"Nassau-Suffolk, NY HUD Metro FMR Area","$1,480","$1,332","$1,628","$1,860","$1,674","$2,046","$2,270","$2,043","$2,497","$2,920","$2,628","$3,212","$3,260","$2,934","$3,586"
11933,METRO35620MM5380,"Nassau-Suffolk, NY HUD Metro FMR Area","$1,640","$1,476","$1,804","$2,030","$1,827","$2,233","$2,470","$2,223","$2,717","$3,160","$2,844","$3,476","$3,480","$3,132","$3,828"
11934,METRO35620MM5380,"Nassau-Suffolk, NY HUD Metro FMR Area","$1,210","$1,089","$1,331","$1,500","$1,350","$1,650","$1,840","$1,656","$2,024","$2,350","$2,115","$2,585","$2,610","$2,349","$2,871"
11935,METRO35620MM5380,"Nassau-Suffolk, NY HUD Metro FMR Area","$1,250","$1,125","$1,375","$1,540","$1,386","$1,694","$1,880","$1,692","$2,068","$2,410","$2,169","$2,651","$2,700","$2,430","$2,970"
11937,METRO35620MM5380,"Nassau-Suffolk, NY HUD Metro FMR Area","$1,550","$1,395","$1,705","$1,920","$1,728","$2,112","$2,340","$2,106","$2,574","$2,990","$2,691","$3,289","$3,300","$2,970","$3,630"
11939,METRO35620MM5380,"Nassau-Suffolk, NY HUD Metro FMR Area","$1,300","$1,170","$1,430","$1,610","$1,449","$1,771","$1,960","$1,764","$2,156","$2,510","$2,259","$2,761","$2,760","$2,484","$3,036"
11940,METRO35620MM5380,"Nassau-Suffolk, NY HUD Metro FMR Area","$1,360","$1,224","$1,496","$1,680","$1,512","$1,848","$2,050","$1,845","$2,255","$2,620","$2,358","$2,882","$2,890","$2,601","$3,179"
11941,METRO35620MM5380,"Nassau-Suffolk, NY HUD Metro FMR Area","$1,210","$1,089","$1,331","$1,500","$1,350","$1,650","$1,840","$1,656","$2,024","$2,350","$2,115","$2,585","$2,610","$2,349","$2,871"
11942,METRO35620MM5380,"Nassau-Suffolk, NY HUD Metro FMR Area","$1,470","$1,323","$1,617","$1,810","$1,629","$1,991","$2,210","$1,989","$2,431","$2,830","$2,547","$3,113","$3,120","$2,808","$3,432"
11944,METRO35620MM5380,"Nassau-Suffolk, NY HUD Metro FMR Area","$1,210","$1,089","$1,331","$1,500","$1,350","$1,650","$1,840","$1,656","$2,024","$2,350","$2,115","$2,585","$2,610","$2,349","$2,871"
11946,METRO35620MM5380,"Nassau-Suffolk, NY HUD Metro FMR Area","$1,360","$1,224","$1,496","$1,670","$1,503","$1,837","$2,040","$1,836","$2,244","$2,610","$2,349","$2,871","$2,880","$2,592","$3,168"
11947,METRO35620MM5380,"Nassau-Suffolk, NY HUD Metro FMR Area","$1,360","$1,224","$1,496","$1,670","$1,503","$1,837","$2,040","$1,836","$2,244","$2,610","$2,349","$2,871","$2,880","$2,592","$3,168"
11948,METRO35620MM5380,"Nassau-Suffolk, NY HUD Metro FMR Area","$1,210","$1,089","$1,331","$1,500","$1,350","$1,650","$1,840","$1,656","$2,024","$2,350","$2,115","$2,585","$2,610","$2,349","$2,871"
11949,METRO35620MM5380,"Nassau-Suffolk, NY HUD Metro FMR Area","$1,290","$1,161","$1,419","$1,590","$1,431","$1,749","$1,940","$1,746","$2,134","$2,480","$2,232","$2,728","$2,730","$2,457","$3,003"
11950,METRO35620MM5380,"Nassau-Suffolk, NY HUD Metro FMR Area","$1,440","$1,296","$1,584","$1,780","$1,602","$1,958","$2,170","$1,953","$2,387","$2,780","$2,502","$3,058","$3,060","$2,754","$3,366"
11951,METRO35620MM5380,"Nassau-Suffolk, NY HUD Metro FMR Area","$1,420","$1,278","$1,562","$1,750","$1,575","$1,925","$2,130","$1,917","$2,343","$2,730","$2,457","$3,003","$3,000","$2,700","$3,300"
11952,METRO35620MM5380,"Nassau-Suffolk, NY HUD Metro FMR Area","$1,210","$1,089","$1,331","$1,500","$1,350","$1,650","$1,840","$1,656","$2,024","$2,350","$2,115","$2,585","$2,610","$2,349","$2,871"
11953,METRO35620MM5380,"Nassau-Suffolk, NY HUD Metro FMR Area","$1,380","$1,242","$1,518","$1,700","$1,530","$1,870","$2,070","$1,863","$2,277","$2,650","$2,385","$2,915","$2,920","$2,628","$3,212"
11954,METRO35620MM5380,"Nassau-Suffolk, NY HUD Metro FMR Area","$1,800","$1,620","$1,980","$2,220","$1,998","$2,442","$2,710","$2,439","$2,981","$3,470","$3,123","$3,817","$3,820","$3,438","$4,202"
11955,METRO35620MM5380,"Nassau-Suffolk, NY HUD Metro FMR Area","$1,380","$1,242","$1,518","$1,700","$1,530","$1,870","$2,070","$1,863","$2,277","$2,650","$2,385","$2,915","$2,920","$2,628","$3,212"
11956,METRO35620MM5380,"Nassau-Suffolk, NY HUD Metro FMR Area","$1,570","$1,413","$1,727","$1,950","$1,755","$2,145","$2,370","$2,133","$2,607","$3,030","$2,727","$3,333","$3,340","$3,006","$3,674"
11957,METRO35620MM5380,"Nassau-Suffolk, NY HUD Metro FMR Area","$1,300","$1,170","$1,430","$1,610","$1,449","$1,771","$1,960","$1,764","$2,156","$2,510","$2,259","$2,761","$2,760","$2,484","$3,036"
11958,METRO35620MM5380,"Nassau-Suffolk, NY HUD Metro FMR Area","$1,240","$1,116","$1,364","$1,520","$1,368","$1,672","$1,860","$1,674","$2,046","$2,380","$2,142","$2,618","$2,620","$2,358","$2,882"
11959,METRO35620MM5380,"Nassau-Suffolk, NY HUD Metro FMR Area","$1,250","$1,125","$1,375","$1,540","$1,386","$1,694","$1,880","$1,692","$2,068","$2,410","$2,169","$2,651","$2,650","$2,385","$2,915"
11960,METRO35620MM5380,"Nassau-Suffolk, NY HUD Metro FMR Area","$1,330","$1,197","$1,463","$1,650","$1,485","$1,815","$2,000","$1,800","$2,200","$2,570","$2,313","$2,827","$2,830","$2,547","$3,113"
11961,METRO35620MM5380,"Nassau-Suffolk, NY HUD Metro FMR Area","$1,210","$1,089","$1,331","$1,500","$1,350","$1,650","$1,840","$1,656","$2,024","$2,350","$2,115","$2,585","$2,610","$2,349","$2,871"
11962,METRO35620MM5380,"Nassau-Suffolk, NY HUD Metro FMR Area","$1,230","$1,107","$1,353","$1,530","$1,377","$1,683","$1,870","$1,683","$2,057","$2,400","$2,160","$2,640","$2,680","$2,412","$2,948"
11963,METRO35620MM5380,"Nassau-Suffolk, NY HUD Metro FMR Area","$1,600","$1,440","$1,760","$1,980","$1,782","$2,178","$2,410","$2,169","$2,651","$3,080","$2,772","$3,388","$3,400","$3,060","$3,740"
11964,METRO35620MM5380,"Nassau-Suffolk, NY HUD Metro FMR Area","$1,580","$1,422","$1,738","$1,950","$1,755","$2,145","$2,380","$2,142","$2,618","$3,040","$2,736","$3,344","$3,360","$3,024","$3,696"
11965,METRO35620MM5380,"Nassau-Suffolk, NY HUD Metro FMR Area","$1,210","$1,089","$1,331","$1,500","$1,350","$1,650","$1,840","$1,656","$2,024","$2,350","$2,115","$2,585","$2,610","$2,349","$2,871"
11967,METRO35620MM5380,"Nassau-Suffolk, NY HUD Metro FMR Area","$1,550","$1,395","$1,705","$1,910","$1,719","$2,101","$2,330","$2,097","$2,563","$2,980","$2,682","$3,278","$3,280","$2,952","$3,608"
11968,METRO35620MM5380,"Nassau-Suffolk, NY HUD Metro FMR Area","$1,510","$1,359","$1,661","$1,860","$1,674","$2,046","$2,270","$2,043","$2,497","$2,900","$2,610","$3,190","$3,200","$2,880","$3,520"
11969,METRO35620MM5380,"Nassau-Suffolk, NY HUD Metro FMR Area","$1,360","$1,224","$1,496","$1,670","$1,503","$1,837","$2,040","$1,836","$2,244","$2,610","$2,349","$2,871","$2,880","$2,592","$3,168"
11970,METRO35620MM5380,"Nassau-Suffolk, NY HUD Metro FMR Area","$1,360","$1,224","$1,496","$1,670","$1,503","$1,837","$2,040","$1,836","$2,244","$2,610","$2,349","$2,871","$2,880","$2,592","$3,168"
11971,METRO35620MM5380,"Nassau-Suffolk, NY HUD Metro FMR Area","$1,220","$1,098","$1,342","$1,500","$1,350","$1,650","$1,840","$1,656","$2,024","$2,350","$2,115","$2,585","$2,610","$2,349","$2,871"
11972,METRO35620MM5380,"Nassau-Suffolk, NY HUD Metro FMR Area","$1,230","$1,107","$1,353","$1,520","$1,368","$1,672","$1,850","$1,665","$2,035","$2,370","$2,133","$2,607","$2,610","$2,349","$2,871"
11973,METRO35620MM5380,"Nassau-Suffolk, NY HUD Metro FMR Area","$1,360","$1,224","$1,496","$1,680","$1,512","$1,848","$2,050","$1,845","$2,255","$2,620","$2,358","$2,882","$2,890","$2,601","$3,179"
11975,METRO35620MM5380,"Nassau-Suffolk, NY HUD Metro FMR Area","$1,550","$1,395","$1,705","$1,920","$1,728","$2,112","$2,340","$2,106","$2,574","$2,990","$2,691","$3,289","$3,300","$2,970","$3,630"
11976,METRO35620MM5380,"Nassau-Suffolk, NY HUD Metro FMR Area","$2,060","$1,854","$2,266","$2,540","$2,286","$2,794","$3,100","$2,790","$3,410","$3,970","$3,573","$4,367","$4,370","$3,933","$4,807"
11977,METRO35620MM5380,"Nassau-Suffolk, NY HUD Metro FMR Area","$1,810","$1,629","$1,991","$2,240","$2,016","$2,464","$2,730","$2,457","$3,003","$3,490","$3,141","$3,839","$3,850","$3,465","$4,235"
11978,METRO35620MM5380,"Nassau-Suffolk, NY HUD Metro FMR Area","$1,490","$1,341","$1,639","$1,850","$1,665","$2,035","$2,250","$2,025","$2,475","$2,880","$2,592","$3,168","$3,170","$2,853","$3,487"
11980,METRO35620MM5380,"Nassau-Suffolk, NY HUD Metro FMR Area","$1,720","$1,548","$1,892","$2,130","$1,917","$2,343","$2,590","$2,331","$2,849","$3,310","$2,979","$3,641","$3,650","$3,285","$4,015"
10001,METRO35620MM5600,"New York, NY HUD Metro FMR Area","$2,990","$2,691","$3,289","$3,050","$2,745","$3,355","$3,470","$3,123","$3,817","$4,380","$3,942","$4,818","$4,710","$4,239","$5,181"
10002,METRO35620MM5600,"New York, NY HUD Metro FMR Area","$1,660","$1,494","$1,826","$1,690","$1,521","$1,859","$1,930","$1,737","$2,123","$2,430","$2,187","$2,673","$2,620","$2,358","$2,882"
10003,METRO35620MM5600,"New York, NY HUD Metro FMR Area","$3,030","$2,727","$3,333","$3,080","$2,772","$3,388","$3,510","$3,159","$3,861","$4,430","$3,987","$4,873","$4,760","$4,284","$5,236"
10004,METRO35620MM5600,"New York, NY HUD Metro FMR Area","$3,030","$2,727","$3,333","$3,080","$2,772","$3,388","$3,510","$3,159","$3,861","$4,430","$3,987","$4,873","$4,760","$4,284","$5,236"
10005,METRO35620MM5600,"New York, NY HUD Metro FMR Area","$3,030","$2,727","$3,333","$3,080","$2,772","$3,388","$3,510","$3,159","$3,861","$4,430","$3,987","$4,873","$4,760","$4,284","$5,236"
10006,METRO35620MM5600,"New York, NY HUD Metro FMR Area","$3,030","$2,727","$3,333","$3,080","$2,772","$3,388","$3,510","$3,159","$3,861","$4,430","$3,987","$4,873","$4,760","$4,284","$5,236"
10007,METRO35620MM5600,"New York, NY HUD Metro FMR Area","$3,030","$2,727","$3,333","$3,080","$2,772","$3,388","$3,510","$3,159","$3,861","$4,430","$3,987","$4,873","$4,760","$4,284","$5,236"
10008,METRO35620MM5600,"New York, NY HUD Metro FMR Area","$2,580","$2,322","$2,838","$2,620","$2,358","$2,882","$2,990","$2,691","$3,289","$3,770","$3,393","$4,147","$4,050","$3,645","$4,455"
10009,METRO35620MM5600,"New York, NY HUD Metro FMR Area","$2,410","$2,169","$2,651","$2,450","$2,205","$2,695","$2,790","$2,511","$3,069","$3,520","$3,168","$3,872","$3,780","$3,402","$4,158"
10010,METRO35620MM5600,"New York, NY HUD Metro FMR Area","$3,030","$2,727","$3,333","$3,080","$2,772","$3,388","$3,510","$3,159","$3,861","$4,430","$3,987","$4,873","$4,760","$4,284","$5,236"
10011,METRO35620MM5600,"New York, NY HUD Metro FMR Area","$2,930","$2,637","$3,223","$2,980","$2,682","$3,278","$3,400","$3,060","$3,740","$4,290","$3,861","$4,719","$4,610","$4,149","$5,071"
10012,METRO35620MM5600,"New York, NY HUD Metro FMR Area","$3,030","$2,727","$3,333","$3,080","$2,772","$3,388","$3,510","$3,159","$3,861","$4,430","$3,987","$4,873","$4,760","$4,284","$5,236"
10013,METRO35620MM5600,"New York, NY HUD Metro FMR Area","$2,130","$1,917","$2,343","$2,170","$1,953","$2,387","$2,470","$2,223","$2,717","$3,120","$2,808","$3,432","$3,350","$3,015","$3,685"
10014,METRO35620MM5600,"New York, NY HUD Metro FMR Area","$3,030","$2,727","$3,333","$3,080","$2,772","$3,388","$3,510","$3,159","$3,861","$4,430","$3,987","$4,873","$4,760","$4,284","$5,236"
10016,METRO35620MM5600,"New York, NY HUD Metro FMR Area","$3,030","$2,727","$3,333","$3,080","$2,772","$3,388","$3,510","$3,159","$3,861","$4,430","$3,987","$4,873","$4,760","$4,284","$5,236"
10017,METRO35620MM5600,"New York, NY HUD Metro FMR Area","$3,030","$2,727","$3,333","$3,080","$2,772","$3,388","$3,510","$3,159","$3,861","$4,430","$3,987","$4,873","$4,760","$4,284","$5,236"
10018,METRO35620MM5600,"New York, NY HUD Metro FMR Area","$3,030","$2,727","$3,333","$3,080","$2,772","$3,388","$3,510","$3,159","$3,861","$4,430","$3,987","$4,873","$4,760","$4,284","$5,236"
10019,METRO35620MM5600,"New York, NY HUD Metro FMR Area","$2,280","$2,052","$2,508","$2,320","$2,088","$2,552","$2,640","$2,376","$2,904","$3,330","$2,997","$3,663","$3,580","$3,222","$3,938"
10020,METRO35620MM5600,"New York, NY HUD Metro FMR Area","$2,580","$2,322","$2,838","$2,620","$2,358","$2,882","$2,990","$2,691","$3,289","$3,770","$3,393","$4,147","$4,050","$3,645","$4,455"
10021,METRO35620MM5600,"New York, NY HUD Metro FMR Area","$3,030","$2,727","$3,333","$3,080","$2,772","$3,388","$3,510","$3,159","$3,861","$4,430","$3,987","$4,873","$4,760","$4,284","$5,236"
10022,METRO35620MM5600,"New York, NY HUD Metro FMR Area","$3,030","$2,727","$3,333","$3,080","$2,772","$3,388","$3,510","$3,159","$3,861","$4,430","$3,987","$4,873","$4,760","$4,284","$5,236"
10023,METRO35620MM5600,"New York, NY HUD Metro FMR Area","$3,030","$2,727","$3,333","$3,080","$2,772","$3,388","$3,510","$3,159","$3,861","$4,430","$3,987","$4,873","$4,760","$4,284","$5,236"
10024,METRO35620MM5600,"New York, NY HUD Metro FMR Area","$2,800","$2,520","$3,080","$2,850","$2,565","$3,135","$3,250","$2,925","$3,575","$4,100","$3,690","$4,510","$4,410","$3,969","$4,851"
10025,METRO35620MM5600,"New York, NY HUD Metro FMR Area","$2,090","$1,881","$2,299","$2,120","$1,908","$2,332","$2,420","$2,178","$2,662","$3,050","$2,745","$3,355","$3,280","$2,952","$3,608"
10026,METRO35620MM5600,"New York, NY HUD Metro FMR Area","$1,930","$1,737","$2,123","$1,970","$1,773","$2,167","$2,240","$2,016","$2,464","$2,830","$2,547","$3,113","$3,040","$2,736","$3,344"
10027,METRO35620MM5600,"New York, NY HUD Metro FMR Area","$1,750","$1,575","$1,925","$1,780","$1,602","$1,958","$2,030","$1,827","$2,233","$2,560","$2,304","$2,816","$2,750","$2,475","$3,025"
10028,METRO35620MM5600,"New York, NY HUD Metro FMR Area","$3,030","$2,727","$3,333","$3,080","$2,772","$3,388","$3,510","$3,159","$3,861","$4,430","$3,987","$4,873","$4,760","$4,284","$5,236"
10029,METRO35620MM5600,"New York, NY HUD Metro FMR Area","$1,630","$1,467","$1,793","$1,660","$1,494","$1,826","$1,890","$1,701","$2,079","$2,380","$2,142","$2,618","$2,560","$2,304","$2,816"
10030,METRO35620MM5600,"New York, NY HUD Metro FMR Area","$1,720","$1,548","$1,892","$1,750","$1,575","$1,925","$1,990","$1,791","$2,189","$2,510","$2,259","$2,761","$2,700","$2,430","$2,970"
10031,METRO35620MM5600,"New York, NY HUD Metro FMR Area","$1,850","$1,665","$2,035","$1,890","$1,701","$2,079","$2,150","$1,935","$2,365","$2,710","$2,439","$2,981","$2,920","$2,628","$3,212"
10032,METRO35620MM5600,"New York, NY HUD Metro FMR Area","$1,740","$1,566","$1,914","$1,770","$1,593","$1,947","$2,020","$1,818","$2,222","$2,550","$2,295","$2,805","$2,740","$2,466","$3,014"
10033,METRO35620MM5600,"New York, NY HUD Metro FMR Area","$1,910","$1,719","$2,101","$1,950","$1,755","$2,145","$2,220","$1,998","$2,442","$2,800","$2,520","$3,080","$3,010","$2,709","$3,311"
10034,METRO35620MM5600,"New York, NY HUD Metro FMR Area","$1,850","$1,665","$2,035","$1,890","$1,701","$2,079","$2,150","$1,935","$2,365","$2,710","$2,439","$2,981","$2,920","$2,628","$3,212"
10035,METRO35620MM5600,"New York, NY HUD Metro FMR Area","$1,780","$1,602","$1,958","$1,810","$1,629","$1,991","$2,060","$1,854","$2,266","$2,600","$2,340","$2,860","$2,790","$2,511","$3,069"
10036,METRO35620MM5600,"New York, NY HUD Metro FMR Area","$3,030","$2,727","$3,333","$3,080","$2,772","$3,388","$3,510","$3,159","$3,861","$4,430","$3,987","$4,873","$4,760","$4,284","$5,236"
10037,METRO35620MM5600,"New York, NY HUD Metro FMR Area","$1,820","$1,638","$2,002","$1,850","$1,665","$2,035","$2,110","$1,899","$2,321","$2,660","$2,394","$2,926","$2,860","$2,574","$3,146"
10038,METRO35620MM5600,"New York, NY HUD Metro FMR Area","$3,030","$2,727","$3,333","$3,080","$2,772","$3,388","$3,510","$3,159","$3,861","$4,430","$3,987","$4,873","$4,760","$4,284","$5,236"
10039,METRO35620MM5600,"New York, NY HUD Metro FMR Area","$1,590","$1,431","$1,749","$1,630","$1,467","$1,793","$1,850","$1,665","$2,035","$2,340","$2,106","$2,574","$2,510","$2,259","$2,761"
10040,METRO35620MM5600,"New York, NY HUD Metro FMR Area","$1,850","$1,665","$2,035","$1,890","$1,701","$2,079","$2,150","$1,935","$2,365","$2,710","$2,439","$2,981","$2,920","$2,628","$3,212"
10041,METRO35620MM5600,"New York, NY HUD Metro FMR Area","$2,580","$2,322","$2,838","$2,620","$2,358","$2,882","$2,990","$2,691","$3,289","$3,770","$3,393","$4,147","$4,050","$3,645","$4,455"
10043,METRO35620MM5600,"New York, NY HUD Metro FMR Area","$2,580","$2,322","$2,838","$2,620","$2,358","$2,882","$2,990","$2,691","$3,289","$3,770","$3,393","$4,147","$4,050","$3,645","$4,455"
10044,METRO35620MM5600,"New York, NY HUD Metro FMR Area","$3,030","$2,727","$3,333","$3,080","$2,772","$3,388","$3,510","$3,159","$3,861","$4,430","$3,987","$4,873","$4,760","$4,284","$5,236"
10045,METRO35620MM5600,"New York, NY HUD Metro FMR Area","$2,580","$2,322","$2,838","$2,620","$2,358","$2,882","$2,990","$2,691","$3,289","$3,770","$3,393","$4,147","$4,050","$3,645","$4,455"
10055,METRO35620MM5600,"New York, NY HUD Metro FMR Area","$2,580","$2,322","$2,838","$2,620","$2,358","$2,882","$2,990","$2,691","$3,289","$3,770","$3,393","$4,147","$4,050","$3,645","$4,455"
10065,METRO35620MM5600,"New York, NY HUD Metro FMR Area","$3,030","$2,727","$3,333","$3,080","$2,772","$3,388","$3,510","$3,159","$3,861","$4,430","$3,987","$4,873","$4,760","$4,284","$5,236"
10069,METRO35620MM5600,"New York, NY HUD Metro FMR Area","$3,030","$2,727","$3,333","$3,080","$2,772","$3,388","$3,510","$3,159","$3,861","$4,430","$3,987","$4,873","$4,760","$4,284","$5,236"
10075,METRO35620MM5600,"New York, NY HUD Metro FMR Area","$2,920","$2,628","$3,212","$2,980","$2,682","$3,278","$3,390","$3,051","$3,729","$4,280","$3,852","$4,708","$4,600","$4,140","$5,060"
10080,METRO35620MM5600,"New York, NY HUD Metro FMR Area","$2,580","$2,322","$2,838","$2,620","$2,358","$2,882","$2,990","$2,691","$3,289","$3,770","$3,393","$4,147","$4,050","$3,645","$4,455"
10081,METRO35620MM5600,"New York, NY HUD Metro FMR Area","$2,580","$2,322","$2,838","$2,620","$2,358","$2,882","$2,990","$2,691","$3,289","$3,770","$3,393","$4,147","$4,050","$3,645","$4,455"
10101,METRO35620MM5600,"New York, NY HUD Metro FMR Area","$2,580","$2,322","$2,838","$2,620","$2,358","$2,882","$2,990","$2,691","$3,289","$3,770","$3,393","$4,147","$4,050","$3,645","$4,455"
10103,METRO35620MM5600,"New York, NY HUD Metro FMR Area","$2,580","$2,322","$2,838","$2,620","$2,358","$2,882","$2,990","$2,691","$3,289","$3,770","$3,393","$4,147","$4,050","$3,645","$4,455"
10104,METRO35620MM5600,"New York, NY HUD Metro FMR Area","$2,580","$2,322","$2,838","$2,620","$2,358","$2,882","$2,990","$2,691","$3,289","$3,770","$3,393","$4,147","$4,050","$3,645","$4,455"
10105,METRO35620MM5600,"New York, NY HUD Metro FMR Area","$2,580","$2,322","$2,838","$2,620","$2,358","$2,882","$2,990","$2,691","$3,289","$3,770","$3,393","$4,147","$4,050","$3,645","$4,455"
10106,METRO35620MM5600,"New York, NY HUD Metro FMR Area","$2,580","$2,322","$2,838","$2,620","$2,358","$2,882","$2,990","$2,691","$3,289","$3,770","$3,393","$4,147","$4,050","$3,645","$4,455"
10107,METRO35620MM5600,"New York, NY HUD Metro FMR Area","$2,580","$2,322","$2,838","$2,620","$2,358","$2,882","$2,990","$2,691","$3,289","$3,770","$3,393","$4,147","$4,050","$3,645","$4,455"
10108,METRO35620MM5600,"New York, NY HUD Metro FMR Area","$2,580","$2,322","$2,838","$2,620","$2,358","$2,882","$2,990","$2,691","$3,289","$3,770","$3,393","$4,147","$4,050","$3,645","$4,455"
10110,METRO35620MM5600,"New York, NY HUD Metro FMR Area","$2,580","$2,322","$2,838","$2,620","$2,358","$2,882","$2,990","$2,691","$3,289","$3,770","$3,393","$4,147","$4,050","$3,645","$4,455"
10111,METRO35620MM5600,"New York, NY HUD Metro FMR Area","$2,580","$2,322","$2,838","$2,620","$2,358","$2,882","$2,990","$2,691","$3,289","$3,770","$3,393","$4,147","$4,050","$3,645","$4,455"
10112,METRO35620MM5600,"New York, NY HUD Metro FMR Area","$2,580","$2,322","$2,838","$2,620","$2,358","$2,882","$2,990","$2,691","$3,289","$3,770","$3,393","$4,147","$4,050","$3,645","$4,455"
10113,METRO35620MM5600,"New York, NY HUD Metro FMR Area","$2,580","$2,322","$2,838","$2,620","$2,358","$2,882","$2,990","$2,691","$3,289","$3,770","$3,393","$4,147","$4,050","$3,645","$4,455"
10115,METRO35620MM5600,"New York, NY HUD Metro FMR Area","$2,580","$2,322","$2,838","$2,620","$2,358","$2,882","$2,990","$2,691","$3,289","$3,770","$3,393","$4,147","$4,050","$3,645","$4,455"
10116,METRO35620MM5600,"New York, NY HUD Metro FMR Area","$2,580","$2,322","$2,838","$2,620","$2,358","$2,882","$2,990","$2,691","$3,289","$3,770","$3,393","$4,147","$4,050","$3,645","$4,455"
10117,METRO35620MM5600,"New York, NY HUD Metro FMR Area","$2,580","$2,322","$2,838","$2,620","$2,358","$2,882","$2,990","$2,691","$3,289","$3,770","$3,393","$4,147","$4,050","$3,645","$4,455"
10118,METRO35620MM5600,"New York, NY HUD Metro FMR Area","$2,580","$2,322","$2,838","$2,620","$2,358","$2,882","$2,990","$2,691","$3,289","$3,770","$3,393","$4,147","$4,050","$3,645","$4,455"
10119,METRO35620MM5600,"New York, NY HUD Metro FMR Area","$2,580","$2,322","$2,838","$2,620","$2,358","$2,882","$2,990","$2,691","$3,289","$3,770","$3,393","$4,147","$4,050","$3,645","$4,455"
10120,METRO35620MM5600,"New York, NY HUD Metro FMR Area","$2,580","$2,322","$2,838","$2,620","$2,358","$2,882","$2,990","$2,691","$3,289","$3,770","$3,393","$4,147","$4,050","$3,645","$4,455"
10121,METRO35620MM5600,"New York, NY HUD Metro FMR Area","$2,580","$2,322","$2,838","$2,620","$2,358","$2,882","$2,990","$2,691","$3,289","$3,770","$3,393","$4,147","$4,050","$3,645","$4,455"
10122,METRO35620MM5600,"New York, NY HUD Metro FMR Area","$2,580","$2,322","$2,838","$2,620","$2,358","$2,882","$2,990","$2,691","$3,289","$3,770","$3,393","$4,147","$4,050","$3,645","$4,455"
10123,METRO35620MM5600,"New York, NY HUD Metro FMR Area","$2,580","$2,322","$2,838","$2,620","$2,358","$2,882","$2,990","$2,691","$3,289","$3,770","$3,393","$4,147","$4,050","$3,645","$4,455"
10124,METRO35620MM5600,"New York, NY HUD Metro FMR Area","$2,580","$2,322","$2,838","$2,620","$2,358","$2,882","$2,990","$2,691","$3,289","$3,770","$3,393","$4,147","$4,050","$3,645","$4,455"
10125,METRO35620MM5600,"New York, NY HUD Metro FMR Area","$2,580","$2,322","$2,838","$2,620","$2,358","$2,882","$2,990","$2,691","$3,289","$3,770","$3,393","$4,147","$4,050","$3,645","$4,455"
10126,METRO35620MM5600,"New York, NY HUD Metro FMR Area","$2,580","$2,322","$2,838","$2,620","$2,358","$2,882","$2,990","$2,691","$3,289","$3,770","$3,393","$4,147","$4,050","$3,645","$4,455"
10128,METRO35620MM5600,"New York, NY HUD Metro FMR Area","$3,030","$2,727","$3,333","$3,080","$2,772","$3,388","$3,510","$3,159","$3,861","$4,430","$3,987","$4,873","$4,760","$4,284","$5,236"
10129,METRO35620MM5600,"New York, NY HUD Metro FMR Area","$2,580","$2,322","$2,838","$2,620","$2,358","$2,882","$2,990","$2,691","$3,289","$3,770","$3,393","$4,147","$4,050","$3,645","$4,455"
10130,METRO35620MM5600,"New York, NY HUD Metro FMR Area","$2,580","$2,322","$2,838","$2,620","$2,358","$2,882","$2,990","$2,691","$3,289","$3,770","$3,393","$4,147","$4,050","$3,645","$4,455"
10131,METRO35620MM5600,"New York, NY HUD Metro FMR Area","$2,580","$2,322","$2,838","$2,620","$2,358","$2,882","$2,990","$2,691","$3,289","$3,770","$3,393","$4,147","$4,050","$3,645","$4,455"
10133,METRO35620MM5600,"New York, NY HUD Metro FMR Area","$2,580","$2,322","$2,838","$2,620","$2,358","$2,882","$2,990","$2,691","$3,289","$3,770","$3,393","$4,147","$4,050","$3,645","$4,455"
10138,METRO35620MM5600,"New York, NY HUD Metro FMR Area","$2,580","$2,322","$2,838","$2,620","$2,358","$2,882","$2,990","$2,691","$3,289","$3,770","$3,393","$4,147","$4,050","$3,645","$4,455"
10150,METRO35620MM5600,"New York, NY HUD Metro FMR Area","$2,580","$2,322","$2,838","$2,620","$2,358","$2,882","$2,990","$2,691","$3,289","$3,770","$3,393","$4,147","$4,050","$3,645","$4,455"
10151,METRO35620MM5600,"New York, NY HUD Metro FMR Area","$2,580","$2,322","$2,838","$2,620","$2,358","$2,882","$2,990","$2,691","$3,289","$3,770","$3,393","$4,147","$4,050","$3,645","$4,455"
10152,METRO35620MM5600,"New York, NY HUD Metro FMR Area","$2,580","$2,322","$2,838","$2,620","$2,358","$2,882","$2,990","$2,691","$3,289","$3,770","$3,393","$4,147","$4,050","$3,645","$4,455"
10153,METRO35620MM5600,"New York, NY HUD Metro FMR Area","$2,580","$2,322","$2,838","$2,620","$2,358","$2,882","$2,990","$2,691","$3,289","$3,770","$3,393","$4,147","$4,050","$3,645","$4,455"
10154,METRO35620MM5600,"New York, NY HUD Metro FMR Area","$2,580","$2,322","$2,838","$2,620","$2,358","$2,882","$2,990","$2,691","$3,289","$3,770","$3,393","$4,147","$4,050","$3,645","$4,455"
10155,METRO35620MM5600,"New York, NY HUD Metro FMR Area","$2,580","$2,322","$2,838","$2,620","$2,358","$2,882","$2,990","$2,691","$3,289","$3,770","$3,393","$4,147","$4,050","$3,645","$4,455"
10156,METRO35620MM5600,"New York, NY HUD Metro FMR Area","$2,580","$2,322","$2,838","$2,620","$2,358","$2,882","$2,990","$2,691","$3,289","$3,770","$3,393","$4,147","$4,050","$3,645","$4,455"
10157,METRO35620MM5600,"New York, NY HUD Metro FMR Area","$2,580","$2,322","$2,838","$2,620","$2,358","$2,882","$2,990","$2,691","$3,289","$3,770","$3,393","$4,147","$4,050","$3,645","$4,455"
10158,METRO35620MM5600,"New York, NY HUD Metro FMR Area","$2,580","$2,322","$2,838","$2,620","$2,358","$2,882","$2,990","$2,691","$3,289","$3,770","$3,393","$4,147","$4,050","$3,645","$4,455"
10159,METRO35620MM5600,"New York, NY HUD Metro FMR Area","$2,580","$2,322","$2,838","$2,620","$2,358","$2,882","$2,990","$2,691","$3,289","$3,770","$3,393","$4,147","$4,050","$3,645","$4,455"
10160,METRO35620MM5600,"New York, NY HUD Metro FMR Area","$2,580","$2,322","$2,838","$2,620","$2,358","$2,882","$2,990","$2,691","$3,289","$3,770","$3,393","$4,147","$4,050","$3,645","$4,455"
10162,METRO35620MM5600,"New York, NY HUD Metro FMR Area","$3,030","$2,727","$3,333","$3,080","$2,772","$3,388","$3,510","$3,159","$3,861","$4,430","$3,987","$4,873","$4,760","$4,284","$5,236"
10163,METRO35620MM5600,"New York, NY HUD Metro FMR Area","$2,580","$2,322","$2,838","$2,620","$2,358","$2,882","$2,990","$2,691","$3,289","$3,770","$3,393","$4,147","$4,050","$3,645","$4,455"
10164,METRO35620MM5600,"New York, NY HUD Metro FMR Area","$2,580","$2,322","$2,838","$2,620","$2,358","$2,882","$2,990","$2,691","$3,289","$3,770","$3,393","$4,147","$4,050","$3,645","$4,455"
10165,METRO35620MM5600,"New York, NY HUD Metro FMR Area","$2,580","$2,322","$2,838","$2,620","$2,358","$2,882","$2,990","$2,691","$3,289","$3,770","$3,393","$4,147","$4,050","$3,645","$4,455"
10166,METRO35620MM5600,"New York, NY HUD Metro FMR Area","$2,580","$2,322","$2,838","$2,620","$2,358","$2,882","$2,990","$2,691","$3,289","$3,770","$3,393","$4,147","$4,050","$3,645","$4,455"
10167,METRO35620MM5600,"New York, NY HUD Metro FMR Area","$2,580","$2,322","$2,838","$2,620","$2,358","$2,882","$2,990","$2,691","$3,289","$3,770","$3,393","$4,147","$4,050","$3,645","$4,455"
10168,METRO35620MM5600,"New York, NY HUD Metro FMR Area","$2,580","$2,322","$2,838","$2,620","$2,358","$2,882","$2,990","$2,691","$3,289","$3,770","$3,393","$4,147","$4,050","$3,645","$4,455"
10169,METRO35620MM5600,"New York, NY HUD Metro FMR Area","$2,580","$2,322","$2,838","$2,620","$2,358","$2,882","$2,990","$2,691","$3,289","$3,770","$3,393","$4,147","$4,050","$3,645","$4,455"
10170,METRO35620MM5600,"New York, NY HUD Metro FMR Area","$2,580","$2,322","$2,838","$2,620","$2,358","$2,882","$2,990","$2,691","$3,289","$3,770","$3,393","$4,147","$4,050","$3,645","$4,455"
10171,METRO35620MM5600,"New York, NY HUD Metro FMR Area","$2,580","$2,322","$2,838","$2,620","$2,358","$2,882","$2,990","$2,691","$3,289","$3,770","$3,393","$4,147","$4,050","$3,645","$4,455"
10172,METRO35620MM5600,"New York, NY HUD Metro FMR Area","$2,580","$2,322","$2,838","$2,620","$2,358","$2,882","$2,990","$2,691","$3,289","$3,770","$3,393","$4,147","$4,050","$3,645","$4,455"
10173,METRO35620MM5600,"New York, NY HUD Metro FMR Area","$2,580","$2,322","$2,838","$2,620","$2,358","$2,882","$2,990","$2,691","$3,289","$3,770","$3,393","$4,147","$4,050","$3,645","$4,455"
10174,METRO35620MM5600,"New York, NY HUD Metro FMR Area","$2,580","$2,322","$2,838","$2,620","$2,358","$2,882","$2,990","$2,691","$3,289","$3,770","$3,393","$4,147","$4,050","$3,645","$4,455"
10175,METRO35620MM5600,"New York, NY HUD Metro FMR Area","$2,580","$2,322","$2,838","$2,620","$2,358","$2,882","$2,990","$2,691","$3,289","$3,770","$3,393","$4,147","$4,050","$3,645","$4,455"
10176,METRO35620MM5600,"New York, NY HUD Metro FMR Area","$2,580","$2,322","$2,838","$2,620","$2,358","$2,882","$2,990","$2,691","$3,289","$3,770","$3,393","$4,147","$4,050","$3,645","$4,455"
10177,METRO35620MM5600,"New York, NY HUD Metro FMR Area","$2,580","$2,322","$2,838","$2,620","$2,358","$2,882","$2,990","$2,691","$3,289","$3,770","$3,393","$4,147","$4,050","$3,645","$4,455"
10178,METRO35620MM5600,"New York, NY HUD Metro FMR Area","$2,580","$2,322","$2,838","$2,620","$2,358","$2,882","$2,990","$2,691","$3,289","$3,770","$3,393","$4,147","$4,050","$3,645","$4,455"
10179,METRO35620MM5600,"New York, NY HUD Metro FMR Area","$2,580","$2,322","$2,838","$2,620","$2,358","$2,882","$2,990","$2,691","$3,289","$3,770","$3,393","$4,147","$4,050","$3,645","$4,455"
10185,METRO35620MM5600,"New York, NY HUD Metro FMR Area","$2,580","$2,322","$2,838","$2,620","$2,358","$2,882","$2,990","$2,691","$3,289","$3,770","$3,393","$4,147","$4,050","$3,645","$4,455"
10199,METRO35620MM5600,"New York, NY HUD Metro FMR Area","$2,990","$2,691","$3,289","$3,050","$2,745","$3,355","$3,470","$3,123","$3,817","$4,380","$3,942","$4,818","$4,710","$4,239","$5,181"
10203,METRO35620MM5600,"New York, NY HUD Metro FMR Area","$2,580","$2,322","$2,838","$2,620","$2,358","$2,882","$2,990","$2,691","$3,289","$3,770","$3,393","$4,147","$4,050","$3,645","$4,455"
10211,METRO35620MM5600,"New York, NY HUD Metro FMR Area","$2,580","$2,322","$2,838","$2,620","$2,358","$2,882","$2,990","$2,691","$3,289","$3,770","$3,393","$4,147","$4,050","$3,645","$4,455"
10212,METRO35620MM5600,"New York, NY HUD Metro FMR Area","$2,580","$2,322","$2,838","$2,620","$2,358","$2,882","$2,990","$2,691","$3,289","$3,770","$3,393","$4,147","$4,050","$3,645","$4,455"
10213,METRO35620MM5600,"New York, NY HUD Metro FMR Area","$2,580","$2,322","$2,838","$2,620","$2,358","$2,882","$2,990","$2,691","$3,289","$3,770","$3,393","$4,147","$4,050","$3,645","$4,455"
10258,METRO35620MM5600,"New York, NY HUD Metro FMR Area","$2,580","$2,322","$2,838","$2,620","$2,358","$2,882","$2,990","$2,691","$3,289","$3,770","$3,393","$4,147","$4,050","$3,645","$4,455"
10268,METRO35620MM5600,"New York, NY HUD Metro FMR Area","$2,580","$2,322","$2,838","$2,620","$2,358","$2,882","$2,990","$2,691","$3,289","$3,770","$3,393","$4,147","$4,050","$3,645","$4,455"
10269,METRO35620MM5600,"New York, NY HUD Metro FMR Area","$2,580","$2,322","$2,838","$2,620","$2,358","$2,882","$2,990","$2,691","$3,289","$3,770","$3,393","$4,147","$4,050","$3,645","$4,455"
10271,METRO35620MM5600,"New York, NY HUD Metro FMR Area","$2,580","$2,322","$2,838","$2,620","$2,358","$2,882","$2,990","$2,691","$3,289","$3,770","$3,393","$4,147","$4,050","$3,645","$4,455"
10272,METRO35620MM5600,"New York, NY HUD Metro FMR Area","$2,580","$2,322","$2,838","$2,620","$2,358","$2,882","$2,990","$2,691","$3,289","$3,770","$3,393","$4,147","$4,050","$3,645","$4,455"
10274,METRO35620MM5600,"New York, NY HUD Metro FMR Area","$2,580","$2,322","$2,838","$2,620","$2,358","$2,882","$2,990","$2,691","$3,289","$3,770","$3,393","$4,147","$4,050","$3,645","$4,455"
10275,METRO35620MM5600,"New York, NY HUD Metro FMR Area","$2,580","$2,322","$2,838","$2,620","$2,358","$2,882","$2,990","$2,691","$3,289","$3,770","$3,393","$4,147","$4,050","$3,645","$4,455"
10276,METRO35620MM5600,"New York, NY HUD Metro FMR Area","$2,580","$2,322","$2,838","$2,620","$2,358","$2,882","$2,990","$2,691","$3,289","$3,770","$3,393","$4,147","$4,050","$3,645","$4,455"
10277,METRO35620MM5600,"New York, NY HUD Metro FMR Area","$2,580","$2,322","$2,838","$2,620","$2,358","$2,882","$2,990","$2,691","$3,289","$3,770","$3,393","$4,147","$4,050","$3,645","$4,455"
10278,METRO35620MM5600,"New York, NY HUD Metro FMR Area","$2,580","$2,322","$2,838","$2,620","$2,358","$2,882","$2,990","$2,691","$3,289","$3,770","$3,393","$4,147","$4,050","$3,645","$4,455"
10279,METRO35620MM5600,"New York, NY HUD Metro FMR Area","$3,030","$2,727","$3,333","$3,080","$2,772","$3,388","$3,510","$3,159","$3,861","$4,430","$3,987","$4,873","$4,760","$4,284","$5,236"
10280,METRO35620MM5600,"New York, NY HUD Metro FMR Area","$3,030","$2,727","$3,333","$3,080","$2,772","$3,388","$3,510","$3,159","$3,861","$4,430","$3,987","$4,873","$4,760","$4,284","$5,236"
10281,METRO35620MM5600,"New York, NY HUD Metro FMR Area","$2,580","$2,322","$2,838","$2,620","$2,358","$2,882","$2,990","$2,691","$3,289","$3,770","$3,393","$4,147","$4,050","$3,645","$4,455"
10282,METRO35620MM5600,"New York, NY HUD Metro FMR Area","$2,800","$2,520","$3,080","$2,850","$2,565","$3,135","$3,240","$2,916","$3,564","$4,090","$3,681","$4,499","$4,400","$3,960","$4,840"
10285,METRO35620MM5600,"New York, NY HUD Metro FMR Area","$2,580","$2,322","$2,838","$2,620","$2,358","$2,882","$2,990","$2,691","$3,289","$3,770","$3,393","$4,147","$4,050","$3,645","$4,455"
10301,METRO35620MM5600,"New York, NY HUD Metro FMR Area","$2,070","$1,863","$2,277","$2,110","$1,899","$2,321","$2,400","$2,160","$2,640","$3,030","$2,727","$3,333","$3,250","$2,925","$3,575"
10302,METRO35620MM5600,"New York, NY HUD Metro FMR Area","$1,840","$1,656","$2,024","$1,870","$1,683","$2,057","$2,130","$1,917","$2,343","$2,690","$2,421","$2,959","$2,890","$2,601","$3,179"
10303,METRO35620MM5600,"New York, NY HUD Metro FMR Area","$1,910","$1,719","$2,101","$1,940","$1,746","$2,134","$2,210","$1,989","$2,431","$2,790","$2,511","$3,069","$3,000","$2,700","$3,300"
10304,METRO35620MM5600,"New York, NY HUD Metro FMR Area","$1,710","$1,539","$1,881","$1,740","$1,566","$1,914","$1,980","$1,782","$2,178","$2,500","$2,250","$2,750","$2,690","$2,421","$2,959"
10305,METRO35620MM5600,"New York, NY HUD Metro FMR Area","$1,870","$1,683","$2,057","$1,900","$1,710","$2,090","$2,170","$1,953","$2,387","$2,740","$2,466","$3,014","$2,940","$2,646","$3,234"
10306,METRO35620MM5600,"New York, NY HUD Metro FMR Area","$1,890","$1,701","$2,079","$1,920","$1,728","$2,112","$2,190","$1,971","$2,409","$2,760","$2,484","$3,036","$2,970","$2,673","$3,267"
10307,METRO35620MM5600,"New York, NY HUD Metro FMR Area","$1,590","$1,431","$1,749","$1,630","$1,467","$1,793","$1,850","$1,665","$2,035","$2,340","$2,106","$2,574","$2,510","$2,259","$2,761"
10308,METRO35620MM5600,"New York, NY HUD Metro FMR Area","$2,150","$1,935","$2,365","$2,190","$1,971","$2,409","$2,490","$2,241","$2,739","$3,140","$2,826","$3,454","$3,380","$3,042","$3,718"
10309,METRO35620MM5600,"New York, NY HUD Metro FMR Area","$1,900","$1,710","$2,090","$1,930","$1,737","$2,123","$2,200","$1,980","$2,420","$2,780","$2,502","$3,058","$2,980","$2,682","$3,278"
10310,METRO35620MM5600,"New York, NY HUD Metro FMR Area","$1,850","$1,665","$2,035","$1,880","$1,692","$2,068","$2,140","$1,926","$2,354","$2,700","$2,430","$2,970","$2,900","$2,610","$3,190"
10311,METRO35620MM5600,"New York, NY HUD Metro FMR Area","$1,850","$1,665","$2,035","$1,880","$1,692","$2,068","$2,140","$1,926","$2,354","$2,700","$2,430","$2,970","$2,900","$2,610","$3,190"
10312,METRO35620MM5600,"New York, NY HUD Metro FMR Area","$1,700","$1,530","$1,870","$1,730","$1,557","$1,903","$1,970","$1,773","$2,167","$2,490","$2,241","$2,739","$2,670","$2,403","$2,937"
10313,METRO35620MM5600,"New York, NY HUD Metro FMR Area","$1,850","$1,665","$2,035","$1,880","$1,692","$2,068","$2,140","$1,926","$2,354","$2,700","$2,430","$2,970","$2,900","$2,610","$3,190"
10314,METRO35620MM5600,"New York, NY HUD Metro FMR Area","$2,030","$1,827","$2,233","$2,060","$1,854","$2,266","$2,350","$2,115","$2,585","$2,960","$2,664","$3,256","$3,190","$2,871","$3,509"
10451,METRO35620MM5600,"New York, NY HUD Metro FMR Area","$1,720","$1,548","$1,892","$1,760","$1,584","$1,936","$2,000","$1,800","$2,200","$2,520","$2,268","$2,772","$2,710","$2,439","$2,981"
10452,METRO35620MM5600,"New York, NY HUD Metro FMR Area","$1,670","$1,503","$1,837","$1,700","$1,530","$1,870","$1,940","$1,746","$2,134","$2,450","$2,205","$2,695","$2,630","$2,367","$2,893"
10453,METRO35620MM5600,"New York, NY HUD Metro FMR Area","$1,720","$1,548","$1,892","$1,750","$1,575","$1,925","$1,990","$1,791","$2,189","$2,510","$2,259","$2,761","$2,700","$2,430","$2,970"
10454,METRO35620MM5600,"New York, NY HUD Metro FMR Area","$1,690","$1,521","$1,859","$1,720","$1,548","$1,892","$1,960","$1,764","$2,156","$2,470","$2,223","$2,717","$2,660","$2,394","$2,926"
10455,METRO35620MM5600,"New York, NY HUD Metro FMR Area","$1,720","$1,548","$1,892","$1,760","$1,584","$1,936","$2,000","$1,800","$2,200","$2,520","$2,268","$2,772","$2,710","$2,439","$2,981"
10456,METRO35620MM5600,"New York, NY HUD Metro FMR Area","$1,610","$1,449","$1,771","$1,640","$1,476","$1,804","$1,870","$1,683","$2,057","$2,360","$2,124","$2,596","$2,540","$2,286","$2,794"
10457,METRO35620MM5600,"New York, NY HUD Metro FMR Area","$1,780","$1,602","$1,958","$1,810","$1,629","$1,991","$2,060","$1,854","$2,266","$2,600","$2,340","$2,860","$2,790","$2,511","$3,069"
10458,METRO35620MM5600,"New York, NY HUD Metro FMR Area","$1,890","$1,701","$2,079","$1,920","$1,728","$2,112","$2,190","$1,971","$2,409","$2,760","$2,484","$3,036","$2,970","$2,673","$3,267"
10459,METRO35620MM5600,"New York, NY HUD Metro FMR Area","$1,660","$1,494","$1,826","$1,690","$1,521","$1,859","$1,920","$1,728","$2,112","$2,420","$2,178","$2,662","$2,600","$2,340","$2,860"
10460,METRO35620MM5600,"New York, NY HUD Metro FMR Area","$1,680","$1,512","$1,848","$1,710","$1,539","$1,881","$1,950","$1,755","$2,145","$2,460","$2,214","$2,706","$2,640","$2,376","$2,904"
10461,METRO35620MM5600,"New York, NY HUD Metro FMR Area","$2,120","$1,908","$2,332","$2,160","$1,944","$2,376","$2,460","$2,214","$2,706","$3,100","$2,790","$3,410","$3,340","$3,006","$3,674"
10462,METRO35620MM5600,"New York, NY HUD Metro FMR Area","$2,030","$1,827","$2,233","$2,060","$1,854","$2,266","$2,350","$2,115","$2,585","$2,960","$2,664","$3,256","$3,190","$2,871","$3,509"
10463,METRO35620MM5600,"New York, NY HUD Metro FMR Area","$1,910","$1,719","$2,101","$1,940","$1,746","$2,134","$2,210","$1,989","$2,431","$2,790","$2,511","$3,069","$3,000","$2,700","$3,300"
10464,METRO35620MM5600,"New York, NY HUD Metro FMR Area","$1,820","$1,638","$2,002","$1,850","$1,665","$2,035","$2,110","$1,899","$2,321","$2,660","$2,394","$2,926","$2,860","$2,574","$3,146"
10465,METRO35620MM5600,"New York, NY HUD Metro FMR Area","$2,090","$1,881","$2,299","$2,120","$1,908","$2,332","$2,420","$2,178","$2,662","$3,050","$2,745","$3,355","$3,280","$2,952","$3,608"
10466,METRO35620MM5600,"New York, NY HUD Metro FMR Area","$1,930","$1,737","$2,123","$1,970","$1,773","$2,167","$2,240","$2,016","$2,464","$2,830","$2,547","$3,113","$3,040","$2,736","$3,344"
10467,METRO35620MM5600,"New York, NY HUD Metro FMR Area","$1,910","$1,719","$2,101","$1,950","$1,755","$2,145","$2,220","$1,998","$2,442","$2,800","$2,520","$3,080","$3,010","$2,709","$3,311"
10468,METRO35620MM5600,"New York, NY HUD Metro FMR Area","$1,870","$1,683","$2,057","$1,900","$1,710","$2,090","$2,170","$1,953","$2,387","$2,740","$2,466","$3,014","$2,940","$2,646","$3,234"
10469,METRO35620MM5600,"New York, NY HUD Metro FMR Area","$1,950","$1,755","$2,145","$1,980","$1,782","$2,178","$2,260","$2,034","$2,486","$2,850","$2,565","$3,135","$3,060","$2,754","$3,366"
10470,METRO35620MM5600,"New York, NY HUD Metro FMR Area","$2,030","$1,827","$2,233","$2,070","$1,863","$2,277","$2,360","$2,124","$2,596","$2,980","$2,682","$3,278","$3,200","$2,880","$3,520"
10471,METRO35620MM5600,"New York, NY HUD Metro FMR Area","$2,260","$2,034","$2,486","$2,300","$2,070","$2,530","$2,620","$2,358","$2,882","$3,310","$2,979","$3,641","$3,550","$3,195","$3,905"
10472,METRO35620MM5600,"New York, NY HUD Metro FMR Area","$1,720","$1,548","$1,892","$1,760","$1,584","$1,936","$2,000","$1,800","$2,200","$2,520","$2,268","$2,772","$2,710","$2,439","$2,981"
10473,METRO35620MM5600,"New York, NY HUD Metro FMR Area","$1,590","$1,431","$1,749","$1,630","$1,467","$1,793","$1,850","$1,665","$2,035","$2,340","$2,106","$2,574","$2,510","$2,259","$2,761"
10474,METRO35620MM5600,"New York, NY HUD Metro FMR Area","$1,630","$1,467","$1,793","$1,660","$1,494","$1,826","$1,890","$1,701","$2,079","$2,380","$2,142","$2,618","$2,560","$2,304","$2,816"
10475,METRO35620MM5600,"New York, NY HUD Metro FMR Area","$1,590","$1,431","$1,749","$1,630","$1,467","$1,793","$1,850","$1,665","$2,035","$2,340","$2,106","$2,574","$2,510","$2,259","$2,761"
10505,METRO35620MM5600,"New York, NY HUD Metro FMR Area","$1,590","$1,431","$1,749","$1,630","$1,467","$1,793","$1,850","$1,665","$2,035","$2,340","$2,106","$2,574","$2,550","$2,295","$2,805"
10509,METRO35620MM5600,"New York, NY HUD Metro FMR Area","$1,920","$1,728","$2,112","$1,960","$1,764","$2,156","$2,230","$2,007","$2,453","$2,810","$2,529","$3,091","$3,020","$2,718","$3,322"
10512,METRO35620MM5600,"New York, NY HUD Metro FMR Area","$1,810","$1,629","$1,991","$1,840","$1,656","$2,024","$2,100","$1,890","$2,310","$2,650","$2,385","$2,915","$2,850","$2,565","$3,135"
10516,METRO35620MM5600,"New York, NY HUD Metro FMR Area","$2,060","$1,854","$2,266","$2,100","$1,890","$2,310","$2,390","$2,151","$2,629","$3,020","$2,718","$3,322","$3,240","$2,916","$3,564"
10524,METRO35620MM5600,"New York, NY HUD Metro FMR Area","$2,010","$1,809","$2,211","$2,110","$1,899","$2,321","$2,430","$2,187","$2,673","$3,070","$2,763","$3,377","$3,340","$3,006","$3,674"
10537,METRO35620MM5600,"New York, NY HUD Metro FMR Area","$2,620","$2,358","$2,882","$2,670","$2,403","$2,937","$3,050","$2,745","$3,355","$3,850","$3,465","$4,235","$4,140","$3,726","$4,554"
10541,METRO35620MM5600,"New York, NY HUD Metro FMR Area","$1,920","$1,728","$2,112","$1,960","$1,764","$2,156","$2,240","$2,016","$2,464","$2,820","$2,538","$3,102","$3,040","$2,736","$3,344"
10542,METRO35620MM5600,"New York, NY HUD Metro FMR Area","$1,910","$1,719","$2,101","$1,940","$1,746","$2,134","$2,210","$1,989","$2,431","$2,790","$2,511","$3,069","$3,000","$2,700","$3,300"
10550,METRO35620MM5600,"New York, NY HUD Metro FMR Area","$1,590","$1,431","$1,749","$1,630","$1,467","$1,793","$1,850","$1,665","$2,035","$2,340","$2,106","$2,574","$2,550","$2,295","$2,805"
10567,METRO35620MM5600,"New York, NY HUD Metro FMR Area","$1,590","$1,431","$1,749","$1,810","$1,629","$1,991","$2,180","$1,962","$2,398","$2,750","$2,475","$3,025","$3,110","$2,799","$3,421"
10579,METRO35620MM5600,"New York, NY HUD Metro FMR Area","$2,300","$2,070","$2,530","$2,340","$2,106","$2,574","$2,670","$2,403","$2,937","$3,370","$3,033","$3,707","$3,620","$3,258","$3,982"
10588,METRO35620MM5600,"New York, NY HUD Metro FMR Area","$1,590","$1,431","$1,749","$1,770","$1,593","$1,947","$2,120","$1,908","$2,332","$2,670","$2,403","$2,937","$3,010","$2,709","$3,311"
10803,METRO35620MM5600,"New York, NY HUD Metro FMR Area","$1,600","$1,440","$1,760","$1,850","$1,665","$2,035","$2,220","$1,998","$2,442","$2,800","$2,520","$3,080","$3,160","$2,844","$3,476"
10901,METRO35620MM5600,"New York, NY HUD Metro FMR Area","$2,080","$1,872","$2,288","$2,120","$1,908","$2,332","$2,410","$2,169","$2,651","$3,040","$2,736","$3,344","$3,270","$2,943","$3,597"
10911,METRO35620MM5600,"New York, NY HUD Metro FMR Area","$2,000","$1,800","$2,200","$2,040","$1,836","$2,244","$2,340","$2,106","$2,574","$2,950","$2,655","$3,245","$3,170","$2,853","$3,487"
10913,METRO35620MM5600,"New York, NY HUD Metro FMR Area","$1,980","$1,782","$2,178","$2,020","$1,818","$2,222","$2,300","$2,070","$2,530","$2,900","$2,610","$3,190","$3,120","$2,808","$3,432"
10920,METRO35620MM5600,"New York, NY HUD Metro FMR Area","$1,910","$1,719","$2,101","$1,950","$1,755","$2,145","$2,220","$1,998","$2,442","$2,800","$2,520","$3,080","$3,010","$2,709","$3,311"
10923,METRO35620MM5600,"New York, NY HUD Metro FMR Area","$2,020","$1,818","$2,222","$2,050","$1,845","$2,255","$2,340","$2,106","$2,574","$2,950","$2,655","$3,245","$3,170","$2,853","$3,487"
10927,METRO35620MM5600,"New York, NY HUD Metro FMR Area","$1,890","$1,701","$2,079","$1,920","$1,728","$2,112","$2,190","$1,971","$2,409","$2,760","$2,484","$3,036","$2,970","$2,673","$3,267"
10931,METRO35620MM5600,"New York, NY HUD Metro FMR Area","$2,340","$2,106","$2,574","$2,380","$2,142","$2,618","$2,710","$2,439","$2,981","$3,420","$3,078","$3,762","$3,670","$3,303","$4,037"
10952,METRO35620MM5600,"New York, NY HUD Metro FMR Area","$2,100","$1,890","$2,310","$2,140","$1,926","$2,354","$2,440","$2,196","$2,684","$3,080","$2,772","$3,388","$3,310","$2,979","$3,641"
10954,METRO35620MM5600,"New York, NY HUD Metro FMR Area","$2,840","$2,556","$3,124","$2,890","$2,601","$3,179","$3,290","$2,961","$3,619","$4,150","$3,735","$4,565","$4,460","$4,014","$4,906"
10956,METRO35620MM5600,"New York, NY HUD Metro FMR Area","$2,100","$1,890","$2,310","$2,130","$1,917","$2,343","$2,430","$2,187","$2,673","$3,070","$2,763","$3,377","$3,300","$2,970","$3,630"
10960,METRO35620MM5600,"New York, NY HUD Metro FMR Area","$2,330","$2,097","$2,563","$2,370","$2,133","$2,607","$2,700","$2,430","$2,970","$3,410","$3,069","$3,751","$3,660","$3,294","$4,026"
10962,METRO35620MM5600,"New York, NY HUD Metro FMR Area","$1,590","$1,431","$1,749","$1,630","$1,467","$1,793","$1,850","$1,665","$2,035","$2,340","$2,106","$2,574","$2,510","$2,259","$2,761"
10964,METRO35620MM5600,"New York, NY HUD Metro FMR Area","$1,690","$1,521","$1,859","$1,840","$1,656","$2,024","$2,130","$1,917","$2,343","$2,680","$2,412","$2,948","$3,060","$2,754","$3,366"
10965,METRO35620MM5600,"New York, NY HUD Metro FMR Area","$1,860","$1,674","$2,046","$1,900","$1,710","$2,090","$2,160","$1,944","$2,376","$2,720","$2,448","$2,992","$2,930","$2,637","$3,223"
10968,METRO35620MM5600,"New York, NY HUD Metro FMR Area","$2,560","$2,304","$2,816","$2,610","$2,349","$2,871","$2,970","$2,673","$3,267","$3,750","$3,375","$4,125","$4,030","$3,627","$4,433"
10970,METRO35620MM5600,"New York, NY HUD Metro FMR Area","$2,230","$2,007","$2,453","$2,270","$2,043","$2,497","$2,590","$2,331","$2,849","$3,270","$2,943","$3,597","$3,510","$3,159","$3,861"
10974,METRO35620MM5600,"New York, NY HUD Metro FMR Area","$2,140","$1,926","$2,354","$2,180","$1,962","$2,398","$2,480","$2,232","$2,728","$3,130","$2,817","$3,443","$3,360","$3,024","$3,696"
10976,METRO35620MM5600,"New York, NY HUD Metro FMR Area","$1,760","$1,584","$1,936","$1,800","$1,620","$1,980","$2,060","$1,854","$2,266","$2,610","$2,349","$2,871","$2,790","$2,511","$3,069"
10977,METRO35620MM5600,"New York, NY HUD Metro FMR Area","$1,840","$1,656","$2,024","$1,870","$1,683","$2,057","$2,130","$1,917","$2,343","$2,690","$2,421","$2,959","$2,890","$2,601","$3,179"
10980,METRO35620MM5600,"New York, NY HUD Metro FMR Area","$2,140","$1,926","$2,354","$2,180","$1,962","$2,398","$2,480","$2,232","$2,728","$3,130","$2,817","$3,443","$3,360","$3,024","$3,696"
10982,METRO35620MM5600,"New York, NY HUD Metro FMR Area","$2,070","$1,863","$2,277","$2,110","$1,899","$2,321","$2,400","$2,160","$2,640","$3,030","$2,727","$3,333","$3,250","$2,925","$3,575"
10983,METRO35620MM5600,"New York, NY HUD Metro FMR Area","$2,970","$2,673","$3,267","$3,030","$2,727","$3,333","$3,450","$3,105","$3,795","$4,350","$3,915","$4,785","$4,680","$4,212","$5,148"
10984,METRO35620MM5600,"New York, NY HUD Metro FMR Area","$2,110","$1,899","$2,321","$2,160","$1,944","$2,376","$2,460","$2,214","$2,706","$3,110","$2,799","$3,421","$3,330","$2,997","$3,663"
10986,METRO35620MM5600,"New York, NY HUD Metro FMR Area","$2,280","$2,052","$2,508","$2,320","$2,088","$2,552","$2,640","$2,376","$2,904","$3,330","$2,997","$3,663","$3,580","$3,222","$3,938"
10987,METRO35620MM5600,"New York, NY HUD Metro FMR Area","$1,590","$1,431","$1,749","$1,630","$1,467","$1,793","$1,850","$1,665","$2,035","$2,340","$2,106","$2,574","$2,510","$2,259","$2,761"
10989,METRO35620MM5600,"New York, NY HUD Metro FMR Area","$2,770","$2,493","$3,047","$2,820","$2,538","$3,102","$3,210","$2,889","$3,531","$4,050","$3,645","$4,455","$4,350","$3,915","$4,785"
10993,METRO35620MM5600,"New York, NY HUD Metro FMR Area","$1,720","$1,548","$1,892","$1,760","$1,584","$1,936","$2,000","$1,800","$2,200","$2,520","$2,268","$2,772","$2,710","$2,439","$2,981"
10994,METRO35620MM5600,"New York, NY HUD Metro FMR Area","$2,420","$2,178","$2,662","$2,460","$2,214","$2,706","$2,800","$2,520","$3,080","$3,530","$3,177","$3,883","$3,800","$3,420","$4,180"
11001,METRO35620MM5600,"New York, NY HUD Metro FMR Area","$1,590","$1,431","$1,749","$1,670","$1,503","$1,837","$2,000","$1,800","$2,200","$2,550","$2,295","$2,805","$2,800","$2,520","$3,080"
11003,METRO35620MM5600,"New York, NY HUD Metro FMR Area","$1,590","$1,431","$1,749","$1,700","$1,530","$1,870","$2,070","$1,863","$2,277","$2,650","$2,385","$2,915","$2,920","$2,628","$3,212"
11004,METRO35620MM5600,"New York, NY HUD Metro FMR Area","$2,020","$1,818","$2,222","$2,050","$1,845","$2,255","$2,340","$2,106","$2,574","$2,950","$2,655","$3,245","$3,170","$2,853","$3,487"
11005,METRO35620MM5600,"New York, NY HUD Metro FMR Area","$3,030","$2,727","$3,333","$3,080","$2,772","$3,388","$3,510","$3,159","$3,861","$4,430","$3,987","$4,873","$4,760","$4,284","$5,236"
11020,METRO35620MM5600,"New York, NY HUD Metro FMR Area","$1,670","$1,503","$1,837","$1,980","$1,782","$2,178","$2,430","$2,187","$2,673","$3,130","$2,817","$3,443","$3,490","$3,141","$3,839"
11040,METRO35620MM5600,"New York, NY HUD Metro FMR Area","$1,590","$1,431","$1,749","$1,830","$1,647","$2,013","$2,220","$1,998","$2,442","$2,830","$2,547","$3,113","$3,120","$2,808","$3,432"
11101,METRO35620MM5600,"New York, NY HUD Metro FMR Area","$2,480","$2,232","$2,728","$2,530","$2,277","$2,783","$2,880","$2,592","$3,168","$3,630","$3,267","$3,993","$3,910","$3,519","$4,301"
11102,METRO35620MM5600,"New York, NY HUD Metro FMR Area","$2,440","$2,196","$2,684","$2,480","$2,232","$2,728","$2,830","$2,547","$3,113","$3,570","$3,213","$3,927","$3,840","$3,456","$4,224"
11103,METRO35620MM5600,"New York, NY HUD Metro FMR Area","$2,370","$2,133","$2,607","$2,410","$2,169","$2,651","$2,750","$2,475","$3,025","$3,470","$3,123","$3,817","$3,730","$3,357","$4,103"
11104,METRO35620MM5600,"New York, NY HUD Metro FMR Area","$2,360","$2,124","$2,596","$2,400","$2,160","$2,640","$2,740","$2,466","$3,014","$3,460","$3,114","$3,806","$3,720","$3,348","$4,092"
11105,METRO35620MM5600,"New York, NY HUD Metro FMR Area","$2,430","$2,187","$2,673","$2,480","$2,232","$2,728","$2,820","$2,538","$3,102","$3,560","$3,204","$3,916","$3,820","$3,438","$4,202"
11106,METRO35620MM5600,"New York, NY HUD Metro FMR Area","$2,380","$2,142","$2,618","$2,420","$2,178","$2,662","$2,760","$2,484","$3,036","$3,480","$3,132","$3,828","$3,740","$3,366","$4,114"
11109,METRO35620MM5600,"New York, NY HUD Metro FMR Area","$3,030","$2,727","$3,333","$3,080","$2,772","$3,388","$3,510","$3,159","$3,861","$4,430","$3,987","$4,873","$4,760","$4,284","$5,236"
11201,METRO35620MM5600,"New York, NY HUD Metro FMR Area","$3,030","$2,727","$3,333","$3,080","$2,772","$3,388","$3,510","$3,159","$3,861","$4,430","$3,987","$4,873","$4,760","$4,284","$5,236"
11202,METRO35620MM5600,"New York, NY HUD Metro FMR Area","$1,970","$1,773","$2,167","$2,010","$1,809","$2,211","$2,290","$2,061","$2,519","$2,890","$2,601","$3,179","$3,110","$2,799","$3,421"
11203,METRO35620MM5600,"New York, NY HUD Metro FMR Area","$1,870","$1,683","$2,057","$1,900","$1,710","$2,090","$2,170","$1,953","$2,387","$2,740","$2,466","$3,014","$2,940","$2,646","$3,234"
11204,METRO35620MM5600,"New York, NY HUD Metro FMR Area","$1,890","$1,701","$2,079","$1,920","$1,728","$2,112","$2,190","$1,971","$2,409","$2,760","$2,484","$3,036","$2,970","$2,673","$3,267"
11205,METRO35620MM5600,"New York, NY HUD Metro FMR Area","$2,010","$1,809","$2,211","$2,050","$1,845","$2,255","$2,330","$2,097","$2,563","$2,940","$2,646","$3,234","$3,160","$2,844","$3,476"
11206,METRO35620MM5600,"New York, NY HUD Metro FMR Area","$1,800","$1,620","$1,980","$1,830","$1,647","$2,013","$2,090","$1,881","$2,299","$2,640","$2,376","$2,904","$2,830","$2,547","$3,113"
11207,METRO35620MM5600,"New York, NY HUD Metro FMR Area","$1,910","$1,719","$2,101","$1,940","$1,746","$2,134","$2,210","$1,989","$2,431","$2,790","$2,511","$3,069","$3,000","$2,700","$3,300"
11208,METRO35620MM5600,"New York, NY HUD Metro FMR Area","$1,820","$1,638","$2,002","$1,850","$1,665","$2,035","$2,110","$1,899","$2,321","$2,660","$2,394","$2,926","$2,860","$2,574","$3,146"
11209,METRO35620MM5600,"New York, NY HUD Metro FMR Area","$2,280","$2,052","$2,508","$2,320","$2,088","$2,552","$2,640","$2,376","$2,904","$3,330","$2,997","$3,663","$3,580","$3,222","$3,938"
11210,METRO35620MM5600,"New York, NY HUD Metro FMR Area","$1,970","$1,773","$2,167","$2,000","$1,800","$2,200","$2,280","$2,052","$2,508","$2,880","$2,592","$3,168","$3,090","$2,781","$3,399"
11211,METRO35620MM5600,"New York, NY HUD Metro FMR Area","$2,310","$2,079","$2,541","$2,350","$2,115","$2,585","$2,680","$2,412","$2,948","$3,380","$3,042","$3,718","$3,630","$3,267","$3,993"
11212,METRO35620MM5600,"New York, NY HUD Metro FMR Area","$1,720","$1,548","$1,892","$1,750","$1,575","$1,925","$1,990","$1,791","$2,189","$2,510","$2,259","$2,761","$2,700","$2,430","$2,970"
11213,METRO35620MM5600,"New York, NY HUD Metro FMR Area","$1,820","$1,638","$2,002","$1,850","$1,665","$2,035","$2,110","$1,899","$2,321","$2,660","$2,394","$2,926","$2,860","$2,574","$3,146"
11214,METRO35620MM5600,"New York, NY HUD Metro FMR Area","$1,930","$1,737","$2,123","$1,970","$1,773","$2,167","$2,240","$2,016","$2,464","$2,830","$2,547","$3,113","$3,040","$2,736","$3,344"
11215,METRO35620MM5600,"New York, NY HUD Metro FMR Area","$3,030","$2,727","$3,333","$3,080","$2,772","$3,388","$3,510","$3,159","$3,861","$4,430","$3,987","$4,873","$4,760","$4,284","$5,236"
11216,METRO35620MM5600,"New York, NY HUD Metro FMR Area","$1,970","$1,773","$2,167","$2,010","$1,809","$2,211","$2,290","$2,061","$2,519","$2,890","$2,601","$3,179","$3,110","$2,799","$3,421"
11217,METRO35620MM5600,"New York, NY HUD Metro FMR Area","$3,030","$2,727","$3,333","$3,080","$2,772","$3,388","$3,510","$3,159","$3,861","$4,430","$3,987","$4,873","$4,760","$4,284","$5,236"
11218,METRO35620MM5600,"New York, NY HUD Metro FMR Area","$2,160","$1,944","$2,376","$2,200","$1,980","$2,420","$2,510","$2,259","$2,761","$3,170","$2,853","$3,487","$3,400","$3,060","$3,740"
11219,METRO35620MM5600,"New York, NY HUD Metro FMR Area","$1,910","$1,719","$2,101","$1,950","$1,755","$2,145","$2,220","$1,998","$2,442","$2,800","$2,520","$3,080","$3,010","$2,709","$3,311"
11220,METRO35620MM5600,"New York, NY HUD Metro FMR Area","$1,890","$1,701","$2,079","$1,920","$1,728","$2,112","$2,190","$1,971","$2,409","$2,760","$2,484","$3,036","$2,970","$2,673","$3,267"
11221,METRO35620MM5600,"New York, NY HUD Metro FMR Area","$1,950","$1,755","$2,145","$1,980","$1,782","$2,178","$2,260","$2,034","$2,486","$2,850","$2,565","$3,135","$3,060","$2,754","$3,366"
11222,METRO35620MM5600,"New York, NY HUD Metro FMR Area","$2,610","$2,349","$2,871","$2,660","$2,394","$2,926","$3,030","$2,727","$3,333","$3,820","$3,438","$4,202","$4,110","$3,699","$4,521"
11223,METRO35620MM5600,"New York, NY HUD Metro FMR Area","$2,000","$1,800","$2,200","$2,040","$1,836","$2,244","$2,320","$2,088","$2,552","$2,930","$2,637","$3,223","$3,150","$2,835","$3,465"
11224,METRO35620MM5600,"New York, NY HUD Metro FMR Area","$1,590","$1,431","$1,749","$1,630","$1,467","$1,793","$1,850","$1,665","$2,035","$2,340","$2,106","$2,574","$2,510","$2,259","$2,761"
11225,METRO35620MM5600,"New York, NY HUD Metro FMR Area","$1,920","$1,728","$2,112","$1,960","$1,764","$2,156","$2,230","$2,007","$2,453","$2,810","$2,529","$3,091","$3,020","$2,718","$3,322"
11226,METRO35620MM5600,"New York, NY HUD Metro FMR Area","$1,940","$1,746","$2,134","$1,970","$1,773","$2,167","$2,250","$2,025","$2,475","$2,840","$2,556","$3,124","$3,050","$2,745","$3,355"
11228,METRO35620MM5600,"New York, NY HUD Metro FMR Area","$1,970","$1,773","$2,167","$2,010","$1,809","$2,211","$2,290","$2,061","$2,519","$2,890","$2,601","$3,179","$3,110","$2,799","$3,421"
11229,METRO35620MM5600,"New York, NY HUD Metro FMR Area","$1,990","$1,791","$2,189","$2,030","$1,827","$2,233","$2,310","$2,079","$2,541","$2,910","$2,619","$3,201","$3,130","$2,817","$3,443"
11230,METRO35620MM5600,"New York, NY HUD Metro FMR Area","$2,050","$1,845","$2,255","$2,090","$1,881","$2,299","$2,380","$2,142","$2,618","$3,000","$2,700","$3,300","$3,230","$2,907","$3,553"
11231,METRO35620MM5600,"New York, NY HUD Metro FMR Area","$2,930","$2,637","$3,223","$2,980","$2,682","$3,278","$3,400","$3,060","$3,740","$4,290","$3,861","$4,719","$4,610","$4,149","$5,071"
11232,METRO35620MM5600,"New York, NY HUD Metro FMR Area","$1,980","$1,782","$2,178","$2,020","$1,818","$2,222","$2,300","$2,070","$2,530","$2,900","$2,610","$3,190","$3,120","$2,808","$3,432"
11233,METRO35620MM5600,"New York, NY HUD Metro FMR Area","$1,830","$1,647","$2,013","$1,860","$1,674","$2,046","$2,120","$1,908","$2,332","$2,670","$2,403","$2,937","$2,870","$2,583","$3,157"
11234,METRO35620MM5600,"New York, NY HUD Metro FMR Area","$1,980","$1,782","$2,178","$2,020","$1,818","$2,222","$2,300","$2,070","$2,530","$2,900","$2,610","$3,190","$3,120","$2,808","$3,432"
11235,METRO35620MM5600,"New York, NY HUD Metro FMR Area","$2,080","$1,872","$2,288","$2,120","$1,908","$2,332","$2,410","$2,169","$2,651","$3,040","$2,736","$3,344","$3,270","$2,943","$3,597"
11236,METRO35620MM5600,"New York, NY HUD Metro FMR Area","$1,970","$1,773","$2,167","$2,010","$1,809","$2,211","$2,290","$2,061","$2,519","$2,890","$2,601","$3,179","$3,110","$2,799","$3,421"
11237,METRO35620MM5600,"New York, NY HUD Metro FMR Area","$1,890","$1,701","$2,079","$1,920","$1,728","$2,112","$2,190","$1,971","$2,409","$2,760","$2,484","$3,036","$2,970","$2,673","$3,267"
11238,METRO35620MM5600,"New York, NY HUD Metro FMR Area","$2,360","$2,124","$2,596","$2,400","$2,160","$2,640","$2,740","$2,466","$3,014","$3,460","$3,114","$3,806","$3,720","$3,348","$4,092"
11239,METRO35620MM5600,"New York, NY HUD Metro FMR Area","$1,730","$1,557","$1,903","$1,760","$1,584","$1,936","$2,010","$1,809","$2,211","$2,540","$2,286","$2,794","$2,730","$2,457","$3,003"
11241,METRO35620MM5600,"New York, NY HUD Metro FMR Area","$1,970","$1,773","$2,167","$2,010","$1,809","$2,211","$2,290","$2,061","$2,519","$2,890","$2,601","$3,179","$3,110","$2,799","$3,421"
11242,METRO35620MM5600,"New York, NY HUD Metro FMR Area","$1,970","$1,773","$2,167","$2,010","$1,809","$2,211","$2,290","$2,061","$2,519","$2,890","$2,601","$3,179","$3,110","$2,799","$3,421"
11243,METRO35620MM5600,"New York, NY HUD Metro FMR Area","$1,970","$1,773","$2,167","$2,010","$1,809","$2,211","$2,290","$2,061","$2,519","$2,890","$2,601","$3,179","$3,110","$2,799","$3,421"
11247,METRO35620MM5600,"New York, NY HUD Metro FMR Area","$1,970","$1,773","$2,167","$2,010","$1,809","$2,211","$2,290","$2,061","$2,519","$2,890","$2,601","$3,179","$3,110","$2,799","$3,421"
11249,METRO35620MM5600,"New York, NY HUD Metro FMR Area","$1,970","$1,773","$2,167","$2,010","$1,809","$2,211","$2,290","$2,061","$2,519","$2,890","$2,601","$3,179","$3,110","$2,799","$3,421"
11252,METRO35620MM5600,"New York, NY HUD Metro FMR Area","$1,970","$1,773","$2,167","$2,010","$1,809","$2,211","$2,290","$2,061","$2,519","$2,890","$2,601","$3,179","$3,110","$2,799","$3,421"
11256,METRO35620MM5600,"New York, NY HUD Metro FMR Area","$1,970","$1,773","$2,167","$2,010","$1,809","$2,211","$2,290","$2,061","$2,519","$2,890","$2,601","$3,179","$3,110","$2,799","$3,421"
11351,METRO35620MM5600,"New York, NY HUD Metro FMR Area","$2,080","$1,872","$2,288","$2,120","$1,908","$2,332","$2,410","$2,169","$2,651","$3,040","$2,736","$3,344","$3,270","$2,943","$3,597"
11352,METRO35620MM5600,"New York, NY HUD Metro FMR Area","$2,080","$1,872","$2,288","$2,120","$1,908","$2,332","$2,410","$2,169","$2,651","$3,040","$2,736","$3,344","$3,270","$2,943","$3,597"
11354,METRO35620MM5600,"New York, NY HUD Metro FMR Area","$2,160","$1,944","$2,376","$2,200","$1,980","$2,420","$2,510","$2,259","$2,761","$3,170","$2,853","$3,487","$3,400","$3,060","$3,740"
11355,METRO35620MM5600,"New York, NY HUD Metro FMR Area","$1,980","$1,782","$2,178","$2,020","$1,818","$2,222","$2,300","$2,070","$2,530","$2,900","$2,610","$3,190","$3,120","$2,808","$3,432"
11356,METRO35620MM5600,"New York, NY HUD Metro FMR Area","$2,240","$2,016","$2,464","$2,280","$2,052","$2,508","$2,600","$2,340","$2,860","$3,280","$2,952","$3,608","$3,530","$3,177","$3,883"
11357,METRO35620MM5600,"New York, NY HUD Metro FMR Area","$2,340","$2,106","$2,574","$2,380","$2,142","$2,618","$2,710","$2,439","$2,981","$3,420","$3,078","$3,762","$3,670","$3,303","$4,037"
11358,METRO35620MM5600,"New York, NY HUD Metro FMR Area","$2,230","$2,007","$2,453","$2,270","$2,043","$2,497","$2,590","$2,331","$2,849","$3,270","$2,943","$3,597","$3,510","$3,159","$3,861"
11359,METRO35620MM5600,"New York, NY HUD Metro FMR Area","$2,080","$1,872","$2,288","$2,120","$1,908","$2,332","$2,410","$2,169","$2,651","$3,040","$2,736","$3,344","$3,270","$2,943","$3,597"
11360,METRO35620MM5600,"New York, NY HUD Metro FMR Area","$2,750","$2,475","$3,025","$2,800","$2,520","$3,080","$3,190","$2,871","$3,509","$4,020","$3,618","$4,422","$4,330","$3,897","$4,763"
11361,METRO35620MM5600,"New York, NY HUD Metro FMR Area","$2,390","$2,151","$2,629","$2,430","$2,187","$2,673","$2,770","$2,493","$3,047","$3,490","$3,141","$3,839","$3,760","$3,384","$4,136"
11362,METRO35620MM5600,"New York, NY HUD Metro FMR Area","$2,420","$2,178","$2,662","$2,470","$2,223","$2,717","$2,810","$2,529","$3,091","$3,540","$3,186","$3,894","$3,810","$3,429","$4,191"
11363,METRO35620MM5600,"New York, NY HUD Metro FMR Area","$2,760","$2,484","$3,036","$2,810","$2,529","$3,091","$3,200","$2,880","$3,520","$4,040","$3,636","$4,444","$4,340","$3,906","$4,774"
11364,METRO35620MM5600,"New York, NY HUD Metro FMR Area","$2,340","$2,106","$2,574","$2,380","$2,142","$2,618","$2,710","$2,439","$2,981","$3,420","$3,078","$3,762","$3,670","$3,303","$4,037"
11365,METRO35620MM5600,"New York, NY HUD Metro FMR Area","$1,970","$1,773","$2,167","$2,010","$1,809","$2,211","$2,290","$2,061","$2,519","$2,890","$2,601","$3,179","$3,110","$2,799","$3,421"
11366,METRO35620MM5600,"New York, NY HUD Metro FMR Area","$2,290","$2,061","$2,519","$2,330","$2,097","$2,563","$2,660","$2,394","$2,926","$3,360","$3,024","$3,696","$3,610","$3,249","$3,971"
11367,METRO35620MM5600,"New York, NY HUD Metro FMR Area","$1,990","$1,791","$2,189","$2,030","$1,827","$2,233","$2,310","$2,079","$2,541","$2,910","$2,619","$3,201","$3,130","$2,817","$3,443"
11368,METRO35620MM5600,"New York, NY HUD Metro FMR Area","$2,200","$1,980","$2,420","$2,240","$2,016","$2,464","$2,550","$2,295","$2,805","$3,220","$2,898","$3,542","$3,460","$3,114","$3,806"
11369,METRO35620MM5600,"New York, NY HUD Metro FMR Area","$2,170","$1,953","$2,387","$2,210","$1,989","$2,431","$2,520","$2,268","$2,772","$3,180","$2,862","$3,498","$3,420","$3,078","$3,762"
11370,METRO35620MM5600,"New York, NY HUD Metro FMR Area","$2,200","$1,980","$2,420","$2,240","$2,016","$2,464","$2,550","$2,295","$2,805","$3,220","$2,898","$3,542","$3,460","$3,114","$3,806"
11371,METRO35620MM5600,"New York, NY HUD Metro FMR Area","$2,080","$1,872","$2,288","$2,120","$1,908","$2,332","$2,410","$2,169","$2,651","$3,040","$2,736","$3,344","$3,270","$2,943","$3,597"
11372,METRO35620MM5600,"New York, NY HUD Metro FMR Area","$2,050","$1,845","$2,255","$2,090","$1,881","$2,299","$2,380","$2,142","$2,618","$3,000","$2,700","$3,300","$3,230","$2,907","$3,553"
11373,METRO35620MM5600,"New York, NY HUD Metro FMR Area","$2,180","$1,962","$2,398","$2,220","$1,998","$2,442","$2,530","$2,277","$2,783","$3,190","$2,871","$3,509","$3,430","$3,087","$3,773"
11374,METRO35620MM5600,"New York, NY HUD Metro FMR Area","$2,280","$2,052","$2,508","$2,320","$2,088","$2,552","$2,640","$2,376","$2,904","$3,330","$2,997","$3,663","$3,580","$3,222","$3,938"
11375,METRO35620MM5600,"New York, NY HUD Metro FMR Area","$2,550","$2,295","$2,805","$2,600","$2,340","$2,860","$2,960","$2,664","$3,256","$3,730","$3,357","$4,103","$4,010","$3,609","$4,411"
11377,METRO35620MM5600,"New York, NY HUD Metro FMR Area","$2,210","$1,989","$2,431","$2,250","$2,025","$2,475","$2,560","$2,304","$2,816","$3,230","$2,907","$3,553","$3,470","$3,123","$3,817"
11378,METRO35620MM5600,"New York, NY HUD Metro FMR Area","$2,160","$1,944","$2,376","$2,200","$1,980","$2,420","$2,510","$2,259","$2,761","$3,170","$2,853","$3,487","$3,400","$3,060","$3,740"
11379,METRO35620MM5600,"New York, NY HUD Metro FMR Area","$2,220","$1,998","$2,442","$2,260","$2,034","$2,486","$2,580","$2,322","$2,838","$3,250","$2,925","$3,575","$3,500","$3,150","$3,850"
11380,METRO35620MM5600,"New York, NY HUD Metro FMR Area","$2,080","$1,872","$2,288","$2,120","$1,908","$2,332","$2,410","$2,169","$2,651","$3,040","$2,736","$3,344","$3,270","$2,943","$3,597"
11381,METRO35620MM5600,"New York, NY HUD Metro FMR Area","$2,080","$1,872","$2,288","$2,120","$1,908","$2,332","$2,410","$2,169","$2,651","$3,040","$2,736","$3,344","$3,270","$2,943","$3,597"
11385,METRO35620MM5600,"New York, NY HUD Metro FMR Area","$1,960","$1,764","$2,156","$1,990","$1,791","$2,189","$2,270","$2,043","$2,497","$2,860","$2,574","$3,146","$3,080","$2,772","$3,388"
11386,METRO35620MM5600,"New York, NY HUD Metro FMR Area","$2,080","$1,872","$2,288","$2,120","$1,908","$2,332","$2,410","$2,169","$2,651","$3,040","$2,736","$3,344","$3,270","$2,943","$3,597"
11411,METRO35620MM5600,"New York, NY HUD Metro FMR Area","$2,130","$1,917","$2,343","$2,170","$1,953","$2,387","$2,470","$2,223","$2,717","$3,120","$2,808","$3,432","$3,350","$3,015","$3,685"
11412,METRO35620MM5600,"New York, NY HUD Metro FMR Area","$1,960","$1,764","$2,156","$1,990","$1,791","$2,189","$2,270","$2,043","$2,497","$2,860","$2,574","$3,146","$3,080","$2,772","$3,388"
11413,METRO35620MM5600,"New York, NY HUD Metro FMR Area","$2,070","$1,863","$2,277","$2,110","$1,899","$2,321","$2,400","$2,160","$2,640","$3,030","$2,727","$3,333","$3,250","$2,925","$3,575"
11414,METRO35620MM5600,"New York, NY HUD Metro FMR Area","$2,110","$1,899","$2,321","$2,150","$1,935","$2,365","$2,450","$2,205","$2,695","$3,090","$2,781","$3,399","$3,320","$2,988","$3,652"
11415,METRO35620MM5600,"New York, NY HUD Metro FMR Area","$2,270","$2,043","$2,497","$2,310","$2,079","$2,541","$2,630","$2,367","$2,893","$3,320","$2,988","$3,652","$3,570","$3,213","$3,927"
11416,METRO35620MM5600,"New York, NY HUD Metro FMR Area","$1,940","$1,746","$2,134","$1,970","$1,773","$2,167","$2,250","$2,025","$2,475","$2,840","$2,556","$3,124","$3,050","$2,745","$3,355"
11417,METRO35620MM5600,"New York, NY HUD Metro FMR Area","$2,070","$1,863","$2,277","$2,110","$1,899","$2,321","$2,400","$2,160","$2,640","$3,030","$2,727","$3,333","$3,250","$2,925","$3,575"
11418,METRO35620MM5600,"New York, NY HUD Metro FMR Area","$2,030","$1,827","$2,233","$2,070","$1,863","$2,277","$2,360","$2,124","$2,596","$2,980","$2,682","$3,278","$3,200","$2,880","$3,520"
11419,METRO35620MM5600,"New York, NY HUD Metro FMR Area","$2,070","$1,863","$2,277","$2,110","$1,899","$2,321","$2,400","$2,160","$2,640","$3,030","$2,727","$3,333","$3,250","$2,925","$3,575"
11420,METRO35620MM5600,"New York, NY HUD Metro FMR Area","$2,010","$1,809","$2,211","$2,050","$1,845","$2,255","$2,330","$2,097","$2,563","$2,940","$2,646","$3,234","$3,160","$2,844","$3,476"
11421,METRO35620MM5600,"New York, NY HUD Metro FMR Area","$2,130","$1,917","$2,343","$2,170","$1,953","$2,387","$2,470","$2,223","$2,717","$3,120","$2,808","$3,432","$3,350","$3,015","$3,685"
11422,METRO35620MM5600,"New York, NY HUD Metro FMR Area","$2,290","$2,061","$2,519","$2,330","$2,097","$2,563","$2,660","$2,394","$2,926","$3,360","$3,024","$3,696","$3,610","$3,249","$3,971"
11423,METRO35620MM5600,"New York, NY HUD Metro FMR Area","$1,870","$1,683","$2,057","$1,900","$1,710","$2,090","$2,170","$1,953","$2,387","$2,740","$2,466","$3,014","$2,940","$2,646","$3,234"
11424,METRO35620MM5600,"New York, NY HUD Metro FMR Area","$2,080","$1,872","$2,288","$2,120","$1,908","$2,332","$2,410","$2,169","$2,651","$3,040","$2,736","$3,344","$3,270","$2,943","$3,597"
11425,METRO35620MM5600,"New York, NY HUD Metro FMR Area","$1,970","$1,773","$2,167","$2,010","$1,809","$2,211","$2,290","$2,061","$2,519","$2,890","$2,601","$3,179","$3,110","$2,799","$3,421"
11426,METRO35620MM5600,"New York, NY HUD Metro FMR Area","$2,410","$2,169","$2,651","$2,450","$2,205","$2,695","$2,790","$2,511","$3,069","$3,520","$3,168","$3,872","$3,780","$3,402","$4,158"
11427,METRO35620MM5600,"New York, NY HUD Metro FMR Area","$1,860","$1,674","$2,046","$1,900","$1,710","$2,090","$2,160","$1,944","$2,376","$2,720","$2,448","$2,992","$2,930","$2,637","$3,223"
11428,METRO35620MM5600,"New York, NY HUD Metro FMR Area","$1,950","$1,755","$2,145","$1,980","$1,782","$2,178","$2,260","$2,034","$2,486","$2,850","$2,565","$3,135","$3,060","$2,754","$3,366"
11429,METRO35620MM5600,"New York, NY HUD Metro FMR Area","$1,960","$1,764","$2,156","$1,990","$1,791","$2,189","$2,270","$2,043","$2,497","$2,860","$2,574","$3,146","$3,080","$2,772","$3,388"
11430,METRO35620MM5600,"New York, NY HUD Metro FMR Area","$1,820","$1,638","$2,002","$1,900","$1,710","$2,090","$2,180","$1,962","$2,398","$2,750","$2,475","$3,025","$2,970","$2,673","$3,267"
11431,METRO35620MM5600,"New York, NY HUD Metro FMR Area","$2,080","$1,872","$2,288","$2,120","$1,908","$2,332","$2,410","$2,169","$2,651","$3,040","$2,736","$3,344","$3,270","$2,943","$3,597"
11432,METRO35620MM5600,"New York, NY HUD Metro FMR Area","$2,220","$1,998","$2,442","$2,260","$2,034","$2,486","$2,570","$2,313","$2,827","$3,240","$2,916","$3,564","$3,490","$3,141","$3,839"
11433,METRO35620MM5600,"New York, NY HUD Metro FMR Area","$1,920","$1,728","$2,112","$1,960","$1,764","$2,156","$2,230","$2,007","$2,453","$2,810","$2,529","$3,091","$3,020","$2,718","$3,322"
11434,METRO35620MM5600,"New York, NY HUD Metro FMR Area","$1,610","$1,449","$1,771","$1,640","$1,476","$1,804","$1,870","$1,683","$2,057","$2,360","$2,124","$2,596","$2,540","$2,286","$2,794"
11435,METRO35620MM5600,"New York, NY HUD Metro FMR Area","$1,980","$1,782","$2,178","$2,020","$1,818","$2,222","$2,300","$2,070","$2,530","$2,900","$2,610","$3,190","$3,120","$2,808","$3,432"
11436,METRO35620MM5600,"New York, NY HUD Metro FMR Area","$2,130","$1,917","$2,343","$2,170","$1,953","$2,387","$2,470","$2,223","$2,717","$3,120","$2,808","$3,432","$3,350","$3,015","$3,685"
11439,METRO35620MM5600,"New York, NY HUD Metro FMR Area","$2,080","$1,872","$2,288","$2,120","$1,908","$2,332","$2,410","$2,169","$2,651","$3,040","$2,736","$3,344","$3,270","$2,943","$3,597"
11451,METRO35620MM5600,"New York, NY HUD Metro FMR Area","$2,080","$1,872","$2,288","$2,120","$1,908","$2,332","$2,410","$2,169","$2,651","$3,040","$2,736","$3,344","$3,270","$2,943","$3,597"
11559,METRO35620MM5600,"New York, NY HUD Metro FMR Area","$1,590","$1,431","$1,749","$1,670","$1,503","$1,837","$2,030","$1,827","$2,233","$2,600","$2,340","$2,860","$2,860","$2,574","$3,146"
11580,METRO35620MM5600,"New York, NY HUD Metro FMR Area","$1,590","$1,431","$1,749","$1,630","$1,467","$1,793","$1,970","$1,773","$2,167","$2,520","$2,268","$2,772","$2,780","$2,502","$3,058"
11691,METRO35620MM5600,"New York, NY HUD Metro FMR Area","$1,930","$1,737","$2,123","$1,970","$1,773","$2,167","$2,240","$2,016","$2,464","$2,830","$2,547","$3,113","$3,040","$2,736","$3,344"
11692,METRO35620MM5600,"New York, NY HUD Metro FMR Area","$1,770","$1,593","$1,947","$1,800","$1,620","$1,980","$2,050","$1,845","$2,255","$2,590","$2,331","$2,849","$2,780","$2,502","$3,058"
11693,METRO35620MM5600,"New York, NY HUD Metro FMR Area","$1,590","$1,431","$1,749","$1,630","$1,467","$1,793","$1,850","$1,665","$2,035","$2,340","$2,106","$2,574","$2,510","$2,259","$2,761"
11694,METRO35620MM5600,"New York, NY HUD Metro FMR Area","$1,790","$1,611","$1,969","$1,830","$1,647","$2,013","$2,080","$1,872","$2,288","$2,620","$2,358","$2,882","$2,820","$2,538","$3,102"
11697,METRO35620MM5600,"New York, NY HUD Metro FMR Area","$1,790","$1,611","$1,969","$1,830","$1,647","$2,013","$2,080","$1,872","$2,288","$2,620","$2,358","$2,882","$2,820","$2,538","$3,102"
12524,METRO35620MM5600,"New York, NY HUD Metro FMR Area","$1,590","$1,431","$1,749","$1,630","$1,467","$1,793","$1,850","$1,665","$2,035","$2,340","$2,106","$2,574","$2,510","$2,259","$2,761"
12531,METRO35620MM5600,"New York, NY HUD Metro FMR Area","$1,590","$1,431","$1,749","$1,630","$1,467","$1,793","$1,850","$1,665","$2,035","$2,340","$2,106","$2,574","$2,510","$2,259","$2,761"
12533,METRO35620MM5600,"New York, NY HUD Metro FMR Area","$1,590","$1,431","$1,749","$1,630","$1,467","$1,793","$1,850","$1,665","$2,035","$2,340","$2,106","$2,574","$2,510","$2,259","$2,761"
12563,METRO35620MM5600,"New York, NY HUD Metro FMR Area","$1,600","$1,440","$1,760","$1,630","$1,467","$1,793","$1,860","$1,674","$2,046","$2,350","$2,115","$2,585","$2,520","$2,268","$2,772"
12564,METRO35620MM5600,"New York, NY HUD Metro FMR Area","$1,590","$1,431","$1,749","$1,630","$1,467","$1,793","$1,850","$1,665","$2,035","$2,340","$2,106","$2,574","$2,510","$2,259","$2,761"
12582,METRO35620MM5600,"New York, NY HUD Metro FMR Area","$1,590","$1,431","$1,749","$1,630","$1,467","$1,793","$1,850","$1,665","$2,035","$2,340","$2,106","$2,574","$2,510","$2,259","$2,761"
10512,METRO39100M39100,"Poughkeepsie-Newburgh-Middletown, NY MSA","$1,810","$1,629","$1,991","$1,840","$1,656","$2,024","$2,100","$1,890","$2,310","$2,650","$2,385","$2,915","$2,850","$2,565","$3,135"
10910,METRO39100M39100,"Poughkeepsie-Newburgh-Middletown, NY MSA","$1,050",$945,"$1,155","$1,120","$1,008","$1,232","$1,430","$1,287","$1,573","$1,820","$1,638","$2,002","$2,050","$1,845","$2,255"
10911,METRO39100M39100,"Poughkeepsie-Newburgh-Middletown, NY MSA","$2,000","$1,800","$2,200","$2,040","$1,836","$2,244","$2,340","$2,106","$2,574","$2,950","$2,655","$3,245","$3,170","$2,853","$3,487"
10912,METRO39100M39100,"Poughkeepsie-Newburgh-Middletown, NY MSA","$1,050",$945,"$1,155","$1,120","$1,008","$1,232","$1,430","$1,287","$1,573","$1,820","$1,638","$2,002","$2,050","$1,845","$2,255"
10914,METRO39100M39100,"Poughkeepsie-Newburgh-Middletown, NY MSA",$990,$891,"$1,089","$1,070",$963,"$1,177","$1,360","$1,224","$1,496","$1,730","$1,557","$1,903","$1,950","$1,755","$2,145"
10915,METRO39100M39100,"Poughkeepsie-Newburgh-Middletown, NY MSA","$1,030",$927,"$1,133","$1,120","$1,008","$1,232","$1,430","$1,287","$1,573","$1,830","$1,647","$2,013","$2,060","$1,854","$2,266"
10916,METRO39100M39100,"Poughkeepsie-Newburgh-Middletown, NY MSA","$1,250","$1,125","$1,375","$1,360","$1,224","$1,496","$1,710","$1,539","$1,881","$2,180","$1,962","$2,398","$2,510","$2,259","$2,761"
10917,METRO39100M39100,"Poughkeepsie-Newburgh-Middletown, NY MSA","$1,320","$1,188","$1,452","$1,420","$1,278","$1,562","$1,810","$1,629","$1,991","$2,300","$2,070","$2,530","$2,590","$2,331","$2,849"
10918,METRO39100M39100,"Poughkeepsie-Newburgh-Middletown, NY MSA","$1,210","$1,089","$1,331","$1,300","$1,170","$1,430","$1,660","$1,494","$1,826","$2,110","$1,899","$2,321","$2,380","$2,142","$2,618"
10919,METRO39100M39100,"Poughkeepsie-Newburgh-Middletown, NY MSA","$1,050",$945,"$1,155","$1,120","$1,008","$1,232","$1,430","$1,287","$1,573","$1,830","$1,647","$2,013","$2,060","$1,854","$2,266"
10921,METRO39100M39100,"Poughkeepsie-Newburgh-Middletown, NY MSA","$1,160","$1,044","$1,276","$1,240","$1,116","$1,364","$1,580","$1,422","$1,738","$2,010","$1,809","$2,211","$2,260","$2,034","$2,486"
10922,METRO39100M39100,"Poughkeepsie-Newburgh-Middletown, NY MSA","$1,490","$1,341","$1,639","$1,600","$1,440","$1,760","$2,040","$1,836","$2,244","$2,590","$2,331","$2,849","$2,920","$2,628","$3,212"
10924,METRO39100M39100,"Poughkeepsie-Newburgh-Middletown, NY MSA","$1,020",$918,"$1,122","$1,100",$990,"$1,210","$1,400","$1,260","$1,540","$1,780","$1,602","$1,958","$2,000","$1,800","$2,200"
10925,METRO39100M39100,"Poughkeepsie-Newburgh-Middletown, NY MSA",$980,$882,"$1,078","$1,050",$945,"$1,155","$1,330","$1,197","$1,463","$1,690","$1,521","$1,859","$1,890","$1,701","$2,079"
10926,METRO39100M39100,"Poughkeepsie-Newburgh-Middletown, NY MSA","$1,270","$1,143","$1,397","$1,360","$1,224","$1,496","$1,740","$1,566","$1,914","$2,210","$1,989","$2,431","$2,490","$2,241","$2,739"
10928,METRO39100M39100,"Poughkeepsie-Newburgh-Middletown, NY MSA","$1,040",$936,"$1,144","$1,110",$999,"$1,221","$1,420","$1,278","$1,562","$1,810","$1,629","$1,991","$2,030","$1,827","$2,233"
10930,METRO39100M39100,"Poughkeepsie-Newburgh-Middletown, NY MSA","$1,140","$1,026","$1,254","$1,220","$1,098","$1,342","$1,560","$1,404","$1,716","$1,980","$1,782","$2,178","$2,230","$2,007","$2,453"
10932,METRO39100M39100,"Poughkeepsie-Newburgh-Middletown, NY MSA","$1,030",$927,"$1,133","$1,110",$999,"$1,221","$1,410","$1,269","$1,551","$1,790","$1,611","$1,969","$2,020","$1,818","$2,222"
10933,METRO39100M39100,"Poughkeepsie-Newburgh-Middletown, NY MSA","$1,130","$1,017","$1,243","$1,220","$1,098","$1,342","$1,550","$1,395","$1,705","$1,970","$1,773","$2,167","$2,220","$1,998","$2,442"
10940,METRO39100M39100,"Poughkeepsie-Newburgh-Middletown, NY MSA","$1,030",$927,"$1,133","$1,110",$999,"$1,221","$1,410","$1,269","$1,551","$1,790","$1,611","$1,969","$2,020","$1,818","$2,222"
10941,METRO39100M39100,"Poughkeepsie-Newburgh-Middletown, NY MSA","$1,070",$963,"$1,177","$1,140","$1,026","$1,254","$1,460","$1,314","$1,606","$1,860","$1,674","$2,046","$2,090","$1,881","$2,299"
10949,METRO39100M39100,"Poughkeepsie-Newburgh-Middletown, NY MSA","$1,050",$945,"$1,155","$1,120","$1,008","$1,232","$1,430","$1,287","$1,573","$1,820","$1,638","$2,002","$2,050","$1,845","$2,255"
10950,METRO39100M39100,"Poughkeepsie-Newburgh-Middletown, NY MSA",$980,$882,"$1,078","$1,050",$945,"$1,155","$1,330","$1,197","$1,463","$1,690","$1,521","$1,859","$1,890","$1,701","$2,079"
10953,METRO39100M39100,"Poughkeepsie-Newburgh-Middletown, NY MSA","$1,100",$990,"$1,210","$1,180","$1,062","$1,298","$1,510","$1,359","$1,661","$1,910","$1,719","$2,101","$2,160","$1,944","$2,376"
10958,METRO39100M39100,"Poughkeepsie-Newburgh-Middletown, NY MSA","$1,010",$909,"$1,111","$1,080",$972,"$1,188","$1,380","$1,242","$1,518","$1,750","$1,575","$1,925","$1,980","$1,782","$2,178"
10959,METRO39100M39100,"Poughkeepsie-Newburgh-Middletown, NY MSA","$1,050",$945,"$1,155","$1,120","$1,008","$1,232","$1,430","$1,287","$1,573","$1,820","$1,638","$2,002","$2,050","$1,845","$2,255"
10963,METRO39100M39100,"Poughkeepsie-Newburgh-Middletown, NY MSA","$1,240","$1,116","$1,364","$1,320","$1,188","$1,452","$1,670","$1,503","$1,837","$2,130","$1,917","$2,343","$2,380","$2,142","$2,618"
10969,METRO39100M39100,"Poughkeepsie-Newburgh-Middletown, NY MSA","$1,130","$1,017","$1,243","$1,220","$1,098","$1,342","$1,540","$1,386","$1,694","$1,960","$1,764","$2,156","$2,250","$2,025","$2,475"
10973,METRO39100M39100,"Poughkeepsie-Newburgh-Middletown, NY MSA","$1,280","$1,152","$1,408","$1,370","$1,233","$1,507","$1,750","$1,575","$1,925","$2,230","$2,007","$2,453","$2,510","$2,259","$2,761"
10975,METRO39100M39100,"Poughkeepsie-Newburgh-Middletown, NY MSA","$1,140","$1,026","$1,254","$1,220","$1,098","$1,342","$1,560","$1,404","$1,716","$1,980","$1,782","$2,178","$2,230","$2,007","$2,453"
10979,METRO39100M39100,"Poughkeepsie-Newburgh-Middletown, NY MSA","$1,140","$1,026","$1,254","$1,270","$1,143","$1,397","$1,580","$1,422","$1,738","$1,990","$1,791","$2,189","$2,310","$2,079","$2,541"
10981,METRO39100M39100,"Poughkeepsie-Newburgh-Middletown, NY MSA","$1,050",$945,"$1,155","$1,120","$1,008","$1,232","$1,430","$1,287","$1,573","$1,820","$1,638","$2,002","$2,050","$1,845","$2,255"
10985,METRO39100M39100,"Poughkeepsie-Newburgh-Middletown, NY MSA",$980,$882,"$1,078","$1,050",$945,"$1,155","$1,340","$1,206","$1,474","$1,720","$1,548","$1,892","$1,930","$1,737","$2,123"
10987,METRO39100M39100,"Poughkeepsie-Newburgh-Middletown, NY MSA","$1,590","$1,431","$1,749","$1,630","$1,467","$1,793","$1,850","$1,665","$2,035","$2,340","$2,106","$2,574","$2,510","$2,259","$2,761"
10988,METRO39100M39100,"Poughkeepsie-Newburgh-Middletown, NY MSA","$1,030",$927,"$1,133","$1,110",$999,"$1,221","$1,410","$1,269","$1,551","$1,790","$1,611","$1,969","$2,020","$1,818","$2,222"
10990,METRO39100M39100,"Poughkeepsie-Newburgh-Middletown, NY MSA",$980,$882,"$1,078","$1,050",$945,"$1,155","$1,330","$1,197","$1,463","$1,690","$1,521","$1,859","$1,890","$1,701","$2,079"
10992,METRO39100M39100,"Poughkeepsie-Newburgh-Middletown, NY MSA",$980,$882,"$1,078","$1,050",$945,"$1,155","$1,330","$1,197","$1,463","$1,690","$1,521","$1,859","$1,890","$1,701","$2,079"
10996,METRO39100M39100,"Poughkeepsie-Newburgh-Middletown, NY MSA","$1,550","$1,395","$1,705","$1,660","$1,494","$1,826","$2,120","$1,908","$2,332","$2,700","$2,430","$2,970","$3,040","$2,736","$3,344"
10998,METRO39100M39100,"Poughkeepsie-Newburgh-Middletown, NY MSA","$1,140","$1,026","$1,254","$1,210","$1,089","$1,331","$1,530","$1,377","$1,683","$1,950","$1,755","$2,145","$2,190","$1,971","$2,409"
12501,METRO39100M39100,"Poughkeepsie-Newburgh-Middletown, NY MSA",$980,$882,"$1,078","$1,050",$945,"$1,155","$1,330","$1,197","$1,463","$1,690","$1,521","$1,859","$1,890","$1,701","$2,079"
12504,METRO39100M39100,"Poughkeepsie-Newburgh-Middletown, NY MSA","$1,310","$1,179","$1,441","$1,400","$1,260","$1,540","$1,790","$1,611","$1,969","$2,280","$2,052","$2,508","$2,560","$2,304","$2,816"
12506,METRO39100M39100,"Poughkeepsie-Newburgh-Middletown, NY MSA","$1,020",$918,"$1,122","$1,090",$981,"$1,199","$1,390","$1,251","$1,529","$1,770","$1,593","$1,947","$1,990","$1,791","$2,189"
12507,METRO39100M39100,"Poughkeepsie-Newburgh-Middletown, NY MSA","$1,060",$954,"$1,166","$1,130","$1,017","$1,243","$1,450","$1,305","$1,595","$1,840","$1,656","$2,024","$2,070","$1,863","$2,277"
12508,METRO39100M39100,"Poughkeepsie-Newburgh-Middletown, NY MSA","$1,160","$1,044","$1,276","$1,250","$1,125","$1,375","$1,590","$1,431","$1,749","$2,020","$1,818","$2,222","$2,280","$2,052","$2,508"
12510,METRO39100M39100,"Poughkeepsie-Newburgh-Middletown, NY MSA","$1,020",$918,"$1,122","$1,090",$981,"$1,199","$1,390","$1,251","$1,529","$1,770","$1,593","$1,947","$1,990","$1,791","$2,189"
12511,METRO39100M39100,"Poughkeepsie-Newburgh-Middletown, NY MSA","$1,020",$918,"$1,122","$1,090",$981,"$1,199","$1,390","$1,251","$1,529","$1,770","$1,593","$1,947","$1,990","$1,791","$2,189"
12512,METRO39100M39100,"Poughkeepsie-Newburgh-Middletown, NY MSA","$1,140","$1,026","$1,254","$1,220","$1,098","$1,342","$1,560","$1,404","$1,716","$1,980","$1,782","$2,178","$2,230","$2,007","$2,453"
12514,METRO39100M39100,"Poughkeepsie-Newburgh-Middletown, NY MSA","$1,090",$981,"$1,199","$1,170","$1,053","$1,287","$1,490","$1,341","$1,639","$1,890","$1,701","$2,079","$2,130","$1,917","$2,343"
12518,METRO39100M39100,"Poughkeepsie-Newburgh-Middletown, NY MSA","$1,140","$1,026","$1,254","$1,220","$1,098","$1,342","$1,560","$1,404","$1,716","$1,980","$1,782","$2,178","$2,230","$2,007","$2,453"
12520,METRO39100M39100,"Poughkeepsie-Newburgh-Middletown, NY MSA","$1,150","$1,035","$1,265","$1,230","$1,107","$1,353","$1,570","$1,413","$1,727","$2,000","$1,800","$2,200","$2,250","$2,025","$2,475"
12522,METRO39100M39100,"Poughkeepsie-Newburgh-Middletown, NY MSA",$980,$882,"$1,078","$1,050",$945,"$1,155","$1,330","$1,197","$1,463","$1,690","$1,521","$1,859","$1,890","$1,701","$2,079"
12524,METRO39100M39100,"Poughkeepsie-Newburgh-Middletown, NY MSA","$1,590","$1,431","$1,749","$1,630","$1,467","$1,793","$1,850","$1,665","$2,035","$2,340","$2,106","$2,574","$2,510","$2,259","$2,761"
12527,METRO39100M39100,"Poughkeepsie-Newburgh-Middletown, NY MSA","$1,020",$918,"$1,122","$1,090",$981,"$1,199","$1,390","$1,251","$1,529","$1,770","$1,593","$1,947","$1,990","$1,791","$2,189"
12531,METRO39100M39100,"Poughkeepsie-Newburgh-Middletown, NY MSA","$1,590","$1,431","$1,749","$1,630","$1,467","$1,793","$1,850","$1,665","$2,035","$2,340","$2,106","$2,574","$2,510","$2,259","$2,761"
12533,METRO39100M39100,"Poughkeepsie-Newburgh-Middletown, NY MSA","$1,590","$1,431","$1,749","$1,630","$1,467","$1,793","$1,850","$1,665","$2,035","$2,340","$2,106","$2,574","$2,510","$2,259","$2,761"
12537,METRO39100M39100,"Poughkeepsie-Newburgh-Middletown, NY MSA","$1,020",$918,"$1,122","$1,090",$981,"$1,199","$1,390","$1,251","$1,529","$1,770","$1,593","$1,947","$1,990","$1,791","$2,189"
12538,METRO39100M39100,"Poughkeepsie-Newburgh-Middletown, NY MSA",$980,$882,"$1,078","$1,050",$945,"$1,155","$1,330","$1,197","$1,463","$1,690","$1,521","$1,859","$1,890","$1,701","$2,079"
12540,METRO39100M39100,"Poughkeepsie-Newburgh-Middletown, NY MSA","$1,290","$1,161","$1,419","$1,380","$1,242","$1,518","$1,760","$1,584","$1,936","$2,240","$2,016","$2,464","$2,520","$2,268","$2,772"
12542,METRO39100M39100,"Poughkeepsie-Newburgh-Middletown, NY MSA",$980,$882,"$1,078","$1,050",$945,"$1,155","$1,330","$1,197","$1,463","$1,690","$1,521","$1,859","$1,890","$1,701","$2,079"
12543,METRO39100M39100,"Poughkeepsie-Newburgh-Middletown, NY MSA",$980,$882,"$1,078","$1,050",$945,"$1,155","$1,330","$1,197","$1,463","$1,690","$1,521","$1,859","$1,890","$1,701","$2,079"
12545,METRO39100M39100,"Poughkeepsie-Newburgh-Middletown, NY MSA","$1,010",$909,"$1,111","$1,080",$972,"$1,188","$1,380","$1,242","$1,518","$1,750","$1,575","$1,925","$1,980","$1,782","$2,178"
12546,METRO39100M39100,"Poughkeepsie-Newburgh-Middletown, NY MSA",$980,$882,"$1,078","$1,050",$945,"$1,155","$1,330","$1,197","$1,463","$1,690","$1,521","$1,859","$1,900","$1,710","$2,090"
12549,METRO39100M39100,"Poughkeepsie-Newburgh-Middletown, NY MSA","$1,090",$981,"$1,199","$1,170","$1,053","$1,287","$1,490","$1,341","$1,639","$1,890","$1,701","$2,079","$2,130","$1,917","$2,343"
12550,METRO39100M39100,"Poughkeepsie-Newburgh-Middletown, NY MSA",$980,$882,"$1,078","$1,050",$945,"$1,155","$1,330","$1,197","$1,463","$1,690","$1,521","$1,859","$1,890","$1,701","$2,079"
12551,METRO39100M39100,"Poughkeepsie-Newburgh-Middletown, NY MSA","$1,050",$945,"$1,155","$1,120","$1,008","$1,232","$1,430","$1,287","$1,573","$1,820","$1,638","$2,002","$2,050","$1,845","$2,255"
12552,METRO39100M39100,"Poughkeepsie-Newburgh-Middletown, NY MSA","$1,050",$945,"$1,155","$1,120","$1,008","$1,232","$1,430","$1,287","$1,573","$1,820","$1,638","$2,002","$2,050","$1,845","$2,255"
12553,METRO39100M39100,"Poughkeepsie-Newburgh-Middletown, NY MSA","$1,050",$945,"$1,155","$1,130","$1,017","$1,243","$1,440","$1,296","$1,584","$1,830","$1,647","$2,013","$2,060","$1,854","$2,266"
12555,METRO39100M39100,"Poughkeepsie-Newburgh-Middletown, NY MSA","$1,050",$945,"$1,155","$1,120","$1,008","$1,232","$1,430","$1,287","$1,573","$1,820","$1,638","$2,002","$2,050","$1,845","$2,255"
12564,METRO39100M39100,"Poughkeepsie-Newburgh-Middletown, NY MSA","$1,590","$1,431","$1,749","$1,630","$1,467","$1,793","$1,850","$1,665","$2,035","$2,340","$2,106","$2,574","$2,510","$2,259","$2,761"
12566,METRO39100M39100,"Poughkeepsie-Newburgh-Middletown, NY MSA",$980,$882,"$1,078","$1,050",$945,"$1,155","$1,350","$1,215","$1,485","$1,750","$1,575","$1,925","$1,970","$1,773","$2,167"
12567,METRO39100M39100,"Poughkeepsie-Newburgh-Middletown, NY MSA","$1,010",$909,"$1,111","$1,080",$972,"$1,188","$1,380","$1,242","$1,518","$1,750","$1,575","$1,925","$1,980","$1,782","$2,178"
12569,METRO39100M39100,"Poughkeepsie-Newburgh-Middletown, NY MSA","$1,130","$1,017","$1,243","$1,210","$1,089","$1,331","$1,540","$1,386","$1,694","$1,960","$1,764","$2,156","$2,210","$1,989","$2,431"
12570,METRO39100M39100,"Poughkeepsie-Newburgh-Middletown, NY MSA","$1,340","$1,206","$1,474","$1,440","$1,296","$1,584","$1,830","$1,647","$2,013","$2,330","$2,097","$2,563","$2,620","$2,358","$2,882"
12571,METRO39100M39100,"Poughkeepsie-Newburgh-Middletown, NY MSA",$980,$882,"$1,078","$1,050",$945,"$1,155","$1,330","$1,197","$1,463","$1,690","$1,521","$1,859","$1,900","$1,710","$2,090"
12572,METRO39100M39100,"Poughkeepsie-Newburgh-Middletown, NY MSA","$1,090",$981,"$1,199","$1,170","$1,053","$1,287","$1,490","$1,341","$1,639","$1,890","$1,701","$2,079","$2,130","$1,917","$2,343"
12574,METRO39100M39100,"Poughkeepsie-Newburgh-Middletown, NY MSA","$1,090",$981,"$1,199","$1,170","$1,053","$1,287","$1,490","$1,341","$1,639","$1,890","$1,701","$2,079","$2,130","$1,917","$2,343"
12575,METRO39100M39100,"Poughkeepsie-Newburgh-Middletown, NY MSA",$980,$882,"$1,078","$1,050",$945,"$1,155","$1,330","$1,197","$1,463","$1,690","$1,521","$1,859","$1,890","$1,701","$2,079"
12577,METRO39100M39100,"Poughkeepsie-Newburgh-Middletown, NY MSA","$1,430","$1,287","$1,573","$1,520","$1,368","$1,672","$1,920","$1,728","$2,112","$2,440","$2,196","$2,684","$2,740","$2,466","$3,014"
12578,METRO39100M39100,"Poughkeepsie-Newburgh-Middletown, NY MSA",$990,$891,"$1,089","$1,050",$945,"$1,155","$1,340","$1,206","$1,474","$1,700","$1,530","$1,870","$1,920","$1,728","$2,112"
12580,METRO39100M39100,"Poughkeepsie-Newburgh-Middletown, NY MSA",$980,$882,"$1,078","$1,050",$945,"$1,155","$1,330","$1,197","$1,463","$1,690","$1,521","$1,859","$1,890","$1,701","$2,079"
12581,METRO39100M39100,"Poughkeepsie-Newburgh-Middletown, NY MSA","$1,040",$936,"$1,144","$1,110",$999,"$1,221","$1,420","$1,278","$1,562","$1,810","$1,629","$1,991","$2,030","$1,827","$2,233"
12582,METRO39100M39100,"Poughkeepsie-Newburgh-Middletown, NY MSA","$1,590","$1,431","$1,749","$1,630","$1,467","$1,793","$1,850","$1,665","$2,035","$2,340","$2,106","$2,574","$2,510","$2,259","$2,761"
12583,METRO39100M39100,"Poughkeepsie-Newburgh-Middletown, NY MSA","$1,130","$1,017","$1,243","$1,220","$1,098","$1,342","$1,550","$1,395","$1,705","$1,970","$1,773","$2,167","$2,220","$1,998","$2,442"
12584,METRO39100M39100,"Poughkeepsie-Newburgh-Middletown, NY MSA","$1,050",$945,"$1,155","$1,120","$1,008","$1,232","$1,430","$1,287","$1,573","$1,820","$1,638","$2,002","$2,050","$1,845","$2,255"
12585,METRO39100M39100,"Poughkeepsie-Newburgh-Middletown, NY MSA",$980,$882,"$1,078","$1,050",$945,"$1,155","$1,330","$1,197","$1,463","$1,690","$1,521","$1,859","$1,890","$1,701","$2,079"
12586,METRO39100M39100,"Poughkeepsie-Newburgh-Middletown, NY MSA","$1,130","$1,017","$1,243","$1,220","$1,098","$1,342","$1,550","$1,395","$1,705","$1,970","$1,773","$2,167","$2,220","$1,998","$2,442"
12589,METRO39100M39100,"Poughkeepsie-Newburgh-Middletown, NY MSA",$980,$882,"$1,078","$1,050",$945,"$1,155","$1,330","$1,197","$1,463","$1,720","$1,548","$1,892","$1,930","$1,737","$2,123"
12590,METRO39100M39100,"Poughkeepsie-Newburgh-Middletown, NY MSA","$1,140","$1,026","$1,254","$1,220","$1,098","$1,342","$1,560","$1,404","$1,716","$1,980","$1,782","$2,178","$2,230","$2,007","$2,453"
12592,METRO39100M39100,"Poughkeepsie-Newburgh-Middletown, NY MSA",$980,$882,"$1,078","$1,050",$945,"$1,155","$1,330","$1,197","$1,463","$1,690","$1,521","$1,859","$1,890","$1,701","$2,079"
12594,METRO39100M39100,"Poughkeepsie-Newburgh-Middletown, NY MSA",$980,$882,"$1,078","$1,050",$945,"$1,155","$1,330","$1,197","$1,463","$1,690","$1,521","$1,859","$1,890","$1,701","$2,079"
12601,METRO39100M39100,"Poughkeepsie-Newburgh-Middletown, NY MSA",$990,$891,"$1,089","$1,060",$954,"$1,166","$1,350","$1,215","$1,485","$1,720","$1,548","$1,892","$1,930","$1,737","$2,123"
12602,METRO39100M39100,"Poughkeepsie-Newburgh-Middletown, NY MSA","$1,020",$918,"$1,122","$1,090",$981,"$1,199","$1,390","$1,251","$1,529","$1,770","$1,593","$1,947","$1,990","$1,791","$2,189"
12603,METRO39100M39100,"Poughkeepsie-Newburgh-Middletown, NY MSA","$1,050",$945,"$1,155","$1,120","$1,008","$1,232","$1,430","$1,287","$1,573","$1,820","$1,638","$2,002","$2,050","$1,845","$2,255"
12604,METRO39100M39100,"Poughkeepsie-Newburgh-Middletown, NY MSA","$1,050",$945,"$1,155","$1,120","$1,008","$1,232","$1,430","$1,287","$1,573","$1,820","$1,638","$2,002","$2,050","$1,845","$2,255"
12721,METRO39100M39100,"Poughkeepsie-Newburgh-Middletown, NY MSA",$980,$882,"$1,078","$1,050",$945,"$1,155","$1,330","$1,197","$1,463","$1,690","$1,521","$1,859","$1,890","$1,701","$2,079"
12729,METRO39100M39100,"Poughkeepsie-Newburgh-Middletown, NY MSA",$980,$882,"$1,078","$1,050",$945,"$1,155","$1,340","$1,206","$1,474","$1,700","$1,530","$1,870","$1,920","$1,728","$2,112"
12746,METRO39100M39100,"Poughkeepsie-Newburgh-Middletown, NY MSA",$980,$882,"$1,078","$1,050",$945,"$1,155","$1,330","$1,197","$1,463","$1,690","$1,521","$1,859","$1,890","$1,701","$2,079"
12754,METRO39100M39100,"Poughkeepsie-Newburgh-Middletown, NY MSA","$1,050",$945,"$1,155","$1,120","$1,008","$1,232","$1,430","$1,287","$1,573","$1,820","$1,638","$2,002","$2,050","$1,845","$2,255"
12771,METRO39100M39100,"Poughkeepsie-Newburgh-Middletown, NY MSA",$980,$882,"$1,078","$1,050",$945,"$1,155","$1,330","$1,197","$1,463","$1,690","$1,521","$1,859","$1,890","$1,701","$2,079"
12780,METRO39100M39100,"Poughkeepsie-Newburgh-Middletown, NY MSA",$980,$882,"$1,078","$1,050",$945,"$1,155","$1,330","$1,197","$1,463","$1,690","$1,521","$1,859","$1,890","$1,701","$2,079"
12785,METRO39100M39100,"Poughkeepsie-Newburgh-Middletown, NY MSA",$980,$882,"$1,078","$1,050",$945,"$1,155","$1,330","$1,197","$1,463","$1,690","$1,521","$1,859","$1,890","$1,701","$2,079"
13143,METRO40380M40380,"Rochester, NY HUD Metro FMR Area",$630,$567,$693,$730,$657,$803,$910,$819,"$1,001","$1,130","$1,017","$1,243","$1,230","$1,107","$1,353"
13146,METRO40380M40380,"Rochester, NY HUD Metro FMR Area",$690,$621,$759,$790,$711,$869,$990,$891,"$1,089","$1,220","$1,098","$1,342","$1,340","$1,206","$1,474"
13148,METRO40380M40380,"Rochester, NY HUD Metro FMR Area",$640,$576,$704,$730,$657,$803,$920,$828,"$1,012","$1,140","$1,026","$1,254","$1,250","$1,125","$1,375"
13154,METRO40380M40380,"Rochester, NY HUD Metro FMR Area",$640,$576,$704,$730,$657,$803,$920,$828,"$1,012","$1,140","$1,026","$1,254","$1,250","$1,125","$1,375"
13156,METRO40380M40380,"Rochester, NY HUD Metro FMR Area",$630,$567,$693,$730,$657,$803,$910,$819,"$1,001","$1,130","$1,017","$1,243","$1,230","$1,107","$1,353"
13165,METRO40380M40380,"Rochester, NY HUD Metro FMR Area",$640,$576,$704,$730,$657,$803,$920,$828,"$1,012","$1,140","$1,026","$1,254","$1,250","$1,125","$1,375"
14012,METRO40380M40380,"Rochester, NY HUD Metro FMR Area",$770,$693,$847,$810,$729,$891,$960,$864,"$1,056","$1,190","$1,071","$1,309","$1,330","$1,197","$1,463"
14058,METRO40380M40380,"Rochester, NY HUD Metro FMR Area",$640,$576,$704,$730,$657,$803,$910,$819,"$1,001","$1,130","$1,017","$1,243","$1,230","$1,107","$1,353"
14098,METRO40380M40380,"Rochester, NY HUD Metro FMR Area",$670,$603,$737,$770,$693,$847,$960,$864,"$1,056","$1,190","$1,071","$1,309","$1,300","$1,170","$1,430"
14103,METRO40380M40380,"Rochester, NY HUD Metro FMR Area",$670,$603,$737,$730,$657,$803,$910,$819,"$1,001","$1,130","$1,017","$1,243","$1,230","$1,107","$1,353"
14105,METRO40380M40380,"Rochester, NY HUD Metro FMR Area",$670,$603,$737,$730,$657,$803,$910,$819,"$1,001","$1,130","$1,017","$1,243","$1,230","$1,107","$1,353"
14125,METRO40380M40380,"Rochester, NY HUD Metro FMR Area",$630,$567,$693,$730,$657,$803,$910,$819,"$1,001","$1,130","$1,017","$1,243","$1,230","$1,107","$1,353"
14410,METRO40380M40380,"Rochester, NY HUD Metro FMR Area",$740,$666,$814,$850,$765,$935,"$1,060",$954,"$1,166","$1,310","$1,179","$1,441","$1,440","$1,296","$1,584"
14411,METRO40380M40380,"Rochester, NY HUD Metro FMR Area",$630,$567,$693,$730,$657,$803,$910,$819,"$1,001","$1,130","$1,017","$1,243","$1,230","$1,107","$1,353"
14413,METRO40380M40380,"Rochester, NY HUD Metro FMR Area",$640,$576,$704,$730,$657,$803,$920,$828,"$1,012","$1,140","$1,026","$1,254","$1,250","$1,125","$1,375"
14414,METRO40380M40380,"Rochester, NY HUD Metro FMR Area",$670,$603,$737,$770,$693,$847,$960,$864,"$1,056","$1,190","$1,071","$1,309","$1,300","$1,170","$1,430"
14416,METRO40380M40380,"Rochester, NY HUD Metro FMR Area",$660,$594,$726,$750,$675,$825,$940,$846,"$1,034","$1,160","$1,044","$1,276","$1,270","$1,143","$1,397"
14420,METRO40380M40380,"Rochester, NY HUD Metro FMR Area",$700,$630,$770,$800,$720,$880,"$1,000",$900,"$1,100","$1,240","$1,116","$1,364","$1,360","$1,224","$1,496"
14422,METRO40380M40380,"Rochester, NY HUD Metro FMR Area",$630,$567,$693,$730,$657,$803,$910,$819,"$1,001","$1,130","$1,017","$1,243","$1,230","$1,107","$1,353"
14423,METRO40380M40380,"Rochester, NY HUD Metro FMR Area",$630,$567,$693,$730,$657,$803,$910,$819,"$1,001","$1,130","$1,017","$1,243","$1,230","$1,107","$1,353"
14424,METRO40380M40380,"Rochester, NY HUD Metro FMR Area",$750,$675,$825,$850,$765,$935,"$1,070",$963,"$1,177","$1,320","$1,188","$1,452","$1,450","$1,305","$1,595"
14425,METRO40380M40380,"Rochester, NY HUD Metro FMR Area",$900,$810,$990,"$1,030",$927,"$1,133","$1,290","$1,161","$1,419","$1,590","$1,431","$1,749","$1,750","$1,575","$1,925"
14428,METRO40380M40380,"Rochester, NY HUD Metro FMR Area",$840,$756,$924,$960,$864,"$1,056","$1,200","$1,080","$1,320","$1,480","$1,332","$1,628","$1,630","$1,467","$1,793"
14429,METRO40380M40380,"Rochester, NY HUD Metro FMR Area",$630,$567,$693,$730,$657,$803,$910,$819,"$1,001","$1,130","$1,017","$1,243","$1,230","$1,107","$1,353"
14430,METRO40380M40380,"Rochester, NY HUD Metro FMR Area",$740,$666,$814,$850,$765,$935,"$1,060",$954,"$1,166","$1,310","$1,179","$1,441","$1,440","$1,296","$1,584"
14432,METRO40380M40380,"Rochester, NY HUD Metro FMR Area",$630,$567,$693,$730,$657,$803,$910,$819,"$1,001","$1,130","$1,017","$1,243","$1,230","$1,107","$1,353"
14433,METRO40380M40380,"Rochester, NY HUD Metro FMR Area",$660,$594,$726,$760,$684,$836,$950,$855,"$1,045","$1,170","$1,053","$1,287","$1,290","$1,161","$1,419"
14435,METRO40380M40380,"Rochester, NY HUD Metro FMR Area",$760,$684,$836,$870,$783,$957,"$1,090",$981,"$1,199","$1,350","$1,215","$1,485","$1,480","$1,332","$1,628"
14437,METRO40380M40380,"Rochester, NY HUD Metro FMR Area",$630,$567,$693,$730,$657,$803,$910,$819,"$1,001","$1,130","$1,017","$1,243","$1,230","$1,107","$1,353"
14445,METRO40380M40380,"Rochester, NY HUD Metro FMR Area",$740,$666,$814,$850,$765,$935,"$1,060",$954,"$1,166","$1,310","$1,179","$1,441","$1,440","$1,296","$1,584"
14449,METRO40380M40380,"Rochester, NY HUD Metro FMR Area",$640,$576,$704,$730,$657,$803,$920,$828,"$1,012","$1,140","$1,026","$1,254","$1,250","$1,125","$1,375"
14450,METRO40380M40380,"Rochester, NY HUD Metro FMR Area",$840,$756,$924,$960,$864,"$1,056","$1,200","$1,080","$1,320","$1,480","$1,332","$1,628","$1,630","$1,467","$1,793"
14452,METRO40380M40380,"Rochester, NY HUD Metro FMR Area",$630,$567,$693,$730,$657,$803,$910,$819,"$1,001","$1,130","$1,017","$1,243","$1,230","$1,107","$1,353"
14453,METRO40380M40380,"Rochester, NY HUD Metro FMR Area",$710,$639,$781,$810,$729,$891,"$1,020",$918,"$1,122","$1,260","$1,134","$1,386","$1,380","$1,242","$1,518"
14454,METRO40380M40380,"Rochester, NY HUD Metro FMR Area",$760,$684,$836,$860,$774,$946,"$1,080",$972,"$1,188","$1,340","$1,206","$1,474","$1,460","$1,314","$1,606"
14456,METRO40380M40380,"Rochester, NY HUD Metro FMR Area",$660,$594,$726,$750,$675,$825,$940,$846,"$1,034","$1,160","$1,044","$1,276","$1,270","$1,143","$1,397"
14461,METRO40380M40380,"Rochester, NY HUD Metro FMR Area",$710,$639,$781,$810,$729,$891,"$1,020",$918,"$1,122","$1,260","$1,134","$1,386","$1,380","$1,242","$1,518"
14462,METRO40380M40380,"Rochester, NY HUD Metro FMR Area",$630,$567,$693,$730,$657,$803,$910,$819,"$1,001","$1,130","$1,017","$1,243","$1,230","$1,107","$1,353"
14463,METRO40380M40380,"Rochester, NY HUD Metro FMR Area",$710,$639,$781,$810,$729,$891,"$1,020",$918,"$1,122","$1,260","$1,134","$1,386","$1,380","$1,242","$1,518"
14464,METRO40380M40380,"Rochester, NY HUD Metro FMR Area",$630,$567,$693,$730,$657,$803,$910,$819,"$1,001","$1,130","$1,017","$1,243","$1,230","$1,107","$1,353"
14466,METRO40380M40380,"Rochester, NY HUD Metro FMR Area",$630,$567,$693,$730,$657,$803,$910,$819,"$1,001","$1,130","$1,017","$1,243","$1,230","$1,107","$1,353"
14467,METRO40380M40380,"Rochester, NY HUD Metro FMR Area",$780,$702,$858,$890,$801,$979,"$1,120","$1,008","$1,232","$1,380","$1,242","$1,518","$1,520","$1,368","$1,672"
14468,METRO40380M40380,"Rochester, NY HUD Metro FMR Area",$780,$702,$858,$890,$801,$979,"$1,120","$1,008","$1,232","$1,380","$1,242","$1,518","$1,520","$1,368","$1,672"
14469,METRO40380M40380,"Rochester, NY HUD Metro FMR Area",$660,$594,$726,$760,$684,$836,$950,$855,"$1,045","$1,170","$1,053","$1,287","$1,290","$1,161","$1,419"
14470,METRO40380M40380,"Rochester, NY HUD Metro FMR Area",$630,$567,$693,$730,$657,$803,$910,$819,"$1,001","$1,130","$1,017","$1,243","$1,230","$1,107","$1,353"
14471,METRO40380M40380,"Rochester, NY HUD Metro FMR Area",$760,$684,$836,$860,$774,$946,"$1,080",$972,"$1,188","$1,340","$1,206","$1,474","$1,460","$1,314","$1,606"
14472,METRO40380M40380,"Rochester, NY HUD Metro FMR Area",$730,$657,$803,$840,$756,$924,"$1,050",$945,"$1,155","$1,300","$1,170","$1,430","$1,420","$1,278","$1,562"
14475,METRO40380M40380,"Rochester, NY HUD Metro FMR Area",$770,$693,$847,$880,$792,$968,"$1,100",$990,"$1,210","$1,360","$1,224","$1,496","$1,490","$1,341","$1,639"
14476,METRO40380M40380,"Rochester, NY HUD Metro FMR Area",$760,$684,$836,$860,$774,$946,"$1,080",$972,"$1,188","$1,340","$1,206","$1,474","$1,460","$1,314","$1,606"
14477,METRO40380M40380,"Rochester, NY HUD Metro FMR Area",$760,$684,$836,$860,$774,$946,"$1,080",$972,"$1,188","$1,340","$1,206","$1,474","$1,460","$1,314","$1,606"
14479,METRO40380M40380,"Rochester, NY HUD Metro FMR Area",$630,$567,$693,$730,$657,$803,$910,$819,"$1,001","$1,130","$1,017","$1,243","$1,230","$1,107","$1,353"
14480,METRO40380M40380,"Rochester, NY HUD Metro FMR Area",$660,$594,$726,$760,$684,$836,$950,$855,"$1,045","$1,170","$1,053","$1,287","$1,290","$1,161","$1,419"
14481,METRO40380M40380,"Rochester, NY HUD Metro FMR Area",$690,$621,$759,$790,$711,$869,$990,$891,"$1,089","$1,220","$1,098","$1,342","$1,340","$1,206","$1,474"
14482,METRO40380M40380,"Rochester, NY HUD Metro FMR Area",$630,$567,$693,$730,$657,$803,$910,$819,"$1,001","$1,130","$1,017","$1,243","$1,230","$1,107","$1,353"
14485,METRO40380M40380,"Rochester, NY HUD Metro FMR Area",$630,$567,$693,$730,$657,$803,$910,$819,"$1,001","$1,130","$1,017","$1,243","$1,230","$1,107","$1,353"
14486,METRO40380M40380,"Rochester, NY HUD Metro FMR Area",$630,$567,$693,$730,$657,$803,$910,$819,"$1,001","$1,130","$1,017","$1,243","$1,230","$1,107","$1,353"
14487,METRO40380M40380,"Rochester, NY HUD Metro FMR Area",$730,$657,$803,$830,$747,$913,"$1,040",$936,"$1,144","$1,290","$1,161","$1,419","$1,410","$1,269","$1,551"
14488,METRO40380M40380,"Rochester, NY HUD Metro FMR Area",$650,$585,$715,$740,$666,$814,$930,$837,"$1,023","$1,150","$1,035","$1,265","$1,260","$1,134","$1,386"
14489,METRO40380M40380,"Rochester, NY HUD Metro FMR Area",$660,$594,$726,$750,$675,$825,$940,$846,"$1,034","$1,160","$1,044","$1,276","$1,270","$1,143","$1,397"
14502,METRO40380M40380,"Rochester, NY HUD Metro FMR Area",$640,$576,$704,$730,$657,$803,$920,$828,"$1,012","$1,140","$1,026","$1,254","$1,250","$1,125","$1,375"
14504,METRO40380M40380,"Rochester, NY HUD Metro FMR Area",$720,$648,$792,$820,$738,$902,"$1,030",$927,"$1,133","$1,270","$1,143","$1,397","$1,400","$1,260","$1,540"
14505,METRO40380M40380,"Rochester, NY HUD Metro FMR Area",$700,$630,$770,$800,$720,$880,"$1,000",$900,"$1,100","$1,240","$1,116","$1,364","$1,360","$1,224","$1,496"
14506,METRO40380M40380,"Rochester, NY HUD Metro FMR Area",$890,$801,$979,"$1,020",$918,"$1,122","$1,280","$1,152","$1,408","$1,590","$1,431","$1,749","$1,740","$1,566","$1,914"
14508,METRO40380M40380,"Rochester, NY HUD Metro FMR Area",$740,$666,$814,$850,$765,$935,"$1,060",$954,"$1,166","$1,310","$1,179","$1,441","$1,440","$1,296","$1,584"
14510,METRO40380M40380,"Rochester, NY HUD Metro FMR Area",$630,$567,$693,$730,$657,$803,$910,$819,"$1,001","$1,130","$1,017","$1,243","$1,230","$1,107","$1,353"
14511,METRO40380M40380,"Rochester, NY HUD Metro FMR Area",$780,$702,$858,$890,$801,$979,"$1,110",$999,"$1,221","$1,380","$1,242","$1,518","$1,510","$1,359","$1,661"
14512,METRO40380M40380,"Rochester, NY HUD Metro FMR Area",$630,$567,$693,$730,$657,$803,$910,$819,"$1,001","$1,130","$1,017","$1,243","$1,230","$1,107","$1,353"
14513,METRO40380M40380,"Rochester, NY HUD Metro FMR Area",$630,$567,$693,$730,$657,$803,$910,$819,"$1,001","$1,130","$1,017","$1,243","$1,230","$1,107","$1,353"
14514,METRO40380M40380,"Rochester, NY HUD Metro FMR Area",$900,$810,$990,"$1,020",$918,"$1,122","$1,280","$1,152","$1,408","$1,580","$1,422","$1,738","$1,740","$1,566","$1,914"
14515,METRO40380M40380,"Rochester, NY HUD Metro FMR Area",$740,$666,$814,$850,$765,$935,"$1,060",$954,"$1,166","$1,310","$1,179","$1,441","$1,440","$1,296","$1,584"
14516,METRO40380M40380,"Rochester, NY HUD Metro FMR Area",$730,$657,$803,$840,$756,$924,"$1,050",$945,"$1,155","$1,300","$1,170","$1,430","$1,420","$1,278","$1,562"
14517,METRO40380M40380,"Rochester, NY HUD Metro FMR Area",$630,$567,$693,$730,$657,$803,$910,$819,"$1,001","$1,130","$1,017","$1,243","$1,230","$1,107","$1,353"
14518,METRO40380M40380,"Rochester, NY HUD Metro FMR Area",$710,$639,$781,$810,$729,$891,"$1,020",$918,"$1,122","$1,260","$1,134","$1,386","$1,380","$1,242","$1,518"
14519,METRO40380M40380,"Rochester, NY HUD Metro FMR Area",$710,$639,$781,$810,$729,$891,"$1,010",$909,"$1,111","$1,250","$1,125","$1,375","$1,370","$1,233","$1,507"
14520,METRO40380M40380,"Rochester, NY HUD Metro FMR Area",$640,$576,$704,$730,$657,$803,$920,$828,"$1,012","$1,140","$1,026","$1,254","$1,250","$1,125","$1,375"
14522,METRO40380M40380,"Rochester, NY HUD Metro FMR Area",$630,$567,$693,$730,$657,$803,$910,$819,"$1,001","$1,130","$1,017","$1,243","$1,230","$1,107","$1,353"
14525,METRO40380M40380,"Rochester, NY HUD Metro FMR Area",$630,$567,$693,$730,$657,$803,$910,$819,"$1,001","$1,130","$1,017","$1,243","$1,230","$1,107","$1,353"
14526,METRO40380M40380,"Rochester, NY HUD Metro FMR Area",$720,$648,$792,$820,$738,$902,"$1,030",$927,"$1,133","$1,270","$1,143","$1,397","$1,400","$1,260","$1,540"
14530,METRO40380M40380,"Rochester, NY HUD Metro FMR Area",$650,$585,$715,$740,$666,$814,$930,$837,"$1,023","$1,150","$1,035","$1,265","$1,260","$1,134","$1,386"
14532,METRO40380M40380,"Rochester, NY HUD Metro FMR Area",$630,$567,$693,$730,$657,$803,$910,$819,"$1,001","$1,130","$1,017","$1,243","$1,230","$1,107","$1,353"
14533,METRO40380M40380,"Rochester, NY HUD Metro FMR Area",$630,$567,$693,$730,$657,$803,$910,$819,"$1,001","$1,130","$1,017","$1,243","$1,230","$1,107","$1,353"
14534,METRO40380M40380,"Rochester, NY HUD Metro FMR Area","$1,090",$981,"$1,199","$1,240","$1,116","$1,364","$1,560","$1,404","$1,716","$1,930","$1,737","$2,123","$2,120","$1,908","$2,332"
14537,METRO40380M40380,"Rochester, NY HUD Metro FMR Area",$630,$567,$693,$730,$657,$803,$910,$819,"$1,001","$1,130","$1,017","$1,243","$1,230","$1,107","$1,353"
14538,METRO40380M40380,"Rochester, NY HUD Metro FMR Area",$640,$576,$704,$730,$657,$803,$920,$828,"$1,012","$1,140","$1,026","$1,254","$1,250","$1,125","$1,375"
14539,METRO40380M40380,"Rochester, NY HUD Metro FMR Area",$630,$567,$693,$730,$657,$803,$910,$819,"$1,001","$1,130","$1,017","$1,243","$1,230","$1,107","$1,353"
14542,METRO40380M40380,"Rochester, NY HUD Metro FMR Area",$690,$621,$759,$790,$711,$869,$990,$891,"$1,089","$1,220","$1,098","$1,342","$1,340","$1,206","$1,474"
14543,METRO40380M40380,"Rochester, NY HUD Metro FMR Area",$790,$711,$869,$900,$810,$990,"$1,130","$1,017","$1,243","$1,400","$1,260","$1,540","$1,530","$1,377","$1,683"
14544,METRO40380M40380,"Rochester, NY HUD Metro FMR Area",$630,$567,$693,$730,$657,$803,$910,$819,"$1,001","$1,130","$1,017","$1,243","$1,230","$1,107","$1,353"
14545,METRO40380M40380,"Rochester, NY HUD Metro FMR Area",$640,$576,$704,$730,$657,$803,$910,$819,"$1,001","$1,130","$1,017","$1,243","$1,230","$1,107","$1,353"
14546,METRO40380M40380,"Rochester, NY HUD Metro FMR Area",$870,$783,$957,"$1,000",$900,"$1,100","$1,250","$1,125","$1,375","$1,550","$1,395","$1,705","$1,700","$1,530","$1,870"
14547,METRO40380M40380,"Rochester, NY HUD Metro FMR Area",$710,$639,$781,$810,$729,$891,"$1,020",$918,"$1,122","$1,260","$1,134","$1,386","$1,380","$1,242","$1,518"
14548,METRO40380M40380,"Rochester, NY HUD Metro FMR Area",$720,$648,$792,$820,$738,$902,"$1,030",$927,"$1,133","$1,270","$1,143","$1,397","$1,400","$1,260","$1,540"
14551,METRO40380M40380,"Rochester, NY HUD Metro FMR Area",$660,$594,$726,$760,$684,$836,$950,$855,"$1,045","$1,170","$1,053","$1,287","$1,290","$1,161","$1,419"
14555,METRO40380M40380,"Rochester, NY HUD Metro FMR Area",$710,$639,$781,$810,$729,$891,"$1,020",$918,"$1,122","$1,260","$1,134","$1,386","$1,380","$1,242","$1,518"
14556,METRO40380M40380,"Rochester, NY HUD Metro FMR Area",$650,$585,$715,$740,$666,$814,$930,$837,"$1,023","$1,150","$1,035","$1,265","$1,260","$1,134","$1,386"
14558,METRO40380M40380,"Rochester, NY HUD Metro FMR Area",$650,$585,$715,$740,$666,$814,$930,$837,"$1,023","$1,150","$1,035","$1,265","$1,260","$1,134","$1,386"
14559,METRO40380M40380,"Rochester, NY HUD Metro FMR Area",$860,$774,$946,$980,$882,"$1,078","$1,230","$1,107","$1,353","$1,520","$1,368","$1,672","$1,670","$1,503","$1,837"
14560,METRO40380M40380,"Rochester, NY HUD Metro FMR Area",$850,$765,$935,$960,$864,"$1,056","$1,210","$1,089","$1,331","$1,500","$1,350","$1,650","$1,640","$1,476","$1,804"
14561,METRO40380M40380,"Rochester, NY HUD Metro FMR Area",$710,$639,$781,$810,$729,$891,"$1,020",$918,"$1,122","$1,260","$1,134","$1,386","$1,380","$1,242","$1,518"
14563,METRO40380M40380,"Rochester, NY HUD Metro FMR Area",$640,$576,$704,$730,$657,$803,$920,$828,"$1,012","$1,140","$1,026","$1,254","$1,250","$1,125","$1,375"
14564,METRO40380M40380,"Rochester, NY HUD Metro FMR Area","$1,040",$936,"$1,144","$1,180","$1,062","$1,298","$1,480","$1,332","$1,628","$1,830","$1,647","$2,013","$2,010","$1,809","$2,211"
14568,METRO40380M40380,"Rochester, NY HUD Metro FMR Area",$630,$567,$693,$730,$657,$803,$910,$819,"$1,001","$1,130","$1,017","$1,243","$1,230","$1,107","$1,353"
14571,METRO40380M40380,"Rochester, NY HUD Metro FMR Area","$1,060",$954,"$1,166","$1,200","$1,080","$1,320","$1,510","$1,359","$1,661","$1,870","$1,683","$2,057","$2,050","$1,845","$2,255"
14572,METRO40380M40380,"Rochester, NY HUD Metro FMR Area",$630,$567,$693,$730,$657,$803,$910,$819,"$1,001","$1,130","$1,017","$1,243","$1,230","$1,107","$1,353"
14580,METRO40380M40380,"Rochester, NY HUD Metro FMR Area",$860,$774,$946,$980,$882,"$1,078","$1,230","$1,107","$1,353","$1,520","$1,368","$1,672","$1,670","$1,503","$1,837"
14585,METRO40380M40380,"Rochester, NY HUD Metro FMR Area",$630,$567,$693,$730,$657,$803,$910,$819,"$1,001","$1,130","$1,017","$1,243","$1,230","$1,107","$1,353"
14586,METRO40380M40380,"Rochester, NY HUD Metro FMR Area",$980,$882,"$1,078","$1,120","$1,008","$1,232","$1,400","$1,260","$1,540","$1,730","$1,557","$1,903","$1,900","$1,710","$2,090"
14589,METRO40380M40380,"Rochester, NY HUD Metro FMR Area",$660,$594,$726,$760,$684,$836,$950,$855,"$1,045","$1,170","$1,053","$1,287","$1,290","$1,161","$1,419"
14590,METRO40380M40380,"Rochester, NY HUD Metro FMR Area",$630,$567,$693,$730,$657,$803,$910,$819,"$1,001","$1,130","$1,017","$1,243","$1,230","$1,107","$1,353"
14592,METRO40380M40380,"Rochester, NY HUD Metro FMR Area",$630,$567,$693,$730,$657,$803,$910,$819,"$1,001","$1,130","$1,017","$1,243","$1,230","$1,107","$1,353"
14602,METRO40380M40380,"Rochester, NY HUD Metro FMR Area",$740,$666,$814,$850,$765,$935,"$1,060",$954,"$1,166","$1,310","$1,179","$1,441","$1,440","$1,296","$1,584"
14603,METRO40380M40380,"Rochester, NY HUD Metro FMR Area",$740,$666,$814,$850,$765,$935,"$1,060",$954,"$1,166","$1,310","$1,179","$1,441","$1,440","$1,296","$1,584"
14604,METRO40380M40380,"Rochester, NY HUD Metro FMR Area",$740,$666,$814,$850,$765,$935,"$1,060",$954,"$1,166","$1,310","$1,179","$1,441","$1,440","$1,296","$1,584"
14605,METRO40380M40380,"Rochester, NY HUD Metro FMR Area",$630,$567,$693,$730,$657,$803,$910,$819,"$1,001","$1,130","$1,017","$1,243","$1,230","$1,107","$1,353"
14606,METRO40380M40380,"Rochester, NY HUD Metro FMR Area",$690,$621,$759,$780,$702,$858,$980,$882,"$1,078","$1,210","$1,089","$1,331","$1,330","$1,197","$1,463"
14607,METRO40380M40380,"Rochester, NY HUD Metro FMR Area",$810,$729,$891,$920,$828,"$1,012","$1,160","$1,044","$1,276","$1,430","$1,287","$1,573","$1,570","$1,413","$1,727"
14608,METRO40380M40380,"Rochester, NY HUD Metro FMR Area",$670,$603,$737,$770,$693,$847,$960,$864,"$1,056","$1,190","$1,071","$1,309","$1,300","$1,170","$1,430"
14609,METRO40380M40380,"Rochester, NY HUD Metro FMR Area",$690,$621,$759,$780,$702,$858,$980,$882,"$1,078","$1,210","$1,089","$1,331","$1,330","$1,197","$1,463"
14610,METRO40380M40380,"Rochester, NY HUD Metro FMR Area",$730,$657,$803,$830,$747,$913,"$1,040",$936,"$1,144","$1,290","$1,161","$1,419","$1,410","$1,269","$1,551"
14611,METRO40380M40380,"Rochester, NY HUD Metro FMR Area",$710,$639,$781,$810,$729,$891,"$1,020",$918,"$1,122","$1,260","$1,134","$1,386","$1,380","$1,242","$1,518"
14612,METRO40380M40380,"Rochester, NY HUD Metro FMR Area",$780,$702,$858,$890,$801,$979,"$1,120","$1,008","$1,232","$1,380","$1,242","$1,518","$1,520","$1,368","$1,672"
14613,METRO40380M40380,"Rochester, NY HUD Metro FMR Area",$680,$612,$748,$770,$693,$847,$970,$873,"$1,067","$1,200","$1,080","$1,320","$1,320","$1,188","$1,452"
14614,METRO40380M40380,"Rochester, NY HUD Metro FMR Area",$670,$603,$737,$770,$693,$847,$950,$855,"$1,045","$1,180","$1,062","$1,298","$1,290","$1,161","$1,419"
14615,METRO40380M40380,"Rochester, NY HUD Metro FMR Area",$710,$639,$781,$810,$729,$891,"$1,010",$909,"$1,111","$1,250","$1,125","$1,375","$1,370","$1,233","$1,507"
14616,METRO40380M40380,"Rochester, NY HUD Metro FMR Area",$730,$657,$803,$830,$747,$913,"$1,040",$936,"$1,144","$1,290","$1,161","$1,419","$1,410","$1,269","$1,551"
14617,METRO40380M40380,"Rochester, NY HUD Metro FMR Area",$720,$648,$792,$820,$738,$902,"$1,030",$927,"$1,133","$1,270","$1,143","$1,397","$1,400","$1,260","$1,540"
14618,METRO40380M40380,"Rochester, NY HUD Metro FMR Area",$900,$810,$990,"$1,020",$918,"$1,122","$1,280","$1,152","$1,408","$1,580","$1,422","$1,738","$1,740","$1,566","$1,914"
14619,METRO40380M40380,"Rochester, NY HUD Metro FMR Area",$780,$702,$858,$890,$801,$979,"$1,110",$999,"$1,221","$1,370","$1,233","$1,507","$1,510","$1,359","$1,661"
14620,METRO40380M40380,"Rochester, NY HUD Metro FMR Area",$750,$675,$825,$850,$765,$935,"$1,070",$963,"$1,177","$1,320","$1,188","$1,452","$1,450","$1,305","$1,595"
14621,METRO40380M40380,"Rochester, NY HUD Metro FMR Area",$640,$576,$704,$730,$657,$803,$920,$828,"$1,012","$1,140","$1,026","$1,254","$1,250","$1,125","$1,375"
14622,METRO40380M40380,"Rochester, NY HUD Metro FMR Area",$730,$657,$803,$840,$756,$924,"$1,050",$945,"$1,155","$1,300","$1,170","$1,430","$1,420","$1,278","$1,562"
14623,METRO40380M40380,"Rochester, NY HUD Metro FMR Area",$800,$720,$880,$920,$828,"$1,012","$1,150","$1,035","$1,265","$1,420","$1,278","$1,562","$1,560","$1,404","$1,716"
14624,METRO40380M40380,"Rochester, NY HUD Metro FMR Area",$840,$756,$924,$960,$864,"$1,056","$1,200","$1,080","$1,320","$1,480","$1,332","$1,628","$1,630","$1,467","$1,793"
14625,METRO40380M40380,"Rochester, NY HUD Metro FMR Area",$780,$702,$858,$890,$801,$979,"$1,110",$999,"$1,221","$1,370","$1,233","$1,507","$1,510","$1,359","$1,661"
14626,METRO40380M40380,"Rochester, NY HUD Metro FMR Area",$840,$756,$924,$960,$864,"$1,056","$1,200","$1,080","$1,320","$1,480","$1,332","$1,628","$1,630","$1,467","$1,793"
14627,METRO40380M40380,"Rochester, NY HUD Metro FMR Area",$780,$702,$858,$890,$801,$979,"$1,120","$1,008","$1,232","$1,380","$1,242","$1,518","$1,520","$1,368","$1,672"
14638,METRO40380M40380,"Rochester, NY HUD Metro FMR Area",$740,$666,$814,$850,$765,$935,"$1,060",$954,"$1,166","$1,310","$1,179","$1,441","$1,440","$1,296","$1,584"
14639,METRO40380M40380,"Rochester, NY HUD Metro FMR Area",$740,$666,$814,$850,$765,$935,"$1,060",$954,"$1,166","$1,310","$1,179","$1,441","$1,440","$1,296","$1,584"
14642,METRO40380M40380,"Rochester, NY HUD Metro FMR Area",$740,$666,$814,$850,$765,$935,"$1,060",$954,"$1,166","$1,310","$1,179","$1,441","$1,440","$1,296","$1,584"
14643,METRO40380M40380,"Rochester, NY HUD Metro FMR Area",$740,$666,$814,$850,$765,$935,"$1,060",$954,"$1,166","$1,310","$1,179","$1,441","$1,440","$1,296","$1,584"
14646,METRO40380M40380,"Rochester, NY HUD Metro FMR Area",$740,$666,$814,$850,$765,$935,"$1,060",$954,"$1,166","$1,310","$1,179","$1,441","$1,440","$1,296","$1,584"
14647,METRO40380M40380,"Rochester, NY HUD Metro FMR Area",$740,$666,$814,$850,$765,$935,"$1,060",$954,"$1,166","$1,310","$1,179","$1,441","$1,440","$1,296","$1,584"
14649,METRO40380M40380,"Rochester, NY HUD Metro FMR Area",$740,$666,$814,$850,$765,$935,"$1,060",$954,"$1,166","$1,310","$1,179","$1,441","$1,440","$1,296","$1,584"
14650,METRO40380M40380,"Rochester, NY HUD Metro FMR Area",$740,$666,$814,$850,$765,$935,"$1,060",$954,"$1,166","$1,310","$1,179","$1,441","$1,440","$1,296","$1,584"
14651,METRO40380M40380,"Rochester, NY HUD Metro FMR Area",$740,$666,$814,$850,$765,$935,"$1,060",$954,"$1,166","$1,310","$1,179","$1,441","$1,440","$1,296","$1,584"
14652,METRO40380M40380,"Rochester, NY HUD Metro FMR Area",$740,$666,$814,$850,$765,$935,"$1,060",$954,"$1,166","$1,310","$1,179","$1,441","$1,440","$1,296","$1,584"
14653,METRO40380M40380,"Rochester, NY HUD Metro FMR Area",$740,$666,$814,$850,$765,$935,"$1,060",$954,"$1,166","$1,310","$1,179","$1,441","$1,440","$1,296","$1,584"
14692,METRO40380M40380,"Rochester, NY HUD Metro FMR Area",$740,$666,$814,$850,$765,$935,"$1,060",$954,"$1,166","$1,310","$1,179","$1,441","$1,440","$1,296","$1,584"
14822,METRO40380M40380,"Rochester, NY HUD Metro FMR Area",$630,$567,$693,$730,$657,$803,$910,$819,"$1,001","$1,130","$1,017","$1,243","$1,230","$1,107","$1,353"
14836,METRO40380M40380,"Rochester, NY HUD Metro FMR Area",$630,$567,$693,$730,$657,$803,$910,$819,"$1,001","$1,130","$1,017","$1,243","$1,230","$1,107","$1,353"
14846,METRO40380M40380,"Rochester, NY HUD Metro FMR Area",$630,$567,$693,$730,$657,$803,$910,$819,"$1,001","$1,130","$1,017","$1,243","$1,230","$1,107","$1,353"
14884,METRO40380M40380,"Rochester, NY HUD Metro FMR Area",$650,$585,$715,$740,$666,$814,$930,$837,"$1,023","$1,150","$1,035","$1,265","$1,260","$1,134","$1,386"
14415,METRO40380N36123,"Yates County, NY HUD Metro FMR Area",$590,$531,$649,$700,$630,$770,$880,$792,$968,"$1,180","$1,062","$1,298","$1,190","$1,071","$1,309"
14418,METRO40380N36123,"Yates County, NY HUD Metro FMR Area",$840,$756,$924,"$1,010",$909,"$1,111","$1,270","$1,143","$1,397","$1,720","$1,548","$1,892","$1,720","$1,548","$1,892"
14441,METRO40380N36123,"Yates County, NY HUD Metro FMR Area",$620,$558,$682,$750,$675,$825,$940,$846,"$1,034","$1,270","$1,143","$1,397","$1,270","$1,143","$1,397"
14456,METRO40380N36123,"Yates County, NY HUD Metro FMR Area",$660,$594,$726,$750,$675,$825,$940,$846,"$1,034","$1,160","$1,044","$1,276","$1,270","$1,143","$1,397"
14478,METRO40380N36123,"Yates County, NY HUD Metro FMR Area",$620,$558,$682,$740,$666,$814,$930,$837,"$1,023","$1,270","$1,143","$1,397","$1,270","$1,143","$1,397"
14507,METRO40380N36123,"Yates County, NY HUD Metro FMR Area",$520,$468,$572,$630,$567,$693,$790,$711,$869,"$1,070",$963,"$1,177","$1,070",$963,"$1,177"
14512,METRO40380N36123,"Yates County, NY HUD Metro FMR Area",$630,$567,$693,$730,$657,$803,$910,$819,"$1,001","$1,130","$1,017","$1,243","$1,230","$1,107","$1,353"
14527,METRO40380N36123,"Yates County, NY HUD Metro FMR Area",$580,$522,$638,$690,$621,$759,$870,$783,$957,"$1,180","$1,062","$1,298","$1,180","$1,062","$1,298"
14544,METRO40380N36123,"Yates County, NY HUD Metro FMR Area",$630,$567,$693,$730,$657,$803,$910,$819,"$1,001","$1,130","$1,017","$1,243","$1,230","$1,107","$1,353"
14561,METRO40380N36123,"Yates County, NY HUD Metro FMR Area",$710,$639,$781,$810,$729,$891,"$1,020",$918,"$1,122","$1,260","$1,134","$1,386","$1,380","$1,242","$1,518"
14837,METRO40380N36123,"Yates County, NY HUD Metro FMR Area",$520,$468,$572,$630,$567,$693,$790,$711,$869,"$1,070",$963,"$1,177","$1,070",$963,"$1,177"
14842,METRO40380N36123,"Yates County, NY HUD Metro FMR Area",$560,$504,$616,$670,$603,$737,$840,$756,$924,"$1,140","$1,026","$1,254","$1,140","$1,026","$1,254"
14857,METRO40380N36123,"Yates County, NY HUD Metro FMR Area",$570,$513,$627,$690,$621,$759,$860,$774,$946,"$1,160","$1,044","$1,276","$1,170","$1,053","$1,287"
14873,METRO40380N36123,"Yates County, NY HUD Metro FMR Area",$570,$513,$627,$690,$621,$759,$860,$774,$946,"$1,160","$1,044","$1,276","$1,170","$1,053","$1,287"
14878,METRO40380N36123,"Yates County, NY HUD Metro FMR Area",$520,$468,$572,$630,$567,$693,$790,$711,$869,"$1,070",$963,"$1,177","$1,070",$963,"$1,177"
13020,METRO45060M45060,"Syracuse, NY MSA",$740,$666,$814,$840,$756,$924,"$1,040",$936,"$1,144","$1,290","$1,161","$1,419","$1,490","$1,341","$1,639"
13021,METRO45060M45060,"Syracuse, NY MSA",$640,$576,$704,$720,$648,$792,$890,$801,$979,"$1,100",$990,"$1,210","$1,280","$1,152","$1,408"
13027,METRO45060M45060,"Syracuse, NY MSA",$740,$666,$814,$830,$747,$913,"$1,030",$927,"$1,133","$1,280","$1,152","$1,408","$1,480","$1,332","$1,628"
13028,METRO45060M45060,"Syracuse, NY MSA",$750,$675,$825,$840,$756,$924,"$1,040",$936,"$1,144","$1,290","$1,161","$1,419","$1,500","$1,350","$1,650"
13029,METRO45060M45060,"Syracuse, NY MSA",$770,$693,$847,$860,$774,$946,"$1,070",$963,"$1,177","$1,330","$1,197","$1,463","$1,540","$1,386","$1,694"
13030,METRO45060M45060,"Syracuse, NY MSA",$610,$549,$671,$690,$621,$759,$850,$765,$935,"$1,050",$945,"$1,155","$1,220","$1,098","$1,342"
13031,METRO45060M45060,"Syracuse, NY MSA",$770,$693,$847,$860,$774,$946,"$1,070",$963,"$1,177","$1,330","$1,197","$1,463","$1,540","$1,386","$1,694"
13032,METRO45060M45060,"Syracuse, NY MSA",$690,$621,$759,$780,$702,$858,$960,$864,"$1,056","$1,190","$1,071","$1,309","$1,380","$1,242","$1,518"
13033,METRO45060M45060,"Syracuse, NY MSA",$680,$612,$748,$770,$693,$847,$950,$855,"$1,045","$1,180","$1,062","$1,298","$1,370","$1,233","$1,507"
13035,METRO45060M45060,"Syracuse, NY MSA",$770,$693,$847,$860,$774,$946,"$1,070",$963,"$1,177","$1,330","$1,197","$1,463","$1,540","$1,386","$1,694"
13036,METRO45060M45060,"Syracuse, NY MSA",$660,$594,$726,$740,$666,$814,$920,$828,"$1,012","$1,140","$1,026","$1,254","$1,320","$1,188","$1,452"
13037,METRO45060M45060,"Syracuse, NY MSA",$640,$576,$704,$720,$648,$792,$890,$801,$979,"$1,100",$990,"$1,210","$1,280","$1,152","$1,408"
13039,METRO45060M45060,"Syracuse, NY MSA",$740,$666,$814,$830,$747,$913,"$1,030",$927,"$1,133","$1,280","$1,152","$1,408","$1,480","$1,332","$1,628"
13041,METRO45060M45060,"Syracuse, NY MSA",$950,$855,"$1,045","$1,070",$963,"$1,177","$1,320","$1,188","$1,452","$1,640","$1,476","$1,804","$1,900","$1,710","$2,090"
13042,METRO45060M45060,"Syracuse, NY MSA",$870,$783,$957,$920,$828,"$1,012","$1,150","$1,035","$1,265","$1,420","$1,278","$1,562","$1,650","$1,485","$1,815"
13043,METRO45060M45060,"Syracuse, NY MSA",$650,$585,$715,$740,$666,$814,$910,$819,"$1,001","$1,130","$1,017","$1,243","$1,310","$1,179","$1,441"
13044,METRO45060M45060,"Syracuse, NY MSA",$590,$531,$649,$660,$594,$726,$820,$738,$902,"$1,020",$918,"$1,122","$1,180","$1,062","$1,298"
13051,METRO45060M45060,"Syracuse, NY MSA",$740,$666,$814,$830,$747,$913,"$1,030",$927,"$1,133","$1,280","$1,152","$1,408","$1,490","$1,341","$1,639"
13052,METRO45060M45060,"Syracuse, NY MSA",$670,$603,$737,$750,$675,$825,$930,$837,"$1,023","$1,150","$1,035","$1,265","$1,340","$1,206","$1,474"
13057,METRO45060M45060,"Syracuse, NY MSA",$680,$612,$748,$760,$684,$836,$940,$846,"$1,034","$1,170","$1,053","$1,287","$1,350","$1,215","$1,485"
13060,METRO45060M45060,"Syracuse, NY MSA",$680,$612,$748,$770,$693,$847,$950,$855,"$1,045","$1,180","$1,062","$1,298","$1,370","$1,233","$1,507"
13061,METRO45060M45060,"Syracuse, NY MSA",$650,$585,$715,$740,$666,$814,$910,$819,"$1,001","$1,130","$1,017","$1,243","$1,310","$1,179","$1,441"
13063,METRO45060M45060,"Syracuse, NY MSA",$750,$675,$825,$840,$756,$924,"$1,040",$936,"$1,144","$1,290","$1,161","$1,419","$1,500","$1,350","$1,650"
13066,METRO45060M45060,"Syracuse, NY MSA",$830,$747,$913,$930,$837,"$1,023","$1,150","$1,035","$1,265","$1,430","$1,287","$1,573","$1,650","$1,485","$1,815"
13069,METRO45060M45060,"Syracuse, NY MSA",$630,$567,$693,$700,$630,$770,$870,$783,$957,"$1,080",$972,"$1,188","$1,250","$1,125","$1,375"
13072,METRO45060M45060,"Syracuse, NY MSA",$730,$657,$803,$820,$738,$902,"$1,010",$909,"$1,111","$1,260","$1,134","$1,386","$1,460","$1,314","$1,606"
13074,METRO45060M45060,"Syracuse, NY MSA",$630,$567,$693,$700,$630,$770,$870,$783,$957,"$1,080",$972,"$1,188","$1,250","$1,125","$1,375"
13076,METRO45060M45060,"Syracuse, NY MSA","$1,030",$927,"$1,133","$1,160","$1,044","$1,276","$1,430","$1,287","$1,573","$1,770","$1,593","$1,947","$2,060","$1,854","$2,266"
13077,METRO45060M45060,"Syracuse, NY MSA",$660,$594,$726,$740,$666,$814,$920,$828,"$1,012","$1,140","$1,026","$1,254","$1,320","$1,188","$1,452"
13078,METRO45060M45060,"Syracuse, NY MSA",$860,$774,$946,$960,$864,"$1,056","$1,190","$1,071","$1,309","$1,480","$1,332","$1,628","$1,710","$1,539","$1,881"
13080,METRO45060M45060,"Syracuse, NY MSA",$590,$531,$649,$660,$594,$726,$820,$738,$902,"$1,020",$918,"$1,122","$1,180","$1,062","$1,298"
13082,METRO45060M45060,"Syracuse, NY MSA",$680,$612,$748,$760,$684,$836,$940,$846,"$1,034","$1,170","$1,053","$1,287","$1,350","$1,215","$1,485"
13083,METRO45060M45060,"Syracuse, NY MSA",$630,$567,$693,$720,$648,$792,$950,$855,"$1,045","$1,260","$1,134","$1,386","$1,450","$1,305","$1,595"
13084,METRO45060M45060,"Syracuse, NY MSA",$690,$621,$759,$780,$702,$858,$960,$864,"$1,056","$1,190","$1,071","$1,309","$1,380","$1,242","$1,518"
13088,METRO45060M45060,"Syracuse, NY MSA",$750,$675,$825,$840,$756,$924,"$1,040",$936,"$1,144","$1,290","$1,161","$1,419","$1,500","$1,350","$1,650"
13089,METRO45060M45060,"Syracuse, NY MSA",$700,$630,$770,$790,$711,$869,$980,$882,"$1,078","$1,220","$1,098","$1,342","$1,410","$1,269","$1,551"
13090,METRO45060M45060,"Syracuse, NY MSA",$780,$702,$858,$870,$783,$957,"$1,080",$972,"$1,188","$1,340","$1,206","$1,474","$1,550","$1,395","$1,705"
13093,METRO45060M45060,"Syracuse, NY MSA",$640,$576,$704,$720,$648,$792,$890,$801,$979,"$1,100",$990,"$1,210","$1,280","$1,152","$1,408"
13103,METRO45060M45060,"Syracuse, NY MSA",$810,$729,$891,$910,$819,"$1,001","$1,130","$1,017","$1,243","$1,400","$1,260","$1,540","$1,630","$1,467","$1,793"
13104,METRO45060M45060,"Syracuse, NY MSA",$720,$648,$792,$810,$729,$891,"$1,000",$900,"$1,100","$1,240","$1,116","$1,364","$1,440","$1,296","$1,584"
13108,METRO45060M45060,"Syracuse, NY MSA",$670,$603,$737,$750,$675,$825,$930,$837,"$1,023","$1,150","$1,035","$1,265","$1,340","$1,206","$1,474"
13110,METRO45060M45060,"Syracuse, NY MSA",$740,$666,$814,$830,$747,$913,"$1,020",$918,"$1,122","$1,270","$1,143","$1,397","$1,470","$1,323","$1,617"
13111,METRO45060M45060,"Syracuse, NY MSA",$610,$549,$671,$690,$621,$759,$850,$765,$935,"$1,050",$945,"$1,155","$1,220","$1,098","$1,342"
13112,METRO45060M45060,"Syracuse, NY MSA",$780,$702,$858,$880,$792,$968,"$1,090",$981,"$1,199","$1,350","$1,215","$1,485","$1,570","$1,413","$1,727"
13114,METRO45060M45060,"Syracuse, NY MSA",$590,$531,$649,$660,$594,$726,$820,$738,$902,"$1,020",$918,"$1,122","$1,180","$1,062","$1,298"
13115,METRO45060M45060,"Syracuse, NY MSA",$640,$576,$704,$720,$648,$792,$890,$801,$979,"$1,100",$990,"$1,210","$1,280","$1,152","$1,408"
13116,METRO45060M45060,"Syracuse, NY MSA",$670,$603,$737,$750,$675,$825,$930,$837,"$1,023","$1,150","$1,035","$1,265","$1,340","$1,206","$1,474"
13119,METRO45060M45060,"Syracuse, NY MSA",$700,$630,$770,$790,$711,$869,$980,$882,"$1,078","$1,220","$1,098","$1,342","$1,410","$1,269","$1,551"
13120,METRO45060M45060,"Syracuse, NY MSA",$590,$531,$649,$660,$594,$726,$820,$738,$902,"$1,020",$918,"$1,122","$1,180","$1,062","$1,298"
13121,METRO45060M45060,"Syracuse, NY MSA",$640,$576,$704,$720,$648,$792,$890,$801,$979,"$1,100",$990,"$1,210","$1,280","$1,152","$1,408"
13122,METRO45060M45060,"Syracuse, NY MSA",$710,$639,$781,$800,$720,$880,$990,$891,"$1,089","$1,220","$1,098","$1,342","$1,420","$1,278","$1,562"
13126,METRO45060M45060,"Syracuse, NY MSA",$640,$576,$704,$720,$648,$792,$890,$801,$979,"$1,100",$990,"$1,210","$1,280","$1,152","$1,408"
13131,METRO45060M45060,"Syracuse, NY MSA",$680,$612,$748,$770,$693,$847,$950,$855,"$1,045","$1,180","$1,062","$1,298","$1,370","$1,233","$1,507"
13132,METRO45060M45060,"Syracuse, NY MSA",$690,$621,$759,$780,$702,$858,$960,$864,"$1,056","$1,190","$1,071","$1,309","$1,380","$1,242","$1,518"
13134,METRO45060M45060,"Syracuse, NY MSA",$670,$603,$737,$750,$675,$825,$920,$828,"$1,012","$1,150","$1,035","$1,265","$1,320","$1,188","$1,452"
13135,METRO45060M45060,"Syracuse, NY MSA",$630,$567,$693,$700,$630,$770,$870,$783,$957,"$1,080",$972,"$1,188","$1,250","$1,125","$1,375"
13137,METRO45060M45060,"Syracuse, NY MSA",$700,$630,$770,$790,$711,$869,$980,$882,"$1,078","$1,220","$1,098","$1,342","$1,410","$1,269","$1,551"
13138,METRO45060M45060,"Syracuse, NY MSA",$700,$630,$770,$790,$711,$869,$980,$882,"$1,078","$1,220","$1,098","$1,342","$1,410","$1,269","$1,551"
13141,METRO45060M45060,"Syracuse, NY MSA",$700,$630,$770,$780,$702,$858,$970,$873,"$1,067","$1,200","$1,080","$1,320","$1,400","$1,260","$1,540"
13142,METRO45060M45060,"Syracuse, NY MSA",$640,$576,$704,$720,$648,$792,$890,$801,$979,"$1,100",$990,"$1,210","$1,280","$1,152","$1,408"
13144,METRO45060M45060,"Syracuse, NY MSA",$610,$549,$671,$690,$621,$759,$850,$765,$935,"$1,050",$945,"$1,155","$1,220","$1,098","$1,342"
13145,METRO45060M45060,"Syracuse, NY MSA",$660,$594,$726,$740,$666,$814,$950,$855,"$1,045","$1,260","$1,134","$1,386","$1,450","$1,305","$1,595"
13152,METRO45060M45060,"Syracuse, NY MSA",$850,$765,$935,$950,$855,"$1,045","$1,180","$1,062","$1,298","$1,460","$1,314","$1,606","$1,700","$1,530","$1,870"
13153,METRO45060M45060,"Syracuse, NY MSA",$650,$585,$715,$740,$666,$814,$910,$819,"$1,001","$1,130","$1,017","$1,243","$1,310","$1,179","$1,441"
13156,METRO45060M45060,"Syracuse, NY MSA",$630,$567,$693,$730,$657,$803,$910,$819,"$1,001","$1,130","$1,017","$1,243","$1,230","$1,107","$1,353"
13158,METRO45060M45060,"Syracuse, NY MSA",$620,$558,$682,$700,$630,$770,$860,$774,$946,"$1,070",$963,"$1,177","$1,240","$1,116","$1,364"
13159,METRO45060M45060,"Syracuse, NY MSA",$750,$675,$825,$850,$765,$935,"$1,050",$945,"$1,155","$1,300","$1,170","$1,430","$1,510","$1,359","$1,661"
13163,METRO45060M45060,"Syracuse, NY MSA",$670,$603,$737,$750,$675,$825,$930,$837,"$1,023","$1,150","$1,035","$1,265","$1,330","$1,197","$1,463"
13164,METRO45060M45060,"Syracuse, NY MSA",$620,$558,$682,$700,$630,$770,$860,$774,$946,"$1,070",$963,"$1,177","$1,240","$1,116","$1,364"
13166,METRO45060M45060,"Syracuse, NY MSA",$680,$612,$748,$770,$693,$847,$950,$855,"$1,045","$1,180","$1,062","$1,298","$1,370","$1,233","$1,507"
13167,METRO45060M45060,"Syracuse, NY MSA",$730,$657,$803,$820,$738,$902,"$1,020",$918,"$1,122","$1,260","$1,134","$1,386","$1,470","$1,323","$1,617"
13201,METRO45060M45060,"Syracuse, NY MSA",$700,$630,$770,$790,$711,$869,$980,$882,"$1,078","$1,220","$1,098","$1,342","$1,410","$1,269","$1,551"
13202,METRO45060M45060,"Syracuse, NY MSA",$820,$738,$902,$920,$828,"$1,012","$1,140","$1,026","$1,254","$1,410","$1,269","$1,551","$1,640","$1,476","$1,804"
13203,METRO45060M45060,"Syracuse, NY MSA",$680,$612,$748,$760,$684,$836,$940,$846,"$1,034","$1,170","$1,053","$1,287","$1,350","$1,215","$1,485"
13204,METRO45060M45060,"Syracuse, NY MSA",$640,$576,$704,$720,$648,$792,$890,$801,$979,"$1,100",$990,"$1,210","$1,280","$1,152","$1,408"
13205,METRO45060M45060,"Syracuse, NY MSA",$630,$567,$693,$700,$630,$770,$870,$783,$957,"$1,080",$972,"$1,188","$1,250","$1,125","$1,375"
13206,METRO45060M45060,"Syracuse, NY MSA",$650,$585,$715,$730,$657,$803,$900,$810,$990,"$1,120","$1,008","$1,232","$1,290","$1,161","$1,419"
13207,METRO45060M45060,"Syracuse, NY MSA",$710,$639,$781,$800,$720,$880,$990,$891,"$1,089","$1,230","$1,107","$1,353","$1,420","$1,278","$1,562"
13208,METRO45060M45060,"Syracuse, NY MSA",$630,$567,$693,$710,$639,$781,$880,$792,$968,"$1,090",$981,"$1,199","$1,270","$1,143","$1,397"
13209,METRO45060M45060,"Syracuse, NY MSA",$660,$594,$726,$740,$666,$814,$920,$828,"$1,012","$1,140","$1,026","$1,254","$1,320","$1,188","$1,452"
13210,METRO45060M45060,"Syracuse, NY MSA",$720,$648,$792,$810,$729,$891,"$1,000",$900,"$1,100","$1,240","$1,116","$1,364","$1,440","$1,296","$1,584"
13211,METRO45060M45060,"Syracuse, NY MSA",$770,$693,$847,$860,$774,$946,"$1,070",$963,"$1,177","$1,330","$1,197","$1,463","$1,540","$1,386","$1,694"
13212,METRO45060M45060,"Syracuse, NY MSA",$710,$639,$781,$800,$720,$880,$990,$891,"$1,089","$1,230","$1,107","$1,353","$1,420","$1,278","$1,562"
13214,METRO45060M45060,"Syracuse, NY MSA",$680,$612,$748,$770,$693,$847,$950,$855,"$1,045","$1,180","$1,062","$1,298","$1,370","$1,233","$1,507"
13215,METRO45060M45060,"Syracuse, NY MSA",$780,$702,$858,$880,$792,$968,"$1,090",$981,"$1,199","$1,350","$1,215","$1,485","$1,570","$1,413","$1,727"
13217,METRO45060M45060,"Syracuse, NY MSA",$700,$630,$770,$790,$711,$869,$980,$882,"$1,078","$1,220","$1,098","$1,342","$1,410","$1,269","$1,551"
13218,METRO45060M45060,"Syracuse, NY MSA",$700,$630,$770,$790,$711,$869,$980,$882,"$1,078","$1,220","$1,098","$1,342","$1,410","$1,269","$1,551"
13219,METRO45060M45060,"Syracuse, NY MSA",$750,$675,$825,$850,$765,$935,"$1,050",$945,"$1,155","$1,300","$1,170","$1,430","$1,510","$1,359","$1,661"
13220,METRO45060M45060,"Syracuse, NY MSA",$700,$630,$770,$790,$711,$869,$980,$882,"$1,078","$1,220","$1,098","$1,342","$1,410","$1,269","$1,551"
13224,METRO45060M45060,"Syracuse, NY MSA",$700,$630,$770,$780,$702,$858,$970,$873,"$1,067","$1,200","$1,080","$1,320","$1,400","$1,260","$1,540"
13225,METRO45060M45060,"Syracuse, NY MSA",$700,$630,$770,$790,$711,$869,$980,$882,"$1,078","$1,220","$1,098","$1,342","$1,410","$1,269","$1,551"
13235,METRO45060M45060,"Syracuse, NY MSA",$700,$630,$770,$790,$711,$869,$980,$882,"$1,078","$1,220","$1,098","$1,342","$1,410","$1,269","$1,551"
13244,METRO45060M45060,"Syracuse, NY MSA",$700,$630,$770,$790,$711,$869,$980,$882,"$1,078","$1,220","$1,098","$1,342","$1,410","$1,269","$1,551"
13261,METRO45060M45060,"Syracuse, NY MSA",$700,$630,$770,$790,$711,$869,$980,$882,"$1,078","$1,220","$1,098","$1,342","$1,410","$1,269","$1,551"
13290,METRO45060M45060,"Syracuse, NY MSA",$700,$630,$770,$790,$711,$869,$980,$882,"$1,078","$1,220","$1,098","$1,342","$1,410","$1,269","$1,551"
13302,METRO45060M45060,"Syracuse, NY MSA",$730,$657,$803,$820,$738,$902,"$1,020",$918,"$1,122","$1,260","$1,134","$1,386","$1,470","$1,323","$1,617"
13310,METRO45060M45060,"Syracuse, NY MSA",$690,$621,$759,$770,$693,$847,$960,$864,"$1,056","$1,190","$1,071","$1,309","$1,370","$1,233","$1,507"
13314,METRO45060M45060,"Syracuse, NY MSA",$630,$567,$693,$690,$621,$759,$860,$774,$946,"$1,060",$954,"$1,166","$1,230","$1,107","$1,353"
13316,METRO45060M45060,"Syracuse, NY MSA",$640,$576,$704,$660,$594,$726,$820,$738,$902,"$1,020",$918,"$1,122","$1,180","$1,062","$1,298"
13332,METRO45060M45060,"Syracuse, NY MSA",$680,$612,$748,$760,$684,$836,$940,$846,"$1,034","$1,170","$1,053","$1,287","$1,350","$1,215","$1,485"
13334,METRO45060M45060,"Syracuse, NY MSA",$690,$621,$759,$780,$702,$858,$960,$864,"$1,056","$1,190","$1,071","$1,309","$1,380","$1,242","$1,518"
13346,METRO45060M45060,"Syracuse, NY MSA",$780,$702,$858,$870,$783,$957,"$1,080",$972,"$1,188","$1,340","$1,206","$1,474","$1,550","$1,395","$1,705"
13355,METRO45060M45060,"Syracuse, NY MSA",$630,$567,$693,$710,$639,$781,$880,$792,$968,"$1,090",$981,"$1,199","$1,270","$1,143","$1,397"
13364,METRO45060M45060,"Syracuse, NY MSA",$620,$558,$682,$670,$603,$737,$840,$756,$924,"$1,040",$936,"$1,144","$1,200","$1,080","$1,320"
13402,METRO45060M45060,"Syracuse, NY MSA",$650,$585,$715,$730,$657,$803,$900,$810,$990,"$1,120","$1,008","$1,232","$1,290","$1,161","$1,419"
13408,METRO45060M45060,"Syracuse, NY MSA",$650,$585,$715,$730,$657,$803,$900,$810,$990,"$1,120","$1,008","$1,232","$1,290","$1,161","$1,419"
13409,METRO45060M45060,"Syracuse, NY MSA",$660,$594,$726,$740,$666,$814,$920,$828,"$1,012","$1,140","$1,026","$1,254","$1,320","$1,188","$1,452"
13418,METRO45060M45060,"Syracuse, NY MSA",$630,$567,$693,$680,$612,$748,$850,$765,$935,"$1,060",$954,"$1,166","$1,230","$1,107","$1,353"
13421,METRO45060M45060,"Syracuse, NY MSA",$630,$567,$693,$690,$621,$759,$860,$774,$946,"$1,060",$954,"$1,166","$1,230","$1,107","$1,353"
13425,METRO45060M45060,"Syracuse, NY MSA",$660,$594,$726,$660,$594,$726,$840,$756,$924,"$1,040",$936,"$1,144","$1,210","$1,089","$1,331"
13426,METRO45060M45060,"Syracuse, NY MSA",$640,$576,$704,$720,$648,$792,$890,$801,$979,"$1,100",$990,"$1,210","$1,280","$1,152","$1,408"
13437,METRO45060M45060,"Syracuse, NY MSA",$590,$531,$649,$660,$594,$726,$820,$738,$902,"$1,020",$918,"$1,122","$1,180","$1,062","$1,298"
13460,METRO45060M45060,"Syracuse, NY MSA",$590,$531,$649,$660,$594,$726,$820,$738,$902,"$1,020",$918,"$1,122","$1,180","$1,062","$1,298"
13464,METRO45060M45060,"Syracuse, NY MSA",$650,$585,$715,$740,$666,$814,$910,$819,"$1,001","$1,130","$1,017","$1,243","$1,310","$1,179","$1,441"
13480,METRO45060M45060,"Syracuse, NY MSA",$620,$558,$682,$660,$594,$726,$820,$738,$902,"$1,020",$918,"$1,122","$1,180","$1,062","$1,298"
13483,METRO45060M45060,"Syracuse, NY MSA",$960,$864,"$1,056",$970,$873,"$1,067","$1,230","$1,107","$1,353","$1,520","$1,368","$1,672","$1,760","$1,584","$1,936"
13484,METRO45060M45060,"Syracuse, NY MSA",$650,$585,$715,$730,$657,$803,$900,$810,$990,"$1,120","$1,008","$1,232","$1,290","$1,161","$1,419"
13485,METRO45060M45060,"Syracuse, NY MSA",$630,$567,$693,$700,$630,$770,$870,$783,$957,"$1,080",$972,"$1,188","$1,250","$1,125","$1,375"
13491,METRO45060M45060,"Syracuse, NY MSA",$600,$540,$660,$660,$594,$726,$820,$738,$902,"$1,020",$918,"$1,122","$1,180","$1,062","$1,298"
13493,METRO45060M45060,"Syracuse, NY MSA",$620,$558,$682,$700,$630,$770,$860,$774,$946,"$1,070",$963,"$1,177","$1,240","$1,116","$1,364"
13661,METRO45060M45060,"Syracuse, NY MSA",$660,$594,$726,$750,$675,$825,$990,$891,"$1,089","$1,330","$1,197","$1,463","$1,560","$1,404","$1,716"
13032,METRO46540M46540,"Utica-Rome, NY MSA",$690,$621,$759,$780,$702,$858,$960,$864,"$1,056","$1,190","$1,071","$1,309","$1,380","$1,242","$1,518"
13042,METRO46540M46540,"Utica-Rome, NY MSA",$870,$783,$957,$920,$828,"$1,012","$1,150","$1,035","$1,265","$1,420","$1,278","$1,562","$1,650","$1,485","$1,815"
13054,METRO46540M46540,"Utica-Rome, NY MSA",$940,$846,"$1,034",$950,$855,"$1,045","$1,200","$1,080","$1,320","$1,480","$1,332","$1,628","$1,720","$1,548","$1,892"
13123,METRO46540M46540,"Utica-Rome, NY MSA",$750,$675,$825,$770,$693,$847,$970,$873,"$1,067","$1,190","$1,071","$1,309","$1,390","$1,251","$1,529"
13157,METRO46540M46540,"Utica-Rome, NY MSA",$850,$765,$935,$860,$774,$946,"$1,090",$981,"$1,199","$1,350","$1,215","$1,485","$1,560","$1,404","$1,716"
13162,METRO46540M46540,"Utica-Rome, NY MSA",$930,$837,"$1,023",$940,$846,"$1,034","$1,190","$1,071","$1,309","$1,470","$1,323","$1,617","$1,710","$1,539","$1,881"
13301,METRO46540M46540,"Utica-Rome, NY MSA",$660,$594,$726,$670,$603,$737,$840,$756,$924,"$1,040",$936,"$1,144","$1,200","$1,080","$1,320"
13303,METRO46540M46540,"Utica-Rome, NY MSA",$760,$684,$836,$760,$684,$836,$970,$873,"$1,067","$1,200","$1,080","$1,320","$1,390","$1,251","$1,529"
13304,METRO46540M46540,"Utica-Rome, NY MSA",$760,$684,$836,$760,$684,$836,$970,$873,"$1,067","$1,200","$1,080","$1,320","$1,390","$1,251","$1,529"
13308,METRO46540M46540,"Utica-Rome, NY MSA",$740,$666,$814,$740,$666,$814,$940,$846,"$1,034","$1,160","$1,044","$1,276","$1,350","$1,215","$1,485"
13309,METRO46540M46540,"Utica-Rome, NY MSA",$600,$540,$660,$600,$540,$660,$760,$684,$836,$940,$846,"$1,034","$1,090",$981,"$1,199"
13313,METRO46540M46540,"Utica-Rome, NY MSA",$660,$594,$726,$660,$594,$726,$840,$756,$924,"$1,040",$936,"$1,144","$1,210","$1,089","$1,331"
13316,METRO46540M46540,"Utica-Rome, NY MSA",$640,$576,$704,$660,$594,$726,$820,$738,$902,"$1,020",$918,"$1,122","$1,180","$1,062","$1,298"
13318,METRO46540M46540,"Utica-Rome, NY MSA",$770,$693,$847,$770,$693,$847,$980,$882,"$1,078","$1,210","$1,089","$1,331","$1,410","$1,269","$1,551"
13319,METRO46540M46540,"Utica-Rome, NY MSA",$680,$612,$748,$690,$621,$759,$870,$783,$957,"$1,080",$972,"$1,188","$1,250","$1,125","$1,375"
13321,METRO46540M46540,"Utica-Rome, NY MSA",$650,$585,$715,$650,$585,$715,$830,$747,$913,"$1,030",$927,"$1,133","$1,190","$1,071","$1,309"
13322,METRO46540M46540,"Utica-Rome, NY MSA",$640,$576,$704,$650,$585,$715,$820,$738,$902,"$1,010",$909,"$1,111","$1,180","$1,062","$1,298"
13323,METRO46540M46540,"Utica-Rome, NY MSA",$880,$792,$968,$880,$792,$968,"$1,120","$1,008","$1,232","$1,380","$1,242","$1,518","$1,610","$1,449","$1,771"
13324,METRO46540M46540,"Utica-Rome, NY MSA",$630,$567,$693,$630,$567,$693,$800,$720,$880,$990,$891,"$1,089","$1,150","$1,035","$1,265"
13328,METRO46540M46540,"Utica-Rome, NY MSA",$590,$531,$649,$600,$540,$660,$760,$684,$836,$940,$846,"$1,034","$1,090",$981,"$1,199"
13329,METRO46540M46540,"Utica-Rome, NY MSA",$590,$531,$649,$600,$540,$660,$760,$684,$836,$940,$846,"$1,034","$1,090",$981,"$1,199"
13331,METRO46540M46540,"Utica-Rome, NY MSA",$630,$567,$693,$640,$576,$704,$810,$729,$891,"$1,000",$900,"$1,100","$1,160","$1,044","$1,276"
13338,METRO46540M46540,"Utica-Rome, NY MSA",$670,$603,$737,$680,$612,$748,$860,$774,$946,"$1,060",$954,"$1,166","$1,230","$1,107","$1,353"
13339,METRO46540M46540,"Utica-Rome, NY MSA",$660,$594,$726,$660,$594,$726,$840,$756,$924,"$1,040",$936,"$1,144","$1,210","$1,089","$1,331"
13340,METRO46540M46540,"Utica-Rome, NY MSA",$670,$603,$737,$670,$603,$737,$850,$765,$935,"$1,050",$945,"$1,155","$1,220","$1,098","$1,342"
13341,METRO46540M46540,"Utica-Rome, NY MSA",$880,$792,$968,$880,$792,$968,"$1,120","$1,008","$1,232","$1,380","$1,242","$1,518","$1,610","$1,449","$1,771"
13350,METRO46540M46540,"Utica-Rome, NY MSA",$720,$648,$792,$730,$657,$803,$920,$828,"$1,012","$1,140","$1,026","$1,254","$1,320","$1,188","$1,452"
13352,METRO46540M46540,"Utica-Rome, NY MSA",$660,$594,$726,$670,$603,$737,$850,$765,$935,"$1,050",$945,"$1,155","$1,220","$1,098","$1,342"
13354,METRO46540M46540,"Utica-Rome, NY MSA",$590,$531,$649,$600,$540,$660,$760,$684,$836,$940,$846,"$1,034","$1,090",$981,"$1,199"
13357,METRO46540M46540,"Utica-Rome, NY MSA",$610,$549,$671,$610,$549,$671,$780,$702,$858,$960,$864,"$1,056","$1,120","$1,008","$1,232"
13360,METRO46540M46540,"Utica-Rome, NY MSA",$630,$567,$693,$640,$576,$704,$810,$729,$891,"$1,000",$900,"$1,100","$1,160","$1,044","$1,276"
13361,METRO46540M46540,"Utica-Rome, NY MSA",$630,$567,$693,$640,$576,$704,$810,$729,$891,"$1,000",$900,"$1,100","$1,160","$1,044","$1,276"
13362,METRO46540M46540,"Utica-Rome, NY MSA",$660,$594,$726,$660,$594,$726,$840,$756,$924,"$1,040",$936,"$1,144","$1,210","$1,089","$1,331"
13363,METRO46540M46540,"Utica-Rome, NY MSA","$1,010",$909,"$1,111","$1,020",$918,"$1,122","$1,290","$1,161","$1,419","$1,590","$1,431","$1,749","$1,850","$1,665","$2,035"
13365,METRO46540M46540,"Utica-Rome, NY MSA",$590,$531,$649,$600,$540,$660,$760,$684,$836,$940,$846,"$1,034","$1,090",$981,"$1,199"
13367,METRO46540M46540,"Utica-Rome, NY MSA",$670,$603,$737,$680,$612,$748,$860,$774,$946,"$1,060",$954,"$1,166","$1,230","$1,107","$1,353"
13401,METRO46540M46540,"Utica-Rome, NY MSA",$680,$612,$748,$690,$621,$759,$870,$783,$957,"$1,080",$972,"$1,188","$1,250","$1,125","$1,375"
13402,METRO46540M46540,"Utica-Rome, NY MSA",$650,$585,$715,$730,$657,$803,$900,$810,$990,"$1,120","$1,008","$1,232","$1,290","$1,161","$1,419"
13403,METRO46540M46540,"Utica-Rome, NY MSA",$660,$594,$726,$660,$594,$726,$840,$756,$924,"$1,040",$936,"$1,144","$1,210","$1,089","$1,331"
13406,METRO46540M46540,"Utica-Rome, NY MSA",$750,$675,$825,$760,$684,$836,$960,$864,"$1,056","$1,190","$1,071","$1,309","$1,380","$1,242","$1,518"
13407,METRO46540M46540,"Utica-Rome, NY MSA",$630,$567,$693,$630,$567,$693,$800,$720,$880,$990,$891,"$1,089","$1,150","$1,035","$1,265"
13409,METRO46540M46540,"Utica-Rome, NY MSA",$660,$594,$726,$740,$666,$814,$920,$828,"$1,012","$1,140","$1,026","$1,254","$1,320","$1,188","$1,452"
13413,METRO46540M46540,"Utica-Rome, NY MSA",$830,$747,$913,$840,$756,$924,"$1,060",$954,"$1,166","$1,310","$1,179","$1,441","$1,520","$1,368","$1,672"
13416,METRO46540M46540,"Utica-Rome, NY MSA",$590,$531,$649,$600,$540,$660,$760,$684,$836,$940,$846,"$1,034","$1,090",$981,"$1,199"
13417,METRO46540M46540,"Utica-Rome, NY MSA",$700,$630,$770,$700,$630,$770,$890,$801,$979,"$1,100",$990,"$1,210","$1,280","$1,152","$1,408"
13420,METRO46540M46540,"Utica-Rome, NY MSA",$630,$567,$693,$640,$576,$704,$810,$729,$891,"$1,000",$900,"$1,100","$1,160","$1,044","$1,276"
13421,METRO46540M46540,"Utica-Rome, NY MSA",$630,$567,$693,$690,$621,$759,$860,$774,$946,"$1,060",$954,"$1,166","$1,230","$1,107","$1,353"
13424,METRO46540M46540,"Utica-Rome, NY MSA",$670,$603,$737,$680,$612,$748,$860,$774,$946,"$1,060",$954,"$1,166","$1,230","$1,107","$1,353"
13425,METRO46540M46540,"Utica-Rome, NY MSA",$660,$594,$726,$660,$594,$726,$840,$756,$924,"$1,040",$936,"$1,144","$1,210","$1,089","$1,331"
13431,METRO46540M46540,"Utica-Rome, NY MSA",$680,$612,$748,$690,$621,$759,$870,$783,$957,"$1,080",$972,"$1,188","$1,250","$1,125","$1,375"
13435,METRO46540M46540,"Utica-Rome, NY MSA",$670,$603,$737,$680,$612,$748,$860,$774,$946,"$1,060",$954,"$1,166","$1,230","$1,107","$1,353"
13438,METRO46540M46540,"Utica-Rome, NY MSA",$670,$603,$737,$680,$612,$748,$860,$774,$946,"$1,060",$954,"$1,166","$1,230","$1,107","$1,353"
13439,METRO46540M46540,"Utica-Rome, NY MSA",$650,$585,$715,$650,$585,$715,$830,$747,$913,"$1,030",$927,"$1,133","$1,190","$1,071","$1,309"
13440,METRO46540M46540,"Utica-Rome, NY MSA",$700,$630,$770,$700,$630,$770,$890,$801,$979,"$1,100",$990,"$1,210","$1,280","$1,152","$1,408"
13441,METRO46540M46540,"Utica-Rome, NY MSA",$700,$630,$770,$700,$630,$770,$890,$801,$979,"$1,100",$990,"$1,210","$1,280","$1,152","$1,408"
13454,METRO46540M46540,"Utica-Rome, NY MSA",$630,$567,$693,$630,$567,$693,$800,$720,$880,$990,$891,"$1,089","$1,150","$1,035","$1,265"
13455,METRO46540M46540,"Utica-Rome, NY MSA",$680,$612,$748,$690,$621,$759,$870,$783,$957,"$1,080",$972,"$1,188","$1,250","$1,125","$1,375"
13456,METRO46540M46540,"Utica-Rome, NY MSA",$800,$720,$880,$800,$720,$880,"$1,020",$918,"$1,122","$1,260","$1,134","$1,386","$1,460","$1,314","$1,606"
13461,METRO46540M46540,"Utica-Rome, NY MSA",$690,$621,$759,$690,$621,$759,$880,$792,$968,"$1,090",$981,"$1,199","$1,260","$1,134","$1,386"
13469,METRO46540M46540,"Utica-Rome, NY MSA",$650,$585,$715,$650,$585,$715,$830,$747,$913,"$1,030",$927,"$1,133","$1,190","$1,071","$1,309"
13470,METRO46540M46540,"Utica-Rome, NY MSA",$590,$531,$649,$600,$540,$660,$760,$684,$836,$940,$846,"$1,034","$1,090",$981,"$1,199"
13471,METRO46540M46540,"Utica-Rome, NY MSA",$710,$639,$781,$720,$648,$792,$910,$819,"$1,001","$1,120","$1,008","$1,232","$1,310","$1,179","$1,441"
13472,METRO46540M46540,"Utica-Rome, NY MSA",$630,$567,$693,$640,$576,$704,$810,$729,$891,"$1,000",$900,"$1,100","$1,160","$1,044","$1,276"
13475,METRO46540M46540,"Utica-Rome, NY MSA",$660,$594,$726,$660,$594,$726,$840,$756,$924,"$1,040",$936,"$1,144","$1,210","$1,089","$1,331"
13476,METRO46540M46540,"Utica-Rome, NY MSA",$700,$630,$770,$710,$639,$781,$900,$810,$990,"$1,110",$999,"$1,221","$1,290","$1,161","$1,419"
13477,METRO46540M46540,"Utica-Rome, NY MSA",$690,$621,$759,$710,$639,$781,$900,$810,$990,"$1,110",$999,"$1,221","$1,290","$1,161","$1,419"
13478,METRO46540M46540,"Utica-Rome, NY MSA",$630,$567,$693,$630,$567,$693,$800,$720,$880,$990,$891,"$1,089","$1,150","$1,035","$1,265"
13479,METRO46540M46540,"Utica-Rome, NY MSA",$680,$612,$748,$690,$621,$759,$870,$783,$957,"$1,080",$972,"$1,188","$1,250","$1,125","$1,375"
13480,METRO46540M46540,"Utica-Rome, NY MSA",$620,$558,$682,$660,$594,$726,$820,$738,$902,"$1,020",$918,"$1,122","$1,180","$1,062","$1,298"
13483,METRO46540M46540,"Utica-Rome, NY MSA",$960,$864,"$1,056",$970,$873,"$1,067","$1,230","$1,107","$1,353","$1,520","$1,368","$1,672","$1,760","$1,584","$1,936"
13486,METRO46540M46540,"Utica-Rome, NY MSA",$890,$801,$979,$900,$810,$990,"$1,140","$1,026","$1,254","$1,410","$1,269","$1,551","$1,640","$1,476","$1,804"
13489,METRO46540M46540,"Utica-Rome, NY MSA",$690,$621,$759,$690,$621,$759,$880,$792,$968,"$1,080",$972,"$1,188","$1,260","$1,134","$1,386"
13490,METRO46540M46540,"Utica-Rome, NY MSA",$720,$648,$792,$720,$648,$792,$910,$819,"$1,001","$1,130","$1,017","$1,243","$1,310","$1,179","$1,441"
13491,METRO46540M46540,"Utica-Rome, NY MSA",$600,$540,$660,$660,$594,$726,$820,$738,$902,"$1,020",$918,"$1,122","$1,180","$1,062","$1,298"
13492,METRO46540M46540,"Utica-Rome, NY MSA",$670,$603,$737,$680,$612,$748,$860,$774,$946,"$1,060",$954,"$1,166","$1,230","$1,107","$1,353"
13494,METRO46540M46540,"Utica-Rome, NY MSA",$650,$585,$715,$660,$594,$726,$830,$747,$913,"$1,030",$927,"$1,133","$1,190","$1,071","$1,309"
13495,METRO46540M46540,"Utica-Rome, NY MSA",$630,$567,$693,$630,$567,$693,$800,$720,$880,$990,$891,"$1,089","$1,150","$1,035","$1,265"
13501,METRO46540M46540,"Utica-Rome, NY MSA",$630,$567,$693,$630,$567,$693,$800,$720,$880,$990,$891,"$1,089","$1,150","$1,035","$1,265"
13502,METRO46540M46540,"Utica-Rome, NY MSA",$690,$621,$759,$690,$621,$759,$880,$792,$968,"$1,090",$981,"$1,199","$1,260","$1,134","$1,386"
13083,METRO48060M48060,"Watertown-Fort Drum, NY MSA",$630,$567,$693,$720,$648,$792,$950,$855,"$1,045","$1,260","$1,134","$1,386","$1,450","$1,305","$1,595"
13145,METRO48060M48060,"Watertown-Fort Drum, NY MSA",$660,$594,$726,$740,$666,$814,$950,$855,"$1,045","$1,260","$1,134","$1,386","$1,450","$1,305","$1,595"
13601,METRO48060M48060,"Watertown-Fort Drum, NY MSA",$750,$675,$825,$860,$774,$946,"$1,130","$1,017","$1,243","$1,520","$1,368","$1,672","$1,780","$1,602","$1,958"
13602,METRO48060M48060,"Watertown-Fort Drum, NY MSA","$1,180","$1,062","$1,298","$1,350","$1,215","$1,485","$1,770","$1,593","$1,947","$2,370","$2,133","$2,607","$2,790","$2,511","$3,069"
13603,METRO48060M48060,"Watertown-Fort Drum, NY MSA","$1,050",$945,"$1,155","$1,200","$1,080","$1,320","$1,580","$1,422","$1,738","$2,120","$1,908","$2,332","$2,490","$2,241","$2,739"
13605,METRO48060M48060,"Watertown-Fort Drum, NY MSA",$630,$567,$693,$720,$648,$792,$950,$855,"$1,045","$1,270","$1,143","$1,397","$1,500","$1,350","$1,650"
13606,METRO48060M48060,"Watertown-Fort Drum, NY MSA",$800,$720,$880,$910,$819,"$1,001","$1,200","$1,080","$1,320","$1,610","$1,449","$1,771","$1,890","$1,701","$2,079"
13607,METRO48060M48060,"Watertown-Fort Drum, NY MSA",$630,$567,$693,$720,$648,$792,$950,$855,"$1,045","$1,260","$1,134","$1,386","$1,450","$1,305","$1,595"
13608,METRO48060M48060,"Watertown-Fort Drum, NY MSA",$630,$567,$693,$720,$648,$792,$950,$855,"$1,045","$1,260","$1,134","$1,386","$1,450","$1,305","$1,595"
13611,METRO48060M48060,"Watertown-Fort Drum, NY MSA",$780,$702,$858,$900,$810,$990,"$1,180","$1,062","$1,298","$1,580","$1,422","$1,738","$1,860","$1,674","$2,046"
13612,METRO48060M48060,"Watertown-Fort Drum, NY MSA",$700,$630,$770,$800,$720,$880,"$1,050",$945,"$1,155","$1,410","$1,269","$1,551","$1,650","$1,485","$1,815"
13615,METRO48060M48060,"Watertown-Fort Drum, NY MSA",$630,$567,$693,$720,$648,$792,$950,$855,"$1,045","$1,260","$1,134","$1,386","$1,450","$1,305","$1,595"
13616,METRO48060M48060,"Watertown-Fort Drum, NY MSA",$850,$765,$935,$970,$873,"$1,067","$1,280","$1,152","$1,408","$1,720","$1,548","$1,892","$2,020","$1,818","$2,222"
13618,METRO48060M48060,"Watertown-Fort Drum, NY MSA",$630,$567,$693,$720,$648,$792,$950,$855,"$1,045","$1,260","$1,134","$1,386","$1,450","$1,305","$1,595"
13619,METRO48060M48060,"Watertown-Fort Drum, NY MSA",$680,$612,$748,$780,$702,$858,"$1,020",$918,"$1,122","$1,370","$1,233","$1,507","$1,610","$1,449","$1,771"
13622,METRO48060M48060,"Watertown-Fort Drum, NY MSA",$840,$756,$924,$960,$864,"$1,056","$1,260","$1,134","$1,386","$1,690","$1,521","$1,859","$1,990","$1,791","$2,189"
13624,METRO48060M48060,"Watertown-Fort Drum, NY MSA",$730,$657,$803,$840,$756,$924,"$1,100",$990,"$1,210","$1,480","$1,332","$1,628","$1,730","$1,557","$1,903"
13626,METRO48060M48060,"Watertown-Fort Drum, NY MSA",$720,$648,$792,$830,$747,$913,"$1,090",$981,"$1,199","$1,460","$1,314","$1,606","$1,720","$1,548","$1,892"
13628,METRO48060M48060,"Watertown-Fort Drum, NY MSA",$810,$729,$891,$930,$837,"$1,023","$1,220","$1,098","$1,342","$1,640","$1,476","$1,804","$1,920","$1,728","$2,112"
13631,METRO48060M48060,"Watertown-Fort Drum, NY MSA",$780,$702,$858,$900,$810,$990,"$1,180","$1,062","$1,298","$1,580","$1,422","$1,738","$1,860","$1,674","$2,046"
13632,METRO48060M48060,"Watertown-Fort Drum, NY MSA",$780,$702,$858,$900,$810,$990,"$1,180","$1,062","$1,298","$1,580","$1,422","$1,738","$1,860","$1,674","$2,046"
13634,METRO48060M48060,"Watertown-Fort Drum, NY MSA",$630,$567,$693,$720,$648,$792,$950,$855,"$1,045","$1,260","$1,134","$1,386","$1,450","$1,305","$1,595"
13636,METRO48060M48060,"Watertown-Fort Drum, NY MSA",$660,$594,$726,$760,$684,$836,"$1,000",$900,"$1,100","$1,340","$1,206","$1,474","$1,580","$1,422","$1,738"
13637,METRO48060M48060,"Watertown-Fort Drum, NY MSA",$900,$810,$990,"$1,030",$927,"$1,133","$1,350","$1,215","$1,485","$1,810","$1,629","$1,991","$2,130","$1,917","$2,343"
13638,METRO48060M48060,"Watertown-Fort Drum, NY MSA",$910,$819,"$1,001","$1,040",$936,"$1,144","$1,370","$1,233","$1,507","$1,840","$1,656","$2,024","$2,160","$1,944","$2,376"
13640,METRO48060M48060,"Watertown-Fort Drum, NY MSA",$630,$567,$693,$720,$648,$792,$950,$855,"$1,045","$1,260","$1,134","$1,386","$1,450","$1,305","$1,595"
13641,METRO48060M48060,"Watertown-Fort Drum, NY MSA",$670,$603,$737,$760,$684,$836,"$1,000",$900,"$1,100","$1,350","$1,215","$1,485","$1,580","$1,422","$1,738"
13642,METRO48060M48060,"Watertown-Fort Drum, NY MSA",$630,$567,$693,$720,$648,$792,$950,$855,"$1,045","$1,260","$1,134","$1,386","$1,450","$1,305","$1,595"
13643,METRO48060M48060,"Watertown-Fort Drum, NY MSA",$680,$612,$748,$780,$702,$858,"$1,020",$918,"$1,122","$1,370","$1,233","$1,507","$1,610","$1,449","$1,771"
13646,METRO48060M48060,"Watertown-Fort Drum, NY MSA",$780,$702,$858,$900,$810,$990,"$1,180","$1,062","$1,298","$1,580","$1,422","$1,738","$1,860","$1,674","$2,046"
13650,METRO48060M48060,"Watertown-Fort Drum, NY MSA",$670,$603,$737,$770,$693,$847,"$1,010",$909,"$1,111","$1,350","$1,215","$1,485","$1,590","$1,431","$1,749"
13651,METRO48060M48060,"Watertown-Fort Drum, NY MSA",$650,$585,$715,$740,$666,$814,$980,$882,"$1,078","$1,300","$1,170","$1,430","$1,540","$1,386","$1,694"
13656,METRO48060M48060,"Watertown-Fort Drum, NY MSA",$740,$666,$814,$840,$756,$924,"$1,110",$999,"$1,221","$1,490","$1,341","$1,639","$1,750","$1,575","$1,925"
13659,METRO48060M48060,"Watertown-Fort Drum, NY MSA",$630,$567,$693,$720,$648,$792,$950,$855,"$1,045","$1,260","$1,134","$1,386","$1,450","$1,305","$1,595"
13661,METRO48060M48060,"Watertown-Fort Drum, NY MSA",$660,$594,$726,$750,$675,$825,$990,$891,"$1,089","$1,330","$1,197","$1,463","$1,560","$1,404","$1,716"
13665,METRO48060M48060,"Watertown-Fort Drum, NY MSA",$630,$567,$693,$720,$648,$792,$950,$855,"$1,045","$1,260","$1,134","$1,386","$1,450","$1,305","$1,595"
13671,METRO48060M48060,"Watertown-Fort Drum, NY MSA",$780,$702,$858,$900,$810,$990,"$1,180","$1,062","$1,298","$1,580","$1,422","$1,738","$1,860","$1,674","$2,046"
13673,METRO48060M48060,"Watertown-Fort Drum, NY MSA",$630,$567,$693,$720,$648,$792,$950,$855,"$1,045","$1,260","$1,134","$1,386","$1,450","$1,305","$1,595"
13674,METRO48060M48060,"Watertown-Fort Drum, NY MSA",$640,$576,$704,$730,$657,$803,$970,$873,"$1,067","$1,290","$1,161","$1,419","$1,520","$1,368","$1,672"
13675,METRO48060M48060,"Watertown-Fort Drum, NY MSA",$720,$648,$792,$830,$747,$913,"$1,090",$981,"$1,199","$1,460","$1,314","$1,606","$1,720","$1,548","$1,892"
13679,METRO48060M48060,"Watertown-Fort Drum, NY MSA",$700,$630,$770,$800,$720,$880,"$1,050",$945,"$1,155","$1,410","$1,269","$1,551","$1,650","$1,485","$1,815"
13682,METRO48060M48060,"Watertown-Fort Drum, NY MSA","$1,180","$1,062","$1,298","$1,350","$1,215","$1,485","$1,770","$1,593","$1,947","$2,370","$2,133","$2,607","$2,790","$2,511","$3,069"
13685,METRO48060M48060,"Watertown-Fort Drum, NY MSA",$890,$801,$979,"$1,020",$918,"$1,122","$1,340","$1,206","$1,474","$1,800","$1,620","$1,980","$2,110","$1,899","$2,321"
13691,METRO48060M48060,"Watertown-Fort Drum, NY MSA",$740,$666,$814,$850,$765,$935,"$1,120","$1,008","$1,232","$1,500","$1,350","$1,650","$1,760","$1,584","$1,936"
13692,METRO48060M48060,"Watertown-Fort Drum, NY MSA",$780,$702,$858,$900,$810,$990,"$1,180","$1,062","$1,298","$1,580","$1,422","$1,738","$1,860","$1,674","$2,046"
13693,METRO48060M48060,"Watertown-Fort Drum, NY MSA",$890,$801,$979,"$1,020",$918,"$1,122","$1,350","$1,215","$1,485","$1,750","$1,575","$1,925","$2,000","$1,800","$2,200"
10466,METRO48325M48325,"Westchester County, NY Statutory Exception Area","$1,930","$1,737","$2,123","$1,970","$1,773","$2,167","$2,240","$2,016","$2,464","$2,830","$2,547","$3,113","$3,040","$2,736","$3,344"
10470,METRO48325M48325,"Westchester County, NY Statutory Exception Area","$2,030","$1,827","$2,233","$2,070","$1,863","$2,277","$2,360","$2,124","$2,596","$2,980","$2,682","$3,278","$3,200","$2,880","$3,520"
10471,METRO48325M48325,"Westchester County, NY Statutory Exception Area","$2,260","$2,034","$2,486","$2,300","$2,070","$2,530","$2,620","$2,358","$2,882","$3,310","$2,979","$3,641","$3,550","$3,195","$3,905"
10501,METRO48325M48325,"Westchester County, NY Statutory Exception Area","$1,480","$1,332","$1,628","$1,710","$1,539","$1,881","$2,060","$1,854","$2,266","$2,600","$2,340","$2,860","$2,930","$2,637","$3,223"
10502,METRO48325M48325,"Westchester County, NY Statutory Exception Area","$1,370","$1,233","$1,507","$1,580","$1,422","$1,738","$1,900","$1,710","$2,090","$2,400","$2,160","$2,640","$2,710","$2,439","$2,981"
10503,METRO48325M48325,"Westchester County, NY Statutory Exception Area","$1,350","$1,215","$1,485","$1,580","$1,422","$1,738","$1,890","$1,701","$2,079","$2,430","$2,187","$2,673","$2,740","$2,466","$3,014"
10504,METRO48325M48325,"Westchester County, NY Statutory Exception Area","$2,030","$1,827","$2,233","$2,340","$2,106","$2,574","$2,820","$2,538","$3,102","$3,560","$3,204","$3,916","$4,020","$3,618","$4,422"
10505,METRO48325M48325,"Westchester County, NY Statutory Exception Area","$1,590","$1,431","$1,749","$1,630","$1,467","$1,793","$1,850","$1,665","$2,035","$2,340","$2,106","$2,574","$2,550","$2,295","$2,805"
10506,METRO48325M48325,"Westchester County, NY Statutory Exception Area","$2,030","$1,827","$2,233","$2,340","$2,106","$2,574","$2,820","$2,538","$3,102","$3,560","$3,204","$3,916","$4,020","$3,618","$4,422"
10507,METRO48325M48325,"Westchester County, NY Statutory Exception Area","$1,380","$1,242","$1,518","$1,600","$1,440","$1,760","$1,920","$1,728","$2,112","$2,420","$2,178","$2,662","$2,740","$2,466","$3,014"
10509,METRO48325M48325,"Westchester County, NY Statutory Exception Area","$1,920","$1,728","$2,112","$1,960","$1,764","$2,156","$2,230","$2,007","$2,453","$2,810","$2,529","$3,091","$3,020","$2,718","$3,322"
10510,METRO48325M48325,"Westchester County, NY Statutory Exception Area","$1,700","$1,530","$1,870","$1,970","$1,773","$2,167","$2,370","$2,133","$2,607","$2,990","$2,691","$3,289","$3,390","$3,051","$3,729"
10511,METRO48325M48325,"Westchester County, NY Statutory Exception Area","$1,300","$1,170","$1,430","$1,510","$1,359","$1,661","$1,810","$1,629","$1,991","$2,290","$2,061","$2,519","$2,580","$2,322","$2,838"
10514,METRO48325M48325,"Westchester County, NY Statutory Exception Area","$2,030","$1,827","$2,233","$2,340","$2,106","$2,574","$2,820","$2,538","$3,102","$3,560","$3,204","$3,916","$4,020","$3,618","$4,422"
10517,METRO48325M48325,"Westchester County, NY Statutory Exception Area","$1,540","$1,386","$1,694","$1,780","$1,602","$1,958","$2,140","$1,926","$2,354","$2,710","$2,439","$2,981","$3,060","$2,754","$3,366"
10518,METRO48325M48325,"Westchester County, NY Statutory Exception Area","$1,790","$1,611","$1,969","$2,070","$1,863","$2,277","$2,490","$2,241","$2,739","$3,150","$2,835","$3,465","$3,540","$3,186","$3,894"
10519,METRO48325M48325,"Westchester County, NY Statutory Exception Area","$1,750","$1,575","$1,925","$1,950","$1,755","$2,145","$2,310","$2,079","$2,541","$2,920","$2,628","$3,212","$3,250","$2,925","$3,575"
10520,METRO48325M48325,"Westchester County, NY Statutory Exception Area","$1,250","$1,125","$1,375","$1,460","$1,314","$1,606","$1,750","$1,575","$1,925","$2,240","$2,016","$2,464","$2,550","$2,295","$2,805"
10522,METRO48325M48325,"Westchester County, NY Statutory Exception Area","$1,600","$1,440","$1,760","$1,850","$1,665","$2,035","$2,230","$2,007","$2,453","$2,820","$2,538","$3,102","$3,180","$2,862","$3,498"
10523,METRO48325M48325,"Westchester County, NY Statutory Exception Area","$1,950","$1,755","$2,145","$2,260","$2,034","$2,486","$2,720","$2,448","$2,992","$3,430","$3,087","$3,773","$3,870","$3,483","$4,257"
10526,METRO48325M48325,"Westchester County, NY Statutory Exception Area","$1,770","$1,593","$1,947","$2,050","$1,845","$2,255","$2,460","$2,214","$2,706","$3,110","$2,799","$3,421","$3,500","$3,150","$3,850"
10527,METRO48325M48325,"Westchester County, NY Statutory Exception Area","$1,320","$1,188","$1,452","$1,520","$1,368","$1,672","$1,830","$1,647","$2,013","$2,310","$2,079","$2,541","$2,610","$2,349","$2,871"
10528,METRO48325M48325,"Westchester County, NY Statutory Exception Area","$1,890","$1,701","$2,079","$2,190","$1,971","$2,409","$2,630","$2,367","$2,893","$3,320","$2,988","$3,652","$3,750","$3,375","$4,125"
10530,METRO48325M48325,"Westchester County, NY Statutory Exception Area","$1,620","$1,458","$1,782","$1,880","$1,692","$2,068","$2,260","$2,034","$2,486","$2,850","$2,565","$3,135","$3,220","$2,898","$3,542"
10532,METRO48325M48325,"Westchester County, NY Statutory Exception Area","$1,470","$1,323","$1,617","$1,700","$1,530","$1,870","$2,050","$1,845","$2,255","$2,590","$2,331","$2,849","$2,920","$2,628","$3,212"
10533,METRO48325M48325,"Westchester County, NY Statutory Exception Area","$1,350","$1,215","$1,485","$1,580","$1,422","$1,738","$1,890","$1,701","$2,079","$2,430","$2,187","$2,673","$2,740","$2,466","$3,014"
10535,METRO48325M48325,"Westchester County, NY Statutory Exception Area","$1,250","$1,125","$1,375","$1,460","$1,314","$1,606","$1,750","$1,575","$1,925","$2,240","$2,016","$2,464","$2,550","$2,295","$2,805"
10536,METRO48325M48325,"Westchester County, NY Statutory Exception Area","$1,880","$1,692","$2,068","$2,180","$1,962","$2,398","$2,620","$2,358","$2,882","$3,310","$2,979","$3,641","$3,730","$3,357","$4,103"
10537,METRO48325M48325,"Westchester County, NY Statutory Exception Area","$2,620","$2,358","$2,882","$2,670","$2,403","$2,937","$3,050","$2,745","$3,355","$3,850","$3,465","$4,235","$4,140","$3,726","$4,554"
10538,METRO48325M48325,"Westchester County, NY Statutory Exception Area","$1,630","$1,467","$1,793","$1,890","$1,701","$2,079","$2,270","$2,043","$2,497","$2,870","$2,583","$3,157","$3,230","$2,907","$3,553"
10540,METRO48325M48325,"Westchester County, NY Statutory Exception Area","$1,350","$1,215","$1,485","$1,560","$1,404","$1,716","$1,880","$1,692","$2,068","$2,370","$2,133","$2,607","$2,680","$2,412","$2,948"
10541,METRO48325M48325,"Westchester County, NY Statutory Exception Area","$1,920","$1,728","$2,112","$1,960","$1,764","$2,156","$2,240","$2,016","$2,464","$2,820","$2,538","$3,102","$3,040","$2,736","$3,344"
10543,METRO48325M48325,"Westchester County, NY Statutory Exception Area","$1,650","$1,485","$1,815","$1,910","$1,719","$2,101","$2,300","$2,070","$2,530","$2,900","$2,610","$3,190","$3,280","$2,952","$3,608"
10545,METRO48325M48325,"Westchester County, NY Statutory Exception Area","$1,370","$1,233","$1,507","$1,590","$1,431","$1,749","$1,910","$1,719","$2,101","$2,410","$2,169","$2,651","$2,720","$2,448","$2,992"
10546,METRO48325M48325,"Westchester County, NY Statutory Exception Area","$2,030","$1,827","$2,233","$2,340","$2,106","$2,574","$2,820","$2,538","$3,102","$3,560","$3,204","$3,916","$4,020","$3,618","$4,422"
10547,METRO48325M48325,"Westchester County, NY Statutory Exception Area","$1,510","$1,359","$1,661","$1,750","$1,575","$1,925","$2,100","$1,890","$2,310","$2,650","$2,385","$2,915","$2,990","$2,691","$3,289"
10548,METRO48325M48325,"Westchester County, NY Statutory Exception Area","$1,250","$1,125","$1,375","$1,460","$1,314","$1,606","$1,750","$1,575","$1,925","$2,240","$2,016","$2,464","$2,550","$2,295","$2,805"
10549,METRO48325M48325,"Westchester County, NY Statutory Exception Area","$1,390","$1,251","$1,529","$1,610","$1,449","$1,771","$1,940","$1,746","$2,134","$2,450","$2,205","$2,695","$2,760","$2,484","$3,036"
10550,METRO48325M48325,"Westchester County, NY Statutory Exception Area","$1,590","$1,431","$1,749","$1,630","$1,467","$1,793","$1,850","$1,665","$2,035","$2,340","$2,106","$2,574","$2,550","$2,295","$2,805"
10551,METRO48325M48325,"Westchester County, NY Statutory Exception Area","$1,350","$1,215","$1,485","$1,560","$1,404","$1,716","$1,880","$1,692","$2,068","$2,370","$2,133","$2,607","$2,680","$2,412","$2,948"
10552,METRO48325M48325,"Westchester County, NY Statutory Exception Area","$1,320","$1,188","$1,452","$1,530","$1,377","$1,683","$1,840","$1,656","$2,024","$2,320","$2,088","$2,552","$2,620","$2,358","$2,882"
10553,METRO48325M48325,"Westchester County, NY Statutory Exception Area","$1,250","$1,125","$1,375","$1,460","$1,314","$1,606","$1,750","$1,575","$1,925","$2,240","$2,016","$2,464","$2,550","$2,295","$2,805"
10560,METRO48325M48325,"Westchester County, NY Statutory Exception Area","$1,470","$1,323","$1,617","$1,700","$1,530","$1,870","$2,040","$1,836","$2,244","$2,580","$2,322","$2,838","$2,910","$2,619","$3,201"
10562,METRO48325M48325,"Westchester County, NY Statutory Exception Area","$1,370","$1,233","$1,507","$1,590","$1,431","$1,749","$1,910","$1,719","$2,101","$2,410","$2,169","$2,651","$2,720","$2,448","$2,992"
10566,METRO48325M48325,"Westchester County, NY Statutory Exception Area","$1,270","$1,143","$1,397","$1,470","$1,323","$1,617","$1,770","$1,593","$1,947","$2,240","$2,016","$2,464","$2,550","$2,295","$2,805"
10567,METRO48325M48325,"Westchester County, NY Statutory Exception Area","$1,590","$1,431","$1,749","$1,810","$1,629","$1,991","$2,180","$1,962","$2,398","$2,750","$2,475","$3,025","$3,110","$2,799","$3,421"
10570,METRO48325M48325,"Westchester County, NY Statutory Exception Area","$1,390","$1,251","$1,529","$1,610","$1,449","$1,771","$1,940","$1,746","$2,134","$2,450","$2,205","$2,695","$2,760","$2,484","$3,036"
10573,METRO48325M48325,"Westchester County, NY Statutory Exception Area","$1,300","$1,170","$1,430","$1,510","$1,359","$1,661","$1,810","$1,629","$1,991","$2,290","$2,061","$2,519","$2,580","$2,322","$2,838"
10576,METRO48325M48325,"Westchester County, NY Statutory Exception Area","$1,910","$1,719","$2,101","$2,240","$2,016","$2,464","$2,690","$2,421","$2,959","$3,380","$3,042","$3,718","$3,790","$3,411","$4,169"
10577,METRO48325M48325,"Westchester County, NY Statutory Exception Area","$1,710","$1,539","$1,881","$2,000","$1,800","$2,200","$2,410","$2,169","$2,651","$3,090","$2,781","$3,399","$3,480","$3,132","$3,828"
10578,METRO48325M48325,"Westchester County, NY Statutory Exception Area","$1,670","$1,503","$1,837","$1,930","$1,737","$2,123","$2,320","$2,088","$2,552","$2,930","$2,637","$3,223","$3,300","$2,970","$3,630"
10580,METRO48325M48325,"Westchester County, NY Statutory Exception Area","$2,030","$1,827","$2,233","$2,340","$2,106","$2,574","$2,820","$2,538","$3,102","$3,560","$3,204","$3,916","$4,020","$3,618","$4,422"
10583,METRO48325M48325,"Westchester County, NY Statutory Exception Area","$1,700","$1,530","$1,870","$1,960","$1,764","$2,156","$2,360","$2,124","$2,596","$2,980","$2,682","$3,278","$3,360","$3,024","$3,696"
10587,METRO48325M48325,"Westchester County, NY Statutory Exception Area","$1,350","$1,215","$1,485","$1,560","$1,404","$1,716","$1,880","$1,692","$2,068","$2,370","$2,133","$2,607","$2,680","$2,412","$2,948"
10588,METRO48325M48325,"Westchester County, NY Statutory Exception Area","$1,590","$1,431","$1,749","$1,770","$1,593","$1,947","$2,120","$1,908","$2,332","$2,670","$2,403","$2,937","$3,010","$2,709","$3,311"
10589,METRO48325M48325,"Westchester County, NY Statutory Exception Area","$2,030","$1,827","$2,233","$2,340","$2,106","$2,574","$2,820","$2,538","$3,102","$3,560","$3,204","$3,916","$4,020","$3,618","$4,422"
10590,METRO48325M48325,"Westchester County, NY Statutory Exception Area","$1,630","$1,467","$1,793","$1,890","$1,701","$2,079","$2,270","$2,043","$2,497","$2,870","$2,583","$3,157","$3,230","$2,907","$3,553"
10591,METRO48325M48325,"Westchester County, NY Statutory Exception Area","$1,430","$1,287","$1,573","$1,650","$1,485","$1,815","$1,990","$1,791","$2,189","$2,510","$2,259","$2,761","$2,830","$2,547","$3,113"
10594,METRO48325M48325,"Westchester County, NY Statutory Exception Area","$1,720","$1,548","$1,892","$2,000","$1,800","$2,200","$2,400","$2,160","$2,640","$3,030","$2,727","$3,333","$3,420","$3,078","$3,762"
10595,METRO48325M48325,"Westchester County, NY Statutory Exception Area","$1,600","$1,440","$1,760","$1,850","$1,665","$2,035","$2,220","$1,998","$2,442","$2,800","$2,520","$3,080","$3,160","$2,844","$3,476"
10596,METRO48325M48325,"Westchester County, NY Statutory Exception Area","$1,440","$1,296","$1,584","$1,670","$1,503","$1,837","$2,010","$1,809","$2,211","$2,540","$2,286","$2,794","$2,860","$2,574","$3,146"
10597,METRO48325M48325,"Westchester County, NY Statutory Exception Area","$1,620","$1,458","$1,782","$1,880","$1,692","$2,068","$2,250","$2,025","$2,475","$2,850","$2,565","$3,135","$3,210","$2,889","$3,531"
10598,METRO48325M48325,"Westchester County, NY Statutory Exception Area","$1,350","$1,215","$1,485","$1,520","$1,368","$1,672","$1,830","$1,647","$2,013","$2,310","$2,079","$2,541","$2,610","$2,349","$2,871"
10601,METRO48325M48325,"Westchester County, NY Statutory Exception Area","$1,630","$1,467","$1,793","$1,890","$1,701","$2,079","$2,270","$2,043","$2,497","$2,870","$2,583","$3,157","$3,230","$2,907","$3,553"
10602,METRO48325M48325,"Westchester County, NY Statutory Exception Area","$1,350","$1,215","$1,485","$1,560","$1,404","$1,716","$1,880","$1,692","$2,068","$2,370","$2,133","$2,607","$2,680","$2,412","$2,948"
10603,METRO48325M48325,"Westchester County, NY Statutory Exception Area","$1,490","$1,341","$1,639","$1,720","$1,548","$1,892","$2,070","$1,863","$2,277","$2,610","$2,349","$2,871","$2,950","$2,655","$3,245"
10604,METRO48325M48325,"Westchester County, NY Statutory Exception Area","$1,640","$1,476","$1,804","$1,900","$1,710","$2,090","$2,280","$2,052","$2,508","$2,880","$2,592","$3,168","$3,250","$2,925","$3,575"
10605,METRO48325M48325,"Westchester County, NY Statutory Exception Area","$1,470","$1,323","$1,617","$1,700","$1,530","$1,870","$2,050","$1,845","$2,255","$2,590","$2,331","$2,849","$2,920","$2,628","$3,212"
10606,METRO48325M48325,"Westchester County, NY Statutory Exception Area","$1,600","$1,440","$1,760","$1,850","$1,665","$2,035","$2,230","$2,007","$2,453","$2,820","$2,538","$3,102","$3,180","$2,862","$3,498"
10607,METRO48325M48325,"Westchester County, NY Statutory Exception Area","$1,410","$1,269","$1,551","$1,630","$1,467","$1,793","$1,960","$1,764","$2,156","$2,470","$2,223","$2,717","$2,790","$2,511","$3,069"
10701,METRO48325M48325,"Westchester County, NY Statutory Exception Area","$1,250","$1,125","$1,375","$1,460","$1,314","$1,606","$1,750","$1,575","$1,925","$2,240","$2,016","$2,464","$2,550","$2,295","$2,805"
10702,METRO48325M48325,"Westchester County, NY Statutory Exception Area","$1,350","$1,215","$1,485","$1,560","$1,404","$1,716","$1,880","$1,692","$2,068","$2,370","$2,133","$2,607","$2,680","$2,412","$2,948"
10703,METRO48325M48325,"Westchester County, NY Statutory Exception Area","$1,250","$1,125","$1,375","$1,460","$1,314","$1,606","$1,750","$1,575","$1,925","$2,240","$2,016","$2,464","$2,550","$2,295","$2,805"
10704,METRO48325M48325,"Westchester County, NY Statutory Exception Area","$1,340","$1,206","$1,474","$1,550","$1,395","$1,705","$1,860","$1,674","$2,046","$2,350","$2,115","$2,585","$2,650","$2,385","$2,915"
10705,METRO48325M48325,"Westchester County, NY Statutory Exception Area","$1,250","$1,125","$1,375","$1,460","$1,314","$1,606","$1,750","$1,575","$1,925","$2,240","$2,016","$2,464","$2,550","$2,295","$2,805"
10706,METRO48325M48325,"Westchester County, NY Statutory Exception Area","$1,620","$1,458","$1,782","$1,880","$1,692","$2,068","$2,260","$2,034","$2,486","$2,850","$2,565","$3,135","$3,220","$2,898","$3,542"
10707,METRO48325M48325,"Westchester County, NY Statutory Exception Area","$1,660","$1,494","$1,826","$1,920","$1,728","$2,112","$2,310","$2,079","$2,541","$2,920","$2,628","$3,212","$3,290","$2,961","$3,619"
10708,METRO48325M48325,"Westchester County, NY Statutory Exception Area","$1,470","$1,323","$1,617","$1,700","$1,530","$1,870","$2,040","$1,836","$2,244","$2,580","$2,322","$2,838","$2,910","$2,619","$3,201"
10709,METRO48325M48325,"Westchester County, NY Statutory Exception Area","$1,490","$1,341","$1,639","$1,730","$1,557","$1,903","$2,080","$1,872","$2,288","$2,630","$2,367","$2,893","$2,960","$2,664","$3,256"
10710,METRO48325M48325,"Westchester County, NY Statutory Exception Area","$1,260","$1,134","$1,386","$1,460","$1,314","$1,606","$1,760","$1,584","$1,936","$2,240","$2,016","$2,464","$2,550","$2,295","$2,805"
10801,METRO48325M48325,"Westchester County, NY Statutory Exception Area","$1,370","$1,233","$1,507","$1,590","$1,431","$1,749","$1,910","$1,719","$2,101","$2,410","$2,169","$2,651","$2,720","$2,448","$2,992"
10802,METRO48325M48325,"Westchester County, NY Statutory Exception Area","$1,350","$1,215","$1,485","$1,560","$1,404","$1,716","$1,880","$1,692","$2,068","$2,370","$2,133","$2,607","$2,680","$2,412","$2,948"
10803,METRO48325M48325,"Westchester County, NY Statutory Exception Area","$1,600","$1,440","$1,760","$1,850","$1,665","$2,035","$2,220","$1,998","$2,442","$2,800","$2,520","$3,080","$3,160","$2,844","$3,476"
10804,METRO48325M48325,"Westchester County, NY Statutory Exception Area","$2,030","$1,827","$2,233","$2,340","$2,106","$2,574","$2,820","$2,538","$3,102","$3,560","$3,204","$3,916","$4,020","$3,618","$4,422"
10805,METRO48325M48325,"Westchester County, NY Statutory Exception Area","$1,340","$1,206","$1,474","$1,560","$1,404","$1,716","$1,870","$1,683","$2,057","$2,360","$2,124","$2,596","$2,660","$2,394","$2,926"
