ZIP Code,HUD Area Code,HUD Fair Market Rent Area Name,SAFMR 0BR,SAFMR 0BR - 90% Payment Standard,SAFMR 0BR - 110% Payment Standard,SAFMR 1BR,SAFMR 1BR - 90% Payment Standard,SAFMR 1BR - 110% Payment Standard,SAFMR 2BR,SAFMR 2BR - 90% Payment Standard,SAFMR 2BR - 110% Payment Standard,SAFMR 3BR,SAFMR 3BR - 90% Payment Standard,SAFMR 3BR - 110% Payment Standard,SAFMR 4BR,SAFMR 4BR - 90% Payment Standard,SAFMR 4BR - 110% Payment Standard
12007,METRO10580M10580,"Albany-Schenectady-Troy, NY MSA",$780,$702,$858,$920,$828,"$1,012","$1,130","$1,017","$1,243","$1,420","$1,278","$1,562","$1,530","$1,377","$1,683"
12008,METRO10580M10580,"Albany-Schenectady-Troy, NY MSA",$720,$648,$792,$840,$756,$924,"$1,040",$936,"$1,144","$1,300","$1,170","$1,430","$1,410","$1,269","$1,551"
12009,METRO10580M10580,"Albany-Schenectady-Troy, NY MSA",$830,$747,$913,$980,$882,"$1,078","$1,210","$1,089","$1,331","$1,520","$1,368","$1,672","$1,640","$1,476","$1,804"
12010,METRO10580M10580,"Albany-Schenectady-Troy, NY MSA",$630,$567,$693,$760,$684,$836,$930,$837,"$1,023","$1,170","$1,053","$1,287","$1,270","$1,143","$1,397"
12018,METRO10580M10580,"Albany-Schenectady-Troy, NY MSA",$910,$819,"$1,001","$1,070",$963,"$1,177","$1,320","$1,188","$1,452","$1,650","$1,485","$1,815","$1,780","$1,602","$1,958"
12019,METRO10580M10580,"Albany-Schenectady-Troy, NY MSA",$790,$711,$869,$930,$837,"$1,023","$1,150","$1,035","$1,265","$1,440","$1,296","$1,584","$1,550","$1,395","$1,705"
12020,METRO10580M10580,"Albany-Schenectady-Troy, NY MSA",$850,$765,$935,"$1,010",$909,"$1,111","$1,240","$1,116","$1,364","$1,550","$1,395","$1,705","$1,680","$1,512","$1,848"
12022,METRO10580M10580,"Albany-Schenectady-Troy, NY MSA",$710,$639,$781,$830,$747,$913,"$1,030",$927,"$1,133","$1,290","$1,161","$1,419","$1,390","$1,251","$1,529"
12023,METRO10580M10580,"Albany-Schenectady-Troy, NY MSA",$750,$675,$825,$880,$792,$968,"$1,080",$972,"$1,188","$1,360","$1,224","$1,496","$1,460","$1,314","$1,606"
12024,METRO10580M10580,"Albany-Schenectady-Troy, NY MSA",$740,$666,$814,$880,$792,$968,"$1,080",$972,"$1,188","$1,350","$1,215","$1,485","$1,460","$1,314","$1,606"
12025,METRO10580M10580,"Albany-Schenectady-Troy, NY MSA",$630,$567,$693,$760,$684,$836,$930,$837,"$1,023","$1,170","$1,053","$1,287","$1,270","$1,143","$1,397"
12027,METRO10580M10580,"Albany-Schenectady-Troy, NY MSA",$880,$792,$968,"$1,040",$936,"$1,144","$1,280","$1,152","$1,408","$1,600","$1,440","$1,760","$1,730","$1,557","$1,903"
12028,METRO10580M10580,"Albany-Schenectady-Troy, NY MSA",$700,$630,$770,$820,$738,$902,"$1,020",$918,"$1,122","$1,290","$1,161","$1,419","$1,400","$1,260","$1,540"
12031,METRO10580M10580,"Albany-Schenectady-Troy, NY MSA",$630,$567,$693,$760,$684,$836,$930,$837,"$1,023","$1,170","$1,053","$1,287","$1,270","$1,143","$1,397"
12033,METRO10580M10580,"Albany-Schenectady-Troy, NY MSA",$760,$684,$836,$900,$810,$990,"$1,110",$999,"$1,221","$1,390","$1,251","$1,529","$1,500","$1,350","$1,650"
12035,METRO10580M10580,"Albany-Schenectady-Troy, NY MSA",$630,$567,$693,$760,$684,$836,$930,$837,"$1,023","$1,170","$1,053","$1,287","$1,270","$1,143","$1,397"
12036,METRO10580M10580,"Albany-Schenectady-Troy, NY MSA",$630,$567,$693,$760,$684,$836,$930,$837,"$1,023","$1,170","$1,053","$1,287","$1,270","$1,143","$1,397"
12040,METRO10580M10580,"Albany-Schenectady-Troy, NY MSA",$740,$666,$814,$880,$792,$968,"$1,080",$972,"$1,188","$1,350","$1,215","$1,485","$1,460","$1,314","$1,606"
12041,METRO10580M10580,"Albany-Schenectady-Troy, NY MSA",$780,$702,$858,$920,$828,"$1,012","$1,130","$1,017","$1,243","$1,420","$1,278","$1,562","$1,530","$1,377","$1,683"
12043,METRO10580M10580,"Albany-Schenectady-Troy, NY MSA",$630,$567,$693,$760,$684,$836,$930,$837,"$1,023","$1,170","$1,053","$1,287","$1,270","$1,143","$1,397"
12045,METRO10580M10580,"Albany-Schenectady-Troy, NY MSA",$630,$567,$693,$760,$684,$836,$930,$837,"$1,023","$1,170","$1,053","$1,287","$1,270","$1,143","$1,397"
12046,METRO10580M10580,"Albany-Schenectady-Troy, NY MSA",$780,$702,$858,$920,$828,"$1,012","$1,130","$1,017","$1,243","$1,420","$1,278","$1,562","$1,530","$1,377","$1,683"
12047,METRO10580M10580,"Albany-Schenectady-Troy, NY MSA",$690,$621,$759,$810,$729,$891,"$1,000",$900,"$1,100","$1,250","$1,125","$1,375","$1,350","$1,215","$1,485"
12052,METRO10580M10580,"Albany-Schenectady-Troy, NY MSA",$630,$567,$693,$760,$684,$836,$930,$837,"$1,023","$1,170","$1,053","$1,287","$1,270","$1,143","$1,397"
12053,METRO10580M10580,"Albany-Schenectady-Troy, NY MSA","$1,010",$909,"$1,111","$1,180","$1,062","$1,298","$1,460","$1,314","$1,606","$1,830","$1,647","$2,013","$1,970","$1,773","$2,167"
12054,METRO10580M10580,"Albany-Schenectady-Troy, NY MSA",$960,$864,"$1,056","$1,130","$1,017","$1,243","$1,390","$1,251","$1,529","$1,740","$1,566","$1,914","$1,880","$1,692","$2,068"
12056,METRO10580M10580,"Albany-Schenectady-Troy, NY MSA",$650,$585,$715,$760,$684,$836,$940,$846,"$1,034","$1,180","$1,062","$1,298","$1,270","$1,143","$1,397"
12057,METRO10580M10580,"Albany-Schenectady-Troy, NY MSA",$660,$594,$726,$760,$684,$836,$960,$864,"$1,056","$1,220","$1,098","$1,342","$1,350","$1,215","$1,485"
12059,METRO10580M10580,"Albany-Schenectady-Troy, NY MSA",$640,$576,$704,$770,$693,$847,$950,$855,"$1,045","$1,180","$1,062","$1,298","$1,290","$1,161","$1,419"
12061,METRO10580M10580,"Albany-Schenectady-Troy, NY MSA",$930,$837,"$1,023","$1,090",$981,"$1,199","$1,350","$1,215","$1,485","$1,690","$1,521","$1,859","$1,820","$1,638","$2,002"
12062,METRO10580M10580,"Albany-Schenectady-Troy, NY MSA",$810,$729,$891,$950,$855,"$1,045","$1,170","$1,053","$1,287","$1,470","$1,323","$1,617","$1,580","$1,422","$1,738"
12063,METRO10580M10580,"Albany-Schenectady-Troy, NY MSA",$740,$666,$814,$880,$792,$968,"$1,080",$972,"$1,188","$1,350","$1,215","$1,485","$1,460","$1,314","$1,606"
12064,METRO10580M10580,"Albany-Schenectady-Troy, NY MSA",$630,$567,$693,$760,$684,$836,$930,$837,"$1,023","$1,170","$1,053","$1,287","$1,270","$1,143","$1,397"
12065,METRO10580M10580,"Albany-Schenectady-Troy, NY MSA",$880,$792,$968,"$1,040",$936,"$1,144","$1,280","$1,152","$1,408","$1,600","$1,440","$1,760","$1,730","$1,557","$1,903"
12066,METRO10580M10580,"Albany-Schenectady-Troy, NY MSA",$630,$567,$693,$760,$684,$836,$930,$837,"$1,023","$1,170","$1,053","$1,287","$1,270","$1,143","$1,397"
12067,METRO10580M10580,"Albany-Schenectady-Troy, NY MSA",$810,$729,$891,$950,$855,"$1,045","$1,170","$1,053","$1,287","$1,470","$1,323","$1,617","$1,580","$1,422","$1,738"
12071,METRO10580M10580,"Albany-Schenectady-Troy, NY MSA",$630,$567,$693,$760,$684,$836,$930,$837,"$1,023","$1,170","$1,053","$1,287","$1,270","$1,143","$1,397"
12074,METRO10580M10580,"Albany-Schenectady-Troy, NY MSA",$830,$747,$913,$970,$873,"$1,067","$1,200","$1,080","$1,320","$1,500","$1,350","$1,650","$1,620","$1,458","$1,782"
12076,METRO10580M10580,"Albany-Schenectady-Troy, NY MSA",$630,$567,$693,$760,$684,$836,$930,$837,"$1,023","$1,170","$1,053","$1,287","$1,270","$1,143","$1,397"
12077,METRO10580M10580,"Albany-Schenectady-Troy, NY MSA",$830,$747,$913,$980,$882,"$1,078","$1,210","$1,089","$1,331","$1,520","$1,368","$1,672","$1,640","$1,476","$1,804"
12083,METRO10580M10580,"Albany-Schenectady-Troy, NY MSA",$650,$585,$715,$760,$684,$836,$940,$846,"$1,034","$1,180","$1,062","$1,298","$1,270","$1,143","$1,397"
12084,METRO10580M10580,"Albany-Schenectady-Troy, NY MSA",$940,$846,"$1,034","$1,110",$999,"$1,221","$1,370","$1,233","$1,507","$1,720","$1,548","$1,892","$1,850","$1,665","$2,035"
12085,METRO10580M10580,"Albany-Schenectady-Troy, NY MSA",$760,$684,$836,$900,$810,$990,"$1,110",$999,"$1,221","$1,390","$1,251","$1,529","$1,500","$1,350","$1,650"
12086,METRO10580M10580,"Albany-Schenectady-Troy, NY MSA",$630,$567,$693,$760,$684,$836,$930,$837,"$1,023","$1,170","$1,053","$1,287","$1,270","$1,143","$1,397"
12087,METRO10580M10580,"Albany-Schenectady-Troy, NY MSA",$780,$702,$858,$920,$828,"$1,012","$1,130","$1,017","$1,243","$1,420","$1,278","$1,562","$1,530","$1,377","$1,683"
12089,METRO10580M10580,"Albany-Schenectady-Troy, NY MSA",$740,$666,$814,$880,$792,$968,"$1,080",$972,"$1,188","$1,350","$1,215","$1,485","$1,460","$1,314","$1,606"
12090,METRO10580M10580,"Albany-Schenectady-Troy, NY MSA",$680,$612,$748,$790,$711,$869,$980,$882,"$1,078","$1,230","$1,107","$1,353","$1,320","$1,188","$1,452"
12092,METRO10580M10580,"Albany-Schenectady-Troy, NY MSA",$630,$567,$693,$760,$684,$836,$930,$837,"$1,023","$1,170","$1,053","$1,287","$1,270","$1,143","$1,397"
12093,METRO10580M10580,"Albany-Schenectady-Troy, NY MSA",$630,$567,$693,$760,$684,$836,$930,$837,"$1,023","$1,170","$1,053","$1,287","$1,270","$1,143","$1,397"
12094,METRO10580M10580,"Albany-Schenectady-Troy, NY MSA",$740,$666,$814,$870,$783,$957,"$1,080",$972,"$1,188","$1,350","$1,215","$1,485","$1,460","$1,314","$1,606"
12110,METRO10580M10580,"Albany-Schenectady-Troy, NY MSA",$900,$810,$990,"$1,060",$954,"$1,166","$1,310","$1,179","$1,441","$1,640","$1,476","$1,804","$1,770","$1,593","$1,947"
12118,METRO10580M10580,"Albany-Schenectady-Troy, NY MSA",$740,$666,$814,$870,$783,$957,"$1,070",$963,"$1,177","$1,340","$1,206","$1,474","$1,450","$1,305","$1,595"
12120,METRO10580M10580,"Albany-Schenectady-Troy, NY MSA","$1,070",$963,"$1,177","$1,260","$1,134","$1,386","$1,550","$1,395","$1,705","$1,940","$1,746","$2,134","$2,100","$1,890","$2,310"
12121,METRO10580M10580,"Albany-Schenectady-Troy, NY MSA",$740,$666,$814,$880,$792,$968,"$1,080",$972,"$1,188","$1,350","$1,215","$1,485","$1,460","$1,314","$1,606"
12122,METRO10580M10580,"Albany-Schenectady-Troy, NY MSA",$630,$567,$693,$760,$684,$836,$930,$837,"$1,023","$1,170","$1,053","$1,287","$1,270","$1,143","$1,397"
12123,METRO10580M10580,"Albany-Schenectady-Troy, NY MSA",$680,$612,$748,$790,$711,$869,$980,$882,"$1,078","$1,230","$1,107","$1,353","$1,320","$1,188","$1,452"
12131,METRO10580M10580,"Albany-Schenectady-Troy, NY MSA",$630,$567,$693,$760,$684,$836,$930,$837,"$1,023","$1,170","$1,053","$1,287","$1,270","$1,143","$1,397"
12134,METRO10580M10580,"Albany-Schenectady-Troy, NY MSA",$660,$594,$726,$780,$702,$858,$960,$864,"$1,056","$1,200","$1,080","$1,320","$1,300","$1,170","$1,430"
12137,METRO10580M10580,"Albany-Schenectady-Troy, NY MSA",$870,$783,$957,"$1,020",$918,"$1,122","$1,260","$1,134","$1,386","$1,580","$1,422","$1,738","$1,700","$1,530","$1,870"
12138,METRO10580M10580,"Albany-Schenectady-Troy, NY MSA",$680,$612,$748,$800,$720,$880,$990,$891,"$1,089","$1,240","$1,116","$1,364","$1,340","$1,206","$1,474"
12140,METRO10580M10580,"Albany-Schenectady-Troy, NY MSA",$730,$657,$803,$860,$774,$946,"$1,060",$954,"$1,166","$1,330","$1,197","$1,463","$1,430","$1,287","$1,573"
12143,METRO10580M10580,"Albany-Schenectady-Troy, NY MSA",$720,$648,$792,$840,$756,$924,"$1,040",$936,"$1,144","$1,300","$1,170","$1,430","$1,410","$1,269","$1,551"
12144,METRO10580M10580,"Albany-Schenectady-Troy, NY MSA",$810,$729,$891,$960,$864,"$1,056","$1,180","$1,062","$1,298","$1,480","$1,332","$1,628","$1,600","$1,440","$1,760"
12147,METRO10580M10580,"Albany-Schenectady-Troy, NY MSA",$780,$702,$858,$920,$828,"$1,012","$1,130","$1,017","$1,243","$1,420","$1,278","$1,562","$1,530","$1,377","$1,683"
12148,METRO10580M10580,"Albany-Schenectady-Troy, NY MSA",$830,$747,$913,$970,$873,"$1,067","$1,200","$1,080","$1,320","$1,500","$1,350","$1,650","$1,620","$1,458","$1,782"
12149,METRO10580M10580,"Albany-Schenectady-Troy, NY MSA",$630,$567,$693,$760,$684,$836,$930,$837,"$1,023","$1,170","$1,053","$1,287","$1,270","$1,143","$1,397"
12150,METRO10580M10580,"Albany-Schenectady-Troy, NY MSA",$720,$648,$792,$840,$756,$924,"$1,040",$936,"$1,144","$1,300","$1,170","$1,430","$1,410","$1,269","$1,551"
12151,METRO10580M10580,"Albany-Schenectady-Troy, NY MSA",$860,$774,$946,"$1,010",$909,"$1,111","$1,250","$1,125","$1,375","$1,570","$1,413","$1,727","$1,690","$1,521","$1,859"
12153,METRO10580M10580,"Albany-Schenectady-Troy, NY MSA",$740,$666,$814,$880,$792,$968,"$1,080",$972,"$1,188","$1,350","$1,215","$1,485","$1,460","$1,314","$1,606"
12154,METRO10580M10580,"Albany-Schenectady-Troy, NY MSA",$630,$567,$693,$760,$684,$836,$930,$837,"$1,023","$1,170","$1,053","$1,287","$1,270","$1,143","$1,397"
12156,METRO10580M10580,"Albany-Schenectady-Troy, NY MSA",$630,$567,$693,$760,$684,$836,$930,$837,"$1,023","$1,170","$1,053","$1,287","$1,270","$1,143","$1,397"
12157,METRO10580M10580,"Albany-Schenectady-Troy, NY MSA",$650,$585,$715,$760,$684,$836,$940,$846,"$1,034","$1,180","$1,062","$1,298","$1,270","$1,143","$1,397"
12158,METRO10580M10580,"Albany-Schenectady-Troy, NY MSA",$800,$720,$880,$940,$846,"$1,034","$1,160","$1,044","$1,276","$1,450","$1,305","$1,595","$1,570","$1,413","$1,727"
12159,METRO10580M10580,"Albany-Schenectady-Troy, NY MSA",$840,$756,$924,$990,$891,"$1,089","$1,220","$1,098","$1,342","$1,530","$1,377","$1,683","$1,650","$1,485","$1,815"
12160,METRO10580M10580,"Albany-Schenectady-Troy, NY MSA",$630,$567,$693,$760,$684,$836,$930,$837,"$1,023","$1,170","$1,053","$1,287","$1,270","$1,143","$1,397"
12161,METRO10580M10580,"Albany-Schenectady-Troy, NY MSA",$780,$702,$858,$920,$828,"$1,012","$1,130","$1,017","$1,243","$1,420","$1,278","$1,562","$1,530","$1,377","$1,683"
12166,METRO10580M10580,"Albany-Schenectady-Troy, NY MSA",$630,$567,$693,$760,$684,$836,$930,$837,"$1,023","$1,170","$1,053","$1,287","$1,270","$1,143","$1,397"
12167,METRO10580M10580,"Albany-Schenectady-Troy, NY MSA",$630,$567,$693,$760,$684,$836,$930,$837,"$1,023","$1,170","$1,053","$1,287","$1,270","$1,143","$1,397"
12168,METRO10580M10580,"Albany-Schenectady-Troy, NY MSA",$670,$603,$737,$790,$711,$869,$970,$873,"$1,067","$1,220","$1,098","$1,342","$1,310","$1,179","$1,441"
12169,METRO10580M10580,"Albany-Schenectady-Troy, NY MSA",$740,$666,$814,$880,$792,$968,"$1,080",$972,"$1,188","$1,350","$1,215","$1,485","$1,460","$1,314","$1,606"
12170,METRO10580M10580,"Albany-Schenectady-Troy, NY MSA",$960,$864,"$1,056","$1,130","$1,017","$1,243","$1,390","$1,251","$1,529","$1,740","$1,566","$1,914","$1,880","$1,692","$2,068"
12175,METRO10580M10580,"Albany-Schenectady-Troy, NY MSA",$630,$567,$693,$760,$684,$836,$930,$837,"$1,023","$1,170","$1,053","$1,287","$1,270","$1,143","$1,397"
12180,METRO10580M10580,"Albany-Schenectady-Troy, NY MSA",$740,$666,$814,$870,$783,$957,"$1,070",$963,"$1,177","$1,340","$1,206","$1,474","$1,450","$1,305","$1,595"
12181,METRO10580M10580,"Albany-Schenectady-Troy, NY MSA",$740,$666,$814,$880,$792,$968,"$1,080",$972,"$1,188","$1,350","$1,215","$1,485","$1,460","$1,314","$1,606"
12182,METRO10580M10580,"Albany-Schenectady-Troy, NY MSA",$660,$594,$726,$780,$702,$858,$960,$864,"$1,056","$1,200","$1,080","$1,320","$1,300","$1,170","$1,430"
12183,METRO10580M10580,"Albany-Schenectady-Troy, NY MSA",$720,$648,$792,$840,$756,$924,"$1,040",$936,"$1,144","$1,300","$1,170","$1,430","$1,410","$1,269","$1,551"
12184,METRO10580M10580,"Albany-Schenectady-Troy, NY MSA",$750,$675,$825,$880,$792,$968,"$1,090",$981,"$1,199","$1,370","$1,233","$1,507","$1,470","$1,323","$1,617"
12185,METRO10580M10580,"Albany-Schenectady-Troy, NY MSA",$740,$666,$814,$860,$774,$946,"$1,070",$963,"$1,177","$1,350","$1,215","$1,485","$1,460","$1,314","$1,606"
12186,METRO10580M10580,"Albany-Schenectady-Troy, NY MSA",$760,$684,$836,$890,$801,$979,"$1,100",$990,"$1,210","$1,380","$1,242","$1,518","$1,490","$1,341","$1,639"
12187,METRO10580M10580,"Albany-Schenectady-Troy, NY MSA",$630,$567,$693,$760,$684,$836,$930,$837,"$1,023","$1,170","$1,053","$1,287","$1,270","$1,143","$1,397"
12188,METRO10580M10580,"Albany-Schenectady-Troy, NY MSA",$720,$648,$792,$840,$756,$924,"$1,040",$936,"$1,144","$1,300","$1,170","$1,430","$1,410","$1,269","$1,551"
12189,METRO10580M10580,"Albany-Schenectady-Troy, NY MSA",$710,$639,$781,$830,$747,$913,"$1,030",$927,"$1,133","$1,290","$1,161","$1,419","$1,390","$1,251","$1,529"
12193,METRO10580M10580,"Albany-Schenectady-Troy, NY MSA",$780,$702,$858,$920,$828,"$1,012","$1,130","$1,017","$1,243","$1,420","$1,278","$1,562","$1,530","$1,377","$1,683"
12194,METRO10580M10580,"Albany-Schenectady-Troy, NY MSA",$630,$567,$693,$760,$684,$836,$930,$837,"$1,023","$1,170","$1,053","$1,287","$1,270","$1,143","$1,397"
12196,METRO10580M10580,"Albany-Schenectady-Troy, NY MSA",$630,$567,$693,$760,$684,$836,$930,$837,"$1,023","$1,170","$1,053","$1,287","$1,270","$1,143","$1,397"
12198,METRO10580M10580,"Albany-Schenectady-Troy, NY MSA",$810,$729,$891,$960,$864,"$1,056","$1,180","$1,062","$1,298","$1,480","$1,332","$1,628","$1,600","$1,440","$1,760"
12201,METRO10580M10580,"Albany-Schenectady-Troy, NY MSA",$780,$702,$858,$920,$828,"$1,012","$1,130","$1,017","$1,243","$1,420","$1,278","$1,562","$1,530","$1,377","$1,683"
12202,METRO10580M10580,"Albany-Schenectady-Troy, NY MSA",$630,$567,$693,$760,$684,$836,$930,$837,"$1,023","$1,170","$1,053","$1,287","$1,270","$1,143","$1,397"
12203,METRO10580M10580,"Albany-Schenectady-Troy, NY MSA",$820,$738,$902,$960,$864,"$1,056","$1,190","$1,071","$1,309","$1,490","$1,341","$1,639","$1,610","$1,449","$1,771"
12204,METRO10580M10580,"Albany-Schenectady-Troy, NY MSA",$790,$711,$869,$930,$837,"$1,023","$1,150","$1,035","$1,265","$1,440","$1,296","$1,584","$1,550","$1,395","$1,705"
12205,METRO10580M10580,"Albany-Schenectady-Troy, NY MSA",$850,$765,$935,"$1,010",$909,"$1,111","$1,240","$1,116","$1,364","$1,550","$1,395","$1,705","$1,680","$1,512","$1,848"
12206,METRO10580M10580,"Albany-Schenectady-Troy, NY MSA",$740,$666,$814,$870,$783,$957,"$1,070",$963,"$1,177","$1,340","$1,206","$1,474","$1,450","$1,305","$1,595"
12207,METRO10580M10580,"Albany-Schenectady-Troy, NY MSA",$630,$567,$693,$760,$684,$836,$930,$837,"$1,023","$1,170","$1,053","$1,287","$1,270","$1,143","$1,397"
12208,METRO10580M10580,"Albany-Schenectady-Troy, NY MSA",$810,$729,$891,$960,$864,"$1,056","$1,180","$1,062","$1,298","$1,480","$1,332","$1,628","$1,600","$1,440","$1,760"
12209,METRO10580M10580,"Albany-Schenectady-Troy, NY MSA",$740,$666,$814,$880,$792,$968,"$1,080",$972,"$1,188","$1,350","$1,215","$1,485","$1,460","$1,314","$1,606"
12210,METRO10580M10580,"Albany-Schenectady-Troy, NY MSA",$680,$612,$748,$800,$720,$880,$990,$891,"$1,089","$1,240","$1,116","$1,364","$1,340","$1,206","$1,474"
12211,METRO10580M10580,"Albany-Schenectady-Troy, NY MSA","$1,150","$1,035","$1,265","$1,350","$1,215","$1,485","$1,670","$1,503","$1,837","$2,090","$1,881","$2,299","$2,260","$2,034","$2,486"
12212,METRO10580M10580,"Albany-Schenectady-Troy, NY MSA",$780,$702,$858,$920,$828,"$1,012","$1,130","$1,017","$1,243","$1,420","$1,278","$1,562","$1,530","$1,377","$1,683"
12220,METRO10580M10580,"Albany-Schenectady-Troy, NY MSA",$780,$702,$858,$920,$828,"$1,012","$1,130","$1,017","$1,243","$1,420","$1,278","$1,562","$1,530","$1,377","$1,683"
12222,METRO10580M10580,"Albany-Schenectady-Troy, NY MSA",$780,$702,$858,$920,$828,"$1,012","$1,130","$1,017","$1,243","$1,420","$1,278","$1,562","$1,530","$1,377","$1,683"
12250,METRO10580M10580,"Albany-Schenectady-Troy, NY MSA",$780,$702,$858,$920,$828,"$1,012","$1,130","$1,017","$1,243","$1,420","$1,278","$1,562","$1,530","$1,377","$1,683"
12301,METRO10580M10580,"Albany-Schenectady-Troy, NY MSA",$720,$648,$792,$840,$756,$924,"$1,040",$936,"$1,144","$1,300","$1,170","$1,430","$1,410","$1,269","$1,551"
12302,METRO10580M10580,"Albany-Schenectady-Troy, NY MSA",$810,$729,$891,$960,$864,"$1,056","$1,180","$1,062","$1,298","$1,480","$1,332","$1,628","$1,600","$1,440","$1,760"
12303,METRO10580M10580,"Albany-Schenectady-Troy, NY MSA",$700,$630,$770,$830,$747,$913,"$1,020",$918,"$1,122","$1,280","$1,152","$1,408","$1,380","$1,242","$1,518"
12304,METRO10580M10580,"Albany-Schenectady-Troy, NY MSA",$720,$648,$792,$850,$765,$935,"$1,050",$945,"$1,155","$1,320","$1,188","$1,452","$1,420","$1,278","$1,562"
12305,METRO10580M10580,"Albany-Schenectady-Troy, NY MSA",$630,$567,$693,$760,$684,$836,$930,$837,"$1,023","$1,170","$1,053","$1,287","$1,270","$1,143","$1,397"
12306,METRO10580M10580,"Albany-Schenectady-Troy, NY MSA",$750,$675,$825,$880,$792,$968,"$1,090",$981,"$1,199","$1,370","$1,233","$1,507","$1,470","$1,323","$1,617"
12307,METRO10580M10580,"Albany-Schenectady-Troy, NY MSA",$700,$630,$770,$820,$738,$902,"$1,010",$909,"$1,111","$1,270","$1,143","$1,397","$1,370","$1,233","$1,507"
12308,METRO10580M10580,"Albany-Schenectady-Troy, NY MSA",$700,$630,$770,$820,$738,$902,"$1,010",$909,"$1,111","$1,270","$1,143","$1,397","$1,370","$1,233","$1,507"
12309,METRO10580M10580,"Albany-Schenectady-Troy, NY MSA",$830,$747,$913,$970,$873,"$1,067","$1,200","$1,080","$1,320","$1,500","$1,350","$1,650","$1,620","$1,458","$1,782"
12460,METRO10580M10580,"Albany-Schenectady-Troy, NY MSA",$780,$702,$858,$920,$828,"$1,012","$1,130","$1,017","$1,243","$1,420","$1,278","$1,562","$1,530","$1,377","$1,683"
12469,METRO10580M10580,"Albany-Schenectady-Troy, NY MSA",$750,$675,$825,$890,$801,$979,"$1,090",$981,"$1,199","$1,370","$1,233","$1,507","$1,480","$1,332","$1,628"
12803,METRO10580M10580,"Albany-Schenectady-Troy, NY MSA",$740,$666,$814,$870,$783,$957,"$1,070",$963,"$1,177","$1,340","$1,206","$1,474","$1,450","$1,305","$1,595"
12822,METRO10580M10580,"Albany-Schenectady-Troy, NY MSA",$700,$630,$770,$820,$738,$902,"$1,010",$909,"$1,111","$1,270","$1,143","$1,397","$1,370","$1,233","$1,507"
12828,METRO10580M10580,"Albany-Schenectady-Troy, NY MSA",$680,$612,$748,$790,$711,$869,$990,$891,"$1,089","$1,260","$1,134","$1,386","$1,390","$1,251","$1,529"
12831,METRO10580M10580,"Albany-Schenectady-Troy, NY MSA",$880,$792,$968,"$1,040",$936,"$1,144","$1,280","$1,152","$1,408","$1,600","$1,440","$1,760","$1,730","$1,557","$1,903"
12833,METRO10580M10580,"Albany-Schenectady-Troy, NY MSA",$760,$684,$836,$890,$801,$979,"$1,100",$990,"$1,210","$1,380","$1,242","$1,518","$1,490","$1,341","$1,639"
12835,METRO10580M10580,"Albany-Schenectady-Troy, NY MSA",$670,$603,$737,$790,$711,$869,$980,$882,"$1,078","$1,230","$1,107","$1,353","$1,320","$1,188","$1,452"
12850,METRO10580M10580,"Albany-Schenectady-Troy, NY MSA","$1,110",$999,"$1,221","$1,310","$1,179","$1,441","$1,610","$1,449","$1,771","$2,020","$1,818","$2,222","$2,180","$1,962","$2,398"
12859,METRO10580M10580,"Albany-Schenectady-Troy, NY MSA",$990,$891,"$1,089","$1,170","$1,053","$1,287","$1,440","$1,296","$1,584","$1,800","$1,620","$1,980","$1,950","$1,755","$2,145"
12863,METRO10580M10580,"Albany-Schenectady-Troy, NY MSA",$720,$648,$792,$850,$765,$935,"$1,050",$945,"$1,155","$1,320","$1,188","$1,452","$1,420","$1,278","$1,562"
12866,METRO10580M10580,"Albany-Schenectady-Troy, NY MSA",$910,$819,"$1,001","$1,070",$963,"$1,177","$1,320","$1,188","$1,452","$1,650","$1,485","$1,815","$1,780","$1,602","$1,958"
12871,METRO10580M10580,"Albany-Schenectady-Troy, NY MSA",$720,$648,$792,$850,$765,$935,"$1,050",$945,"$1,155","$1,320","$1,188","$1,452","$1,420","$1,278","$1,562"
12884,METRO10580M10580,"Albany-Schenectady-Troy, NY MSA",$760,$684,$836,$900,$810,$990,"$1,110",$999,"$1,221","$1,390","$1,251","$1,529","$1,500","$1,350","$1,650"
13320,METRO10580M10580,"Albany-Schenectady-Troy, NY MSA",$630,$567,$693,$760,$684,$836,$930,$837,"$1,023","$1,170","$1,053","$1,287","$1,270","$1,143","$1,397"
13459,METRO10580M10580,"Albany-Schenectady-Troy, NY MSA",$630,$567,$693,$760,$684,$836,$930,$837,"$1,023","$1,170","$1,053","$1,287","$1,270","$1,143","$1,397"
13730,METRO13780M13780,"Binghamton, NY MSA",$510,$459,$561,$550,$495,$605,$710,$639,$781,$930,$837,"$1,023","$1,050",$945,"$1,155"
13732,METRO13780M13780,"Binghamton, NY MSA",$560,$504,$616,$590,$531,$649,$760,$684,$836,$990,$891,"$1,089","$1,130","$1,017","$1,243"
13734,METRO13780M13780,"Binghamton, NY MSA",$510,$459,$561,$550,$495,$605,$710,$639,$781,$930,$837,"$1,023","$1,050",$945,"$1,155"
13736,METRO13780M13780,"Binghamton, NY MSA",$850,$765,$935,$890,$801,$979,"$1,050",$945,"$1,155","$1,370","$1,233","$1,507","$1,710","$1,539","$1,881"
13743,METRO13780M13780,"Binghamton, NY MSA",$510,$459,$561,$550,$495,$605,$710,$639,$781,$930,$837,"$1,023","$1,050",$945,"$1,155"
13744,METRO13780M13780,"Binghamton, NY MSA",$620,$558,$682,$650,$585,$715,$840,$756,$924,"$1,100",$990,"$1,210","$1,250","$1,125","$1,375"
13745,METRO13780M13780,"Binghamton, NY MSA",$620,$558,$682,$650,$585,$715,$840,$756,$924,"$1,100",$990,"$1,210","$1,250","$1,125","$1,375"
13746,METRO13780M13780,"Binghamton, NY MSA",$700,$630,$770,$730,$657,$803,$950,$855,"$1,045","$1,240","$1,116","$1,364","$1,410","$1,269","$1,551"
13748,METRO13780M13780,"Binghamton, NY MSA",$570,$513,$627,$600,$540,$660,$780,$702,$858,"$1,020",$918,"$1,122","$1,160","$1,044","$1,276"
13754,METRO13780M13780,"Binghamton, NY MSA",$600,$540,$660,$630,$567,$693,$820,$738,$902,"$1,070",$963,"$1,177","$1,220","$1,098","$1,342"
13760,METRO13780M13780,"Binghamton, NY MSA",$610,$549,$671,$640,$576,$704,$830,$747,$913,"$1,090",$981,"$1,199","$1,240","$1,116","$1,364"
13761,METRO13780M13780,"Binghamton, NY MSA",$620,$558,$682,$650,$585,$715,$840,$756,$924,"$1,100",$990,"$1,210","$1,250","$1,125","$1,375"
13762,METRO13780M13780,"Binghamton, NY MSA",$620,$558,$682,$650,$585,$715,$840,$756,$924,"$1,100",$990,"$1,210","$1,250","$1,125","$1,375"
13777,METRO13780M13780,"Binghamton, NY MSA",$620,$558,$682,$660,$594,$726,$850,$765,$935,"$1,110",$999,"$1,221","$1,270","$1,143","$1,397"
13778,METRO13780M13780,"Binghamton, NY MSA",$550,$495,$605,$580,$522,$638,$750,$675,$825,$980,$882,"$1,078","$1,120","$1,008","$1,232"
13783,METRO13780M13780,"Binghamton, NY MSA",$620,$558,$682,$650,$585,$715,$840,$756,$924,"$1,100",$990,"$1,210","$1,250","$1,125","$1,375"
13787,METRO13780M13780,"Binghamton, NY MSA",$560,$504,$616,$590,$531,$649,$770,$693,$847,"$1,010",$909,"$1,111","$1,150","$1,035","$1,265"
13790,METRO13780M13780,"Binghamton, NY MSA",$630,$567,$693,$660,$594,$726,$860,$774,$946,"$1,130","$1,017","$1,243","$1,280","$1,152","$1,408"
13794,METRO13780M13780,"Binghamton, NY MSA",$620,$558,$682,$650,$585,$715,$840,$756,$924,"$1,100",$990,"$1,210","$1,250","$1,125","$1,375"
13795,METRO13780M13780,"Binghamton, NY MSA",$610,$549,$671,$640,$576,$704,$830,$747,$913,"$1,090",$981,"$1,199","$1,240","$1,116","$1,364"
13797,METRO13780M13780,"Binghamton, NY MSA",$710,$639,$781,$750,$675,$825,$970,$873,"$1,067","$1,270","$1,143","$1,397","$1,440","$1,296","$1,584"
13802,METRO13780M13780,"Binghamton, NY MSA",$620,$558,$682,$650,$585,$715,$840,$756,$924,"$1,100",$990,"$1,210","$1,250","$1,125","$1,375"
13803,METRO13780M13780,"Binghamton, NY MSA",$630,$567,$693,$660,$594,$726,$860,$774,$946,"$1,130","$1,017","$1,243","$1,280","$1,152","$1,408"
13811,METRO13780M13780,"Binghamton, NY MSA",$560,$504,$616,$590,$531,$649,$770,$693,$847,"$1,010",$909,"$1,111","$1,150","$1,035","$1,265"
13812,METRO13780M13780,"Binghamton, NY MSA",$660,$594,$726,$690,$621,$759,$900,$810,$990,"$1,180","$1,062","$1,298","$1,340","$1,206","$1,474"
13813,METRO13780M13780,"Binghamton, NY MSA",$620,$558,$682,$650,$585,$715,$840,$756,$924,"$1,100",$990,"$1,210","$1,250","$1,125","$1,375"
13826,METRO13780M13780,"Binghamton, NY MSA",$620,$558,$682,$650,$585,$715,$840,$756,$924,"$1,100",$990,"$1,210","$1,250","$1,125","$1,375"
13827,METRO13780M13780,"Binghamton, NY MSA",$560,$504,$616,$590,$531,$649,$770,$693,$847,"$1,010",$909,"$1,111","$1,150","$1,035","$1,265"
13833,METRO13780M13780,"Binghamton, NY MSA",$560,$504,$616,$590,$531,$649,$770,$693,$847,"$1,010",$909,"$1,111","$1,150","$1,035","$1,265"
13835,METRO13780M13780,"Binghamton, NY MSA",$560,$504,$616,$590,$531,$649,$770,$693,$847,"$1,010",$909,"$1,111","$1,150","$1,035","$1,265"
13845,METRO13780M13780,"Binghamton, NY MSA",$580,$522,$638,$610,$549,$671,$790,$711,$869,"$1,030",$927,"$1,133","$1,180","$1,062","$1,298"
13850,METRO13780M13780,"Binghamton, NY MSA",$740,$666,$814,$780,$702,$858,"$1,010",$909,"$1,111","$1,320","$1,188","$1,452","$1,500","$1,350","$1,650"
13851,METRO13780M13780,"Binghamton, NY MSA",$620,$558,$682,$650,$585,$715,$840,$756,$924,"$1,100",$990,"$1,210","$1,250","$1,125","$1,375"
13862,METRO13780M13780,"Binghamton, NY MSA",$570,$513,$627,$600,$540,$660,$780,$702,$858,"$1,020",$918,"$1,122","$1,160","$1,044","$1,276"
13863,METRO13780M13780,"Binghamton, NY MSA",$620,$558,$682,$650,$585,$715,$840,$756,$924,"$1,100",$990,"$1,210","$1,250","$1,125","$1,375"
13864,METRO13780M13780,"Binghamton, NY MSA",$850,$765,$935,$890,$801,$979,"$1,050",$945,"$1,155","$1,350","$1,215","$1,485","$1,710","$1,539","$1,881"
13865,METRO13780M13780,"Binghamton, NY MSA",$580,$522,$638,$610,$549,$671,$790,$711,$869,"$1,030",$927,"$1,133","$1,180","$1,062","$1,298"
13901,METRO13780M13780,"Binghamton, NY MSA",$590,$531,$649,$620,$558,$682,$800,$720,$880,"$1,050",$945,"$1,155","$1,190","$1,071","$1,309"
13902,METRO13780M13780,"Binghamton, NY MSA",$620,$558,$682,$650,$585,$715,$840,$756,$924,"$1,100",$990,"$1,210","$1,250","$1,125","$1,375"
13903,METRO13780M13780,"Binghamton, NY MSA",$580,$522,$638,$610,$549,$671,$790,$711,$869,"$1,030",$927,"$1,133","$1,180","$1,062","$1,298"
13904,METRO13780M13780,"Binghamton, NY MSA",$580,$522,$638,$610,$549,$671,$790,$711,$869,"$1,030",$927,"$1,133","$1,180","$1,062","$1,298"
13905,METRO13780M13780,"Binghamton, NY MSA",$620,$558,$682,$650,$585,$715,$840,$756,$924,"$1,100",$990,"$1,210","$1,250","$1,125","$1,375"
14817,METRO13780M13780,"Binghamton, NY MSA",$850,$765,$935,$890,$801,$979,"$1,050",$945,"$1,155","$1,350","$1,215","$1,485","$1,710","$1,539","$1,881"
14859,METRO13780M13780,"Binghamton, NY MSA",$600,$540,$660,$630,$567,$693,$800,$720,$880,"$1,050",$945,"$1,155","$1,160","$1,044","$1,276"
14883,METRO13780M13780,"Binghamton, NY MSA",$850,$765,$935,$890,$801,$979,"$1,050",$945,"$1,155","$1,350","$1,215","$1,485","$1,710","$1,539","$1,881"
14889,METRO13780M13780,"Binghamton, NY MSA",$670,$603,$737,$710,$639,$781,$890,$801,$979,"$1,150","$1,035","$1,265","$1,210","$1,089","$1,331"
14892,METRO13780M13780,"Binghamton, NY MSA",$590,$531,$649,$620,$558,$682,$800,$720,$880,"$1,040",$936,"$1,144","$1,170","$1,053","$1,287"
14001,METRO15380M15380,"Buffalo-Cheektowaga-Niagara Falls, NY MSA",$680,$612,$748,$700,$630,$770,$850,$765,$935,"$1,060",$954,"$1,166","$1,220","$1,098","$1,342"
14004,METRO15380M15380,"Buffalo-Cheektowaga-Niagara Falls, NY MSA",$650,$585,$715,$670,$603,$737,$810,$729,$891,"$1,010",$909,"$1,111","$1,160","$1,044","$1,276"
14006,METRO15380M15380,"Buffalo-Cheektowaga-Niagara Falls, NY MSA",$680,$612,$748,$700,$630,$770,$850,$765,$935,"$1,060",$954,"$1,166","$1,220","$1,098","$1,342"
14008,METRO15380M15380,"Buffalo-Cheektowaga-Niagara Falls, NY MSA",$620,$558,$682,$640,$576,$704,$770,$693,$847,$960,$864,"$1,056","$1,110",$999,"$1,221"
14009,METRO15380M15380,"Buffalo-Cheektowaga-Niagara Falls, NY MSA",$680,$612,$748,$700,$630,$770,$850,$765,$935,"$1,060",$954,"$1,166","$1,220","$1,098","$1,342"
14012,METRO15380M15380,"Buffalo-Cheektowaga-Niagara Falls, NY MSA",$620,$558,$682,$670,$603,$737,$840,$756,$924,"$1,050",$945,"$1,155","$1,140","$1,026","$1,254"
14013,METRO15380M15380,"Buffalo-Cheektowaga-Niagara Falls, NY MSA",$680,$612,$748,$700,$630,$770,$850,$765,$935,"$1,060",$954,"$1,166","$1,220","$1,098","$1,342"
14025,METRO15380M15380,"Buffalo-Cheektowaga-Niagara Falls, NY MSA",$720,$648,$792,$750,$675,$825,$900,$810,$990,"$1,130","$1,017","$1,243","$1,290","$1,161","$1,419"
14026,METRO15380M15380,"Buffalo-Cheektowaga-Niagara Falls, NY MSA",$710,$639,$781,$730,$657,$803,$880,$792,$968,"$1,100",$990,"$1,210","$1,260","$1,134","$1,386"
14028,METRO15380M15380,"Buffalo-Cheektowaga-Niagara Falls, NY MSA",$740,$666,$814,$760,$684,$836,$920,$828,"$1,012","$1,150","$1,035","$1,265","$1,320","$1,188","$1,452"
14030,METRO15380M15380,"Buffalo-Cheektowaga-Niagara Falls, NY MSA",$680,$612,$748,$700,$630,$770,$850,$765,$935,"$1,060",$954,"$1,166","$1,220","$1,098","$1,342"
14031,METRO15380M15380,"Buffalo-Cheektowaga-Niagara Falls, NY MSA",$710,$639,$781,$730,$657,$803,$880,$792,$968,"$1,100",$990,"$1,210","$1,260","$1,134","$1,386"
14032,METRO15380M15380,"Buffalo-Cheektowaga-Niagara Falls, NY MSA",$910,$819,"$1,001",$940,$846,"$1,034","$1,130","$1,017","$1,243","$1,420","$1,278","$1,562","$1,620","$1,458","$1,782"
14033,METRO15380M15380,"Buffalo-Cheektowaga-Niagara Falls, NY MSA",$590,$531,$649,$610,$549,$671,$730,$657,$803,$920,$828,"$1,012","$1,070",$963,"$1,177"
14034,METRO15380M15380,"Buffalo-Cheektowaga-Niagara Falls, NY MSA",$580,$522,$638,$600,$540,$660,$720,$648,$792,$910,$819,"$1,001","$1,050",$945,"$1,155"
14035,METRO15380M15380,"Buffalo-Cheektowaga-Niagara Falls, NY MSA",$680,$612,$748,$700,$630,$770,$850,$765,$935,"$1,060",$954,"$1,166","$1,220","$1,098","$1,342"
14036,METRO15380M15380,"Buffalo-Cheektowaga-Niagara Falls, NY MSA",$680,$612,$748,$700,$630,$770,$850,$765,$935,"$1,060",$954,"$1,166","$1,220","$1,098","$1,342"
14037,METRO15380M15380,"Buffalo-Cheektowaga-Niagara Falls, NY MSA",$680,$612,$748,$700,$630,$770,$850,$765,$935,"$1,060",$954,"$1,166","$1,220","$1,098","$1,342"
14043,METRO15380M15380,"Buffalo-Cheektowaga-Niagara Falls, NY MSA",$670,$603,$737,$700,$630,$770,$840,$756,$924,"$1,050",$945,"$1,155","$1,210","$1,089","$1,331"
14047,METRO15380M15380,"Buffalo-Cheektowaga-Niagara Falls, NY MSA",$650,$585,$715,$670,$603,$737,$810,$729,$891,"$1,010",$909,"$1,111","$1,160","$1,044","$1,276"
14051,METRO15380M15380,"Buffalo-Cheektowaga-Niagara Falls, NY MSA","$1,010",$909,"$1,111","$1,040",$936,"$1,144","$1,260","$1,134","$1,386","$1,580","$1,422","$1,738","$1,810","$1,629","$1,991"
14052,METRO15380M15380,"Buffalo-Cheektowaga-Niagara Falls, NY MSA",$640,$576,$704,$660,$594,$726,$800,$720,$880,"$1,000",$900,"$1,100","$1,150","$1,035","$1,265"
14055,METRO15380M15380,"Buffalo-Cheektowaga-Niagara Falls, NY MSA",$620,$558,$682,$640,$576,$704,$770,$693,$847,$960,$864,"$1,056","$1,110",$999,"$1,221"
14057,METRO15380M15380,"Buffalo-Cheektowaga-Niagara Falls, NY MSA",$580,$522,$638,$600,$540,$660,$720,$648,$792,$910,$819,"$1,001","$1,050",$945,"$1,155"
14059,METRO15380M15380,"Buffalo-Cheektowaga-Niagara Falls, NY MSA",$690,$621,$759,$710,$639,$781,$860,$774,$946,"$1,080",$972,"$1,188","$1,240","$1,116","$1,364"
14061,METRO15380M15380,"Buffalo-Cheektowaga-Niagara Falls, NY MSA",$710,$639,$781,$730,$657,$803,$880,$792,$968,"$1,100",$990,"$1,210","$1,260","$1,134","$1,386"
14067,METRO15380M15380,"Buffalo-Cheektowaga-Niagara Falls, NY MSA",$580,$522,$638,$600,$540,$660,$720,$648,$792,$910,$819,"$1,001","$1,050",$945,"$1,155"
14068,METRO15380M15380,"Buffalo-Cheektowaga-Niagara Falls, NY MSA",$910,$819,"$1,001",$950,$855,"$1,045","$1,140","$1,026","$1,254","$1,430","$1,287","$1,573","$1,640","$1,476","$1,804"
14069,METRO15380M15380,"Buffalo-Cheektowaga-Niagara Falls, NY MSA",$580,$522,$638,$600,$540,$660,$720,$648,$792,$910,$819,"$1,001","$1,050",$945,"$1,155"
14070,METRO15380M15380,"Buffalo-Cheektowaga-Niagara Falls, NY MSA",$580,$522,$638,$600,$540,$660,$720,$648,$792,$910,$819,"$1,001","$1,050",$945,"$1,155"
14072,METRO15380M15380,"Buffalo-Cheektowaga-Niagara Falls, NY MSA",$810,$729,$891,$840,$756,$924,"$1,010",$909,"$1,111","$1,270","$1,143","$1,397","$1,450","$1,305","$1,595"
14075,METRO15380M15380,"Buffalo-Cheektowaga-Niagara Falls, NY MSA",$700,$630,$770,$720,$648,$792,$870,$783,$957,"$1,090",$981,"$1,199","$1,250","$1,125","$1,375"
14080,METRO15380M15380,"Buffalo-Cheektowaga-Niagara Falls, NY MSA",$680,$612,$748,$700,$630,$770,$850,$765,$935,"$1,060",$954,"$1,166","$1,220","$1,098","$1,342"
14081,METRO15380M15380,"Buffalo-Cheektowaga-Niagara Falls, NY MSA",$640,$576,$704,$660,$594,$726,$800,$720,$880,"$1,000",$900,"$1,100","$1,150","$1,035","$1,265"
14085,METRO15380M15380,"Buffalo-Cheektowaga-Niagara Falls, NY MSA",$920,$828,"$1,012",$950,$855,"$1,045","$1,150","$1,035","$1,265","$1,440","$1,296","$1,584","$1,650","$1,485","$1,815"
14086,METRO15380M15380,"Buffalo-Cheektowaga-Niagara Falls, NY MSA",$620,$558,$682,$650,$585,$715,$780,$702,$858,$980,$882,"$1,078","$1,120","$1,008","$1,232"
14091,METRO15380M15380,"Buffalo-Cheektowaga-Niagara Falls, NY MSA",$680,$612,$748,$700,$630,$770,$850,$765,$935,"$1,060",$954,"$1,166","$1,220","$1,098","$1,342"
14092,METRO15380M15380,"Buffalo-Cheektowaga-Niagara Falls, NY MSA",$750,$675,$825,$770,$693,$847,$930,$837,"$1,023","$1,170","$1,053","$1,287","$1,340","$1,206","$1,474"
14094,METRO15380M15380,"Buffalo-Cheektowaga-Niagara Falls, NY MSA",$620,$558,$682,$640,$576,$704,$770,$693,$847,$960,$864,"$1,056","$1,110",$999,"$1,221"
14095,METRO15380M15380,"Buffalo-Cheektowaga-Niagara Falls, NY MSA",$620,$558,$682,$640,$576,$704,$770,$693,$847,$960,$864,"$1,056","$1,110",$999,"$1,221"
14098,METRO15380M15380,"Buffalo-Cheektowaga-Niagara Falls, NY MSA",$630,$567,$693,$730,$657,$803,$920,$828,"$1,012","$1,150","$1,035","$1,265","$1,240","$1,116","$1,364"
14102,METRO15380M15380,"Buffalo-Cheektowaga-Niagara Falls, NY MSA",$680,$612,$748,$700,$630,$770,$850,$765,$935,"$1,060",$954,"$1,166","$1,220","$1,098","$1,342"
14105,METRO15380M15380,"Buffalo-Cheektowaga-Niagara Falls, NY MSA",$580,$522,$638,$670,$603,$737,$840,$756,$924,"$1,050",$945,"$1,155","$1,140","$1,026","$1,254"
14108,METRO15380M15380,"Buffalo-Cheektowaga-Niagara Falls, NY MSA",$580,$522,$638,$610,$549,$671,$730,$657,$803,$910,$819,"$1,001","$1,050",$945,"$1,155"
14109,METRO15380M15380,"Buffalo-Cheektowaga-Niagara Falls, NY MSA",$620,$558,$682,$640,$576,$704,$770,$693,$847,$960,$864,"$1,056","$1,110",$999,"$1,221"
14111,METRO15380M15380,"Buffalo-Cheektowaga-Niagara Falls, NY MSA",$610,$549,$671,$630,$567,$693,$760,$684,$836,$950,$855,"$1,045","$1,090",$981,"$1,199"
14112,METRO15380M15380,"Buffalo-Cheektowaga-Niagara Falls, NY MSA",$680,$612,$748,$700,$630,$770,$850,$765,$935,"$1,060",$954,"$1,166","$1,220","$1,098","$1,342"
14120,METRO15380M15380,"Buffalo-Cheektowaga-Niagara Falls, NY MSA",$630,$567,$693,$660,$594,$726,$790,$711,$869,$990,$891,"$1,089","$1,140","$1,026","$1,254"
14126,METRO15380M15380,"Buffalo-Cheektowaga-Niagara Falls, NY MSA",$700,$630,$770,$720,$648,$792,$870,$783,$957,"$1,090",$981,"$1,199","$1,250","$1,125","$1,375"
14127,METRO15380M15380,"Buffalo-Cheektowaga-Niagara Falls, NY MSA",$790,$711,$869,$820,$738,$902,$990,$891,"$1,089","$1,240","$1,116","$1,364","$1,420","$1,278","$1,562"
14131,METRO15380M15380,"Buffalo-Cheektowaga-Niagara Falls, NY MSA",$890,$801,$979,$920,$828,"$1,012","$1,110",$999,"$1,221","$1,390","$1,251","$1,529","$1,590","$1,431","$1,749"
14132,METRO15380M15380,"Buffalo-Cheektowaga-Niagara Falls, NY MSA",$580,$522,$638,$600,$540,$660,$720,$648,$792,$910,$819,"$1,001","$1,050",$945,"$1,155"
14134,METRO15380M15380,"Buffalo-Cheektowaga-Niagara Falls, NY MSA",$680,$612,$748,$700,$630,$770,$850,$765,$935,"$1,060",$954,"$1,166","$1,220","$1,098","$1,342"
14139,METRO15380M15380,"Buffalo-Cheektowaga-Niagara Falls, NY MSA",$630,$567,$693,$660,$594,$726,$790,$711,$869,$990,$891,"$1,089","$1,140","$1,026","$1,254"
14141,METRO15380M15380,"Buffalo-Cheektowaga-Niagara Falls, NY MSA",$580,$522,$638,$600,$540,$660,$720,$648,$792,$910,$819,"$1,001","$1,050",$945,"$1,155"
14145,METRO15380M15380,"Buffalo-Cheektowaga-Niagara Falls, NY MSA",$580,$522,$638,$600,$540,$660,$720,$648,$792,$910,$819,"$1,001","$1,050",$945,"$1,155"
14150,METRO15380M15380,"Buffalo-Cheektowaga-Niagara Falls, NY MSA",$680,$612,$748,$700,$630,$770,$850,$765,$935,"$1,060",$954,"$1,166","$1,220","$1,098","$1,342"
14151,METRO15380M15380,"Buffalo-Cheektowaga-Niagara Falls, NY MSA",$680,$612,$748,$700,$630,$770,$850,$765,$935,"$1,060",$954,"$1,166","$1,220","$1,098","$1,342"
14169,METRO15380M15380,"Buffalo-Cheektowaga-Niagara Falls, NY MSA",$680,$612,$748,$700,$630,$770,$850,$765,$935,"$1,060",$954,"$1,166","$1,220","$1,098","$1,342"
14170,METRO15380M15380,"Buffalo-Cheektowaga-Niagara Falls, NY MSA",$660,$594,$726,$680,$612,$748,$820,$738,$902,"$1,030",$927,"$1,133","$1,180","$1,062","$1,298"
14172,METRO15380M15380,"Buffalo-Cheektowaga-Niagara Falls, NY MSA",$650,$585,$715,$670,$603,$737,$810,$729,$891,"$1,010",$909,"$1,111","$1,160","$1,044","$1,276"
14174,METRO15380M15380,"Buffalo-Cheektowaga-Niagara Falls, NY MSA",$610,$549,$671,$630,$567,$693,$760,$684,$836,$950,$855,"$1,045","$1,090",$981,"$1,199"
14201,METRO15380M15380,"Buffalo-Cheektowaga-Niagara Falls, NY MSA",$620,$558,$682,$640,$576,$704,$770,$693,$847,$960,$864,"$1,056","$1,110",$999,"$1,221"
14202,METRO15380M15380,"Buffalo-Cheektowaga-Niagara Falls, NY MSA",$710,$639,$781,$740,$666,$814,$890,$801,$979,"$1,120","$1,008","$1,232","$1,280","$1,152","$1,408"
14203,METRO15380M15380,"Buffalo-Cheektowaga-Niagara Falls, NY MSA",$840,$756,$924,$870,$783,$957,"$1,050",$945,"$1,155","$1,320","$1,188","$1,452","$1,510","$1,359","$1,661"
14204,METRO15380M15380,"Buffalo-Cheektowaga-Niagara Falls, NY MSA",$580,$522,$638,$610,$549,$671,$730,$657,$803,$910,$819,"$1,001","$1,050",$945,"$1,155"
14205,METRO15380M15380,"Buffalo-Cheektowaga-Niagara Falls, NY MSA",$680,$612,$748,$700,$630,$770,$850,$765,$935,"$1,060",$954,"$1,166","$1,220","$1,098","$1,342"
14206,METRO15380M15380,"Buffalo-Cheektowaga-Niagara Falls, NY MSA",$610,$549,$671,$630,$567,$693,$760,$684,$836,$950,$855,"$1,045","$1,090",$981,"$1,199"
14207,METRO15380M15380,"Buffalo-Cheektowaga-Niagara Falls, NY MSA",$590,$531,$649,$610,$549,$671,$740,$666,$814,$930,$837,"$1,023","$1,060",$954,"$1,166"
14208,METRO15380M15380,"Buffalo-Cheektowaga-Niagara Falls, NY MSA",$700,$630,$770,$720,$648,$792,$870,$783,$957,"$1,090",$981,"$1,199","$1,250","$1,125","$1,375"
14209,METRO15380M15380,"Buffalo-Cheektowaga-Niagara Falls, NY MSA",$660,$594,$726,$690,$621,$759,$830,$747,$913,"$1,040",$936,"$1,144","$1,190","$1,071","$1,309"
14210,METRO15380M15380,"Buffalo-Cheektowaga-Niagara Falls, NY MSA",$630,$567,$693,$660,$594,$726,$790,$711,$869,$990,$891,"$1,089","$1,140","$1,026","$1,254"
14211,METRO15380M15380,"Buffalo-Cheektowaga-Niagara Falls, NY MSA",$580,$522,$638,$610,$549,$671,$730,$657,$803,$910,$819,"$1,001","$1,050",$945,"$1,155"
14212,METRO15380M15380,"Buffalo-Cheektowaga-Niagara Falls, NY MSA",$580,$522,$638,$600,$540,$660,$720,$648,$792,$910,$819,"$1,001","$1,050",$945,"$1,155"
14213,METRO15380M15380,"Buffalo-Cheektowaga-Niagara Falls, NY MSA",$630,$567,$693,$660,$594,$726,$790,$711,$869,$990,$891,"$1,089","$1,140","$1,026","$1,254"
14214,METRO15380M15380,"Buffalo-Cheektowaga-Niagara Falls, NY MSA",$700,$630,$770,$720,$648,$792,$870,$783,$957,"$1,090",$981,"$1,199","$1,250","$1,125","$1,375"
14215,METRO15380M15380,"Buffalo-Cheektowaga-Niagara Falls, NY MSA",$630,$567,$693,$660,$594,$726,$790,$711,$869,$990,$891,"$1,089","$1,140","$1,026","$1,254"
14216,METRO15380M15380,"Buffalo-Cheektowaga-Niagara Falls, NY MSA",$690,$621,$759,$710,$639,$781,$860,$774,$946,"$1,080",$972,"$1,188","$1,240","$1,116","$1,364"
14217,METRO15380M15380,"Buffalo-Cheektowaga-Niagara Falls, NY MSA",$660,$594,$726,$690,$621,$759,$830,$747,$913,"$1,040",$936,"$1,144","$1,190","$1,071","$1,309"
14218,METRO15380M15380,"Buffalo-Cheektowaga-Niagara Falls, NY MSA",$580,$522,$638,$600,$540,$660,$720,$648,$792,$910,$819,"$1,001","$1,050",$945,"$1,155"
14219,METRO15380M15380,"Buffalo-Cheektowaga-Niagara Falls, NY MSA",$650,$585,$715,$670,$603,$737,$810,$729,$891,"$1,010",$909,"$1,111","$1,160","$1,044","$1,276"
14220,METRO15380M15380,"Buffalo-Cheektowaga-Niagara Falls, NY MSA",$630,$567,$693,$660,$594,$726,$790,$711,$869,$990,$891,"$1,089","$1,140","$1,026","$1,254"
14221,METRO15380M15380,"Buffalo-Cheektowaga-Niagara Falls, NY MSA",$920,$828,"$1,012",$950,$855,"$1,045","$1,150","$1,035","$1,265","$1,440","$1,296","$1,584","$1,650","$1,485","$1,815"
14222,METRO15380M15380,"Buffalo-Cheektowaga-Niagara Falls, NY MSA",$790,$711,$869,$820,$738,$902,$990,$891,"$1,089","$1,240","$1,116","$1,364","$1,420","$1,278","$1,562"
14223,METRO15380M15380,"Buffalo-Cheektowaga-Niagara Falls, NY MSA",$670,$603,$737,$700,$630,$770,$840,$756,$924,"$1,050",$945,"$1,155","$1,210","$1,089","$1,331"
14224,METRO15380M15380,"Buffalo-Cheektowaga-Niagara Falls, NY MSA",$700,$630,$770,$720,$648,$792,$870,$783,$957,"$1,090",$981,"$1,199","$1,250","$1,125","$1,375"
14225,METRO15380M15380,"Buffalo-Cheektowaga-Niagara Falls, NY MSA",$640,$576,$704,$660,$594,$726,$800,$720,$880,"$1,000",$900,"$1,100","$1,150","$1,035","$1,265"
14226,METRO15380M15380,"Buffalo-Cheektowaga-Niagara Falls, NY MSA",$750,$675,$825,$770,$693,$847,$930,$837,"$1,023","$1,170","$1,053","$1,287","$1,340","$1,206","$1,474"
14227,METRO15380M15380,"Buffalo-Cheektowaga-Niagara Falls, NY MSA",$790,$711,$869,$810,$729,$891,$980,$882,"$1,078","$1,230","$1,107","$1,353","$1,410","$1,269","$1,551"
14228,METRO15380M15380,"Buffalo-Cheektowaga-Niagara Falls, NY MSA",$830,$747,$913,$860,$774,$946,"$1,040",$936,"$1,144","$1,300","$1,170","$1,430","$1,490","$1,341","$1,639"
14231,METRO15380M15380,"Buffalo-Cheektowaga-Niagara Falls, NY MSA",$680,$612,$748,$700,$630,$770,$850,$765,$935,"$1,060",$954,"$1,166","$1,220","$1,098","$1,342"
14240,METRO15380M15380,"Buffalo-Cheektowaga-Niagara Falls, NY MSA",$680,$612,$748,$700,$630,$770,$850,$765,$935,"$1,060",$954,"$1,166","$1,220","$1,098","$1,342"
14261,METRO15380M15380,"Buffalo-Cheektowaga-Niagara Falls, NY MSA",$680,$612,$748,$700,$630,$770,$850,$765,$935,"$1,060",$954,"$1,166","$1,220","$1,098","$1,342"
14301,METRO15380M15380,"Buffalo-Cheektowaga-Niagara Falls, NY MSA",$580,$522,$638,$600,$540,$660,$720,$648,$792,$910,$819,"$1,001","$1,050",$945,"$1,155"
14302,METRO15380M15380,"Buffalo-Cheektowaga-Niagara Falls, NY MSA",$620,$558,$682,$640,$576,$704,$770,$693,$847,$960,$864,"$1,056","$1,110",$999,"$1,221"
14303,METRO15380M15380,"Buffalo-Cheektowaga-Niagara Falls, NY MSA",$650,$585,$715,$670,$603,$737,$810,$729,$891,"$1,010",$909,"$1,111","$1,160","$1,044","$1,276"
14304,METRO15380M15380,"Buffalo-Cheektowaga-Niagara Falls, NY MSA",$620,$558,$682,$650,$585,$715,$780,$702,$858,$980,$882,"$1,078","$1,120","$1,008","$1,232"
14305,METRO15380M15380,"Buffalo-Cheektowaga-Niagara Falls, NY MSA",$660,$594,$726,$680,$612,$748,$820,$738,$902,"$1,030",$927,"$1,133","$1,180","$1,062","$1,298"
14805,METRO21300M21300,"Elmira, NY MSA",$630,$567,$693,$660,$594,$726,$830,$747,$913,"$1,070",$963,"$1,177","$1,120","$1,008","$1,232"
14812,METRO21300M21300,"Elmira, NY MSA",$540,$486,$594,$580,$522,$638,$730,$657,$803,$940,$846,"$1,034",$990,$891,"$1,089"
14814,METRO21300M21300,"Elmira, NY MSA",$810,$729,$891,$850,$765,$935,"$1,070",$963,"$1,177","$1,380","$1,242","$1,518","$1,450","$1,305","$1,595"
14816,METRO21300M21300,"Elmira, NY MSA",$630,$567,$693,$660,$594,$726,$830,$747,$913,"$1,070",$963,"$1,177","$1,120","$1,008","$1,232"
14824,METRO21300M21300,"Elmira, NY MSA",$650,$585,$715,$680,$612,$748,$860,$774,$946,"$1,110",$999,"$1,221","$1,160","$1,044","$1,276"
14825,METRO21300M21300,"Elmira, NY MSA",$620,$558,$682,$650,$585,$715,$820,$738,$902,"$1,060",$954,"$1,166","$1,110",$999,"$1,221"
14830,METRO21300M21300,"Elmira, NY MSA",$640,$576,$704,$670,$603,$737,$840,$756,$924,"$1,080",$972,"$1,188","$1,140","$1,026","$1,254"
14838,METRO21300M21300,"Elmira, NY MSA",$690,$621,$759,$720,$648,$792,$910,$819,"$1,001","$1,170","$1,053","$1,287","$1,230","$1,107","$1,353"
14845,METRO21300M21300,"Elmira, NY MSA",$700,$630,$770,$740,$666,$814,$930,$837,"$1,023","$1,200","$1,080","$1,320","$1,260","$1,134","$1,386"
14859,METRO21300M21300,"Elmira, NY MSA",$600,$540,$660,$630,$567,$693,$800,$720,$880,"$1,050",$945,"$1,155","$1,160","$1,044","$1,276"
14861,METRO21300M21300,"Elmira, NY MSA",$670,$603,$737,$700,$630,$770,$880,$792,$968,"$1,130","$1,017","$1,243","$1,190","$1,071","$1,309"
14864,METRO21300M21300,"Elmira, NY MSA",$670,$603,$737,$700,$630,$770,$880,$792,$968,"$1,130","$1,017","$1,243","$1,190","$1,071","$1,309"
14867,METRO21300M21300,"Elmira, NY MSA",$860,$774,$946,$890,$801,$979,"$1,070",$963,"$1,177","$1,370","$1,233","$1,507","$1,710","$1,539","$1,881"
14871,METRO21300M21300,"Elmira, NY MSA",$670,$603,$737,$700,$630,$770,$880,$792,$968,"$1,130","$1,017","$1,243","$1,190","$1,071","$1,309"
14872,METRO21300M21300,"Elmira, NY MSA",$530,$477,$583,$580,$522,$638,$730,$657,$803,$940,$846,"$1,034",$990,$891,"$1,089"
14883,METRO21300M21300,"Elmira, NY MSA",$850,$765,$935,$890,$801,$979,"$1,050",$945,"$1,155","$1,350","$1,215","$1,485","$1,710","$1,539","$1,881"
14889,METRO21300M21300,"Elmira, NY MSA",$670,$603,$737,$710,$639,$781,$890,$801,$979,"$1,150","$1,035","$1,265","$1,210","$1,089","$1,331"
14892,METRO21300M21300,"Elmira, NY MSA",$590,$531,$649,$620,$558,$682,$800,$720,$880,"$1,040",$936,"$1,144","$1,170","$1,053","$1,287"
14894,METRO21300M21300,"Elmira, NY MSA",$560,$504,$616,$590,$531,$649,$740,$666,$814,$950,$855,"$1,045","$1,000",$900,"$1,100"
14901,METRO21300M21300,"Elmira, NY MSA",$570,$513,$627,$600,$540,$660,$750,$675,$825,$970,$873,"$1,067","$1,010",$909,"$1,111"
14902,METRO21300M21300,"Elmira, NY MSA",$630,$567,$693,$660,$594,$726,$830,$747,$913,"$1,070",$963,"$1,177","$1,120","$1,008","$1,232"
14903,METRO21300M21300,"Elmira, NY MSA",$670,$603,$737,$710,$639,$781,$890,$801,$979,"$1,150","$1,035","$1,265","$1,200","$1,080","$1,320"
14904,METRO21300M21300,"Elmira, NY MSA",$600,$540,$660,$640,$576,$704,$800,$720,$880,"$1,030",$927,"$1,133","$1,080",$972,"$1,188"
14905,METRO21300M21300,"Elmira, NY MSA",$670,$603,$737,$700,$630,$770,$880,$792,$968,"$1,130","$1,017","$1,243","$1,190","$1,071","$1,309"
12028,METRO24020M24020,"Glens Falls, NY MSA",$700,$630,$770,$820,$738,$902,"$1,020",$918,"$1,122","$1,290","$1,161","$1,419","$1,400","$1,260","$1,540"
12057,METRO24020M24020,"Glens Falls, NY MSA",$660,$594,$726,$760,$684,$836,$960,$864,"$1,056","$1,220","$1,098","$1,342","$1,350","$1,215","$1,485"
12090,METRO24020M24020,"Glens Falls, NY MSA",$680,$612,$748,$790,$711,$869,$980,$882,"$1,078","$1,230","$1,107","$1,353","$1,320","$1,188","$1,452"
12094,METRO24020M24020,"Glens Falls, NY MSA",$740,$666,$814,$870,$783,$957,"$1,080",$972,"$1,188","$1,350","$1,215","$1,485","$1,460","$1,314","$1,606"
12154,METRO24020M24020,"Glens Falls, NY MSA",$630,$567,$693,$760,$684,$836,$930,$837,"$1,023","$1,170","$1,053","$1,287","$1,270","$1,143","$1,397"
12185,METRO24020M24020,"Glens Falls, NY MSA",$740,$666,$814,$860,$774,$946,"$1,070",$963,"$1,177","$1,350","$1,215","$1,485","$1,460","$1,314","$1,606"
12801,METRO24020M24020,"Glens Falls, NY MSA",$670,$603,$737,$770,$693,$847,$970,$873,"$1,067","$1,240","$1,116","$1,364","$1,380","$1,242","$1,518"
12803,METRO24020M24020,"Glens Falls, NY MSA",$740,$666,$814,$870,$783,$957,"$1,070",$963,"$1,177","$1,340","$1,206","$1,474","$1,450","$1,305","$1,595"
12804,METRO24020M24020,"Glens Falls, NY MSA",$770,$693,$847,$890,$801,$979,"$1,120","$1,008","$1,232","$1,440","$1,296","$1,584","$1,600","$1,440","$1,760"
12808,METRO24020M24020,"Glens Falls, NY MSA",$670,$603,$737,$780,$702,$858,$980,$882,"$1,078","$1,260","$1,134","$1,386","$1,400","$1,260","$1,540"
12809,METRO24020M24020,"Glens Falls, NY MSA",$670,$603,$737,$770,$693,$847,$970,$873,"$1,067","$1,240","$1,116","$1,364","$1,380","$1,242","$1,518"
12810,METRO24020M24020,"Glens Falls, NY MSA",$570,$513,$627,$670,$603,$737,$840,$756,$924,"$1,060",$954,"$1,166","$1,210","$1,089","$1,331"
12811,METRO24020M24020,"Glens Falls, NY MSA",$670,$603,$737,$780,$702,$858,$980,$882,"$1,078","$1,260","$1,134","$1,386","$1,400","$1,260","$1,540"
12814,METRO24020M24020,"Glens Falls, NY MSA",$650,$585,$715,$750,$675,$825,$950,$855,"$1,045","$1,220","$1,098","$1,342","$1,360","$1,224","$1,496"
12815,METRO24020M24020,"Glens Falls, NY MSA",$610,$549,$671,$710,$639,$781,$890,$801,$979,"$1,140","$1,026","$1,254","$1,270","$1,143","$1,397"
12816,METRO24020M24020,"Glens Falls, NY MSA",$600,$540,$660,$690,$621,$759,$870,$783,$957,"$1,120","$1,008","$1,232","$1,240","$1,116","$1,364"
12817,METRO24020M24020,"Glens Falls, NY MSA",$570,$513,$627,$670,$603,$737,$840,$756,$924,"$1,060",$954,"$1,166","$1,210","$1,089","$1,331"
12819,METRO24020M24020,"Glens Falls, NY MSA",$640,$576,$704,$740,$666,$814,$930,$837,"$1,023","$1,190","$1,071","$1,309","$1,330","$1,197","$1,463"
12821,METRO24020M24020,"Glens Falls, NY MSA",$640,$576,$704,$740,$666,$814,$930,$837,"$1,023","$1,190","$1,071","$1,309","$1,330","$1,197","$1,463"
12823,METRO24020M24020,"Glens Falls, NY MSA",$640,$576,$704,$740,$666,$814,$930,$837,"$1,023","$1,190","$1,071","$1,309","$1,330","$1,197","$1,463"
12824,METRO24020M24020,"Glens Falls, NY MSA",$750,$675,$825,$890,$801,$979,"$1,110",$999,"$1,221","$1,420","$1,278","$1,562","$1,620","$1,458","$1,782"
12827,METRO24020M24020,"Glens Falls, NY MSA",$680,$612,$748,$790,$711,$869,$990,$891,"$1,089","$1,270","$1,143","$1,397","$1,410","$1,269","$1,551"
12828,METRO24020M24020,"Glens Falls, NY MSA",$680,$612,$748,$790,$711,$869,$990,$891,"$1,089","$1,260","$1,134","$1,386","$1,390","$1,251","$1,529"
12832,METRO24020M24020,"Glens Falls, NY MSA",$570,$513,$627,$670,$603,$737,$840,$756,$924,"$1,060",$954,"$1,166","$1,210","$1,089","$1,331"
12834,METRO24020M24020,"Glens Falls, NY MSA",$650,$585,$715,$750,$675,$825,$940,$846,"$1,034","$1,210","$1,089","$1,331","$1,340","$1,206","$1,474"
12835,METRO24020M24020,"Glens Falls, NY MSA",$670,$603,$737,$790,$711,$869,$980,$882,"$1,078","$1,230","$1,107","$1,353","$1,320","$1,188","$1,452"
12836,METRO24020M24020,"Glens Falls, NY MSA",$630,$567,$693,$730,$657,$803,$920,$828,"$1,012","$1,180","$1,062","$1,298","$1,310","$1,179","$1,441"
12837,METRO24020M24020,"Glens Falls, NY MSA",$700,$630,$770,$810,$729,$891,"$1,020",$918,"$1,122","$1,310","$1,179","$1,441","$1,460","$1,314","$1,606"
12838,METRO24020M24020,"Glens Falls, NY MSA",$570,$513,$627,$670,$603,$737,$840,$756,$924,"$1,070",$963,"$1,177","$1,210","$1,089","$1,331"
12839,METRO24020M24020,"Glens Falls, NY MSA",$650,$585,$715,$750,$675,$825,$950,$855,"$1,045","$1,220","$1,098","$1,342","$1,360","$1,224","$1,496"
12841,METRO24020M24020,"Glens Falls, NY MSA",$640,$576,$704,$740,$666,$814,$930,$837,"$1,023","$1,190","$1,071","$1,309","$1,330","$1,197","$1,463"
12843,METRO24020M24020,"Glens Falls, NY MSA",$670,$603,$737,$780,$702,$858,$980,$882,"$1,078","$1,260","$1,134","$1,386","$1,400","$1,260","$1,540"
12844,METRO24020M24020,"Glens Falls, NY MSA",$640,$576,$704,$740,$666,$814,$930,$837,"$1,023","$1,190","$1,071","$1,309","$1,330","$1,197","$1,463"
12845,METRO24020M24020,"Glens Falls, NY MSA",$730,$657,$803,$840,$756,$924,"$1,060",$954,"$1,166","$1,360","$1,224","$1,496","$1,510","$1,359","$1,661"
12846,METRO24020M24020,"Glens Falls, NY MSA",$670,$603,$737,$770,$693,$847,$970,$873,"$1,067","$1,240","$1,116","$1,364","$1,380","$1,242","$1,518"
12849,METRO24020M24020,"Glens Falls, NY MSA",$640,$576,$704,$740,$666,$814,$930,$837,"$1,023","$1,190","$1,071","$1,309","$1,330","$1,197","$1,463"
12853,METRO24020M24020,"Glens Falls, NY MSA",$570,$513,$627,$670,$603,$737,$840,$756,$924,"$1,060",$954,"$1,166","$1,210","$1,089","$1,331"
12854,METRO24020M24020,"Glens Falls, NY MSA",$640,$576,$704,$740,$666,$814,$930,$837,"$1,023","$1,190","$1,071","$1,309","$1,330","$1,197","$1,463"
12856,METRO24020M24020,"Glens Falls, NY MSA",$670,$603,$737,$780,$702,$858,$980,$882,"$1,078","$1,260","$1,134","$1,386","$1,400","$1,260","$1,540"
12857,METRO24020M24020,"Glens Falls, NY MSA",$680,$612,$748,$790,$711,$869,$990,$891,"$1,089","$1,270","$1,143","$1,397","$1,410","$1,269","$1,551"
12860,METRO24020M24020,"Glens Falls, NY MSA",$670,$603,$737,$780,$702,$858,$980,$882,"$1,078","$1,260","$1,134","$1,386","$1,400","$1,260","$1,540"
12861,METRO24020M24020,"Glens Falls, NY MSA",$670,$603,$737,$770,$693,$847,$970,$873,"$1,067","$1,240","$1,116","$1,364","$1,380","$1,242","$1,518"
12862,METRO24020M24020,"Glens Falls, NY MSA",$670,$603,$737,$780,$702,$858,$980,$882,"$1,078","$1,260","$1,134","$1,386","$1,400","$1,260","$1,540"
12865,METRO24020M24020,"Glens Falls, NY MSA",$640,$576,$704,$740,$666,$814,$930,$837,"$1,023","$1,190","$1,071","$1,309","$1,330","$1,197","$1,463"
12870,METRO24020M24020,"Glens Falls, NY MSA",$580,$522,$638,$680,$612,$748,$860,$774,$946,"$1,080",$972,"$1,188","$1,240","$1,116","$1,364"
12873,METRO24020M24020,"Glens Falls, NY MSA",$640,$576,$704,$740,$666,$814,$930,$837,"$1,023","$1,190","$1,071","$1,309","$1,330","$1,197","$1,463"
12874,METRO24020M24020,"Glens Falls, NY MSA",$670,$603,$737,$780,$702,$858,$980,$882,"$1,078","$1,260","$1,134","$1,386","$1,400","$1,260","$1,540"
12878,METRO24020M24020,"Glens Falls, NY MSA",$590,$531,$649,$670,$603,$737,$850,$765,$935,"$1,090",$981,"$1,199","$1,210","$1,089","$1,331"
12883,METRO24020M24020,"Glens Falls, NY MSA",$640,$576,$704,$740,$666,$814,$930,$837,"$1,023","$1,190","$1,071","$1,309","$1,330","$1,197","$1,463"
12885,METRO24020M24020,"Glens Falls, NY MSA",$580,$522,$638,$670,$603,$737,$840,$756,$924,"$1,080",$972,"$1,188","$1,210","$1,089","$1,331"
12886,METRO24020M24020,"Glens Falls, NY MSA",$670,$603,$737,$780,$702,$858,$980,$882,"$1,078","$1,260","$1,134","$1,386","$1,400","$1,260","$1,540"
12887,METRO24020M24020,"Glens Falls, NY MSA",$660,$594,$726,$760,$684,$836,$960,$864,"$1,056","$1,230","$1,107","$1,353","$1,370","$1,233","$1,507"
13045,METRO27060M27060,"Ithaca, NY MSA",$850,$765,$935,$890,$801,$979,"$1,050",$945,"$1,155","$1,350","$1,215","$1,485","$1,710","$1,539","$1,881"
13053,METRO27060M27060,"Ithaca, NY MSA",$850,$765,$935,$890,$801,$979,"$1,050",$945,"$1,155","$1,350","$1,215","$1,485","$1,710","$1,539","$1,881"
13062,METRO27060M27060,"Ithaca, NY MSA",$920,$828,"$1,012",$940,$846,"$1,034","$1,140","$1,026","$1,254","$1,450","$1,305","$1,595","$1,740","$1,566","$1,914"
13068,METRO27060M27060,"Ithaca, NY MSA",$850,$765,$935,$890,$801,$979,"$1,050",$945,"$1,155","$1,350","$1,215","$1,485","$1,710","$1,539","$1,881"
13073,METRO27060M27060,"Ithaca, NY MSA",$850,$765,$935,$890,$801,$979,"$1,050",$945,"$1,155","$1,350","$1,215","$1,485","$1,710","$1,539","$1,881"
13081,METRO27060M27060,"Ithaca, NY MSA",$920,$828,"$1,012",$940,$846,"$1,034","$1,140","$1,026","$1,254","$1,450","$1,305","$1,595","$1,740","$1,566","$1,914"
13092,METRO27060M27060,"Ithaca, NY MSA",$850,$765,$935,$890,$801,$979,"$1,050",$945,"$1,155","$1,350","$1,215","$1,485","$1,710","$1,539","$1,881"
13102,METRO27060M27060,"Ithaca, NY MSA",$920,$828,"$1,012",$940,$846,"$1,034","$1,140","$1,026","$1,254","$1,450","$1,305","$1,595","$1,740","$1,566","$1,914"
13736,METRO27060M27060,"Ithaca, NY MSA",$850,$765,$935,$890,$801,$979,"$1,050",$945,"$1,155","$1,370","$1,233","$1,507","$1,710","$1,539","$1,881"
13864,METRO27060M27060,"Ithaca, NY MSA",$850,$765,$935,$890,$801,$979,"$1,050",$945,"$1,155","$1,350","$1,215","$1,485","$1,710","$1,539","$1,881"
14817,METRO27060M27060,"Ithaca, NY MSA",$850,$765,$935,$890,$801,$979,"$1,050",$945,"$1,155","$1,350","$1,215","$1,485","$1,710","$1,539","$1,881"
14850,METRO27060M27060,"Ithaca, NY MSA",$970,$873,"$1,067",$990,$891,"$1,089","$1,200","$1,080","$1,320","$1,530","$1,377","$1,683","$1,830","$1,647","$2,013"
14851,METRO27060M27060,"Ithaca, NY MSA",$920,$828,"$1,012",$940,$846,"$1,034","$1,140","$1,026","$1,254","$1,450","$1,305","$1,595","$1,740","$1,566","$1,914"
14852,METRO27060M27060,"Ithaca, NY MSA",$920,$828,"$1,012",$940,$846,"$1,034","$1,140","$1,026","$1,254","$1,450","$1,305","$1,595","$1,740","$1,566","$1,914"
14853,METRO27060M27060,"Ithaca, NY MSA",$920,$828,"$1,012",$940,$846,"$1,034","$1,140","$1,026","$1,254","$1,450","$1,305","$1,595","$1,740","$1,566","$1,914"
14854,METRO27060M27060,"Ithaca, NY MSA",$920,$828,"$1,012",$940,$846,"$1,034","$1,140","$1,026","$1,254","$1,450","$1,305","$1,595","$1,740","$1,566","$1,914"
14867,METRO27060M27060,"Ithaca, NY MSA",$860,$774,$946,$890,$801,$979,"$1,070",$963,"$1,177","$1,370","$1,233","$1,507","$1,710","$1,539","$1,881"
14881,METRO27060M27060,"Ithaca, NY MSA",$920,$828,"$1,012",$940,$846,"$1,034","$1,140","$1,026","$1,254","$1,450","$1,305","$1,595","$1,740","$1,566","$1,914"
14882,METRO27060M27060,"Ithaca, NY MSA","$1,000",$900,"$1,100","$1,030",$927,"$1,133","$1,240","$1,116","$1,364","$1,580","$1,422","$1,738","$1,890","$1,701","$2,079"
14883,METRO27060M27060,"Ithaca, NY MSA",$850,$765,$935,$890,$801,$979,"$1,050",$945,"$1,155","$1,350","$1,215","$1,485","$1,710","$1,539","$1,881"
14886,METRO27060M27060,"Ithaca, NY MSA",$850,$765,$935,$890,$801,$979,"$1,050",$945,"$1,155","$1,350","$1,215","$1,485","$1,710","$1,539","$1,881"
12401,METRO28740M28740,"Kingston, NY MSA",$760,$684,$836,$950,$855,"$1,045","$1,190","$1,071","$1,309","$1,510","$1,359","$1,661","$1,650","$1,485","$1,815"
12402,METRO28740M28740,"Kingston, NY MSA",$780,$702,$858,$960,$864,"$1,056","$1,210","$1,089","$1,331","$1,540","$1,386","$1,694","$1,680","$1,512","$1,848"
12404,METRO28740M28740,"Kingston, NY MSA",$880,$792,$968,"$1,090",$981,"$1,199","$1,370","$1,233","$1,507","$1,740","$1,566","$1,914","$1,900","$1,710","$2,090"
12406,METRO28740M28740,"Kingston, NY MSA",$670,$603,$737,$830,$747,$913,"$1,040",$936,"$1,144","$1,340","$1,206","$1,474","$1,420","$1,278","$1,562"
12409,METRO28740M28740,"Kingston, NY MSA",$780,$702,$858,$970,$873,"$1,067","$1,220","$1,098","$1,342","$1,550","$1,395","$1,705","$1,690","$1,521","$1,859"
12410,METRO28740M28740,"Kingston, NY MSA",$670,$603,$737,$830,$747,$913,"$1,040",$936,"$1,144","$1,340","$1,206","$1,474","$1,420","$1,278","$1,562"
12411,METRO28740M28740,"Kingston, NY MSA",$780,$702,$858,$960,$864,"$1,056","$1,210","$1,089","$1,331","$1,540","$1,386","$1,694","$1,680","$1,512","$1,848"
12412,METRO28740M28740,"Kingston, NY MSA",$710,$639,$781,$870,$783,$957,"$1,100",$990,"$1,210","$1,400","$1,260","$1,540","$1,520","$1,368","$1,672"
12414,METRO28740M28740,"Kingston, NY MSA",$780,$702,$858,$960,$864,"$1,056","$1,210","$1,089","$1,331","$1,540","$1,386","$1,694","$1,680","$1,512","$1,848"
12416,METRO28740M28740,"Kingston, NY MSA",$780,$702,$858,$960,$864,"$1,056","$1,210","$1,089","$1,331","$1,540","$1,386","$1,694","$1,680","$1,512","$1,848"
12417,METRO28740M28740,"Kingston, NY MSA",$800,$720,$880,$990,$891,"$1,089","$1,250","$1,125","$1,375","$1,590","$1,431","$1,749","$1,730","$1,557","$1,903"
12419,METRO28740M28740,"Kingston, NY MSA",$820,$738,$902,"$1,010",$909,"$1,111","$1,270","$1,143","$1,397","$1,610","$1,449","$1,771","$1,760","$1,584","$1,936"
12420,METRO28740M28740,"Kingston, NY MSA",$780,$702,$858,$960,$864,"$1,056","$1,210","$1,089","$1,331","$1,540","$1,386","$1,694","$1,680","$1,512","$1,848"
12428,METRO28740M28740,"Kingston, NY MSA",$730,$657,$803,$910,$819,"$1,001","$1,140","$1,026","$1,254","$1,450","$1,305","$1,595","$1,580","$1,422","$1,738"
12429,METRO28740M28740,"Kingston, NY MSA",$780,$702,$858,$960,$864,"$1,056","$1,210","$1,089","$1,331","$1,540","$1,386","$1,694","$1,680","$1,512","$1,848"
12432,METRO28740M28740,"Kingston, NY MSA",$850,$765,$935,"$1,060",$954,"$1,166","$1,330","$1,197","$1,463","$1,690","$1,521","$1,859","$1,840","$1,656","$2,024"
12433,METRO28740M28740,"Kingston, NY MSA",$780,$702,$858,$960,$864,"$1,056","$1,210","$1,089","$1,331","$1,540","$1,386","$1,694","$1,680","$1,512","$1,848"
12435,METRO28740M28740,"Kingston, NY MSA",$750,$675,$825,$920,$828,"$1,012","$1,160","$1,044","$1,276","$1,470","$1,323","$1,617","$1,610","$1,449","$1,771"
12440,METRO28740M28740,"Kingston, NY MSA",$940,$846,"$1,034","$1,160","$1,044","$1,276","$1,460","$1,314","$1,606","$1,850","$1,665","$2,035","$2,020","$1,818","$2,222"
12441,METRO28740M28740,"Kingston, NY MSA",$780,$702,$858,$960,$864,"$1,056","$1,210","$1,089","$1,331","$1,540","$1,386","$1,694","$1,680","$1,512","$1,848"
12443,METRO28740M28740,"Kingston, NY MSA",$960,$864,"$1,056","$1,190","$1,071","$1,309","$1,500","$1,350","$1,650","$1,900","$1,710","$2,090","$2,080","$1,872","$2,288"
12446,METRO28740M28740,"Kingston, NY MSA",$750,$675,$825,$930,$837,"$1,023","$1,170","$1,053","$1,287","$1,490","$1,341","$1,639","$1,620","$1,458","$1,782"
12448,METRO28740M28740,"Kingston, NY MSA",$780,$702,$858,$960,$864,"$1,056","$1,210","$1,089","$1,331","$1,540","$1,386","$1,694","$1,680","$1,512","$1,848"
12449,METRO28740M28740,"Kingston, NY MSA",$810,$729,$891,"$1,000",$900,"$1,100","$1,260","$1,134","$1,386","$1,600","$1,440","$1,760","$1,750","$1,575","$1,925"
12453,METRO28740M28740,"Kingston, NY MSA",$780,$702,$858,$960,$864,"$1,056","$1,210","$1,089","$1,331","$1,540","$1,386","$1,694","$1,680","$1,512","$1,848"
12455,METRO28740M28740,"Kingston, NY MSA",$670,$603,$737,$830,$747,$913,"$1,040",$936,"$1,144","$1,340","$1,206","$1,474","$1,420","$1,278","$1,562"
12456,METRO28740M28740,"Kingston, NY MSA",$780,$702,$858,$960,$864,"$1,056","$1,210","$1,089","$1,331","$1,540","$1,386","$1,694","$1,680","$1,512","$1,848"
12457,METRO28740M28740,"Kingston, NY MSA",$670,$603,$737,$830,$747,$913,"$1,040",$936,"$1,144","$1,340","$1,206","$1,474","$1,420","$1,278","$1,562"
12458,METRO28740M28740,"Kingston, NY MSA",$720,$648,$792,$900,$810,$990,"$1,120","$1,008","$1,232","$1,440","$1,296","$1,584","$1,530","$1,377","$1,683"
12461,METRO28740M28740,"Kingston, NY MSA",$670,$603,$737,$830,$747,$913,"$1,050",$945,"$1,155","$1,340","$1,206","$1,474","$1,420","$1,278","$1,562"
12463,METRO28740M28740,"Kingston, NY MSA",$780,$702,$858,$960,$864,"$1,056","$1,210","$1,089","$1,331","$1,540","$1,386","$1,694","$1,680","$1,512","$1,848"
12464,METRO28740M28740,"Kingston, NY MSA",$670,$603,$737,$830,$747,$913,"$1,040",$936,"$1,144","$1,340","$1,206","$1,474","$1,420","$1,278","$1,562"
12465,METRO28740M28740,"Kingston, NY MSA",$780,$702,$858,$960,$864,"$1,056","$1,210","$1,089","$1,331","$1,540","$1,386","$1,694","$1,680","$1,512","$1,848"
12466,METRO28740M28740,"Kingston, NY MSA",$700,$630,$770,$870,$783,$957,"$1,090",$981,"$1,199","$1,380","$1,242","$1,518","$1,510","$1,359","$1,661"
12471,METRO28740M28740,"Kingston, NY MSA","$1,000",$900,"$1,100","$1,240","$1,116","$1,364","$1,560","$1,404","$1,716","$1,980","$1,782","$2,178","$2,160","$1,944","$2,376"
12472,METRO28740M28740,"Kingston, NY MSA",$790,$711,$869,$980,$882,"$1,078","$1,230","$1,107","$1,353","$1,560","$1,404","$1,716","$1,700","$1,530","$1,870"
12475,METRO28740M28740,"Kingston, NY MSA",$780,$702,$858,$960,$864,"$1,056","$1,210","$1,089","$1,331","$1,540","$1,386","$1,694","$1,680","$1,512","$1,848"
12477,METRO28740M28740,"Kingston, NY MSA",$750,$675,$825,$930,$837,"$1,023","$1,170","$1,053","$1,287","$1,490","$1,341","$1,639","$1,620","$1,458","$1,782"
12480,METRO28740M28740,"Kingston, NY MSA",$780,$702,$858,$960,$864,"$1,056","$1,210","$1,089","$1,331","$1,540","$1,386","$1,694","$1,680","$1,512","$1,848"
12481,METRO28740M28740,"Kingston, NY MSA",$780,$702,$858,$960,$864,"$1,056","$1,210","$1,089","$1,331","$1,540","$1,386","$1,694","$1,680","$1,512","$1,848"
12483,METRO28740M28740,"Kingston, NY MSA",$780,$702,$858,$960,$864,"$1,056","$1,210","$1,089","$1,331","$1,540","$1,386","$1,694","$1,680","$1,512","$1,848"
12484,METRO28740M28740,"Kingston, NY MSA",$900,$810,$990,"$1,110",$999,"$1,221","$1,400","$1,260","$1,540","$1,780","$1,602","$1,958","$1,940","$1,746","$2,134"
12486,METRO28740M28740,"Kingston, NY MSA","$1,090",$981,"$1,199","$1,350","$1,215","$1,485","$1,700","$1,530","$1,870","$2,160","$1,944","$2,376","$2,360","$2,124","$2,596"
12487,METRO28740M28740,"Kingston, NY MSA",$880,$792,$968,"$1,090",$981,"$1,199","$1,370","$1,233","$1,507","$1,740","$1,566","$1,914","$1,900","$1,710","$2,090"
12489,METRO28740M28740,"Kingston, NY MSA",$780,$702,$858,$960,$864,"$1,056","$1,210","$1,089","$1,331","$1,540","$1,386","$1,694","$1,680","$1,512","$1,848"
12490,METRO28740M28740,"Kingston, NY MSA",$780,$702,$858,$960,$864,"$1,056","$1,210","$1,089","$1,331","$1,540","$1,386","$1,694","$1,680","$1,512","$1,848"
12491,METRO28740M28740,"Kingston, NY MSA",$840,$756,$924,"$1,040",$936,"$1,144","$1,310","$1,179","$1,441","$1,660","$1,494","$1,826","$1,810","$1,629","$1,991"
12493,METRO28740M28740,"Kingston, NY MSA",$780,$702,$858,$960,$864,"$1,056","$1,210","$1,089","$1,331","$1,540","$1,386","$1,694","$1,680","$1,512","$1,848"
12494,METRO28740M28740,"Kingston, NY MSA",$780,$702,$858,$960,$864,"$1,056","$1,210","$1,089","$1,331","$1,540","$1,386","$1,694","$1,680","$1,512","$1,848"
12495,METRO28740M28740,"Kingston, NY MSA",$780,$702,$858,$960,$864,"$1,056","$1,210","$1,089","$1,331","$1,540","$1,386","$1,694","$1,680","$1,512","$1,848"
12498,METRO28740M28740,"Kingston, NY MSA",$870,$783,$957,"$1,070",$963,"$1,177","$1,350","$1,215","$1,485","$1,710","$1,539","$1,881","$1,870","$1,683","$2,057"
12515,METRO28740M28740,"Kingston, NY MSA",$750,$675,$825,$930,$837,"$1,023","$1,170","$1,053","$1,287","$1,490","$1,341","$1,639","$1,620","$1,458","$1,782"
12525,METRO28740M28740,"Kingston, NY MSA",$800,$720,$880,$990,$891,"$1,089","$1,240","$1,116","$1,364","$1,570","$1,413","$1,727","$1,720","$1,548","$1,892"
12528,METRO28740M28740,"Kingston, NY MSA",$810,$729,$891,"$1,000",$900,"$1,100","$1,260","$1,134","$1,386","$1,600","$1,440","$1,760","$1,750","$1,575","$1,925"
12542,METRO28740M28740,"Kingston, NY MSA",$830,$747,$913,$960,$864,"$1,056","$1,190","$1,071","$1,309","$1,530","$1,377","$1,683","$1,800","$1,620","$1,980"
12547,METRO28740M28740,"Kingston, NY MSA",$770,$693,$847,$950,$855,"$1,045","$1,200","$1,080","$1,320","$1,520","$1,368","$1,672","$1,660","$1,494","$1,826"
12548,METRO28740M28740,"Kingston, NY MSA",$800,$720,$880,$990,$891,"$1,089","$1,240","$1,116","$1,364","$1,570","$1,413","$1,727","$1,720","$1,548","$1,892"
12561,METRO28740M28740,"Kingston, NY MSA",$850,$765,$935,"$1,050",$945,"$1,155","$1,320","$1,188","$1,452","$1,680","$1,512","$1,848","$1,830","$1,647","$2,013"
12566,METRO28740M28740,"Kingston, NY MSA",$850,$765,$935,"$1,000",$900,"$1,100","$1,260","$1,134","$1,386","$1,600","$1,440","$1,760","$1,800","$1,620","$1,980"
12568,METRO28740M28740,"Kingston, NY MSA",$780,$702,$858,$960,$864,"$1,056","$1,210","$1,089","$1,331","$1,540","$1,386","$1,694","$1,680","$1,512","$1,848"
12586,METRO28740M28740,"Kingston, NY MSA",$910,$819,"$1,001","$1,010",$909,"$1,111","$1,270","$1,143","$1,397","$1,620","$1,458","$1,782","$1,890","$1,701","$2,079"
12589,METRO28740M28740,"Kingston, NY MSA",$830,$747,$913,$960,$864,"$1,056","$1,200","$1,080","$1,320","$1,530","$1,377","$1,683","$1,800","$1,620","$1,980"
12725,METRO28740M28740,"Kingston, NY MSA",$780,$702,$858,$960,$864,"$1,056","$1,210","$1,089","$1,331","$1,540","$1,386","$1,694","$1,680","$1,512","$1,848"
12740,METRO28740M28740,"Kingston, NY MSA",$750,$675,$825,$930,$837,"$1,023","$1,170","$1,053","$1,287","$1,490","$1,341","$1,639","$1,620","$1,458","$1,782"
12758,METRO28740M28740,"Kingston, NY MSA",$750,$675,$825,$920,$828,"$1,012","$1,160","$1,044","$1,276","$1,470","$1,323","$1,617","$1,610","$1,449","$1,771"
12763,METRO28740M28740,"Kingston, NY MSA",$780,$702,$858,$960,$864,"$1,056","$1,210","$1,089","$1,331","$1,540","$1,386","$1,694","$1,680","$1,512","$1,848"
12789,METRO28740M28740,"Kingston, NY MSA",$780,$702,$858,$960,$864,"$1,056","$1,210","$1,089","$1,331","$1,540","$1,386","$1,694","$1,680","$1,512","$1,848"
13731,METRO28740M28740,"Kingston, NY MSA",$780,$702,$858,$960,$864,"$1,056","$1,210","$1,089","$1,331","$1,540","$1,386","$1,694","$1,680","$1,512","$1,848"
10512,METRO35620M39100,"Poughkeepsie-Newburgh-Middletown, NY HUD Metro FMR Area","$1,380","$1,242","$1,518","$1,420","$1,278","$1,562","$1,620","$1,458","$1,782","$2,060","$1,854","$2,266","$2,200","$1,980","$2,420"
10910,METRO35620M39100,"Poughkeepsie-Newburgh-Middletown, NY HUD Metro FMR Area",$980,$882,"$1,078","$1,080",$972,"$1,188","$1,360","$1,224","$1,496","$1,740","$1,566","$1,914","$2,030","$1,827","$2,233"
10911,METRO35620M39100,"Poughkeepsie-Newburgh-Middletown, NY HUD Metro FMR Area","$1,560","$1,404","$1,716","$1,600","$1,440","$1,760","$1,850","$1,665","$2,035","$2,340","$2,106","$2,574","$2,510","$2,259","$2,761"
10912,METRO35620M39100,"Poughkeepsie-Newburgh-Middletown, NY HUD Metro FMR Area",$980,$882,"$1,078","$1,080",$972,"$1,188","$1,360","$1,224","$1,496","$1,740","$1,566","$1,914","$2,030","$1,827","$2,233"
10914,METRO35620M39100,"Poughkeepsie-Newburgh-Middletown, NY HUD Metro FMR Area",$980,$882,"$1,078","$1,080",$972,"$1,188","$1,360","$1,224","$1,496","$1,740","$1,566","$1,914","$2,030","$1,827","$2,233"
10915,METRO35620M39100,"Poughkeepsie-Newburgh-Middletown, NY HUD Metro FMR Area",$980,$882,"$1,078","$1,080",$972,"$1,188","$1,360","$1,224","$1,496","$1,740","$1,566","$1,914","$2,030","$1,827","$2,233"
10916,METRO35620M39100,"Poughkeepsie-Newburgh-Middletown, NY HUD Metro FMR Area","$1,450","$1,305","$1,595","$1,610","$1,449","$1,771","$2,020","$1,818","$2,222","$2,580","$2,322","$2,838","$3,010","$2,709","$3,311"
10917,METRO35620M39100,"Poughkeepsie-Newburgh-Middletown, NY HUD Metro FMR Area","$1,190","$1,071","$1,309","$1,320","$1,188","$1,452","$1,650","$1,485","$1,815","$2,110","$1,899","$2,321","$2,460","$2,214","$2,706"
10918,METRO35620M39100,"Poughkeepsie-Newburgh-Middletown, NY HUD Metro FMR Area","$1,120","$1,008","$1,232","$1,240","$1,116","$1,364","$1,560","$1,404","$1,716","$2,000","$1,800","$2,200","$2,330","$2,097","$2,563"
10919,METRO35620M39100,"Poughkeepsie-Newburgh-Middletown, NY HUD Metro FMR Area","$1,000",$900,"$1,100","$1,160","$1,044","$1,276","$1,440","$1,296","$1,584","$1,840","$1,656","$2,024","$2,180","$1,962","$2,398"
10921,METRO35620M39100,"Poughkeepsie-Newburgh-Middletown, NY HUD Metro FMR Area",$910,$819,"$1,001","$1,000",$900,"$1,100","$1,260","$1,134","$1,386","$1,610","$1,449","$1,771","$1,880","$1,692","$2,068"
10922,METRO35620M39100,"Poughkeepsie-Newburgh-Middletown, NY HUD Metro FMR Area","$1,330","$1,197","$1,463","$1,470","$1,323","$1,617","$1,850","$1,665","$2,035","$2,370","$2,133","$2,607","$2,760","$2,484","$3,036"
10924,METRO35620M39100,"Poughkeepsie-Newburgh-Middletown, NY HUD Metro FMR Area",$980,$882,"$1,078","$1,080",$972,"$1,188","$1,360","$1,224","$1,496","$1,740","$1,566","$1,914","$2,030","$1,827","$2,233"
10925,METRO35620M39100,"Poughkeepsie-Newburgh-Middletown, NY HUD Metro FMR Area","$1,030",$927,"$1,133","$1,140","$1,026","$1,254","$1,430","$1,287","$1,573","$1,830","$1,647","$2,013","$2,130","$1,917","$2,343"
10926,METRO35620M39100,"Poughkeepsie-Newburgh-Middletown, NY HUD Metro FMR Area","$1,120","$1,008","$1,232","$1,240","$1,116","$1,364","$1,550","$1,395","$1,705","$1,980","$1,782","$2,178","$2,310","$2,079","$2,541"
10928,METRO35620M39100,"Poughkeepsie-Newburgh-Middletown, NY HUD Metro FMR Area",$910,$819,"$1,001","$1,010",$909,"$1,111","$1,270","$1,143","$1,397","$1,620","$1,458","$1,782","$1,890","$1,701","$2,079"
10930,METRO35620M39100,"Poughkeepsie-Newburgh-Middletown, NY HUD Metro FMR Area",$980,$882,"$1,078","$1,080",$972,"$1,188","$1,360","$1,224","$1,496","$1,740","$1,566","$1,914","$2,030","$1,827","$2,233"
10932,METRO35620M39100,"Poughkeepsie-Newburgh-Middletown, NY HUD Metro FMR Area",$980,$882,"$1,078","$1,080",$972,"$1,188","$1,360","$1,224","$1,496","$1,740","$1,566","$1,914","$2,030","$1,827","$2,233"
10933,METRO35620M39100,"Poughkeepsie-Newburgh-Middletown, NY HUD Metro FMR Area",$980,$882,"$1,078","$1,080",$972,"$1,188","$1,360","$1,224","$1,496","$1,740","$1,566","$1,914","$2,030","$1,827","$2,233"
10940,METRO35620M39100,"Poughkeepsie-Newburgh-Middletown, NY HUD Metro FMR Area",$990,$891,"$1,089","$1,090",$981,"$1,199","$1,370","$1,233","$1,507","$1,750","$1,575","$1,925","$2,040","$1,836","$2,244"
10941,METRO35620M39100,"Poughkeepsie-Newburgh-Middletown, NY HUD Metro FMR Area","$1,020",$918,"$1,122","$1,130","$1,017","$1,243","$1,420","$1,278","$1,562","$1,820","$1,638","$2,002","$2,120","$1,908","$2,332"
10949,METRO35620M39100,"Poughkeepsie-Newburgh-Middletown, NY HUD Metro FMR Area",$980,$882,"$1,078","$1,080",$972,"$1,188","$1,360","$1,224","$1,496","$1,740","$1,566","$1,914","$2,030","$1,827","$2,233"
10950,METRO35620M39100,"Poughkeepsie-Newburgh-Middletown, NY HUD Metro FMR Area",$890,$801,$979,"$1,020",$918,"$1,122","$1,270","$1,143","$1,397","$1,620","$1,458","$1,782","$1,920","$1,728","$2,112"
10953,METRO35620M39100,"Poughkeepsie-Newburgh-Middletown, NY HUD Metro FMR Area",$980,$882,"$1,078","$1,080",$972,"$1,188","$1,360","$1,224","$1,496","$1,740","$1,566","$1,914","$2,030","$1,827","$2,233"
10958,METRO35620M39100,"Poughkeepsie-Newburgh-Middletown, NY HUD Metro FMR Area",$860,$774,$946,$960,$864,"$1,056","$1,190","$1,071","$1,309","$1,530","$1,377","$1,683","$1,800","$1,620","$1,980"
10963,METRO35620M39100,"Poughkeepsie-Newburgh-Middletown, NY HUD Metro FMR Area","$1,260","$1,134","$1,386","$1,400","$1,260","$1,540","$1,750","$1,575","$1,925","$2,240","$2,016","$2,464","$2,610","$2,349","$2,871"
10969,METRO35620M39100,"Poughkeepsie-Newburgh-Middletown, NY HUD Metro FMR Area","$1,450","$1,305","$1,595","$1,610","$1,449","$1,771","$2,020","$1,818","$2,222","$2,580","$2,322","$2,838","$3,010","$2,709","$3,311"
10973,METRO35620M39100,"Poughkeepsie-Newburgh-Middletown, NY HUD Metro FMR Area",$970,$873,"$1,067","$1,080",$972,"$1,188","$1,350","$1,215","$1,485","$1,730","$1,557","$1,903","$2,010","$1,809","$2,211"
10975,METRO35620M39100,"Poughkeepsie-Newburgh-Middletown, NY HUD Metro FMR Area","$1,270","$1,143","$1,397","$1,410","$1,269","$1,551","$1,770","$1,593","$1,947","$2,260","$2,034","$2,486","$2,640","$2,376","$2,904"
10979,METRO35620M39100,"Poughkeepsie-Newburgh-Middletown, NY HUD Metro FMR Area",$980,$882,"$1,078","$1,080",$972,"$1,188","$1,360","$1,224","$1,496","$1,740","$1,566","$1,914","$2,030","$1,827","$2,233"
10981,METRO35620M39100,"Poughkeepsie-Newburgh-Middletown, NY HUD Metro FMR Area",$980,$882,"$1,078","$1,080",$972,"$1,188","$1,360","$1,224","$1,496","$1,740","$1,566","$1,914","$2,030","$1,827","$2,233"
10985,METRO35620M39100,"Poughkeepsie-Newburgh-Middletown, NY HUD Metro FMR Area",$980,$882,"$1,078","$1,080",$972,"$1,188","$1,360","$1,224","$1,496","$1,740","$1,566","$1,914","$2,030","$1,827","$2,233"
10987,METRO35620M39100,"Poughkeepsie-Newburgh-Middletown, NY HUD Metro FMR Area","$1,090",$981,"$1,199","$1,200","$1,080","$1,320","$1,510","$1,359","$1,661","$1,930","$1,737","$2,123","$2,250","$2,025","$2,475"
10988,METRO35620M39100,"Poughkeepsie-Newburgh-Middletown, NY HUD Metro FMR Area",$830,$747,$913,$960,$864,"$1,056","$1,190","$1,071","$1,309","$1,530","$1,377","$1,683","$1,800","$1,620","$1,980"
10990,METRO35620M39100,"Poughkeepsie-Newburgh-Middletown, NY HUD Metro FMR Area",$990,$891,"$1,089","$1,090",$981,"$1,199","$1,370","$1,233","$1,507","$1,750","$1,575","$1,925","$2,040","$1,836","$2,244"
10992,METRO35620M39100,"Poughkeepsie-Newburgh-Middletown, NY HUD Metro FMR Area",$830,$747,$913,$960,$864,"$1,056","$1,190","$1,071","$1,309","$1,530","$1,377","$1,683","$1,800","$1,620","$1,980"
10996,METRO35620M39100,"Poughkeepsie-Newburgh-Middletown, NY HUD Metro FMR Area","$1,450","$1,305","$1,595","$1,610","$1,449","$1,771","$2,020","$1,818","$2,222","$2,580","$2,322","$2,838","$3,010","$2,709","$3,311"
10998,METRO35620M39100,"Poughkeepsie-Newburgh-Middletown, NY HUD Metro FMR Area","$1,200","$1,080","$1,320","$1,320","$1,188","$1,452","$1,660","$1,494","$1,826","$2,120","$1,908","$2,332","$2,480","$2,232","$2,728"
12501,METRO35620M39100,"Poughkeepsie-Newburgh-Middletown, NY HUD Metro FMR Area",$830,$747,$913,$960,$864,"$1,056","$1,190","$1,071","$1,309","$1,530","$1,377","$1,683","$1,800","$1,620","$1,980"
12504,METRO35620M39100,"Poughkeepsie-Newburgh-Middletown, NY HUD Metro FMR Area",$960,$864,"$1,056","$1,060",$954,"$1,166","$1,330","$1,197","$1,463","$1,700","$1,530","$1,870","$1,980","$1,782","$2,178"
12507,METRO35620M39100,"Poughkeepsie-Newburgh-Middletown, NY HUD Metro FMR Area",$960,$864,"$1,056","$1,060",$954,"$1,166","$1,330","$1,197","$1,463","$1,700","$1,530","$1,870","$1,980","$1,782","$2,178"
12508,METRO35620M39100,"Poughkeepsie-Newburgh-Middletown, NY HUD Metro FMR Area","$1,040",$936,"$1,144","$1,150","$1,035","$1,265","$1,440","$1,296","$1,584","$1,840","$1,656","$2,024","$2,150","$1,935","$2,365"
12512,METRO35620M39100,"Poughkeepsie-Newburgh-Middletown, NY HUD Metro FMR Area",$960,$864,"$1,056","$1,060",$954,"$1,166","$1,330","$1,197","$1,463","$1,700","$1,530","$1,870","$1,980","$1,782","$2,178"
12514,METRO35620M39100,"Poughkeepsie-Newburgh-Middletown, NY HUD Metro FMR Area",$910,$819,"$1,001","$1,000",$900,"$1,100","$1,260","$1,134","$1,386","$1,610","$1,449","$1,771","$1,880","$1,692","$2,068"
12518,METRO35620M39100,"Poughkeepsie-Newburgh-Middletown, NY HUD Metro FMR Area","$1,070",$963,"$1,177","$1,190","$1,071","$1,309","$1,490","$1,341","$1,639","$1,910","$1,719","$2,101","$2,220","$1,998","$2,442"
12520,METRO35620M39100,"Poughkeepsie-Newburgh-Middletown, NY HUD Metro FMR Area","$1,080",$972,"$1,188","$1,200","$1,080","$1,320","$1,500","$1,350","$1,650","$1,920","$1,728","$2,112","$2,240","$2,016","$2,464"
12522,METRO35620M39100,"Poughkeepsie-Newburgh-Middletown, NY HUD Metro FMR Area",$830,$747,$913,$960,$864,"$1,056","$1,190","$1,071","$1,309","$1,530","$1,377","$1,683","$1,800","$1,620","$1,980"
12524,METRO35620M39100,"Poughkeepsie-Newburgh-Middletown, NY HUD Metro FMR Area","$1,370","$1,233","$1,507","$1,410","$1,269","$1,551","$1,620","$1,458","$1,782","$2,060","$1,854","$2,266","$2,270","$2,043","$2,497"
12527,METRO35620M39100,"Poughkeepsie-Newburgh-Middletown, NY HUD Metro FMR Area",$960,$864,"$1,056","$1,060",$954,"$1,166","$1,330","$1,197","$1,463","$1,700","$1,530","$1,870","$1,980","$1,782","$2,178"
12531,METRO35620M39100,"Poughkeepsie-Newburgh-Middletown, NY HUD Metro FMR Area","$1,370","$1,233","$1,507","$1,410","$1,269","$1,551","$1,620","$1,458","$1,782","$2,060","$1,854","$2,266","$2,360","$2,124","$2,596"
12533,METRO35620M39100,"Poughkeepsie-Newburgh-Middletown, NY HUD Metro FMR Area","$1,370","$1,233","$1,507","$1,410","$1,269","$1,551","$1,620","$1,458","$1,782","$2,060","$1,854","$2,266","$2,200","$1,980","$2,420"
12538,METRO35620M39100,"Poughkeepsie-Newburgh-Middletown, NY HUD Metro FMR Area",$870,$783,$957,$960,$864,"$1,056","$1,210","$1,089","$1,331","$1,550","$1,395","$1,705","$1,800","$1,620","$1,980"
12540,METRO35620M39100,"Poughkeepsie-Newburgh-Middletown, NY HUD Metro FMR Area","$1,160","$1,044","$1,276","$1,280","$1,152","$1,408","$1,610","$1,449","$1,771","$2,060","$1,854","$2,266","$2,400","$2,160","$2,640"
12542,METRO35620M39100,"Poughkeepsie-Newburgh-Middletown, NY HUD Metro FMR Area",$830,$747,$913,$960,$864,"$1,056","$1,190","$1,071","$1,309","$1,530","$1,377","$1,683","$1,800","$1,620","$1,980"
12543,METRO35620M39100,"Poughkeepsie-Newburgh-Middletown, NY HUD Metro FMR Area",$930,$837,"$1,023","$1,030",$927,"$1,133","$1,290","$1,161","$1,419","$1,650","$1,485","$1,815","$1,920","$1,728","$2,112"
12545,METRO35620M39100,"Poughkeepsie-Newburgh-Middletown, NY HUD Metro FMR Area",$940,$846,"$1,034","$1,040",$936,"$1,144","$1,300","$1,170","$1,430","$1,660","$1,494","$1,826","$1,940","$1,746","$2,134"
12546,METRO35620M39100,"Poughkeepsie-Newburgh-Middletown, NY HUD Metro FMR Area",$940,$846,"$1,034","$1,040",$936,"$1,144","$1,300","$1,170","$1,430","$1,660","$1,494","$1,826","$1,940","$1,746","$2,134"
12549,METRO35620M39100,"Poughkeepsie-Newburgh-Middletown, NY HUD Metro FMR Area","$1,020",$918,"$1,122","$1,130","$1,017","$1,243","$1,420","$1,278","$1,562","$1,820","$1,638","$2,002","$2,120","$1,908","$2,332"
12550,METRO35620M39100,"Poughkeepsie-Newburgh-Middletown, NY HUD Metro FMR Area",$930,$837,"$1,023","$1,030",$927,"$1,133","$1,290","$1,161","$1,419","$1,650","$1,485","$1,815","$1,920","$1,728","$2,112"
12551,METRO35620M39100,"Poughkeepsie-Newburgh-Middletown, NY HUD Metro FMR Area",$980,$882,"$1,078","$1,080",$972,"$1,188","$1,360","$1,224","$1,496","$1,740","$1,566","$1,914","$2,030","$1,827","$2,233"
12552,METRO35620M39100,"Poughkeepsie-Newburgh-Middletown, NY HUD Metro FMR Area",$980,$882,"$1,078","$1,080",$972,"$1,188","$1,360","$1,224","$1,496","$1,740","$1,566","$1,914","$2,030","$1,827","$2,233"
12553,METRO35620M39100,"Poughkeepsie-Newburgh-Middletown, NY HUD Metro FMR Area","$1,000",$900,"$1,100","$1,110",$999,"$1,221","$1,390","$1,251","$1,529","$1,780","$1,602","$1,958","$2,070","$1,863","$2,277"
12564,METRO35620M39100,"Poughkeepsie-Newburgh-Middletown, NY HUD Metro FMR Area","$1,370","$1,233","$1,507","$1,410","$1,269","$1,551","$1,620","$1,458","$1,782","$2,060","$1,854","$2,266","$2,200","$1,980","$2,420"
12566,METRO35620M39100,"Poughkeepsie-Newburgh-Middletown, NY HUD Metro FMR Area",$850,$765,$935,"$1,000",$900,"$1,100","$1,260","$1,134","$1,386","$1,600","$1,440","$1,760","$1,800","$1,620","$1,980"
12567,METRO35620M39100,"Poughkeepsie-Newburgh-Middletown, NY HUD Metro FMR Area",$860,$774,$946,$960,$864,"$1,056","$1,190","$1,071","$1,309","$1,530","$1,377","$1,683","$1,800","$1,620","$1,980"
12569,METRO35620M39100,"Poughkeepsie-Newburgh-Middletown, NY HUD Metro FMR Area","$1,160","$1,044","$1,276","$1,280","$1,152","$1,408","$1,610","$1,449","$1,771","$2,060","$1,854","$2,266","$2,400","$2,160","$2,640"
12570,METRO35620M39100,"Poughkeepsie-Newburgh-Middletown, NY HUD Metro FMR Area",$970,$873,"$1,067","$1,080",$972,"$1,188","$1,350","$1,215","$1,485","$1,730","$1,557","$1,903","$2,010","$1,809","$2,211"
12571,METRO35620M39100,"Poughkeepsie-Newburgh-Middletown, NY HUD Metro FMR Area",$890,$801,$979,$990,$891,"$1,089","$1,240","$1,116","$1,364","$1,590","$1,431","$1,749","$1,850","$1,665","$2,035"
12572,METRO35620M39100,"Poughkeepsie-Newburgh-Middletown, NY HUD Metro FMR Area",$920,$828,"$1,012","$1,020",$918,"$1,122","$1,280","$1,152","$1,408","$1,640","$1,476","$1,804","$1,910","$1,719","$2,101"
12574,METRO35620M39100,"Poughkeepsie-Newburgh-Middletown, NY HUD Metro FMR Area",$960,$864,"$1,056","$1,060",$954,"$1,166","$1,330","$1,197","$1,463","$1,700","$1,530","$1,870","$1,980","$1,782","$2,178"
12575,METRO35620M39100,"Poughkeepsie-Newburgh-Middletown, NY HUD Metro FMR Area",$980,$882,"$1,078","$1,080",$972,"$1,188","$1,360","$1,224","$1,496","$1,740","$1,566","$1,914","$2,030","$1,827","$2,233"
12577,METRO35620M39100,"Poughkeepsie-Newburgh-Middletown, NY HUD Metro FMR Area","$1,390","$1,251","$1,529","$1,540","$1,386","$1,694","$1,930","$1,737","$2,123","$2,470","$2,223","$2,717","$2,880","$2,592","$3,168"
12578,METRO35620M39100,"Poughkeepsie-Newburgh-Middletown, NY HUD Metro FMR Area",$960,$864,"$1,056","$1,060",$954,"$1,166","$1,330","$1,197","$1,463","$1,700","$1,530","$1,870","$1,980","$1,782","$2,178"
12580,METRO35620M39100,"Poughkeepsie-Newburgh-Middletown, NY HUD Metro FMR Area",$890,$801,$979,$980,$882,"$1,078","$1,230","$1,107","$1,353","$1,570","$1,413","$1,727","$1,830","$1,647","$2,013"
12581,METRO35620M39100,"Poughkeepsie-Newburgh-Middletown, NY HUD Metro FMR Area",$920,$828,"$1,012","$1,020",$918,"$1,122","$1,280","$1,152","$1,408","$1,640","$1,476","$1,804","$1,910","$1,719","$2,101"
12582,METRO35620M39100,"Poughkeepsie-Newburgh-Middletown, NY HUD Metro FMR Area","$1,370","$1,233","$1,507","$1,410","$1,269","$1,551","$1,620","$1,458","$1,782","$2,060","$1,854","$2,266","$2,360","$2,124","$2,596"
12583,METRO35620M39100,"Poughkeepsie-Newburgh-Middletown, NY HUD Metro FMR Area","$1,090",$981,"$1,199","$1,210","$1,089","$1,331","$1,520","$1,368","$1,672","$1,940","$1,746","$2,134","$2,270","$2,043","$2,497"
12584,METRO35620M39100,"Poughkeepsie-Newburgh-Middletown, NY HUD Metro FMR Area",$980,$882,"$1,078","$1,080",$972,"$1,188","$1,360","$1,224","$1,496","$1,740","$1,566","$1,914","$2,030","$1,827","$2,233"
12585,METRO35620M39100,"Poughkeepsie-Newburgh-Middletown, NY HUD Metro FMR Area",$960,$864,"$1,056","$1,060",$954,"$1,166","$1,330","$1,197","$1,463","$1,700","$1,530","$1,870","$1,980","$1,782","$2,178"
12586,METRO35620M39100,"Poughkeepsie-Newburgh-Middletown, NY HUD Metro FMR Area",$910,$819,"$1,001","$1,010",$909,"$1,111","$1,270","$1,143","$1,397","$1,620","$1,458","$1,782","$1,890","$1,701","$2,079"
12589,METRO35620M39100,"Poughkeepsie-Newburgh-Middletown, NY HUD Metro FMR Area",$830,$747,$913,$960,$864,"$1,056","$1,200","$1,080","$1,320","$1,530","$1,377","$1,683","$1,800","$1,620","$1,980"
12590,METRO35620M39100,"Poughkeepsie-Newburgh-Middletown, NY HUD Metro FMR Area","$1,060",$954,"$1,166","$1,170","$1,053","$1,287","$1,470","$1,323","$1,617","$1,880","$1,692","$2,068","$2,190","$1,971","$2,409"
12592,METRO35620M39100,"Poughkeepsie-Newburgh-Middletown, NY HUD Metro FMR Area",$830,$747,$913,$960,$864,"$1,056","$1,190","$1,071","$1,309","$1,530","$1,377","$1,683","$1,800","$1,620","$1,980"
12594,METRO35620M39100,"Poughkeepsie-Newburgh-Middletown, NY HUD Metro FMR Area",$830,$747,$913,$960,$864,"$1,056","$1,190","$1,071","$1,309","$1,530","$1,377","$1,683","$1,800","$1,620","$1,980"
12601,METRO35620M39100,"Poughkeepsie-Newburgh-Middletown, NY HUD Metro FMR Area",$960,$864,"$1,056","$1,060",$954,"$1,166","$1,330","$1,197","$1,463","$1,700","$1,530","$1,870","$1,980","$1,782","$2,178"
12602,METRO35620M39100,"Poughkeepsie-Newburgh-Middletown, NY HUD Metro FMR Area",$960,$864,"$1,056","$1,060",$954,"$1,166","$1,330","$1,197","$1,463","$1,700","$1,530","$1,870","$1,980","$1,782","$2,178"
12603,METRO35620M39100,"Poughkeepsie-Newburgh-Middletown, NY HUD Metro FMR Area",$960,$864,"$1,056","$1,060",$954,"$1,166","$1,330","$1,197","$1,463","$1,700","$1,530","$1,870","$1,980","$1,782","$2,178"
12604,METRO35620M39100,"Poughkeepsie-Newburgh-Middletown, NY HUD Metro FMR Area",$960,$864,"$1,056","$1,060",$954,"$1,166","$1,330","$1,197","$1,463","$1,700","$1,530","$1,870","$1,980","$1,782","$2,178"
12721,METRO35620M39100,"Poughkeepsie-Newburgh-Middletown, NY HUD Metro FMR Area",$840,$756,$924,$960,$864,"$1,056","$1,190","$1,071","$1,309","$1,530","$1,377","$1,683","$1,800","$1,620","$1,980"
12729,METRO35620M39100,"Poughkeepsie-Newburgh-Middletown, NY HUD Metro FMR Area",$920,$828,"$1,012","$1,020",$918,"$1,122","$1,280","$1,152","$1,408","$1,640","$1,476","$1,804","$1,910","$1,719","$2,101"
12746,METRO35620M39100,"Poughkeepsie-Newburgh-Middletown, NY HUD Metro FMR Area",$900,$810,$990,"$1,000",$900,"$1,100","$1,250","$1,125","$1,375","$1,600","$1,440","$1,760","$1,860","$1,674","$2,046"
12754,METRO35620M39100,"Poughkeepsie-Newburgh-Middletown, NY HUD Metro FMR Area",$980,$882,"$1,078","$1,080",$972,"$1,188","$1,360","$1,224","$1,496","$1,740","$1,566","$1,914","$2,030","$1,827","$2,233"
12771,METRO35620M39100,"Poughkeepsie-Newburgh-Middletown, NY HUD Metro FMR Area",$830,$747,$913,$960,$864,"$1,056","$1,190","$1,071","$1,309","$1,530","$1,377","$1,683","$1,800","$1,620","$1,980"
12780,METRO35620M39100,"Poughkeepsie-Newburgh-Middletown, NY HUD Metro FMR Area",$990,$891,"$1,089","$1,090",$981,"$1,199","$1,370","$1,233","$1,507","$1,750","$1,575","$1,925","$2,040","$1,836","$2,244"
12785,METRO35620M39100,"Poughkeepsie-Newburgh-Middletown, NY HUD Metro FMR Area",$960,$864,"$1,056","$1,070",$963,"$1,177","$1,340","$1,206","$1,474","$1,710","$1,539","$1,881","$2,000","$1,800","$2,200"
06390,METRO35620MM5380,"Nassau-Suffolk, NY HUD Metro FMR Area","$1,100",$990,"$1,210","$1,380","$1,242","$1,518","$1,700","$1,530","$1,870","$2,190","$1,971","$2,409","$2,460","$2,214","$2,706"
11001,METRO35620MM5380,"Nassau-Suffolk, NY HUD Metro FMR Area","$1,370","$1,233","$1,507","$1,470","$1,323","$1,617","$1,790","$1,611","$1,969","$2,300","$2,070","$2,530","$2,550","$2,295","$2,805"
11002,METRO35620MM5380,"Nassau-Suffolk, NY HUD Metro FMR Area","$1,260","$1,134","$1,386","$1,580","$1,422","$1,738","$1,940","$1,746","$2,134","$2,500","$2,250","$2,750","$2,800","$2,520","$3,080"
11003,METRO35620MM5380,"Nassau-Suffolk, NY HUD Metro FMR Area","$1,370","$1,233","$1,507","$1,530","$1,377","$1,683","$1,890","$1,701","$2,079","$2,440","$2,196","$2,684","$2,730","$2,457","$3,003"
11005,METRO35620MM5380,"Nassau-Suffolk, NY HUD Metro FMR Area","$2,340","$2,106","$2,574","$2,400","$2,160","$2,640","$2,750","$2,475","$3,025","$3,490","$3,141","$3,839","$3,720","$3,348","$4,092"
11010,METRO35620MM5380,"Nassau-Suffolk, NY HUD Metro FMR Area","$1,100",$990,"$1,210","$1,380","$1,242","$1,518","$1,700","$1,530","$1,870","$2,190","$1,971","$2,409","$2,460","$2,214","$2,706"
11020,METRO35620MM5380,"Nassau-Suffolk, NY HUD Metro FMR Area","$1,860","$1,674","$2,046","$2,320","$2,088","$2,552","$2,860","$2,574","$3,146","$3,690","$3,321","$4,059","$4,130","$3,717","$4,543"
11021,METRO35620MM5380,"Nassau-Suffolk, NY HUD Metro FMR Area","$1,290","$1,161","$1,419","$1,620","$1,458","$1,782","$1,990","$1,791","$2,189","$2,570","$2,313","$2,827","$2,880","$2,592","$3,168"
11022,METRO35620MM5380,"Nassau-Suffolk, NY HUD Metro FMR Area","$1,260","$1,134","$1,386","$1,580","$1,422","$1,738","$1,940","$1,746","$2,134","$2,500","$2,250","$2,750","$2,800","$2,520","$3,080"
11023,METRO35620MM5380,"Nassau-Suffolk, NY HUD Metro FMR Area","$1,860","$1,674","$2,046","$2,320","$2,088","$2,552","$2,860","$2,574","$3,146","$3,690","$3,321","$4,059","$4,130","$3,717","$4,543"
11024,METRO35620MM5380,"Nassau-Suffolk, NY HUD Metro FMR Area","$1,160","$1,044","$1,276","$1,450","$1,305","$1,595","$1,790","$1,611","$1,969","$2,310","$2,079","$2,541","$2,590","$2,331","$2,849"
11030,METRO35620MM5380,"Nassau-Suffolk, NY HUD Metro FMR Area","$1,650","$1,485","$1,815","$2,070","$1,863","$2,277","$2,540","$2,286","$2,794","$3,280","$2,952","$3,608","$3,690","$3,321","$4,059"
11040,METRO35620MM5380,"Nassau-Suffolk, NY HUD Metro FMR Area","$1,370","$1,233","$1,507","$1,430","$1,287","$1,573","$1,760","$1,584","$1,936","$2,270","$2,043","$2,497","$2,540","$2,286","$2,794"
11042,METRO35620MM5380,"Nassau-Suffolk, NY HUD Metro FMR Area","$1,260","$1,134","$1,386","$1,580","$1,422","$1,738","$1,940","$1,746","$2,134","$2,500","$2,250","$2,750","$2,800","$2,520","$3,080"
11050,METRO35620MM5380,"Nassau-Suffolk, NY HUD Metro FMR Area","$1,520","$1,368","$1,672","$1,900","$1,710","$2,090","$2,340","$2,106","$2,574","$3,020","$2,718","$3,322","$3,380","$3,042","$3,718"
11096,METRO35620MM5380,"Nassau-Suffolk, NY HUD Metro FMR Area","$1,100",$990,"$1,210","$1,380","$1,242","$1,518","$1,700","$1,530","$1,870","$2,190","$1,971","$2,409","$2,460","$2,214","$2,706"
11501,METRO35620MM5380,"Nassau-Suffolk, NY HUD Metro FMR Area","$1,190","$1,071","$1,309","$1,490","$1,341","$1,639","$1,830","$1,647","$2,013","$2,360","$2,124","$2,596","$2,650","$2,385","$2,915"
11507,METRO35620MM5380,"Nassau-Suffolk, NY HUD Metro FMR Area","$1,620","$1,458","$1,782","$2,020","$1,818","$2,222","$2,490","$2,241","$2,739","$3,210","$2,889","$3,531","$3,600","$3,240","$3,960"
11509,METRO35620MM5380,"Nassau-Suffolk, NY HUD Metro FMR Area","$1,830","$1,647","$2,013","$2,280","$2,052","$2,508","$2,810","$2,529","$3,091","$3,620","$3,258","$3,982","$4,060","$3,654","$4,466"
11510,METRO35620MM5380,"Nassau-Suffolk, NY HUD Metro FMR Area","$1,340","$1,206","$1,474","$1,670","$1,503","$1,837","$2,060","$1,854","$2,266","$2,660","$2,394","$2,926","$2,980","$2,682","$3,278"
11514,METRO35620MM5380,"Nassau-Suffolk, NY HUD Metro FMR Area","$1,240","$1,116","$1,364","$1,540","$1,386","$1,694","$1,900","$1,710","$2,090","$2,450","$2,205","$2,695","$2,750","$2,475","$3,025"
11516,METRO35620MM5380,"Nassau-Suffolk, NY HUD Metro FMR Area","$1,290","$1,161","$1,419","$1,610","$1,449","$1,771","$1,980","$1,782","$2,178","$2,550","$2,295","$2,805","$2,860","$2,574","$3,146"
11518,METRO35620MM5380,"Nassau-Suffolk, NY HUD Metro FMR Area","$1,420","$1,278","$1,562","$1,770","$1,593","$1,947","$2,180","$1,962","$2,398","$2,810","$2,529","$3,091","$3,150","$2,835","$3,465"
11520,METRO35620MM5380,"Nassau-Suffolk, NY HUD Metro FMR Area","$1,100",$990,"$1,210","$1,380","$1,242","$1,518","$1,700","$1,530","$1,870","$2,190","$1,971","$2,409","$2,460","$2,214","$2,706"
11530,METRO35620MM5380,"Nassau-Suffolk, NY HUD Metro FMR Area","$1,660","$1,494","$1,826","$2,070","$1,863","$2,277","$2,550","$2,295","$2,805","$3,290","$2,961","$3,619","$3,690","$3,321","$4,059"
11531,METRO35620MM5380,"Nassau-Suffolk, NY HUD Metro FMR Area","$1,260","$1,134","$1,386","$1,580","$1,422","$1,738","$1,940","$1,746","$2,134","$2,500","$2,250","$2,750","$2,800","$2,520","$3,080"
11542,METRO35620MM5380,"Nassau-Suffolk, NY HUD Metro FMR Area","$1,330","$1,197","$1,463","$1,660","$1,494","$1,826","$2,050","$1,845","$2,255","$2,640","$2,376","$2,904","$2,960","$2,664","$3,256"
11545,METRO35620MM5380,"Nassau-Suffolk, NY HUD Metro FMR Area","$1,400","$1,260","$1,540","$1,750","$1,575","$1,925","$2,150","$1,935","$2,365","$2,770","$2,493","$3,047","$3,110","$2,799","$3,421"
11547,METRO35620MM5380,"Nassau-Suffolk, NY HUD Metro FMR Area","$1,260","$1,134","$1,386","$1,580","$1,422","$1,738","$1,940","$1,746","$2,134","$2,500","$2,250","$2,750","$2,800","$2,520","$3,080"
11548,METRO35620MM5380,"Nassau-Suffolk, NY HUD Metro FMR Area","$1,220","$1,098","$1,342","$1,520","$1,368","$1,672","$1,870","$1,683","$2,057","$2,410","$2,169","$2,651","$2,700","$2,430","$2,970"
11549,METRO35620MM5380,"Nassau-Suffolk, NY HUD Metro FMR Area","$1,260","$1,134","$1,386","$1,580","$1,422","$1,738","$1,940","$1,746","$2,134","$2,500","$2,250","$2,750","$2,800","$2,520","$3,080"
11550,METRO35620MM5380,"Nassau-Suffolk, NY HUD Metro FMR Area","$1,140","$1,026","$1,254","$1,430","$1,287","$1,573","$1,760","$1,584","$1,936","$2,270","$2,043","$2,497","$2,540","$2,286","$2,794"
11551,METRO35620MM5380,"Nassau-Suffolk, NY HUD Metro FMR Area","$1,260","$1,134","$1,386","$1,580","$1,422","$1,738","$1,940","$1,746","$2,134","$2,500","$2,250","$2,750","$2,800","$2,520","$3,080"
11552,METRO35620MM5380,"Nassau-Suffolk, NY HUD Metro FMR Area","$1,320","$1,188","$1,452","$1,650","$1,485","$1,815","$2,030","$1,827","$2,233","$2,620","$2,358","$2,882","$2,930","$2,637","$3,223"
11553,METRO35620MM5380,"Nassau-Suffolk, NY HUD Metro FMR Area","$1,100",$990,"$1,210","$1,380","$1,242","$1,518","$1,700","$1,530","$1,870","$2,190","$1,971","$2,409","$2,460","$2,214","$2,706"
11554,METRO35620MM5380,"Nassau-Suffolk, NY HUD Metro FMR Area","$1,470","$1,323","$1,617","$1,840","$1,656","$2,024","$2,260","$2,034","$2,486","$2,920","$2,628","$3,212","$3,270","$2,943","$3,597"
11556,METRO35620MM5380,"Nassau-Suffolk, NY HUD Metro FMR Area","$1,260","$1,134","$1,386","$1,580","$1,422","$1,738","$1,940","$1,746","$2,134","$2,500","$2,250","$2,750","$2,800","$2,520","$3,080"
11557,METRO35620MM5380,"Nassau-Suffolk, NY HUD Metro FMR Area","$1,620","$1,458","$1,782","$2,020","$1,818","$2,222","$2,490","$2,241","$2,739","$3,220","$2,898","$3,542","$3,600","$3,240","$3,960"
11558,METRO35620MM5380,"Nassau-Suffolk, NY HUD Metro FMR Area","$1,270","$1,143","$1,397","$1,590","$1,431","$1,749","$1,960","$1,764","$2,156","$2,530","$2,277","$2,783","$2,830","$2,547","$3,113"
11559,METRO35620MM5380,"Nassau-Suffolk, NY HUD Metro FMR Area","$1,370","$1,233","$1,507","$1,620","$1,458","$1,782","$1,990","$1,791","$2,189","$2,570","$2,313","$2,827","$2,880","$2,592","$3,168"
11560,METRO35620MM5380,"Nassau-Suffolk, NY HUD Metro FMR Area","$1,330","$1,197","$1,463","$1,660","$1,494","$1,826","$2,040","$1,836","$2,244","$2,630","$2,367","$2,893","$2,950","$2,655","$3,245"
11561,METRO35620MM5380,"Nassau-Suffolk, NY HUD Metro FMR Area","$1,540","$1,386","$1,694","$1,920","$1,728","$2,112","$2,370","$2,133","$2,607","$3,060","$2,754","$3,366","$3,430","$3,087","$3,773"
11563,METRO35620MM5380,"Nassau-Suffolk, NY HUD Metro FMR Area","$1,260","$1,134","$1,386","$1,570","$1,413","$1,727","$1,930","$1,737","$2,123","$2,490","$2,241","$2,739","$2,790","$2,511","$3,069"
11565,METRO35620MM5380,"Nassau-Suffolk, NY HUD Metro FMR Area","$1,120","$1,008","$1,232","$1,410","$1,269","$1,551","$1,720","$1,548","$1,892","$2,230","$2,007","$2,453","$2,510","$2,259","$2,761"
11566,METRO35620MM5380,"Nassau-Suffolk, NY HUD Metro FMR Area","$1,650","$1,485","$1,815","$2,070","$1,863","$2,277","$2,540","$2,286","$2,794","$3,280","$2,952","$3,608","$3,690","$3,321","$4,059"
11568,METRO35620MM5380,"Nassau-Suffolk, NY HUD Metro FMR Area","$1,260","$1,134","$1,386","$1,580","$1,422","$1,738","$1,940","$1,746","$2,134","$2,500","$2,250","$2,750","$2,800","$2,520","$3,080"
11569,METRO35620MM5380,"Nassau-Suffolk, NY HUD Metro FMR Area","$1,650","$1,485","$1,815","$2,070","$1,863","$2,277","$2,540","$2,286","$2,794","$3,280","$2,952","$3,608","$3,690","$3,321","$4,059"
11570,METRO35620MM5380,"Nassau-Suffolk, NY HUD Metro FMR Area","$1,220","$1,098","$1,342","$1,520","$1,368","$1,672","$1,870","$1,683","$2,057","$2,410","$2,169","$2,651","$2,700","$2,430","$2,970"
11571,METRO35620MM5380,"Nassau-Suffolk, NY HUD Metro FMR Area","$1,260","$1,134","$1,386","$1,580","$1,422","$1,738","$1,940","$1,746","$2,134","$2,500","$2,250","$2,750","$2,800","$2,520","$3,080"
11572,METRO35620MM5380,"Nassau-Suffolk, NY HUD Metro FMR Area","$1,110",$999,"$1,221","$1,380","$1,242","$1,518","$1,700","$1,530","$1,870","$2,190","$1,971","$2,409","$2,460","$2,214","$2,706"
11575,METRO35620MM5380,"Nassau-Suffolk, NY HUD Metro FMR Area","$1,280","$1,152","$1,408","$1,600","$1,440","$1,760","$1,970","$1,773","$2,167","$2,540","$2,286","$2,794","$2,850","$2,565","$3,135"
11576,METRO35620MM5380,"Nassau-Suffolk, NY HUD Metro FMR Area","$1,650","$1,485","$1,815","$2,070","$1,863","$2,277","$2,540","$2,286","$2,794","$3,280","$2,952","$3,608","$3,690","$3,321","$4,059"
11577,METRO35620MM5380,"Nassau-Suffolk, NY HUD Metro FMR Area","$1,330","$1,197","$1,463","$1,660","$1,494","$1,826","$2,040","$1,836","$2,244","$2,630","$2,367","$2,893","$2,950","$2,655","$3,245"
11579,METRO35620MM5380,"Nassau-Suffolk, NY HUD Metro FMR Area","$1,270","$1,143","$1,397","$1,580","$1,422","$1,738","$1,950","$1,755","$2,145","$2,520","$2,268","$2,772","$2,820","$2,538","$3,102"
11580,METRO35620MM5380,"Nassau-Suffolk, NY HUD Metro FMR Area","$1,370","$1,233","$1,507","$1,450","$1,305","$1,595","$1,780","$1,602","$1,958","$2,300","$2,070","$2,530","$2,570","$2,313","$2,827"
11581,METRO35620MM5380,"Nassau-Suffolk, NY HUD Metro FMR Area","$1,260","$1,134","$1,386","$1,580","$1,422","$1,738","$1,940","$1,746","$2,134","$2,500","$2,250","$2,750","$2,800","$2,520","$3,080"
11582,METRO35620MM5380,"Nassau-Suffolk, NY HUD Metro FMR Area","$1,260","$1,134","$1,386","$1,580","$1,422","$1,738","$1,940","$1,746","$2,134","$2,500","$2,250","$2,750","$2,800","$2,520","$3,080"
11590,METRO35620MM5380,"Nassau-Suffolk, NY HUD Metro FMR Area","$1,390","$1,251","$1,529","$1,740","$1,566","$1,914","$2,140","$1,926","$2,354","$2,760","$2,484","$3,036","$3,090","$2,781","$3,399"
11596,METRO35620MM5380,"Nassau-Suffolk, NY HUD Metro FMR Area","$1,290","$1,161","$1,419","$1,620","$1,458","$1,782","$1,990","$1,791","$2,189","$2,570","$2,313","$2,827","$2,880","$2,592","$3,168"
11598,METRO35620MM5380,"Nassau-Suffolk, NY HUD Metro FMR Area","$1,390","$1,251","$1,529","$1,730","$1,557","$1,903","$2,130","$1,917","$2,343","$2,750","$2,475","$3,025","$3,080","$2,772","$3,388"
11701,METRO35620MM5380,"Nassau-Suffolk, NY HUD Metro FMR Area","$1,100",$990,"$1,210","$1,380","$1,242","$1,518","$1,700","$1,530","$1,870","$2,190","$1,971","$2,409","$2,460","$2,214","$2,706"
11702,METRO35620MM5380,"Nassau-Suffolk, NY HUD Metro FMR Area","$1,240","$1,116","$1,364","$1,540","$1,386","$1,694","$1,900","$1,710","$2,090","$2,450","$2,205","$2,695","$2,750","$2,475","$3,025"
11703,METRO35620MM5380,"Nassau-Suffolk, NY HUD Metro FMR Area","$1,310","$1,179","$1,441","$1,640","$1,476","$1,804","$2,020","$1,818","$2,222","$2,610","$2,349","$2,871","$2,920","$2,628","$3,212"
11704,METRO35620MM5380,"Nassau-Suffolk, NY HUD Metro FMR Area","$1,330","$1,197","$1,463","$1,660","$1,494","$1,826","$2,050","$1,845","$2,255","$2,640","$2,376","$2,904","$2,960","$2,664","$3,256"
11705,METRO35620MM5380,"Nassau-Suffolk, NY HUD Metro FMR Area","$1,350","$1,215","$1,485","$1,680","$1,512","$1,848","$2,070","$1,863","$2,277","$2,670","$2,403","$2,937","$2,990","$2,691","$3,289"
11706,METRO35620MM5380,"Nassau-Suffolk, NY HUD Metro FMR Area","$1,100",$990,"$1,210","$1,380","$1,242","$1,518","$1,700","$1,530","$1,870","$2,190","$1,971","$2,409","$2,460","$2,214","$2,706"
11709,METRO35620MM5380,"Nassau-Suffolk, NY HUD Metro FMR Area","$1,110",$999,"$1,221","$1,390","$1,251","$1,529","$1,710","$1,539","$1,881","$2,210","$1,989","$2,431","$2,470","$2,223","$2,717"
11710,METRO35620MM5380,"Nassau-Suffolk, NY HUD Metro FMR Area","$1,350","$1,215","$1,485","$1,680","$1,512","$1,848","$2,070","$1,863","$2,277","$2,670","$2,403","$2,937","$2,990","$2,691","$3,289"
11713,METRO35620MM5380,"Nassau-Suffolk, NY HUD Metro FMR Area","$1,650","$1,485","$1,815","$2,070","$1,863","$2,277","$2,540","$2,286","$2,794","$3,280","$2,952","$3,608","$3,690","$3,321","$4,059"
11714,METRO35620MM5380,"Nassau-Suffolk, NY HUD Metro FMR Area","$1,420","$1,278","$1,562","$1,770","$1,593","$1,947","$2,180","$1,962","$2,398","$2,810","$2,529","$3,091","$3,150","$2,835","$3,465"
11715,METRO35620MM5380,"Nassau-Suffolk, NY HUD Metro FMR Area","$1,280","$1,152","$1,408","$1,600","$1,440","$1,760","$1,970","$1,773","$2,167","$2,540","$2,286","$2,794","$2,850","$2,565","$3,135"
11716,METRO35620MM5380,"Nassau-Suffolk, NY HUD Metro FMR Area","$1,210","$1,089","$1,331","$1,510","$1,359","$1,661","$1,860","$1,674","$2,046","$2,400","$2,160","$2,640","$2,690","$2,421","$2,959"
11717,METRO35620MM5380,"Nassau-Suffolk, NY HUD Metro FMR Area","$1,100",$990,"$1,210","$1,380","$1,242","$1,518","$1,700","$1,530","$1,870","$2,190","$1,971","$2,409","$2,460","$2,214","$2,706"
11718,METRO35620MM5380,"Nassau-Suffolk, NY HUD Metro FMR Area","$1,100",$990,"$1,210","$1,380","$1,242","$1,518","$1,700","$1,530","$1,870","$2,190","$1,971","$2,409","$2,460","$2,214","$2,706"
11719,METRO35620MM5380,"Nassau-Suffolk, NY HUD Metro FMR Area","$1,100",$990,"$1,210","$1,380","$1,242","$1,518","$1,700","$1,530","$1,870","$2,190","$1,971","$2,409","$2,460","$2,214","$2,706"
11720,METRO35620MM5380,"Nassau-Suffolk, NY HUD Metro FMR Area","$1,650","$1,485","$1,815","$2,070","$1,863","$2,277","$2,540","$2,286","$2,794","$3,280","$2,952","$3,608","$3,690","$3,321","$4,059"
11721,METRO35620MM5380,"Nassau-Suffolk, NY HUD Metro FMR Area","$1,580","$1,422","$1,738","$1,980","$1,782","$2,178","$2,430","$2,187","$2,673","$3,130","$2,817","$3,443","$3,510","$3,159","$3,861"
11722,METRO35620MM5380,"Nassau-Suffolk, NY HUD Metro FMR Area","$1,210","$1,089","$1,331","$1,510","$1,359","$1,661","$1,860","$1,674","$2,046","$2,400","$2,160","$2,640","$2,690","$2,421","$2,959"
11724,METRO35620MM5380,"Nassau-Suffolk, NY HUD Metro FMR Area","$1,860","$1,674","$2,046","$2,320","$2,088","$2,552","$2,860","$2,574","$3,146","$3,690","$3,321","$4,059","$4,130","$3,717","$4,543"
11725,METRO35620MM5380,"Nassau-Suffolk, NY HUD Metro FMR Area","$1,290","$1,161","$1,419","$1,610","$1,449","$1,771","$1,980","$1,782","$2,178","$2,550","$2,295","$2,805","$2,860","$2,574","$3,146"
11726,METRO35620MM5380,"Nassau-Suffolk, NY HUD Metro FMR Area","$1,160","$1,044","$1,276","$1,450","$1,305","$1,595","$1,780","$1,602","$1,958","$2,300","$2,070","$2,530","$2,570","$2,313","$2,827"
11727,METRO35620MM5380,"Nassau-Suffolk, NY HUD Metro FMR Area","$1,320","$1,188","$1,452","$1,650","$1,485","$1,815","$2,030","$1,827","$2,233","$2,620","$2,358","$2,882","$2,930","$2,637","$3,223"
11729,METRO35620MM5380,"Nassau-Suffolk, NY HUD Metro FMR Area","$1,220","$1,098","$1,342","$1,520","$1,368","$1,672","$1,870","$1,683","$2,057","$2,410","$2,169","$2,651","$2,700","$2,430","$2,970"
11730,METRO35620MM5380,"Nassau-Suffolk, NY HUD Metro FMR Area","$1,290","$1,161","$1,419","$1,610","$1,449","$1,771","$1,980","$1,782","$2,178","$2,550","$2,295","$2,805","$2,860","$2,574","$3,146"
11731,METRO35620MM5380,"Nassau-Suffolk, NY HUD Metro FMR Area","$1,310","$1,179","$1,441","$1,630","$1,467","$1,793","$2,010","$1,809","$2,211","$2,590","$2,331","$2,849","$2,910","$2,619","$3,201"
11732,METRO35620MM5380,"Nassau-Suffolk, NY HUD Metro FMR Area","$1,670","$1,503","$1,837","$2,080","$1,872","$2,288","$2,560","$2,304","$2,816","$3,300","$2,970","$3,630","$3,700","$3,330","$4,070"
11733,METRO35620MM5380,"Nassau-Suffolk, NY HUD Metro FMR Area","$1,650","$1,485","$1,815","$2,070","$1,863","$2,277","$2,540","$2,286","$2,794","$3,280","$2,952","$3,608","$3,690","$3,321","$4,059"
11735,METRO35620MM5380,"Nassau-Suffolk, NY HUD Metro FMR Area","$1,260","$1,134","$1,386","$1,580","$1,422","$1,738","$1,940","$1,746","$2,134","$2,500","$2,250","$2,750","$2,800","$2,520","$3,080"
11738,METRO35620MM5380,"Nassau-Suffolk, NY HUD Metro FMR Area","$1,440","$1,296","$1,584","$1,790","$1,611","$1,969","$2,210","$1,989","$2,431","$2,850","$2,565","$3,135","$3,190","$2,871","$3,509"
11739,METRO35620MM5380,"Nassau-Suffolk, NY HUD Metro FMR Area","$1,220","$1,098","$1,342","$1,530","$1,377","$1,683","$1,880","$1,692","$2,068","$2,430","$2,187","$2,673","$2,720","$2,448","$2,992"
11740,METRO35620MM5380,"Nassau-Suffolk, NY HUD Metro FMR Area","$1,100",$990,"$1,210","$1,380","$1,242","$1,518","$1,700","$1,530","$1,870","$2,190","$1,971","$2,409","$2,460","$2,214","$2,706"
11741,METRO35620MM5380,"Nassau-Suffolk, NY HUD Metro FMR Area","$1,380","$1,242","$1,518","$1,720","$1,548","$1,892","$2,120","$1,908","$2,332","$2,730","$2,457","$3,003","$3,060","$2,754","$3,366"
11742,METRO35620MM5380,"Nassau-Suffolk, NY HUD Metro FMR Area","$1,300","$1,170","$1,430","$1,620","$1,458","$1,782","$2,000","$1,800","$2,200","$2,580","$2,322","$2,838","$2,890","$2,601","$3,179"
11743,METRO35620MM5380,"Nassau-Suffolk, NY HUD Metro FMR Area","$1,390","$1,251","$1,529","$1,740","$1,566","$1,914","$2,140","$1,926","$2,354","$2,760","$2,484","$3,036","$3,090","$2,781","$3,399"
11746,METRO35620MM5380,"Nassau-Suffolk, NY HUD Metro FMR Area","$1,260","$1,134","$1,386","$1,570","$1,413","$1,727","$1,930","$1,737","$2,123","$2,490","$2,241","$2,739","$2,790","$2,511","$3,069"
11747,METRO35620MM5380,"Nassau-Suffolk, NY HUD Metro FMR Area","$1,860","$1,674","$2,046","$2,320","$2,088","$2,552","$2,860","$2,574","$3,146","$3,690","$3,321","$4,059","$4,130","$3,717","$4,543"
11749,METRO35620MM5380,"Nassau-Suffolk, NY HUD Metro FMR Area","$1,410","$1,269","$1,551","$1,760","$1,584","$1,936","$2,170","$1,953","$2,387","$2,800","$2,520","$3,080","$3,140","$2,826","$3,454"
11751,METRO35620MM5380,"Nassau-Suffolk, NY HUD Metro FMR Area","$1,110",$999,"$1,221","$1,380","$1,242","$1,518","$1,700","$1,530","$1,870","$2,190","$1,971","$2,409","$2,460","$2,214","$2,706"
11752,METRO35620MM5380,"Nassau-Suffolk, NY HUD Metro FMR Area","$1,270","$1,143","$1,397","$1,580","$1,422","$1,738","$1,950","$1,755","$2,145","$2,520","$2,268","$2,772","$2,820","$2,538","$3,102"
11753,METRO35620MM5380,"Nassau-Suffolk, NY HUD Metro FMR Area","$1,330","$1,197","$1,463","$1,660","$1,494","$1,826","$2,050","$1,845","$2,255","$2,640","$2,376","$2,904","$2,960","$2,664","$3,256"
11754,METRO35620MM5380,"Nassau-Suffolk, NY HUD Metro FMR Area","$1,100",$990,"$1,210","$1,380","$1,242","$1,518","$1,700","$1,530","$1,870","$2,190","$1,971","$2,409","$2,460","$2,214","$2,706"
11755,METRO35620MM5380,"Nassau-Suffolk, NY HUD Metro FMR Area","$1,350","$1,215","$1,485","$1,690","$1,521","$1,859","$2,080","$1,872","$2,288","$2,680","$2,412","$2,948","$3,010","$2,709","$3,311"
11756,METRO35620MM5380,"Nassau-Suffolk, NY HUD Metro FMR Area","$1,360","$1,224","$1,496","$1,700","$1,530","$1,870","$2,090","$1,881","$2,299","$2,700","$2,430","$2,970","$3,020","$2,718","$3,322"
11757,METRO35620MM5380,"Nassau-Suffolk, NY HUD Metro FMR Area","$1,110",$999,"$1,221","$1,380","$1,242","$1,518","$1,700","$1,530","$1,870","$2,190","$1,971","$2,409","$2,460","$2,214","$2,706"
11758,METRO35620MM5380,"Nassau-Suffolk, NY HUD Metro FMR Area","$1,170","$1,053","$1,287","$1,460","$1,314","$1,606","$1,800","$1,620","$1,980","$2,320","$2,088","$2,552","$2,600","$2,340","$2,860"
11762,METRO35620MM5380,"Nassau-Suffolk, NY HUD Metro FMR Area","$1,800","$1,620","$1,980","$2,240","$2,016","$2,464","$2,760","$2,484","$3,036","$3,560","$3,204","$3,916","$3,990","$3,591","$4,389"
11763,METRO35620MM5380,"Nassau-Suffolk, NY HUD Metro FMR Area","$1,330","$1,197","$1,463","$1,660","$1,494","$1,826","$2,050","$1,845","$2,255","$2,640","$2,376","$2,904","$2,960","$2,664","$3,256"
11764,METRO35620MM5380,"Nassau-Suffolk, NY HUD Metro FMR Area","$1,100",$990,"$1,210","$1,380","$1,242","$1,518","$1,700","$1,530","$1,870","$2,190","$1,971","$2,409","$2,460","$2,214","$2,706"
11765,METRO35620MM5380,"Nassau-Suffolk, NY HUD Metro FMR Area","$1,260","$1,134","$1,386","$1,580","$1,422","$1,738","$1,940","$1,746","$2,134","$2,500","$2,250","$2,750","$2,800","$2,520","$3,080"
11766,METRO35620MM5380,"Nassau-Suffolk, NY HUD Metro FMR Area","$1,300","$1,170","$1,430","$1,620","$1,458","$1,782","$2,000","$1,800","$2,200","$2,580","$2,322","$2,838","$2,890","$2,601","$3,179"
11767,METRO35620MM5380,"Nassau-Suffolk, NY HUD Metro FMR Area","$1,100",$990,"$1,210","$1,380","$1,242","$1,518","$1,700","$1,530","$1,870","$2,190","$1,971","$2,409","$2,460","$2,214","$2,706"
11768,METRO35620MM5380,"Nassau-Suffolk, NY HUD Metro FMR Area","$1,250","$1,125","$1,375","$1,560","$1,404","$1,716","$1,920","$1,728","$2,112","$2,480","$2,232","$2,728","$2,780","$2,502","$3,058"
11769,METRO35620MM5380,"Nassau-Suffolk, NY HUD Metro FMR Area","$1,190","$1,071","$1,309","$1,490","$1,341","$1,639","$1,830","$1,647","$2,013","$2,360","$2,124","$2,596","$2,650","$2,385","$2,915"
11770,METRO35620MM5380,"Nassau-Suffolk, NY HUD Metro FMR Area","$1,220","$1,098","$1,342","$1,530","$1,377","$1,683","$1,880","$1,692","$2,068","$2,430","$2,187","$2,673","$2,720","$2,448","$2,992"
11771,METRO35620MM5380,"Nassau-Suffolk, NY HUD Metro FMR Area","$1,270","$1,143","$1,397","$1,590","$1,431","$1,749","$1,960","$1,764","$2,156","$2,530","$2,277","$2,783","$2,830","$2,547","$3,113"
11772,METRO35620MM5380,"Nassau-Suffolk, NY HUD Metro FMR Area","$1,160","$1,044","$1,276","$1,450","$1,305","$1,595","$1,790","$1,611","$1,969","$2,310","$2,079","$2,541","$2,590","$2,331","$2,849"
11776,METRO35620MM5380,"Nassau-Suffolk, NY HUD Metro FMR Area","$1,240","$1,116","$1,364","$1,540","$1,386","$1,694","$1,900","$1,710","$2,090","$2,450","$2,205","$2,695","$2,750","$2,475","$3,025"
11777,METRO35620MM5380,"Nassau-Suffolk, NY HUD Metro FMR Area","$1,260","$1,134","$1,386","$1,570","$1,413","$1,727","$1,930","$1,737","$2,123","$2,490","$2,241","$2,739","$2,790","$2,511","$3,069"
11778,METRO35620MM5380,"Nassau-Suffolk, NY HUD Metro FMR Area","$1,140","$1,026","$1,254","$1,430","$1,287","$1,573","$1,760","$1,584","$1,936","$2,270","$2,043","$2,497","$2,540","$2,286","$2,794"
11779,METRO35620MM5380,"Nassau-Suffolk, NY HUD Metro FMR Area","$1,130","$1,017","$1,243","$1,400","$1,260","$1,540","$1,730","$1,557","$1,903","$2,230","$2,007","$2,453","$2,500","$2,250","$2,750"
11780,METRO35620MM5380,"Nassau-Suffolk, NY HUD Metro FMR Area","$1,220","$1,098","$1,342","$1,520","$1,368","$1,672","$1,870","$1,683","$2,057","$2,410","$2,169","$2,651","$2,700","$2,430","$2,970"
11782,METRO35620MM5380,"Nassau-Suffolk, NY HUD Metro FMR Area","$1,310","$1,179","$1,441","$1,630","$1,467","$1,793","$2,010","$1,809","$2,211","$2,590","$2,331","$2,849","$2,910","$2,619","$3,201"
11783,METRO35620MM5380,"Nassau-Suffolk, NY HUD Metro FMR Area","$1,390","$1,251","$1,529","$1,740","$1,566","$1,914","$2,140","$1,926","$2,354","$2,760","$2,484","$3,036","$3,090","$2,781","$3,399"
11784,METRO35620MM5380,"Nassau-Suffolk, NY HUD Metro FMR Area","$1,280","$1,152","$1,408","$1,600","$1,440","$1,760","$1,970","$1,773","$2,167","$2,540","$2,286","$2,794","$2,850","$2,565","$3,135"
11786,METRO35620MM5380,"Nassau-Suffolk, NY HUD Metro FMR Area","$1,690","$1,521","$1,859","$2,110","$1,899","$2,321","$2,600","$2,340","$2,860","$3,350","$3,015","$3,685","$3,760","$3,384","$4,136"
11787,METRO35620MM5380,"Nassau-Suffolk, NY HUD Metro FMR Area","$1,100",$990,"$1,210","$1,380","$1,242","$1,518","$1,700","$1,530","$1,870","$2,190","$1,971","$2,409","$2,460","$2,214","$2,706"
11788,METRO35620MM5380,"Nassau-Suffolk, NY HUD Metro FMR Area","$1,410","$1,269","$1,551","$1,760","$1,584","$1,936","$2,170","$1,953","$2,387","$2,800","$2,520","$3,080","$3,140","$2,826","$3,454"
11789,METRO35620MM5380,"Nassau-Suffolk, NY HUD Metro FMR Area","$1,140","$1,026","$1,254","$1,430","$1,287","$1,573","$1,760","$1,584","$1,936","$2,270","$2,043","$2,497","$2,540","$2,286","$2,794"
11790,METRO35620MM5380,"Nassau-Suffolk, NY HUD Metro FMR Area","$1,650","$1,485","$1,815","$2,050","$1,845","$2,255","$2,530","$2,277","$2,783","$3,260","$2,934","$3,586","$3,660","$3,294","$4,026"
11791,METRO35620MM5380,"Nassau-Suffolk, NY HUD Metro FMR Area","$1,860","$1,674","$2,046","$2,320","$2,088","$2,552","$2,860","$2,574","$3,146","$3,690","$3,321","$4,059","$4,130","$3,717","$4,543"
11792,METRO35620MM5380,"Nassau-Suffolk, NY HUD Metro FMR Area","$1,600","$1,440","$1,760","$1,990","$1,791","$2,189","$2,450","$2,205","$2,695","$3,170","$2,853","$3,487","$3,560","$3,204","$3,916"
11793,METRO35620MM5380,"Nassau-Suffolk, NY HUD Metro FMR Area","$1,400","$1,260","$1,540","$1,750","$1,575","$1,925","$2,150","$1,935","$2,365","$2,770","$2,493","$3,047","$3,110","$2,799","$3,421"
11794,METRO35620MM5380,"Nassau-Suffolk, NY HUD Metro FMR Area","$1,220","$1,098","$1,342","$1,530","$1,377","$1,683","$1,880","$1,692","$2,068","$2,430","$2,187","$2,673","$2,720","$2,448","$2,992"
11795,METRO35620MM5380,"Nassau-Suffolk, NY HUD Metro FMR Area","$1,100",$990,"$1,210","$1,380","$1,242","$1,518","$1,700","$1,530","$1,870","$2,190","$1,971","$2,409","$2,460","$2,214","$2,706"
11796,METRO35620MM5380,"Nassau-Suffolk, NY HUD Metro FMR Area","$1,140","$1,026","$1,254","$1,420","$1,278","$1,562","$1,750","$1,575","$1,925","$2,260","$2,034","$2,486","$2,530","$2,277","$2,783"
11797,METRO35620MM5380,"Nassau-Suffolk, NY HUD Metro FMR Area","$1,700","$1,530","$1,870","$2,130","$1,917","$2,343","$2,620","$2,358","$2,882","$3,380","$3,042","$3,718","$3,790","$3,411","$4,169"
11798,METRO35620MM5380,"Nassau-Suffolk, NY HUD Metro FMR Area","$1,500","$1,350","$1,650","$1,880","$1,692","$2,068","$2,310","$2,079","$2,541","$2,980","$2,682","$3,278","$3,340","$3,006","$3,674"
11801,METRO35620MM5380,"Nassau-Suffolk, NY HUD Metro FMR Area","$1,300","$1,170","$1,430","$1,620","$1,458","$1,782","$2,000","$1,800","$2,200","$2,580","$2,322","$2,838","$2,890","$2,601","$3,179"
11802,METRO35620MM5380,"Nassau-Suffolk, NY HUD Metro FMR Area","$1,260","$1,134","$1,386","$1,580","$1,422","$1,738","$1,940","$1,746","$2,134","$2,500","$2,250","$2,750","$2,800","$2,520","$3,080"
11803,METRO35620MM5380,"Nassau-Suffolk, NY HUD Metro FMR Area","$1,760","$1,584","$1,936","$2,190","$1,971","$2,409","$2,700","$2,430","$2,970","$3,480","$3,132","$3,828","$3,900","$3,510","$4,290"
11804,METRO35620MM5380,"Nassau-Suffolk, NY HUD Metro FMR Area","$1,260","$1,134","$1,386","$1,580","$1,422","$1,738","$1,940","$1,746","$2,134","$2,500","$2,250","$2,750","$2,800","$2,520","$3,080"
11901,METRO35620MM5380,"Nassau-Suffolk, NY HUD Metro FMR Area","$1,100",$990,"$1,210","$1,380","$1,242","$1,518","$1,700","$1,530","$1,870","$2,190","$1,971","$2,409","$2,460","$2,214","$2,706"
11930,METRO35620MM5380,"Nassau-Suffolk, NY HUD Metro FMR Area","$1,670","$1,503","$1,837","$2,090","$1,881","$2,299","$2,570","$2,313","$2,827","$3,320","$2,988","$3,652","$3,710","$3,339","$4,081"
11931,METRO35620MM5380,"Nassau-Suffolk, NY HUD Metro FMR Area","$1,220","$1,098","$1,342","$1,530","$1,377","$1,683","$1,880","$1,692","$2,068","$2,430","$2,187","$2,673","$2,720","$2,448","$2,992"
11932,METRO35620MM5380,"Nassau-Suffolk, NY HUD Metro FMR Area","$1,220","$1,098","$1,342","$1,530","$1,377","$1,683","$1,880","$1,692","$2,068","$2,430","$2,187","$2,673","$2,720","$2,448","$2,992"
11933,METRO35620MM5380,"Nassau-Suffolk, NY HUD Metro FMR Area","$1,450","$1,305","$1,595","$1,820","$1,638","$2,002","$2,240","$2,016","$2,464","$2,880","$2,592","$3,168","$3,240","$2,916","$3,564"
11934,METRO35620MM5380,"Nassau-Suffolk, NY HUD Metro FMR Area","$1,100",$990,"$1,210","$1,380","$1,242","$1,518","$1,700","$1,530","$1,870","$2,190","$1,971","$2,409","$2,460","$2,214","$2,706"
11935,METRO35620MM5380,"Nassau-Suffolk, NY HUD Metro FMR Area","$1,650","$1,485","$1,815","$2,070","$1,863","$2,277","$2,540","$2,286","$2,794","$3,280","$2,952","$3,608","$3,690","$3,321","$4,059"
11937,METRO35620MM5380,"Nassau-Suffolk, NY HUD Metro FMR Area","$1,390","$1,251","$1,529","$1,730","$1,557","$1,903","$2,130","$1,917","$2,343","$2,750","$2,475","$3,025","$3,080","$2,772","$3,388"
11939,METRO35620MM5380,"Nassau-Suffolk, NY HUD Metro FMR Area","$1,310","$1,179","$1,441","$1,640","$1,476","$1,804","$2,020","$1,818","$2,222","$2,610","$2,349","$2,871","$2,920","$2,628","$3,212"
11940,METRO35620MM5380,"Nassau-Suffolk, NY HUD Metro FMR Area","$1,340","$1,206","$1,474","$1,670","$1,503","$1,837","$2,060","$1,854","$2,266","$2,660","$2,394","$2,926","$2,980","$2,682","$3,278"
11941,METRO35620MM5380,"Nassau-Suffolk, NY HUD Metro FMR Area","$1,100",$990,"$1,210","$1,380","$1,242","$1,518","$1,700","$1,530","$1,870","$2,190","$1,971","$2,409","$2,460","$2,214","$2,706"
11942,METRO35620MM5380,"Nassau-Suffolk, NY HUD Metro FMR Area","$1,640","$1,476","$1,804","$2,050","$1,845","$2,255","$2,520","$2,268","$2,772","$3,260","$2,934","$3,586","$3,660","$3,294","$4,026"
11944,METRO35620MM5380,"Nassau-Suffolk, NY HUD Metro FMR Area","$1,100",$990,"$1,210","$1,380","$1,242","$1,518","$1,700","$1,530","$1,870","$2,190","$1,971","$2,409","$2,460","$2,214","$2,706"
11946,METRO35620MM5380,"Nassau-Suffolk, NY HUD Metro FMR Area","$1,260","$1,134","$1,386","$1,580","$1,422","$1,738","$1,940","$1,746","$2,134","$2,500","$2,250","$2,750","$2,800","$2,520","$3,080"
11947,METRO35620MM5380,"Nassau-Suffolk, NY HUD Metro FMR Area","$1,220","$1,098","$1,342","$1,530","$1,377","$1,683","$1,880","$1,692","$2,068","$2,430","$2,187","$2,673","$2,720","$2,448","$2,992"
11948,METRO35620MM5380,"Nassau-Suffolk, NY HUD Metro FMR Area","$1,220","$1,098","$1,342","$1,530","$1,377","$1,683","$1,880","$1,692","$2,068","$2,430","$2,187","$2,673","$2,720","$2,448","$2,992"
11949,METRO35620MM5380,"Nassau-Suffolk, NY HUD Metro FMR Area","$1,130","$1,017","$1,243","$1,410","$1,269","$1,551","$1,740","$1,566","$1,914","$2,240","$2,016","$2,464","$2,520","$2,268","$2,772"
11950,METRO35620MM5380,"Nassau-Suffolk, NY HUD Metro FMR Area","$1,250","$1,125","$1,375","$1,560","$1,404","$1,716","$1,920","$1,728","$2,112","$2,480","$2,232","$2,728","$2,780","$2,502","$3,058"
11951,METRO35620MM5380,"Nassau-Suffolk, NY HUD Metro FMR Area","$1,320","$1,188","$1,452","$1,650","$1,485","$1,815","$2,030","$1,827","$2,233","$2,620","$2,358","$2,882","$2,930","$2,637","$3,223"
11952,METRO35620MM5380,"Nassau-Suffolk, NY HUD Metro FMR Area","$1,180","$1,062","$1,298","$1,470","$1,323","$1,617","$1,810","$1,629","$1,991","$2,330","$2,097","$2,563","$2,620","$2,358","$2,882"
11953,METRO35620MM5380,"Nassau-Suffolk, NY HUD Metro FMR Area","$1,260","$1,134","$1,386","$1,570","$1,413","$1,727","$1,930","$1,737","$2,123","$2,490","$2,241","$2,739","$2,790","$2,511","$3,069"
11954,METRO35620MM5380,"Nassau-Suffolk, NY HUD Metro FMR Area","$1,100",$990,"$1,210","$1,380","$1,242","$1,518","$1,700","$1,530","$1,870","$2,190","$1,971","$2,409","$2,460","$2,214","$2,706"
11955,METRO35620MM5380,"Nassau-Suffolk, NY HUD Metro FMR Area","$1,220","$1,098","$1,342","$1,520","$1,368","$1,672","$1,870","$1,683","$2,057","$2,410","$2,169","$2,651","$2,700","$2,430","$2,970"
11956,METRO35620MM5380,"Nassau-Suffolk, NY HUD Metro FMR Area","$1,410","$1,269","$1,551","$1,760","$1,584","$1,936","$2,170","$1,953","$2,387","$2,800","$2,520","$3,080","$3,140","$2,826","$3,454"
11957,METRO35620MM5380,"Nassau-Suffolk, NY HUD Metro FMR Area","$1,220","$1,098","$1,342","$1,530","$1,377","$1,683","$1,880","$1,692","$2,068","$2,430","$2,187","$2,673","$2,720","$2,448","$2,992"
11958,METRO35620MM5380,"Nassau-Suffolk, NY HUD Metro FMR Area","$1,220","$1,098","$1,342","$1,530","$1,377","$1,683","$1,880","$1,692","$2,068","$2,430","$2,187","$2,673","$2,720","$2,448","$2,992"
11959,METRO35620MM5380,"Nassau-Suffolk, NY HUD Metro FMR Area","$1,410","$1,269","$1,551","$1,760","$1,584","$1,936","$2,170","$1,953","$2,387","$2,800","$2,520","$3,080","$3,140","$2,826","$3,454"
11960,METRO35620MM5380,"Nassau-Suffolk, NY HUD Metro FMR Area","$1,220","$1,098","$1,342","$1,530","$1,377","$1,683","$1,880","$1,692","$2,068","$2,430","$2,187","$2,673","$2,720","$2,448","$2,992"
11961,METRO35620MM5380,"Nassau-Suffolk, NY HUD Metro FMR Area","$1,100",$990,"$1,210","$1,380","$1,242","$1,518","$1,700","$1,530","$1,870","$2,190","$1,971","$2,409","$2,460","$2,214","$2,706"
11962,METRO35620MM5380,"Nassau-Suffolk, NY HUD Metro FMR Area","$1,220","$1,098","$1,342","$1,530","$1,377","$1,683","$1,880","$1,692","$2,068","$2,430","$2,187","$2,673","$2,720","$2,448","$2,992"
11963,METRO35620MM5380,"Nassau-Suffolk, NY HUD Metro FMR Area","$1,460","$1,314","$1,606","$1,830","$1,647","$2,013","$2,250","$2,025","$2,475","$2,900","$2,610","$3,190","$3,250","$2,925","$3,575"
11964,METRO35620MM5380,"Nassau-Suffolk, NY HUD Metro FMR Area","$1,220","$1,098","$1,342","$1,530","$1,377","$1,683","$1,880","$1,692","$2,068","$2,430","$2,187","$2,673","$2,720","$2,448","$2,992"
11965,METRO35620MM5380,"Nassau-Suffolk, NY HUD Metro FMR Area","$1,220","$1,098","$1,342","$1,530","$1,377","$1,683","$1,880","$1,692","$2,068","$2,430","$2,187","$2,673","$2,720","$2,448","$2,992"
11967,METRO35620MM5380,"Nassau-Suffolk, NY HUD Metro FMR Area","$1,490","$1,341","$1,639","$1,860","$1,674","$2,046","$2,290","$2,061","$2,519","$2,950","$2,655","$3,245","$3,310","$2,979","$3,641"
11968,METRO35620MM5380,"Nassau-Suffolk, NY HUD Metro FMR Area","$1,400","$1,260","$1,540","$1,750","$1,575","$1,925","$2,150","$1,935","$2,365","$2,770","$2,493","$3,047","$3,110","$2,799","$3,421"
11969,METRO35620MM5380,"Nassau-Suffolk, NY HUD Metro FMR Area","$1,220","$1,098","$1,342","$1,530","$1,377","$1,683","$1,880","$1,692","$2,068","$2,430","$2,187","$2,673","$2,720","$2,448","$2,992"
11970,METRO35620MM5380,"Nassau-Suffolk, NY HUD Metro FMR Area","$1,220","$1,098","$1,342","$1,530","$1,377","$1,683","$1,880","$1,692","$2,068","$2,430","$2,187","$2,673","$2,720","$2,448","$2,992"
11971,METRO35620MM5380,"Nassau-Suffolk, NY HUD Metro FMR Area","$1,100",$990,"$1,210","$1,380","$1,242","$1,518","$1,700","$1,530","$1,870","$2,190","$1,971","$2,409","$2,460","$2,214","$2,706"
11972,METRO35620MM5380,"Nassau-Suffolk, NY HUD Metro FMR Area","$1,220","$1,098","$1,342","$1,530","$1,377","$1,683","$1,880","$1,692","$2,068","$2,430","$2,187","$2,673","$2,720","$2,448","$2,992"
11973,METRO35620MM5380,"Nassau-Suffolk, NY HUD Metro FMR Area","$1,220","$1,098","$1,342","$1,530","$1,377","$1,683","$1,880","$1,692","$2,068","$2,430","$2,187","$2,673","$2,720","$2,448","$2,992"
11975,METRO35620MM5380,"Nassau-Suffolk, NY HUD Metro FMR Area","$1,220","$1,098","$1,342","$1,530","$1,377","$1,683","$1,880","$1,692","$2,068","$2,430","$2,187","$2,673","$2,720","$2,448","$2,992"
11976,METRO35620MM5380,"Nassau-Suffolk, NY HUD Metro FMR Area","$1,860","$1,674","$2,046","$2,320","$2,088","$2,552","$2,860","$2,574","$3,146","$3,690","$3,321","$4,059","$4,130","$3,717","$4,543"
11977,METRO35620MM5380,"Nassau-Suffolk, NY HUD Metro FMR Area","$1,220","$1,098","$1,342","$1,530","$1,377","$1,683","$1,880","$1,692","$2,068","$2,430","$2,187","$2,673","$2,720","$2,448","$2,992"
11978,METRO35620MM5380,"Nassau-Suffolk, NY HUD Metro FMR Area","$1,350","$1,215","$1,485","$1,680","$1,512","$1,848","$2,070","$1,863","$2,277","$2,670","$2,403","$2,937","$2,990","$2,691","$3,289"
11980,METRO35620MM5380,"Nassau-Suffolk, NY HUD Metro FMR Area","$1,460","$1,314","$1,606","$1,830","$1,647","$2,013","$2,250","$2,025","$2,475","$2,900","$2,610","$3,190","$3,250","$2,925","$3,575"
10001,METRO35620MM5600,"New York, NY HUD Metro FMR Area","$1,990","$1,791","$2,189","$2,040","$1,836","$2,244","$2,340","$2,106","$2,574","$2,980","$2,682","$3,278","$3,190","$2,871","$3,509"
10002,METRO35620MM5600,"New York, NY HUD Metro FMR Area","$1,370","$1,233","$1,507","$1,410","$1,269","$1,551","$1,620","$1,458","$1,782","$2,060","$1,854","$2,266","$2,200","$1,980","$2,420"
10003,METRO35620MM5600,"New York, NY HUD Metro FMR Area","$2,340","$2,106","$2,574","$2,400","$2,160","$2,640","$2,750","$2,475","$3,025","$3,490","$3,141","$3,839","$3,720","$3,348","$4,092"
10004,METRO35620MM5600,"New York, NY HUD Metro FMR Area","$2,340","$2,106","$2,574","$2,400","$2,160","$2,640","$2,750","$2,475","$3,025","$3,490","$3,141","$3,839","$3,720","$3,348","$4,092"
10005,METRO35620MM5600,"New York, NY HUD Metro FMR Area","$2,340","$2,106","$2,574","$2,400","$2,160","$2,640","$2,750","$2,475","$3,025","$3,490","$3,141","$3,839","$3,720","$3,348","$4,092"
10006,METRO35620MM5600,"New York, NY HUD Metro FMR Area","$2,340","$2,106","$2,574","$2,400","$2,160","$2,640","$2,750","$2,475","$3,025","$3,490","$3,141","$3,839","$3,720","$3,348","$4,092"
10007,METRO35620MM5600,"New York, NY HUD Metro FMR Area","$2,340","$2,106","$2,574","$2,400","$2,160","$2,640","$2,750","$2,475","$3,025","$3,490","$3,141","$3,839","$3,720","$3,348","$4,092"
10008,METRO35620MM5600,"New York, NY HUD Metro FMR Area","$2,000","$1,800","$2,200","$2,050","$1,845","$2,255","$2,350","$2,115","$2,585","$2,980","$2,682","$3,278","$3,180","$2,862","$3,498"
10009,METRO35620MM5600,"New York, NY HUD Metro FMR Area","$1,930","$1,737","$2,123","$1,980","$1,782","$2,178","$2,270","$2,043","$2,497","$2,880","$2,592","$3,168","$3,070","$2,763","$3,377"
10010,METRO35620MM5600,"New York, NY HUD Metro FMR Area","$2,340","$2,106","$2,574","$2,400","$2,160","$2,640","$2,750","$2,475","$3,025","$3,490","$3,141","$3,839","$3,720","$3,348","$4,092"
10011,METRO35620MM5600,"New York, NY HUD Metro FMR Area","$2,170","$1,953","$2,387","$2,230","$2,007","$2,453","$2,550","$2,295","$2,805","$3,240","$2,916","$3,564","$3,450","$3,105","$3,795"
10012,METRO35620MM5600,"New York, NY HUD Metro FMR Area","$2,340","$2,106","$2,574","$2,400","$2,160","$2,640","$2,750","$2,475","$3,025","$3,490","$3,141","$3,839","$3,720","$3,348","$4,092"
10013,METRO35620MM5600,"New York, NY HUD Metro FMR Area","$1,690","$1,521","$1,859","$1,730","$1,557","$1,903","$1,980","$1,782","$2,178","$2,510","$2,259","$2,761","$2,680","$2,412","$2,948"
10014,METRO35620MM5600,"New York, NY HUD Metro FMR Area","$2,340","$2,106","$2,574","$2,400","$2,160","$2,640","$2,750","$2,475","$3,025","$3,490","$3,141","$3,839","$3,720","$3,348","$4,092"
10016,METRO35620MM5600,"New York, NY HUD Metro FMR Area","$2,340","$2,106","$2,574","$2,400","$2,160","$2,640","$2,750","$2,475","$3,025","$3,490","$3,141","$3,839","$3,720","$3,348","$4,092"
10017,METRO35620MM5600,"New York, NY HUD Metro FMR Area","$2,340","$2,106","$2,574","$2,400","$2,160","$2,640","$2,750","$2,475","$3,025","$3,490","$3,141","$3,839","$3,720","$3,348","$4,092"
10018,METRO35620MM5600,"New York, NY HUD Metro FMR Area","$2,340","$2,106","$2,574","$2,400","$2,160","$2,640","$2,750","$2,475","$3,025","$3,490","$3,141","$3,839","$3,720","$3,348","$4,092"
10019,METRO35620MM5600,"New York, NY HUD Metro FMR Area","$2,340","$2,106","$2,574","$2,400","$2,160","$2,640","$2,750","$2,475","$3,025","$3,490","$3,141","$3,839","$3,720","$3,348","$4,092"
10020,METRO35620MM5600,"New York, NY HUD Metro FMR Area","$2,000","$1,800","$2,200","$2,050","$1,845","$2,255","$2,350","$2,115","$2,585","$2,980","$2,682","$3,278","$3,180","$2,862","$3,498"
10021,METRO35620MM5600,"New York, NY HUD Metro FMR Area","$2,340","$2,106","$2,574","$2,400","$2,160","$2,640","$2,750","$2,475","$3,025","$3,490","$3,141","$3,839","$3,720","$3,348","$4,092"
10022,METRO35620MM5600,"New York, NY HUD Metro FMR Area","$2,340","$2,106","$2,574","$2,400","$2,160","$2,640","$2,750","$2,475","$3,025","$3,490","$3,141","$3,839","$3,720","$3,348","$4,092"
10023,METRO35620MM5600,"New York, NY HUD Metro FMR Area","$2,340","$2,106","$2,574","$2,400","$2,160","$2,640","$2,750","$2,475","$3,025","$3,490","$3,141","$3,839","$3,720","$3,348","$4,092"
10024,METRO35620MM5600,"New York, NY HUD Metro FMR Area","$2,140","$1,926","$2,354","$2,190","$1,971","$2,409","$2,510","$2,259","$2,761","$3,190","$2,871","$3,509","$3,390","$3,051","$3,729"
10025,METRO35620MM5600,"New York, NY HUD Metro FMR Area","$1,720","$1,548","$1,892","$1,760","$1,584","$1,936","$2,020","$1,818","$2,222","$2,560","$2,304","$2,816","$2,730","$2,457","$3,003"
10026,METRO35620MM5600,"New York, NY HUD Metro FMR Area","$1,450","$1,305","$1,595","$1,480","$1,332","$1,628","$1,700","$1,530","$1,870","$2,160","$1,944","$2,376","$2,300","$2,070","$2,530"
10027,METRO35620MM5600,"New York, NY HUD Metro FMR Area","$1,370","$1,233","$1,507","$1,410","$1,269","$1,551","$1,620","$1,458","$1,782","$2,060","$1,854","$2,266","$2,200","$1,980","$2,420"
10028,METRO35620MM5600,"New York, NY HUD Metro FMR Area","$2,340","$2,106","$2,574","$2,400","$2,160","$2,640","$2,750","$2,475","$3,025","$3,490","$3,141","$3,839","$3,720","$3,348","$4,092"
10029,METRO35620MM5600,"New York, NY HUD Metro FMR Area","$1,370","$1,233","$1,507","$1,410","$1,269","$1,551","$1,620","$1,458","$1,782","$2,060","$1,854","$2,266","$2,200","$1,980","$2,420"
10030,METRO35620MM5600,"New York, NY HUD Metro FMR Area","$1,370","$1,233","$1,507","$1,410","$1,269","$1,551","$1,620","$1,458","$1,782","$2,060","$1,854","$2,266","$2,200","$1,980","$2,420"
10031,METRO35620MM5600,"New York, NY HUD Metro FMR Area","$1,500","$1,350","$1,650","$1,540","$1,386","$1,694","$1,760","$1,584","$1,936","$2,230","$2,007","$2,453","$2,380","$2,142","$2,618"
10032,METRO35620MM5600,"New York, NY HUD Metro FMR Area","$1,400","$1,260","$1,540","$1,440","$1,296","$1,584","$1,650","$1,485","$1,815","$2,090","$1,881","$2,299","$2,230","$2,007","$2,453"
10033,METRO35620MM5600,"New York, NY HUD Metro FMR Area","$1,500","$1,350","$1,650","$1,540","$1,386","$1,694","$1,760","$1,584","$1,936","$2,230","$2,007","$2,453","$2,380","$2,142","$2,618"
10034,METRO35620MM5600,"New York, NY HUD Metro FMR Area","$1,410","$1,269","$1,551","$1,450","$1,305","$1,595","$1,660","$1,494","$1,826","$2,110","$1,899","$2,321","$2,240","$2,016","$2,464"
10035,METRO35620MM5600,"New York, NY HUD Metro FMR Area","$1,430","$1,287","$1,573","$1,470","$1,323","$1,617","$1,680","$1,512","$1,848","$2,130","$1,917","$2,343","$2,270","$2,043","$2,497"
10036,METRO35620MM5600,"New York, NY HUD Metro FMR Area","$2,340","$2,106","$2,574","$2,400","$2,160","$2,640","$2,750","$2,475","$3,025","$3,490","$3,141","$3,839","$3,720","$3,348","$4,092"
10037,METRO35620MM5600,"New York, NY HUD Metro FMR Area","$1,420","$1,278","$1,562","$1,460","$1,314","$1,606","$1,670","$1,503","$1,837","$2,120","$1,908","$2,332","$2,260","$2,034","$2,486"
10038,METRO35620MM5600,"New York, NY HUD Metro FMR Area","$2,340","$2,106","$2,574","$2,400","$2,160","$2,640","$2,750","$2,475","$3,025","$3,490","$3,141","$3,839","$3,720","$3,348","$4,092"
10039,METRO35620MM5600,"New York, NY HUD Metro FMR Area","$1,370","$1,233","$1,507","$1,410","$1,269","$1,551","$1,620","$1,458","$1,782","$2,060","$1,854","$2,266","$2,200","$1,980","$2,420"
10040,METRO35620MM5600,"New York, NY HUD Metro FMR Area","$1,460","$1,314","$1,606","$1,500","$1,350","$1,650","$1,720","$1,548","$1,892","$2,180","$1,962","$2,398","$2,320","$2,088","$2,552"
10044,METRO35620MM5600,"New York, NY HUD Metro FMR Area","$2,340","$2,106","$2,574","$2,400","$2,160","$2,640","$2,750","$2,475","$3,025","$3,490","$3,141","$3,839","$3,720","$3,348","$4,092"
10065,METRO35620MM5600,"New York, NY HUD Metro FMR Area","$2,340","$2,106","$2,574","$2,400","$2,160","$2,640","$2,750","$2,475","$3,025","$3,490","$3,141","$3,839","$3,720","$3,348","$4,092"
10069,METRO35620MM5600,"New York, NY HUD Metro FMR Area","$2,340","$2,106","$2,574","$2,400","$2,160","$2,640","$2,750","$2,475","$3,025","$3,490","$3,141","$3,839","$3,720","$3,348","$4,092"
10075,METRO35620MM5600,"New York, NY HUD Metro FMR Area","$2,270","$2,043","$2,497","$2,330","$2,097","$2,563","$2,670","$2,403","$2,937","$3,390","$3,051","$3,729","$3,610","$3,249","$3,971"
10101,METRO35620MM5600,"New York, NY HUD Metro FMR Area","$2,000","$1,800","$2,200","$2,050","$1,845","$2,255","$2,350","$2,115","$2,585","$2,980","$2,682","$3,278","$3,180","$2,862","$3,498"
10103,METRO35620MM5600,"New York, NY HUD Metro FMR Area","$2,000","$1,800","$2,200","$2,050","$1,845","$2,255","$2,350","$2,115","$2,585","$2,980","$2,682","$3,278","$3,180","$2,862","$3,498"
10108,METRO35620MM5600,"New York, NY HUD Metro FMR Area","$2,000","$1,800","$2,200","$2,050","$1,845","$2,255","$2,350","$2,115","$2,585","$2,980","$2,682","$3,278","$3,180","$2,862","$3,498"
10110,METRO35620MM5600,"New York, NY HUD Metro FMR Area","$2,000","$1,800","$2,200","$2,050","$1,845","$2,255","$2,350","$2,115","$2,585","$2,980","$2,682","$3,278","$3,180","$2,862","$3,498"
10111,METRO35620MM5600,"New York, NY HUD Metro FMR Area","$2,000","$1,800","$2,200","$2,050","$1,845","$2,255","$2,350","$2,115","$2,585","$2,980","$2,682","$3,278","$3,180","$2,862","$3,498"
10112,METRO35620MM5600,"New York, NY HUD Metro FMR Area","$2,000","$1,800","$2,200","$2,050","$1,845","$2,255","$2,350","$2,115","$2,585","$2,980","$2,682","$3,278","$3,180","$2,862","$3,498"
10113,METRO35620MM5600,"New York, NY HUD Metro FMR Area","$2,000","$1,800","$2,200","$2,050","$1,845","$2,255","$2,350","$2,115","$2,585","$2,980","$2,682","$3,278","$3,180","$2,862","$3,498"
10115,METRO35620MM5600,"New York, NY HUD Metro FMR Area","$2,000","$1,800","$2,200","$2,050","$1,845","$2,255","$2,350","$2,115","$2,585","$2,980","$2,682","$3,278","$3,180","$2,862","$3,498"
10116,METRO35620MM5600,"New York, NY HUD Metro FMR Area","$2,000","$1,800","$2,200","$2,050","$1,845","$2,255","$2,350","$2,115","$2,585","$2,980","$2,682","$3,278","$3,180","$2,862","$3,498"
10119,METRO35620MM5600,"New York, NY HUD Metro FMR Area","$2,000","$1,800","$2,200","$2,050","$1,845","$2,255","$2,350","$2,115","$2,585","$2,980","$2,682","$3,278","$3,180","$2,862","$3,498"
10128,METRO35620MM5600,"New York, NY HUD Metro FMR Area","$2,340","$2,106","$2,574","$2,400","$2,160","$2,640","$2,750","$2,475","$3,025","$3,490","$3,141","$3,839","$3,720","$3,348","$4,092"
10129,METRO35620MM5600,"New York, NY HUD Metro FMR Area","$2,000","$1,800","$2,200","$2,050","$1,845","$2,255","$2,350","$2,115","$2,585","$2,980","$2,682","$3,278","$3,180","$2,862","$3,498"
10150,METRO35620MM5600,"New York, NY HUD Metro FMR Area","$2,000","$1,800","$2,200","$2,050","$1,845","$2,255","$2,350","$2,115","$2,585","$2,980","$2,682","$3,278","$3,180","$2,862","$3,498"
10152,METRO35620MM5600,"New York, NY HUD Metro FMR Area","$2,000","$1,800","$2,200","$2,050","$1,845","$2,255","$2,350","$2,115","$2,585","$2,980","$2,682","$3,278","$3,180","$2,862","$3,498"
10153,METRO35620MM5600,"New York, NY HUD Metro FMR Area","$2,000","$1,800","$2,200","$2,050","$1,845","$2,255","$2,350","$2,115","$2,585","$2,980","$2,682","$3,278","$3,180","$2,862","$3,498"
10154,METRO35620MM5600,"New York, NY HUD Metro FMR Area","$2,000","$1,800","$2,200","$2,050","$1,845","$2,255","$2,350","$2,115","$2,585","$2,980","$2,682","$3,278","$3,180","$2,862","$3,498"
10156,METRO35620MM5600,"New York, NY HUD Metro FMR Area","$2,000","$1,800","$2,200","$2,050","$1,845","$2,255","$2,350","$2,115","$2,585","$2,980","$2,682","$3,278","$3,180","$2,862","$3,498"
10159,METRO35620MM5600,"New York, NY HUD Metro FMR Area","$2,000","$1,800","$2,200","$2,050","$1,845","$2,255","$2,350","$2,115","$2,585","$2,980","$2,682","$3,278","$3,180","$2,862","$3,498"
10162,METRO35620MM5600,"New York, NY HUD Metro FMR Area","$2,340","$2,106","$2,574","$2,400","$2,160","$2,640","$2,750","$2,475","$3,025","$3,490","$3,141","$3,839","$3,720","$3,348","$4,092"
10163,METRO35620MM5600,"New York, NY HUD Metro FMR Area","$2,000","$1,800","$2,200","$2,050","$1,845","$2,255","$2,350","$2,115","$2,585","$2,980","$2,682","$3,278","$3,180","$2,862","$3,498"
10165,METRO35620MM5600,"New York, NY HUD Metro FMR Area","$2,000","$1,800","$2,200","$2,050","$1,845","$2,255","$2,350","$2,115","$2,585","$2,980","$2,682","$3,278","$3,180","$2,862","$3,498"
10167,METRO35620MM5600,"New York, NY HUD Metro FMR Area","$2,000","$1,800","$2,200","$2,050","$1,845","$2,255","$2,350","$2,115","$2,585","$2,980","$2,682","$3,278","$3,180","$2,862","$3,498"
10168,METRO35620MM5600,"New York, NY HUD Metro FMR Area","$2,000","$1,800","$2,200","$2,050","$1,845","$2,255","$2,350","$2,115","$2,585","$2,980","$2,682","$3,278","$3,180","$2,862","$3,498"
10169,METRO35620MM5600,"New York, NY HUD Metro FMR Area","$2,000","$1,800","$2,200","$2,050","$1,845","$2,255","$2,350","$2,115","$2,585","$2,980","$2,682","$3,278","$3,180","$2,862","$3,498"
10170,METRO35620MM5600,"New York, NY HUD Metro FMR Area","$2,000","$1,800","$2,200","$2,050","$1,845","$2,255","$2,350","$2,115","$2,585","$2,980","$2,682","$3,278","$3,180","$2,862","$3,498"
10171,METRO35620MM5600,"New York, NY HUD Metro FMR Area","$2,000","$1,800","$2,200","$2,050","$1,845","$2,255","$2,350","$2,115","$2,585","$2,980","$2,682","$3,278","$3,180","$2,862","$3,498"
10172,METRO35620MM5600,"New York, NY HUD Metro FMR Area","$2,000","$1,800","$2,200","$2,050","$1,845","$2,255","$2,350","$2,115","$2,585","$2,980","$2,682","$3,278","$3,180","$2,862","$3,498"
10173,METRO35620MM5600,"New York, NY HUD Metro FMR Area","$2,000","$1,800","$2,200","$2,050","$1,845","$2,255","$2,350","$2,115","$2,585","$2,980","$2,682","$3,278","$3,180","$2,862","$3,498"
10174,METRO35620MM5600,"New York, NY HUD Metro FMR Area","$2,000","$1,800","$2,200","$2,050","$1,845","$2,255","$2,350","$2,115","$2,585","$2,980","$2,682","$3,278","$3,180","$2,862","$3,498"
10177,METRO35620MM5600,"New York, NY HUD Metro FMR Area","$2,000","$1,800","$2,200","$2,050","$1,845","$2,255","$2,350","$2,115","$2,585","$2,980","$2,682","$3,278","$3,180","$2,862","$3,498"
10185,METRO35620MM5600,"New York, NY HUD Metro FMR Area","$2,000","$1,800","$2,200","$2,050","$1,845","$2,255","$2,350","$2,115","$2,585","$2,980","$2,682","$3,278","$3,180","$2,862","$3,498"
10199,METRO35620MM5600,"New York, NY HUD Metro FMR Area","$2,000","$1,800","$2,200","$2,050","$1,845","$2,255","$2,350","$2,115","$2,585","$2,980","$2,682","$3,278","$3,180","$2,862","$3,498"
10268,METRO35620MM5600,"New York, NY HUD Metro FMR Area","$2,000","$1,800","$2,200","$2,050","$1,845","$2,255","$2,350","$2,115","$2,585","$2,980","$2,682","$3,278","$3,180","$2,862","$3,498"
10271,METRO35620MM5600,"New York, NY HUD Metro FMR Area","$2,000","$1,800","$2,200","$2,050","$1,845","$2,255","$2,350","$2,115","$2,585","$2,980","$2,682","$3,278","$3,180","$2,862","$3,498"
10272,METRO35620MM5600,"New York, NY HUD Metro FMR Area","$2,000","$1,800","$2,200","$2,050","$1,845","$2,255","$2,350","$2,115","$2,585","$2,980","$2,682","$3,278","$3,180","$2,862","$3,498"
10274,METRO35620MM5600,"New York, NY HUD Metro FMR Area","$2,000","$1,800","$2,200","$2,050","$1,845","$2,255","$2,350","$2,115","$2,585","$2,980","$2,682","$3,278","$3,180","$2,862","$3,498"
10276,METRO35620MM5600,"New York, NY HUD Metro FMR Area","$2,000","$1,800","$2,200","$2,050","$1,845","$2,255","$2,350","$2,115","$2,585","$2,980","$2,682","$3,278","$3,180","$2,862","$3,498"
10278,METRO35620MM5600,"New York, NY HUD Metro FMR Area","$2,000","$1,800","$2,200","$2,050","$1,845","$2,255","$2,350","$2,115","$2,585","$2,980","$2,682","$3,278","$3,180","$2,862","$3,498"
10279,METRO35620MM5600,"New York, NY HUD Metro FMR Area","$2,000","$1,800","$2,200","$2,050","$1,845","$2,255","$2,350","$2,115","$2,585","$2,980","$2,682","$3,278","$3,180","$2,862","$3,498"
10280,METRO35620MM5600,"New York, NY HUD Metro FMR Area","$2,340","$2,106","$2,574","$2,400","$2,160","$2,640","$2,750","$2,475","$3,025","$3,490","$3,141","$3,839","$3,720","$3,348","$4,092"
10282,METRO35620MM5600,"New York, NY HUD Metro FMR Area","$2,340","$2,106","$2,574","$2,400","$2,160","$2,640","$2,750","$2,475","$3,025","$3,490","$3,141","$3,839","$3,720","$3,348","$4,092"
10301,METRO35620MM5600,"New York, NY HUD Metro FMR Area","$1,510","$1,359","$1,661","$1,550","$1,395","$1,705","$1,770","$1,593","$1,947","$2,250","$2,025","$2,475","$2,390","$2,151","$2,629"
10302,METRO35620MM5600,"New York, NY HUD Metro FMR Area","$1,390","$1,251","$1,529","$1,420","$1,278","$1,562","$1,630","$1,467","$1,793","$2,070","$1,863","$2,277","$2,200","$1,980","$2,420"
10303,METRO35620MM5600,"New York, NY HUD Metro FMR Area","$1,370","$1,233","$1,507","$1,410","$1,269","$1,551","$1,620","$1,458","$1,782","$2,060","$1,854","$2,266","$2,200","$1,980","$2,420"
10304,METRO35620MM5600,"New York, NY HUD Metro FMR Area","$1,470","$1,323","$1,617","$1,510","$1,359","$1,661","$1,730","$1,557","$1,903","$2,200","$1,980","$2,420","$2,340","$2,106","$2,574"
10305,METRO35620MM5600,"New York, NY HUD Metro FMR Area","$1,480","$1,332","$1,628","$1,520","$1,368","$1,672","$1,740","$1,566","$1,914","$2,210","$1,989","$2,431","$2,350","$2,115","$2,585"
10306,METRO35620MM5600,"New York, NY HUD Metro FMR Area","$1,520","$1,368","$1,672","$1,560","$1,404","$1,716","$1,790","$1,611","$1,969","$2,270","$2,043","$2,497","$2,420","$2,178","$2,662"
10307,METRO35620MM5600,"New York, NY HUD Metro FMR Area","$1,370","$1,233","$1,507","$1,410","$1,269","$1,551","$1,620","$1,458","$1,782","$2,060","$1,854","$2,266","$2,200","$1,980","$2,420"
10308,METRO35620MM5600,"New York, NY HUD Metro FMR Area","$1,460","$1,314","$1,606","$1,500","$1,350","$1,650","$1,720","$1,548","$1,892","$2,180","$1,962","$2,398","$2,320","$2,088","$2,552"
10309,METRO35620MM5600,"New York, NY HUD Metro FMR Area","$1,460","$1,314","$1,606","$1,500","$1,350","$1,650","$1,720","$1,548","$1,892","$2,180","$1,962","$2,398","$2,320","$2,088","$2,552"
10310,METRO35620MM5600,"New York, NY HUD Metro FMR Area","$1,400","$1,260","$1,540","$1,430","$1,287","$1,573","$1,640","$1,476","$1,804","$2,080","$1,872","$2,288","$2,220","$1,998","$2,442"
10311,METRO35620MM5600,"New York, NY HUD Metro FMR Area","$1,430","$1,287","$1,573","$1,470","$1,323","$1,617","$1,680","$1,512","$1,848","$2,130","$1,917","$2,343","$2,270","$2,043","$2,497"
10312,METRO35620MM5600,"New York, NY HUD Metro FMR Area","$1,430","$1,287","$1,573","$1,470","$1,323","$1,617","$1,680","$1,512","$1,848","$2,130","$1,917","$2,343","$2,270","$2,043","$2,497"
10313,METRO35620MM5600,"New York, NY HUD Metro FMR Area","$1,430","$1,287","$1,573","$1,470","$1,323","$1,617","$1,680","$1,512","$1,848","$2,130","$1,917","$2,343","$2,270","$2,043","$2,497"
10314,METRO35620MM5600,"New York, NY HUD Metro FMR Area","$1,570","$1,413","$1,727","$1,610","$1,449","$1,771","$1,840","$1,656","$2,024","$2,340","$2,106","$2,574","$2,490","$2,241","$2,739"
10451,METRO35620MM5600,"New York, NY HUD Metro FMR Area","$1,370","$1,233","$1,507","$1,410","$1,269","$1,551","$1,620","$1,458","$1,782","$2,060","$1,854","$2,266","$2,200","$1,980","$2,420"
10452,METRO35620MM5600,"New York, NY HUD Metro FMR Area","$1,370","$1,233","$1,507","$1,410","$1,269","$1,551","$1,620","$1,458","$1,782","$2,060","$1,854","$2,266","$2,200","$1,980","$2,420"
10453,METRO35620MM5600,"New York, NY HUD Metro FMR Area","$1,370","$1,233","$1,507","$1,410","$1,269","$1,551","$1,620","$1,458","$1,782","$2,060","$1,854","$2,266","$2,200","$1,980","$2,420"
10454,METRO35620MM5600,"New York, NY HUD Metro FMR Area","$1,370","$1,233","$1,507","$1,410","$1,269","$1,551","$1,620","$1,458","$1,782","$2,060","$1,854","$2,266","$2,200","$1,980","$2,420"
10455,METRO35620MM5600,"New York, NY HUD Metro FMR Area","$1,370","$1,233","$1,507","$1,410","$1,269","$1,551","$1,620","$1,458","$1,782","$2,060","$1,854","$2,266","$2,200","$1,980","$2,420"
10456,METRO35620MM5600,"New York, NY HUD Metro FMR Area","$1,370","$1,233","$1,507","$1,410","$1,269","$1,551","$1,620","$1,458","$1,782","$2,060","$1,854","$2,266","$2,200","$1,980","$2,420"
10457,METRO35620MM5600,"New York, NY HUD Metro FMR Area","$1,410","$1,269","$1,551","$1,450","$1,305","$1,595","$1,660","$1,494","$1,826","$2,110","$1,899","$2,321","$2,240","$2,016","$2,464"
10458,METRO35620MM5600,"New York, NY HUD Metro FMR Area","$1,470","$1,323","$1,617","$1,510","$1,359","$1,661","$1,730","$1,557","$1,903","$2,200","$1,980","$2,420","$2,340","$2,106","$2,574"
10459,METRO35620MM5600,"New York, NY HUD Metro FMR Area","$1,370","$1,233","$1,507","$1,410","$1,269","$1,551","$1,620","$1,458","$1,782","$2,060","$1,854","$2,266","$2,200","$1,980","$2,420"
10460,METRO35620MM5600,"New York, NY HUD Metro FMR Area","$1,370","$1,233","$1,507","$1,410","$1,269","$1,551","$1,620","$1,458","$1,782","$2,060","$1,854","$2,266","$2,200","$1,980","$2,420"
10461,METRO35620MM5600,"New York, NY HUD Metro FMR Area","$1,620","$1,458","$1,782","$1,660","$1,494","$1,826","$1,900","$1,710","$2,090","$2,410","$2,169","$2,651","$2,570","$2,313","$2,827"
10462,METRO35620MM5600,"New York, NY HUD Metro FMR Area","$1,580","$1,422","$1,738","$1,620","$1,458","$1,782","$1,860","$1,674","$2,046","$2,360","$2,124","$2,596","$2,510","$2,259","$2,761"
10463,METRO35620MM5600,"New York, NY HUD Metro FMR Area","$1,510","$1,359","$1,661","$1,550","$1,395","$1,705","$1,770","$1,593","$1,947","$2,250","$2,025","$2,475","$2,390","$2,151","$2,629"
10464,METRO35620MM5600,"New York, NY HUD Metro FMR Area","$1,520","$1,368","$1,672","$1,550","$1,395","$1,705","$1,780","$1,602","$1,958","$2,260","$2,034","$2,486","$2,410","$2,169","$2,651"
10465,METRO35620MM5600,"New York, NY HUD Metro FMR Area","$1,630","$1,467","$1,793","$1,680","$1,512","$1,848","$1,920","$1,728","$2,112","$2,440","$2,196","$2,684","$2,600","$2,340","$2,860"
10466,METRO35620MM5600,"New York, NY HUD Metro FMR Area","$1,500","$1,350","$1,650","$1,540","$1,386","$1,694","$1,760","$1,584","$1,936","$2,230","$2,007","$2,453","$2,380","$2,142","$2,618"
10467,METRO35620MM5600,"New York, NY HUD Metro FMR Area","$1,480","$1,332","$1,628","$1,520","$1,368","$1,672","$1,740","$1,566","$1,914","$2,210","$1,989","$2,431","$2,350","$2,115","$2,585"
10468,METRO35620MM5600,"New York, NY HUD Metro FMR Area","$1,430","$1,287","$1,573","$1,470","$1,323","$1,617","$1,680","$1,512","$1,848","$2,130","$1,917","$2,343","$2,270","$2,043","$2,497"
10469,METRO35620MM5600,"New York, NY HUD Metro FMR Area","$1,580","$1,422","$1,738","$1,620","$1,458","$1,782","$1,850","$1,665","$2,035","$2,350","$2,115","$2,585","$2,500","$2,250","$2,750"
10470,METRO35620MM5600,"New York, NY HUD Metro FMR Area","$1,610","$1,449","$1,771","$1,650","$1,485","$1,815","$1,890","$1,701","$2,079","$2,400","$2,160","$2,640","$2,550","$2,295","$2,805"
10471,METRO35620MM5600,"New York, NY HUD Metro FMR Area","$1,820","$1,638","$2,002","$1,870","$1,683","$2,057","$2,140","$1,926","$2,354","$2,720","$2,448","$2,992","$2,890","$2,601","$3,179"
10472,METRO35620MM5600,"New York, NY HUD Metro FMR Area","$1,400","$1,260","$1,540","$1,440","$1,296","$1,584","$1,650","$1,485","$1,815","$2,090","$1,881","$2,299","$2,230","$2,007","$2,453"
10473,METRO35620MM5600,"New York, NY HUD Metro FMR Area","$1,370","$1,233","$1,507","$1,410","$1,269","$1,551","$1,620","$1,458","$1,782","$2,060","$1,854","$2,266","$2,200","$1,980","$2,420"
10474,METRO35620MM5600,"New York, NY HUD Metro FMR Area","$1,370","$1,233","$1,507","$1,410","$1,269","$1,551","$1,620","$1,458","$1,782","$2,060","$1,854","$2,266","$2,200","$1,980","$2,420"
10475,METRO35620MM5600,"New York, NY HUD Metro FMR Area","$1,370","$1,233","$1,507","$1,410","$1,269","$1,551","$1,620","$1,458","$1,782","$2,060","$1,854","$2,266","$2,200","$1,980","$2,420"
10505,METRO35620MM5600,"New York, NY HUD Metro FMR Area","$1,370","$1,233","$1,507","$1,410","$1,269","$1,551","$1,620","$1,458","$1,782","$2,060","$1,854","$2,266","$2,330","$2,097","$2,563"
10509,METRO35620MM5600,"New York, NY HUD Metro FMR Area","$1,530","$1,377","$1,683","$1,570","$1,413","$1,727","$1,800","$1,620","$1,980","$2,280","$2,052","$2,508","$2,430","$2,187","$2,673"
10512,METRO35620MM5600,"New York, NY HUD Metro FMR Area","$1,380","$1,242","$1,518","$1,420","$1,278","$1,562","$1,620","$1,458","$1,782","$2,060","$1,854","$2,266","$2,200","$1,980","$2,420"
10516,METRO35620MM5600,"New York, NY HUD Metro FMR Area","$1,760","$1,584","$1,936","$1,810","$1,629","$1,991","$2,070","$1,863","$2,277","$2,630","$2,367","$2,893","$2,800","$2,520","$3,080"
10524,METRO35620MM5600,"New York, NY HUD Metro FMR Area","$2,100","$1,890","$2,310","$2,160","$1,944","$2,376","$2,470","$2,223","$2,717","$3,130","$2,817","$3,443","$3,340","$3,006","$3,674"
10537,METRO35620MM5600,"New York, NY HUD Metro FMR Area","$1,450","$1,305","$1,595","$1,510","$1,359","$1,661","$1,730","$1,557","$1,903","$2,200","$1,980","$2,420","$2,360","$2,124","$2,596"
10541,METRO35620MM5600,"New York, NY HUD Metro FMR Area","$1,510","$1,359","$1,661","$1,560","$1,404","$1,716","$1,790","$1,611","$1,969","$2,270","$2,043","$2,497","$2,420","$2,178","$2,662"
10542,METRO35620MM5600,"New York, NY HUD Metro FMR Area","$1,470","$1,323","$1,617","$1,510","$1,359","$1,661","$1,730","$1,557","$1,903","$2,200","$1,980","$2,420","$2,340","$2,106","$2,574"
10550,METRO35620MM5600,"New York, NY HUD Metro FMR Area","$1,370","$1,233","$1,507","$1,410","$1,269","$1,551","$1,630","$1,467","$1,793","$2,100","$1,890","$2,310","$2,390","$2,151","$2,629"
10567,METRO35620MM5600,"New York, NY HUD Metro FMR Area","$1,460","$1,314","$1,606","$1,710","$1,539","$1,881","$2,080","$1,872","$2,288","$2,680","$2,412","$2,948","$3,040","$2,736","$3,344"
10579,METRO35620MM5600,"New York, NY HUD Metro FMR Area","$1,520","$1,368","$1,672","$1,550","$1,395","$1,705","$1,780","$1,602","$1,958","$2,260","$2,034","$2,486","$2,410","$2,169","$2,651"
10588,METRO35620MM5600,"New York, NY HUD Metro FMR Area","$1,370","$1,233","$1,507","$1,410","$1,269","$1,551","$1,620","$1,458","$1,782","$2,060","$1,854","$2,266","$2,280","$2,052","$2,508"
10598,METRO35620MM5600,"New York, NY HUD Metro FMR Area","$1,370","$1,233","$1,507","$1,480","$1,332","$1,628","$1,800","$1,620","$1,980","$2,320","$2,088","$2,552","$2,630","$2,367","$2,893"
10803,METRO35620MM5600,"New York, NY HUD Metro FMR Area","$1,530","$1,377","$1,683","$1,810","$1,629","$1,991","$2,190","$1,971","$2,409","$2,820","$2,538","$3,102","$3,200","$2,880","$3,520"
10901,METRO35620MM5600,"New York, NY HUD Metro FMR Area","$1,640","$1,476","$1,804","$1,690","$1,521","$1,859","$1,930","$1,737","$2,123","$2,450","$2,205","$2,695","$2,610","$2,349","$2,871"
10911,METRO35620MM5600,"New York, NY HUD Metro FMR Area","$1,560","$1,404","$1,716","$1,600","$1,440","$1,760","$1,850","$1,665","$2,035","$2,340","$2,106","$2,574","$2,510","$2,259","$2,761"
10913,METRO35620MM5600,"New York, NY HUD Metro FMR Area","$1,600","$1,440","$1,760","$1,640","$1,476","$1,804","$1,880","$1,692","$2,068","$2,390","$2,151","$2,629","$2,540","$2,286","$2,794"
10920,METRO35620MM5600,"New York, NY HUD Metro FMR Area","$1,780","$1,602","$1,958","$1,830","$1,647","$2,013","$2,090","$1,881","$2,299","$2,650","$2,385","$2,915","$2,830","$2,547","$3,113"
10923,METRO35620MM5600,"New York, NY HUD Metro FMR Area","$1,570","$1,413","$1,727","$1,610","$1,449","$1,771","$1,840","$1,656","$2,024","$2,340","$2,106","$2,574","$2,490","$2,241","$2,739"
10927,METRO35620MM5600,"New York, NY HUD Metro FMR Area","$1,500","$1,350","$1,650","$1,540","$1,386","$1,694","$1,760","$1,584","$1,936","$2,230","$2,007","$2,453","$2,380","$2,142","$2,618"
10931,METRO35620MM5600,"New York, NY HUD Metro FMR Area","$1,560","$1,404","$1,716","$1,600","$1,440","$1,760","$1,830","$1,647","$2,013","$2,320","$2,088","$2,552","$2,470","$2,223","$2,717"
10952,METRO35620MM5600,"New York, NY HUD Metro FMR Area","$1,650","$1,485","$1,815","$1,690","$1,521","$1,859","$1,940","$1,746","$2,134","$2,460","$2,214","$2,706","$2,620","$2,358","$2,882"
10954,METRO35620MM5600,"New York, NY HUD Metro FMR Area","$1,860","$1,674","$2,046","$1,910","$1,719","$2,101","$2,190","$1,971","$2,409","$2,780","$2,502","$3,058","$2,960","$2,664","$3,256"
10956,METRO35620MM5600,"New York, NY HUD Metro FMR Area","$1,570","$1,413","$1,727","$1,610","$1,449","$1,771","$1,840","$1,656","$2,024","$2,340","$2,106","$2,574","$2,490","$2,241","$2,739"
10960,METRO35620MM5600,"New York, NY HUD Metro FMR Area","$1,790","$1,611","$1,969","$1,830","$1,647","$2,013","$2,100","$1,890","$2,310","$2,670","$2,403","$2,937","$2,840","$2,556","$3,124"
10962,METRO35620MM5600,"New York, NY HUD Metro FMR Area","$1,430","$1,287","$1,573","$1,460","$1,314","$1,606","$1,680","$1,512","$1,848","$2,150","$1,935","$2,365","$2,290","$2,061","$2,519"
10964,METRO35620MM5600,"New York, NY HUD Metro FMR Area","$1,600","$1,440","$1,760","$1,640","$1,476","$1,804","$1,880","$1,692","$2,068","$2,390","$2,151","$2,629","$2,540","$2,286","$2,794"
10965,METRO35620MM5600,"New York, NY HUD Metro FMR Area","$1,520","$1,368","$1,672","$1,560","$1,404","$1,716","$1,790","$1,611","$1,969","$2,270","$2,043","$2,497","$2,420","$2,178","$2,662"
10968,METRO35620MM5600,"New York, NY HUD Metro FMR Area","$1,840","$1,656","$2,024","$1,890","$1,701","$2,079","$2,160","$1,944","$2,376","$2,740","$2,466","$3,014","$2,920","$2,628","$3,212"
10970,METRO35620MM5600,"New York, NY HUD Metro FMR Area","$1,920","$1,728","$2,112","$1,970","$1,773","$2,167","$2,260","$2,034","$2,486","$2,870","$2,583","$3,157","$3,050","$2,745","$3,355"
10974,METRO35620MM5600,"New York, NY HUD Metro FMR Area","$1,560","$1,404","$1,716","$1,600","$1,440","$1,760","$1,830","$1,647","$2,013","$2,320","$2,088","$2,552","$2,470","$2,223","$2,717"
10976,METRO35620MM5600,"New York, NY HUD Metro FMR Area","$1,600","$1,440","$1,760","$1,640","$1,476","$1,804","$1,880","$1,692","$2,068","$2,390","$2,151","$2,629","$2,540","$2,286","$2,794"
10977,METRO35620MM5600,"New York, NY HUD Metro FMR Area","$1,490","$1,341","$1,639","$1,530","$1,377","$1,683","$1,750","$1,575","$1,925","$2,220","$1,998","$2,442","$2,370","$2,133","$2,607"
10980,METRO35620MM5600,"New York, NY HUD Metro FMR Area","$1,580","$1,422","$1,738","$1,620","$1,458","$1,782","$1,860","$1,674","$2,046","$2,360","$2,124","$2,596","$2,510","$2,259","$2,761"
10982,METRO35620MM5600,"New York, NY HUD Metro FMR Area","$1,600","$1,440","$1,760","$1,640","$1,476","$1,804","$1,880","$1,692","$2,068","$2,390","$2,151","$2,629","$2,540","$2,286","$2,794"
10983,METRO35620MM5600,"New York, NY HUD Metro FMR Area","$2,340","$2,106","$2,574","$2,400","$2,160","$2,640","$2,750","$2,475","$3,025","$3,490","$3,141","$3,839","$3,720","$3,348","$4,092"
10984,METRO35620MM5600,"New York, NY HUD Metro FMR Area","$2,010","$1,809","$2,211","$2,060","$1,854","$2,266","$2,360","$2,124","$2,596","$3,000","$2,700","$3,300","$3,190","$2,871","$3,509"
10986,METRO35620MM5600,"New York, NY HUD Metro FMR Area","$1,640","$1,476","$1,804","$1,690","$1,521","$1,859","$1,930","$1,737","$2,123","$2,450","$2,205","$2,695","$2,610","$2,349","$2,871"
10989,METRO35620MM5600,"New York, NY HUD Metro FMR Area","$1,910","$1,719","$2,101","$1,960","$1,764","$2,156","$2,240","$2,016","$2,464","$2,840","$2,556","$3,124","$3,030","$2,727","$3,333"
10993,METRO35620MM5600,"New York, NY HUD Metro FMR Area","$1,480","$1,332","$1,628","$1,520","$1,368","$1,672","$1,740","$1,566","$1,914","$2,210","$1,989","$2,431","$2,350","$2,115","$2,585"
10994,METRO35620MM5600,"New York, NY HUD Metro FMR Area","$1,440","$1,296","$1,584","$1,480","$1,332","$1,628","$1,690","$1,521","$1,859","$2,140","$1,926","$2,354","$2,280","$2,052","$2,508"
11001,METRO35620MM5600,"New York, NY HUD Metro FMR Area","$1,370","$1,233","$1,507","$1,470","$1,323","$1,617","$1,790","$1,611","$1,969","$2,300","$2,070","$2,530","$2,550","$2,295","$2,805"
11003,METRO35620MM5600,"New York, NY HUD Metro FMR Area","$1,370","$1,233","$1,507","$1,530","$1,377","$1,683","$1,890","$1,701","$2,079","$2,440","$2,196","$2,684","$2,730","$2,457","$3,003"
11004,METRO35620MM5600,"New York, NY HUD Metro FMR Area","$1,460","$1,314","$1,606","$1,500","$1,350","$1,650","$1,720","$1,548","$1,892","$2,180","$1,962","$2,398","$2,320","$2,088","$2,552"
11005,METRO35620MM5600,"New York, NY HUD Metro FMR Area","$2,340","$2,106","$2,574","$2,400","$2,160","$2,640","$2,750","$2,475","$3,025","$3,490","$3,141","$3,839","$3,720","$3,348","$4,092"
11020,METRO35620MM5600,"New York, NY HUD Metro FMR Area","$1,860","$1,674","$2,046","$2,320","$2,088","$2,552","$2,860","$2,574","$3,146","$3,690","$3,321","$4,059","$4,130","$3,717","$4,543"
11040,METRO35620MM5600,"New York, NY HUD Metro FMR Area","$1,370","$1,233","$1,507","$1,430","$1,287","$1,573","$1,760","$1,584","$1,936","$2,270","$2,043","$2,497","$2,540","$2,286","$2,794"
11101,METRO35620MM5600,"New York, NY HUD Metro FMR Area","$1,860","$1,674","$2,046","$1,910","$1,719","$2,101","$2,190","$1,971","$2,409","$2,780","$2,502","$3,058","$2,960","$2,664","$3,256"
11102,METRO35620MM5600,"New York, NY HUD Metro FMR Area","$1,900","$1,710","$2,090","$1,950","$1,755","$2,145","$2,230","$2,007","$2,453","$2,830","$2,547","$3,113","$3,010","$2,709","$3,311"
11103,METRO35620MM5600,"New York, NY HUD Metro FMR Area","$1,800","$1,620","$1,980","$1,850","$1,665","$2,035","$2,120","$1,908","$2,332","$2,690","$2,421","$2,959","$2,870","$2,583","$3,157"
11104,METRO35620MM5600,"New York, NY HUD Metro FMR Area","$1,770","$1,593","$1,947","$1,820","$1,638","$2,002","$2,080","$1,872","$2,288","$2,640","$2,376","$2,904","$2,810","$2,529","$3,091"
11105,METRO35620MM5600,"New York, NY HUD Metro FMR Area","$1,930","$1,737","$2,123","$1,980","$1,782","$2,178","$2,270","$2,043","$2,497","$2,880","$2,592","$3,168","$3,070","$2,763","$3,377"
11106,METRO35620MM5600,"New York, NY HUD Metro FMR Area","$1,860","$1,674","$2,046","$1,900","$1,710","$2,090","$2,180","$1,962","$2,398","$2,770","$2,493","$3,047","$2,950","$2,655","$3,245"
11109,METRO35620MM5600,"New York, NY HUD Metro FMR Area","$2,340","$2,106","$2,574","$2,400","$2,160","$2,640","$2,750","$2,475","$3,025","$3,490","$3,141","$3,839","$3,720","$3,348","$4,092"
11201,METRO35620MM5600,"New York, NY HUD Metro FMR Area","$2,340","$2,106","$2,574","$2,400","$2,160","$2,640","$2,750","$2,475","$3,025","$3,490","$3,141","$3,839","$3,720","$3,348","$4,092"
11202,METRO35620MM5600,"New York, NY HUD Metro FMR Area","$1,500","$1,350","$1,650","$1,540","$1,386","$1,694","$1,760","$1,584","$1,936","$2,230","$2,007","$2,453","$2,380","$2,142","$2,618"
11203,METRO35620MM5600,"New York, NY HUD Metro FMR Area","$1,480","$1,332","$1,628","$1,520","$1,368","$1,672","$1,740","$1,566","$1,914","$2,210","$1,989","$2,431","$2,350","$2,115","$2,585"
11204,METRO35620MM5600,"New York, NY HUD Metro FMR Area","$1,470","$1,323","$1,617","$1,510","$1,359","$1,661","$1,730","$1,557","$1,903","$2,200","$1,980","$2,420","$2,340","$2,106","$2,574"
11205,METRO35620MM5600,"New York, NY HUD Metro FMR Area","$1,660","$1,494","$1,826","$1,700","$1,530","$1,870","$1,950","$1,755","$2,145","$2,470","$2,223","$2,717","$2,640","$2,376","$2,904"
11206,METRO35620MM5600,"New York, NY HUD Metro FMR Area","$1,390","$1,251","$1,529","$1,420","$1,278","$1,562","$1,630","$1,467","$1,793","$2,070","$1,863","$2,277","$2,200","$1,980","$2,420"
11207,METRO35620MM5600,"New York, NY HUD Metro FMR Area","$1,460","$1,314","$1,606","$1,490","$1,341","$1,639","$1,710","$1,539","$1,881","$2,170","$1,953","$2,387","$2,310","$2,079","$2,541"
11208,METRO35620MM5600,"New York, NY HUD Metro FMR Area","$1,430","$1,287","$1,573","$1,470","$1,323","$1,617","$1,680","$1,512","$1,848","$2,130","$1,917","$2,343","$2,270","$2,043","$2,497"
11209,METRO35620MM5600,"New York, NY HUD Metro FMR Area","$1,790","$1,611","$1,969","$1,830","$1,647","$2,013","$2,100","$1,890","$2,310","$2,670","$2,403","$2,937","$2,840","$2,556","$3,124"
11210,METRO35620MM5600,"New York, NY HUD Metro FMR Area","$1,460","$1,314","$1,606","$1,490","$1,341","$1,639","$1,710","$1,539","$1,881","$2,170","$1,953","$2,387","$2,310","$2,079","$2,541"
11211,METRO35620MM5600,"New York, NY HUD Metro FMR Area","$1,690","$1,521","$1,859","$1,740","$1,566","$1,914","$1,990","$1,791","$2,189","$2,530","$2,277","$2,783","$2,690","$2,421","$2,959"
11212,METRO35620MM5600,"New York, NY HUD Metro FMR Area","$1,410","$1,269","$1,551","$1,450","$1,305","$1,595","$1,660","$1,494","$1,826","$2,110","$1,899","$2,321","$2,240","$2,016","$2,464"
11213,METRO35620MM5600,"New York, NY HUD Metro FMR Area","$1,410","$1,269","$1,551","$1,450","$1,305","$1,595","$1,660","$1,494","$1,826","$2,110","$1,899","$2,321","$2,240","$2,016","$2,464"
11214,METRO35620MM5600,"New York, NY HUD Metro FMR Area","$1,490","$1,341","$1,639","$1,530","$1,377","$1,683","$1,750","$1,575","$1,925","$2,220","$1,998","$2,442","$2,370","$2,133","$2,607"
11215,METRO35620MM5600,"New York, NY HUD Metro FMR Area","$2,340","$2,106","$2,574","$2,400","$2,160","$2,640","$2,750","$2,475","$3,025","$3,490","$3,141","$3,839","$3,720","$3,348","$4,092"
11216,METRO35620MM5600,"New York, NY HUD Metro FMR Area","$1,540","$1,386","$1,694","$1,580","$1,422","$1,738","$1,810","$1,629","$1,991","$2,300","$2,070","$2,530","$2,450","$2,205","$2,695"
11217,METRO35620MM5600,"New York, NY HUD Metro FMR Area","$2,340","$2,106","$2,574","$2,400","$2,160","$2,640","$2,750","$2,475","$3,025","$3,490","$3,141","$3,839","$3,720","$3,348","$4,092"
11218,METRO35620MM5600,"New York, NY HUD Metro FMR Area","$1,700","$1,530","$1,870","$1,750","$1,575","$1,925","$2,000","$1,800","$2,200","$2,540","$2,286","$2,794","$2,700","$2,430","$2,970"
11219,METRO35620MM5600,"New York, NY HUD Metro FMR Area","$1,440","$1,296","$1,584","$1,480","$1,332","$1,628","$1,690","$1,521","$1,859","$2,140","$1,926","$2,354","$2,280","$2,052","$2,508"
11220,METRO35620MM5600,"New York, NY HUD Metro FMR Area","$1,470","$1,323","$1,617","$1,510","$1,359","$1,661","$1,730","$1,557","$1,903","$2,200","$1,980","$2,420","$2,340","$2,106","$2,574"
11221,METRO35620MM5600,"New York, NY HUD Metro FMR Area","$1,450","$1,305","$1,595","$1,480","$1,332","$1,628","$1,700","$1,530","$1,870","$2,160","$1,944","$2,376","$2,300","$2,070","$2,530"
11222,METRO35620MM5600,"New York, NY HUD Metro FMR Area","$1,860","$1,674","$2,046","$1,900","$1,710","$2,090","$2,180","$1,962","$2,398","$2,770","$2,493","$3,047","$2,950","$2,655","$3,245"
11223,METRO35620MM5600,"New York, NY HUD Metro FMR Area","$1,560","$1,404","$1,716","$1,600","$1,440","$1,760","$1,830","$1,647","$2,013","$2,320","$2,088","$2,552","$2,470","$2,223","$2,717"
11224,METRO35620MM5600,"New York, NY HUD Metro FMR Area","$1,370","$1,233","$1,507","$1,410","$1,269","$1,551","$1,620","$1,458","$1,782","$2,060","$1,854","$2,266","$2,200","$1,980","$2,420"
11225,METRO35620MM5600,"New York, NY HUD Metro FMR Area","$1,450","$1,305","$1,595","$1,480","$1,332","$1,628","$1,700","$1,530","$1,870","$2,160","$1,944","$2,376","$2,300","$2,070","$2,530"
11226,METRO35620MM5600,"New York, NY HUD Metro FMR Area","$1,490","$1,341","$1,639","$1,530","$1,377","$1,683","$1,750","$1,575","$1,925","$2,220","$1,998","$2,442","$2,370","$2,133","$2,607"
11228,METRO35620MM5600,"New York, NY HUD Metro FMR Area","$1,610","$1,449","$1,771","$1,650","$1,485","$1,815","$1,890","$1,701","$2,079","$2,400","$2,160","$2,640","$2,550","$2,295","$2,805"
11229,METRO35620MM5600,"New York, NY HUD Metro FMR Area","$1,550","$1,395","$1,705","$1,590","$1,431","$1,749","$1,820","$1,638","$2,002","$2,310","$2,079","$2,541","$2,460","$2,214","$2,706"
11230,METRO35620MM5600,"New York, NY HUD Metro FMR Area","$1,620","$1,458","$1,782","$1,660","$1,494","$1,826","$1,900","$1,710","$2,090","$2,410","$2,169","$2,651","$2,570","$2,313","$2,827"
11231,METRO35620MM5600,"New York, NY HUD Metro FMR Area","$2,310","$2,079","$2,541","$2,370","$2,133","$2,607","$2,710","$2,439","$2,981","$3,440","$3,096","$3,784","$3,660","$3,294","$4,026"
11232,METRO35620MM5600,"New York, NY HUD Metro FMR Area","$1,580","$1,422","$1,738","$1,620","$1,458","$1,782","$1,850","$1,665","$2,035","$2,350","$2,115","$2,585","$2,500","$2,250","$2,750"
11233,METRO35620MM5600,"New York, NY HUD Metro FMR Area","$1,460","$1,314","$1,606","$1,490","$1,341","$1,639","$1,710","$1,539","$1,881","$2,170","$1,953","$2,387","$2,310","$2,079","$2,541"
11234,METRO35620MM5600,"New York, NY HUD Metro FMR Area","$1,610","$1,449","$1,771","$1,650","$1,485","$1,815","$1,890","$1,701","$2,079","$2,400","$2,160","$2,640","$2,550","$2,295","$2,805"
11235,METRO35620MM5600,"New York, NY HUD Metro FMR Area","$1,660","$1,494","$1,826","$1,700","$1,530","$1,870","$1,950","$1,755","$2,145","$2,470","$2,223","$2,717","$2,640","$2,376","$2,904"
11236,METRO35620MM5600,"New York, NY HUD Metro FMR Area","$1,580","$1,422","$1,738","$1,620","$1,458","$1,782","$1,850","$1,665","$2,035","$2,350","$2,115","$2,585","$2,500","$2,250","$2,750"
11237,METRO35620MM5600,"New York, NY HUD Metro FMR Area","$1,460","$1,314","$1,606","$1,500","$1,350","$1,650","$1,720","$1,548","$1,892","$2,180","$1,962","$2,398","$2,320","$2,088","$2,552"
11238,METRO35620MM5600,"New York, NY HUD Metro FMR Area","$1,770","$1,593","$1,947","$1,820","$1,638","$2,002","$2,080","$1,872","$2,288","$2,640","$2,376","$2,904","$2,810","$2,529","$3,091"
11239,METRO35620MM5600,"New York, NY HUD Metro FMR Area","$1,370","$1,233","$1,507","$1,410","$1,269","$1,551","$1,620","$1,458","$1,782","$2,060","$1,854","$2,266","$2,200","$1,980","$2,420"
11243,METRO35620MM5600,"New York, NY HUD Metro FMR Area","$1,500","$1,350","$1,650","$1,540","$1,386","$1,694","$1,760","$1,584","$1,936","$2,230","$2,007","$2,453","$2,380","$2,142","$2,618"
11247,METRO35620MM5600,"New York, NY HUD Metro FMR Area","$1,500","$1,350","$1,650","$1,540","$1,386","$1,694","$1,760","$1,584","$1,936","$2,230","$2,007","$2,453","$2,380","$2,142","$2,618"
11249,METRO35620MM5600,"New York, NY HUD Metro FMR Area","$1,500","$1,350","$1,650","$1,540","$1,386","$1,694","$1,760","$1,584","$1,936","$2,230","$2,007","$2,453","$2,380","$2,142","$2,618"
11351,METRO35620MM5600,"New York, NY HUD Metro FMR Area","$1,590","$1,431","$1,749","$1,630","$1,467","$1,793","$1,870","$1,683","$2,057","$2,370","$2,133","$2,607","$2,530","$2,277","$2,783"
11352,METRO35620MM5600,"New York, NY HUD Metro FMR Area","$1,590","$1,431","$1,749","$1,630","$1,467","$1,793","$1,870","$1,683","$2,057","$2,370","$2,133","$2,607","$2,530","$2,277","$2,783"
11354,METRO35620MM5600,"New York, NY HUD Metro FMR Area","$1,750","$1,575","$1,925","$1,800","$1,620","$1,980","$2,060","$1,854","$2,266","$2,610","$2,349","$2,871","$2,780","$2,502","$3,058"
11355,METRO35620MM5600,"New York, NY HUD Metro FMR Area","$1,590","$1,431","$1,749","$1,630","$1,467","$1,793","$1,870","$1,683","$2,057","$2,370","$2,133","$2,607","$2,530","$2,277","$2,783"
11356,METRO35620MM5600,"New York, NY HUD Metro FMR Area","$1,710","$1,539","$1,881","$1,760","$1,584","$1,936","$2,010","$1,809","$2,211","$2,550","$2,295","$2,805","$2,720","$2,448","$2,992"
11357,METRO35620MM5600,"New York, NY HUD Metro FMR Area","$1,810","$1,629","$1,991","$1,860","$1,674","$2,046","$2,130","$1,917","$2,343","$2,700","$2,430","$2,970","$2,880","$2,592","$3,168"
11358,METRO35620MM5600,"New York, NY HUD Metro FMR Area","$1,890","$1,701","$2,079","$1,940","$1,746","$2,134","$2,220","$1,998","$2,442","$2,820","$2,538","$3,102","$3,000","$2,700","$3,300"
11359,METRO35620MM5600,"New York, NY HUD Metro FMR Area","$1,590","$1,431","$1,749","$1,630","$1,467","$1,793","$1,870","$1,683","$2,057","$2,370","$2,133","$2,607","$2,530","$2,277","$2,783"
11360,METRO35620MM5600,"New York, NY HUD Metro FMR Area","$2,250","$2,025","$2,475","$2,310","$2,079","$2,541","$2,640","$2,376","$2,904","$3,350","$3,015","$3,685","$3,570","$3,213","$3,927"
11361,METRO35620MM5600,"New York, NY HUD Metro FMR Area","$1,980","$1,782","$2,178","$2,030","$1,827","$2,233","$2,320","$2,088","$2,552","$2,940","$2,646","$3,234","$3,140","$2,826","$3,454"
11362,METRO35620MM5600,"New York, NY HUD Metro FMR Area","$2,010","$1,809","$2,211","$2,060","$1,854","$2,266","$2,360","$2,124","$2,596","$3,000","$2,700","$3,300","$3,190","$2,871","$3,509"
11363,METRO35620MM5600,"New York, NY HUD Metro FMR Area","$1,940","$1,746","$2,134","$1,990","$1,791","$2,189","$2,280","$2,052","$2,508","$2,890","$2,601","$3,179","$3,080","$2,772","$3,388"
11364,METRO35620MM5600,"New York, NY HUD Metro FMR Area","$1,820","$1,638","$2,002","$1,870","$1,683","$2,057","$2,140","$1,926","$2,354","$2,720","$2,448","$2,992","$2,890","$2,601","$3,179"
11365,METRO35620MM5600,"New York, NY HUD Metro FMR Area","$1,610","$1,449","$1,771","$1,650","$1,485","$1,815","$1,890","$1,701","$2,079","$2,400","$2,160","$2,640","$2,550","$2,295","$2,805"
11366,METRO35620MM5600,"New York, NY HUD Metro FMR Area","$1,830","$1,647","$2,013","$1,880","$1,692","$2,068","$2,150","$1,935","$2,365","$2,730","$2,457","$3,003","$2,910","$2,619","$3,201"
11367,METRO35620MM5600,"New York, NY HUD Metro FMR Area","$1,560","$1,404","$1,716","$1,600","$1,440","$1,760","$1,830","$1,647","$2,013","$2,320","$2,088","$2,552","$2,470","$2,223","$2,717"
11368,METRO35620MM5600,"New York, NY HUD Metro FMR Area","$1,700","$1,530","$1,870","$1,750","$1,575","$1,925","$2,000","$1,800","$2,200","$2,540","$2,286","$2,794","$2,700","$2,430","$2,970"
11369,METRO35620MM5600,"New York, NY HUD Metro FMR Area","$1,640","$1,476","$1,804","$1,690","$1,521","$1,859","$1,930","$1,737","$2,123","$2,450","$2,205","$2,695","$2,610","$2,349","$2,871"
11370,METRO35620MM5600,"New York, NY HUD Metro FMR Area","$1,770","$1,593","$1,947","$1,820","$1,638","$2,002","$2,080","$1,872","$2,288","$2,640","$2,376","$2,904","$2,810","$2,529","$3,091"
11371,METRO35620MM5600,"New York, NY HUD Metro FMR Area","$1,590","$1,431","$1,749","$1,630","$1,467","$1,793","$1,870","$1,683","$2,057","$2,370","$2,133","$2,607","$2,530","$2,277","$2,783"
11372,METRO35620MM5600,"New York, NY HUD Metro FMR Area","$1,650","$1,485","$1,815","$1,690","$1,521","$1,859","$1,940","$1,746","$2,134","$2,460","$2,214","$2,706","$2,620","$2,358","$2,882"
11373,METRO35620MM5600,"New York, NY HUD Metro FMR Area","$1,740","$1,566","$1,914","$1,780","$1,602","$1,958","$2,040","$1,836","$2,244","$2,590","$2,331","$2,849","$2,760","$2,484","$3,036"
11374,METRO35620MM5600,"New York, NY HUD Metro FMR Area","$1,740","$1,566","$1,914","$1,780","$1,602","$1,958","$2,040","$1,836","$2,244","$2,590","$2,331","$2,849","$2,760","$2,484","$3,036"
11375,METRO35620MM5600,"New York, NY HUD Metro FMR Area","$1,980","$1,782","$2,178","$2,040","$1,836","$2,244","$2,330","$2,097","$2,563","$2,960","$2,664","$3,256","$3,150","$2,835","$3,465"
11377,METRO35620MM5600,"New York, NY HUD Metro FMR Area","$1,700","$1,530","$1,870","$1,750","$1,575","$1,925","$2,000","$1,800","$2,200","$2,540","$2,286","$2,794","$2,700","$2,430","$2,970"
11378,METRO35620MM5600,"New York, NY HUD Metro FMR Area","$1,650","$1,485","$1,815","$1,690","$1,521","$1,859","$1,940","$1,746","$2,134","$2,460","$2,214","$2,706","$2,620","$2,358","$2,882"
11379,METRO35620MM5600,"New York, NY HUD Metro FMR Area","$1,660","$1,494","$1,826","$1,700","$1,530","$1,870","$1,950","$1,755","$2,145","$2,470","$2,223","$2,717","$2,640","$2,376","$2,904"
11380,METRO35620MM5600,"New York, NY HUD Metro FMR Area","$1,590","$1,431","$1,749","$1,630","$1,467","$1,793","$1,870","$1,683","$2,057","$2,370","$2,133","$2,607","$2,530","$2,277","$2,783"
11385,METRO35620MM5600,"New York, NY HUD Metro FMR Area","$1,510","$1,359","$1,661","$1,550","$1,395","$1,705","$1,770","$1,593","$1,947","$2,250","$2,025","$2,475","$2,390","$2,151","$2,629"
11386,METRO35620MM5600,"New York, NY HUD Metro FMR Area","$1,590","$1,431","$1,749","$1,630","$1,467","$1,793","$1,870","$1,683","$2,057","$2,370","$2,133","$2,607","$2,530","$2,277","$2,783"
11411,METRO35620MM5600,"New York, NY HUD Metro FMR Area","$1,620","$1,458","$1,782","$1,660","$1,494","$1,826","$1,900","$1,710","$2,090","$2,410","$2,169","$2,651","$2,570","$2,313","$2,827"
11412,METRO35620MM5600,"New York, NY HUD Metro FMR Area","$1,520","$1,368","$1,672","$1,560","$1,404","$1,716","$1,790","$1,611","$1,969","$2,270","$2,043","$2,497","$2,420","$2,178","$2,662"
11413,METRO35620MM5600,"New York, NY HUD Metro FMR Area","$1,640","$1,476","$1,804","$1,690","$1,521","$1,859","$1,930","$1,737","$2,123","$2,450","$2,205","$2,695","$2,610","$2,349","$2,871"
11414,METRO35620MM5600,"New York, NY HUD Metro FMR Area","$1,730","$1,557","$1,903","$1,770","$1,593","$1,947","$2,030","$1,827","$2,233","$2,580","$2,322","$2,838","$2,740","$2,466","$3,014"
11415,METRO35620MM5600,"New York, NY HUD Metro FMR Area","$1,770","$1,593","$1,947","$1,820","$1,638","$2,002","$2,080","$1,872","$2,288","$2,640","$2,376","$2,904","$2,810","$2,529","$3,091"
11416,METRO35620MM5600,"New York, NY HUD Metro FMR Area","$1,560","$1,404","$1,716","$1,600","$1,440","$1,760","$1,830","$1,647","$2,013","$2,320","$2,088","$2,552","$2,470","$2,223","$2,717"
11417,METRO35620MM5600,"New York, NY HUD Metro FMR Area","$1,620","$1,458","$1,782","$1,660","$1,494","$1,826","$1,900","$1,710","$2,090","$2,410","$2,169","$2,651","$2,570","$2,313","$2,827"
11418,METRO35620MM5600,"New York, NY HUD Metro FMR Area","$1,600","$1,440","$1,760","$1,640","$1,476","$1,804","$1,880","$1,692","$2,068","$2,390","$2,151","$2,629","$2,540","$2,286","$2,794"
11419,METRO35620MM5600,"New York, NY HUD Metro FMR Area","$1,580","$1,422","$1,738","$1,620","$1,458","$1,782","$1,850","$1,665","$2,035","$2,350","$2,115","$2,585","$2,500","$2,250","$2,750"
11420,METRO35620MM5600,"New York, NY HUD Metro FMR Area","$1,610","$1,449","$1,771","$1,650","$1,485","$1,815","$1,890","$1,701","$2,079","$2,400","$2,160","$2,640","$2,550","$2,295","$2,805"
11421,METRO35620MM5600,"New York, NY HUD Metro FMR Area","$1,630","$1,467","$1,793","$1,680","$1,512","$1,848","$1,920","$1,728","$2,112","$2,440","$2,196","$2,684","$2,600","$2,340","$2,860"
11422,METRO35620MM5600,"New York, NY HUD Metro FMR Area","$1,800","$1,620","$1,980","$1,840","$1,656","$2,024","$2,110","$1,899","$2,321","$2,680","$2,412","$2,948","$2,850","$2,565","$3,135"
11423,METRO35620MM5600,"New York, NY HUD Metro FMR Area","$1,450","$1,305","$1,595","$1,480","$1,332","$1,628","$1,700","$1,530","$1,870","$2,160","$1,944","$2,376","$2,300","$2,070","$2,530"
11424,METRO35620MM5600,"New York, NY HUD Metro FMR Area","$1,590","$1,431","$1,749","$1,630","$1,467","$1,793","$1,870","$1,683","$2,057","$2,370","$2,133","$2,607","$2,530","$2,277","$2,783"
11425,METRO35620MM5600,"New York, NY HUD Metro FMR Area","$1,500","$1,350","$1,650","$1,540","$1,386","$1,694","$1,760","$1,584","$1,936","$2,230","$2,007","$2,453","$2,380","$2,142","$2,618"
11426,METRO35620MM5600,"New York, NY HUD Metro FMR Area","$1,700","$1,530","$1,870","$1,750","$1,575","$1,925","$2,000","$1,800","$2,200","$2,540","$2,286","$2,794","$2,700","$2,430","$2,970"
11427,METRO35620MM5600,"New York, NY HUD Metro FMR Area","$1,470","$1,323","$1,617","$1,510","$1,359","$1,661","$1,730","$1,557","$1,903","$2,200","$1,980","$2,420","$2,340","$2,106","$2,574"
11428,METRO35620MM5600,"New York, NY HUD Metro FMR Area","$1,590","$1,431","$1,749","$1,630","$1,467","$1,793","$1,870","$1,683","$2,057","$2,370","$2,133","$2,607","$2,530","$2,277","$2,783"
11429,METRO35620MM5600,"New York, NY HUD Metro FMR Area","$1,570","$1,413","$1,727","$1,610","$1,449","$1,771","$1,840","$1,656","$2,024","$2,340","$2,106","$2,574","$2,490","$2,241","$2,739"
11430,METRO35620MM5600,"New York, NY HUD Metro FMR Area","$1,590","$1,431","$1,749","$1,630","$1,467","$1,793","$1,870","$1,683","$2,057","$2,370","$2,133","$2,607","$2,530","$2,277","$2,783"
11431,METRO35620MM5600,"New York, NY HUD Metro FMR Area","$1,590","$1,431","$1,749","$1,630","$1,467","$1,793","$1,870","$1,683","$2,057","$2,370","$2,133","$2,607","$2,530","$2,277","$2,783"
11432,METRO35620MM5600,"New York, NY HUD Metro FMR Area","$1,670","$1,503","$1,837","$1,710","$1,539","$1,881","$1,960","$1,764","$2,156","$2,490","$2,241","$2,739","$2,650","$2,385","$2,915"
11433,METRO35620MM5600,"New York, NY HUD Metro FMR Area","$1,500","$1,350","$1,650","$1,540","$1,386","$1,694","$1,760","$1,584","$1,936","$2,230","$2,007","$2,453","$2,380","$2,142","$2,618"
11434,METRO35620MM5600,"New York, NY HUD Metro FMR Area","$1,370","$1,233","$1,507","$1,410","$1,269","$1,551","$1,620","$1,458","$1,782","$2,060","$1,854","$2,266","$2,200","$1,980","$2,420"
11435,METRO35620MM5600,"New York, NY HUD Metro FMR Area","$1,580","$1,422","$1,738","$1,620","$1,458","$1,782","$1,860","$1,674","$2,046","$2,360","$2,124","$2,596","$2,510","$2,259","$2,761"
11436,METRO35620MM5600,"New York, NY HUD Metro FMR Area","$1,670","$1,503","$1,837","$1,710","$1,539","$1,881","$1,960","$1,764","$2,156","$2,490","$2,241","$2,739","$2,650","$2,385","$2,915"
11439,METRO35620MM5600,"New York, NY HUD Metro FMR Area","$1,590","$1,431","$1,749","$1,630","$1,467","$1,793","$1,870","$1,683","$2,057","$2,370","$2,133","$2,607","$2,530","$2,277","$2,783"
11451,METRO35620MM5600,"New York, NY HUD Metro FMR Area","$1,590","$1,431","$1,749","$1,630","$1,467","$1,793","$1,870","$1,683","$2,057","$2,370","$2,133","$2,607","$2,530","$2,277","$2,783"
11559,METRO35620MM5600,"New York, NY HUD Metro FMR Area","$1,370","$1,233","$1,507","$1,620","$1,458","$1,782","$1,990","$1,791","$2,189","$2,570","$2,313","$2,827","$2,880","$2,592","$3,168"
11580,METRO35620MM5600,"New York, NY HUD Metro FMR Area","$1,370","$1,233","$1,507","$1,450","$1,305","$1,595","$1,780","$1,602","$1,958","$2,300","$2,070","$2,530","$2,570","$2,313","$2,827"
11691,METRO35620MM5600,"New York, NY HUD Metro FMR Area","$1,520","$1,368","$1,672","$1,560","$1,404","$1,716","$1,790","$1,611","$1,969","$2,270","$2,043","$2,497","$2,420","$2,178","$2,662"
11692,METRO35620MM5600,"New York, NY HUD Metro FMR Area","$1,370","$1,233","$1,507","$1,410","$1,269","$1,551","$1,620","$1,458","$1,782","$2,060","$1,854","$2,266","$2,200","$1,980","$2,420"
11693,METRO35620MM5600,"New York, NY HUD Metro FMR Area","$1,370","$1,233","$1,507","$1,410","$1,269","$1,551","$1,620","$1,458","$1,782","$2,060","$1,854","$2,266","$2,200","$1,980","$2,420"
11694,METRO35620MM5600,"New York, NY HUD Metro FMR Area","$1,410","$1,269","$1,551","$1,450","$1,305","$1,595","$1,660","$1,494","$1,826","$2,110","$1,899","$2,321","$2,240","$2,016","$2,464"
11697,METRO35620MM5600,"New York, NY HUD Metro FMR Area","$1,590","$1,431","$1,749","$1,630","$1,467","$1,793","$1,870","$1,683","$2,057","$2,370","$2,133","$2,607","$2,530","$2,277","$2,783"
12524,METRO35620MM5600,"New York, NY HUD Metro FMR Area","$1,370","$1,233","$1,507","$1,410","$1,269","$1,551","$1,620","$1,458","$1,782","$2,060","$1,854","$2,266","$2,270","$2,043","$2,497"
12531,METRO35620MM5600,"New York, NY HUD Metro FMR Area","$1,370","$1,233","$1,507","$1,410","$1,269","$1,551","$1,620","$1,458","$1,782","$2,060","$1,854","$2,266","$2,360","$2,124","$2,596"
12533,METRO35620MM5600,"New York, NY HUD Metro FMR Area","$1,370","$1,233","$1,507","$1,410","$1,269","$1,551","$1,620","$1,458","$1,782","$2,060","$1,854","$2,266","$2,200","$1,980","$2,420"
12563,METRO35620MM5600,"New York, NY HUD Metro FMR Area","$1,380","$1,242","$1,518","$1,420","$1,278","$1,562","$1,620","$1,458","$1,782","$2,060","$1,854","$2,266","$2,200","$1,980","$2,420"
12564,METRO35620MM5600,"New York, NY HUD Metro FMR Area","$1,370","$1,233","$1,507","$1,410","$1,269","$1,551","$1,620","$1,458","$1,782","$2,060","$1,854","$2,266","$2,200","$1,980","$2,420"
12582,METRO35620MM5600,"New York, NY HUD Metro FMR Area","$1,370","$1,233","$1,507","$1,410","$1,269","$1,551","$1,620","$1,458","$1,782","$2,060","$1,854","$2,266","$2,360","$2,124","$2,596"
13143,METRO40380M40380,"Rochester, NY HUD Metro FMR Area",$570,$513,$627,$670,$603,$737,$840,$756,$924,"$1,050",$945,"$1,155","$1,140","$1,026","$1,254"
13146,METRO40380M40380,"Rochester, NY HUD Metro FMR Area",$640,$576,$704,$750,$675,$825,$940,$846,"$1,034","$1,180","$1,062","$1,298","$1,270","$1,143","$1,397"
13148,METRO40380M40380,"Rochester, NY HUD Metro FMR Area",$580,$522,$638,$680,$612,$748,$850,$765,$935,"$1,060",$954,"$1,166","$1,150","$1,035","$1,265"
13154,METRO40380M40380,"Rochester, NY HUD Metro FMR Area",$580,$522,$638,$680,$612,$748,$850,$765,$935,"$1,060",$954,"$1,166","$1,150","$1,035","$1,265"
13156,METRO40380M40380,"Rochester, NY HUD Metro FMR Area",$570,$513,$627,$670,$603,$737,$840,$756,$924,"$1,050",$945,"$1,155","$1,160","$1,044","$1,276"
13165,METRO40380M40380,"Rochester, NY HUD Metro FMR Area",$580,$522,$638,$680,$612,$748,$850,$765,$935,"$1,060",$954,"$1,166","$1,150","$1,035","$1,265"
14012,METRO40380M40380,"Rochester, NY HUD Metro FMR Area",$620,$558,$682,$670,$603,$737,$840,$756,$924,"$1,050",$945,"$1,155","$1,140","$1,026","$1,254"
14058,METRO40380M40380,"Rochester, NY HUD Metro FMR Area",$570,$513,$627,$670,$603,$737,$840,$756,$924,"$1,050",$945,"$1,155","$1,140","$1,026","$1,254"
14098,METRO40380M40380,"Rochester, NY HUD Metro FMR Area",$630,$567,$693,$730,$657,$803,$920,$828,"$1,012","$1,150","$1,035","$1,265","$1,240","$1,116","$1,364"
14103,METRO40380M40380,"Rochester, NY HUD Metro FMR Area",$570,$513,$627,$670,$603,$737,$840,$756,$924,"$1,050",$945,"$1,155","$1,140","$1,026","$1,254"
14105,METRO40380M40380,"Rochester, NY HUD Metro FMR Area",$580,$522,$638,$670,$603,$737,$840,$756,$924,"$1,050",$945,"$1,155","$1,140","$1,026","$1,254"
14125,METRO40380M40380,"Rochester, NY HUD Metro FMR Area",$570,$513,$627,$670,$603,$737,$840,$756,$924,"$1,050",$945,"$1,155","$1,140","$1,026","$1,254"
14411,METRO40380M40380,"Rochester, NY HUD Metro FMR Area",$570,$513,$627,$670,$603,$737,$840,$756,$924,"$1,050",$945,"$1,155","$1,140","$1,026","$1,254"
14413,METRO40380M40380,"Rochester, NY HUD Metro FMR Area",$580,$522,$638,$680,$612,$748,$850,$765,$935,"$1,060",$954,"$1,166","$1,150","$1,035","$1,265"
14414,METRO40380M40380,"Rochester, NY HUD Metro FMR Area",$630,$567,$693,$730,$657,$803,$920,$828,"$1,012","$1,150","$1,035","$1,265","$1,240","$1,116","$1,364"
14416,METRO40380M40380,"Rochester, NY HUD Metro FMR Area",$600,$540,$660,$700,$630,$770,$880,$792,$968,"$1,100",$990,"$1,210","$1,190","$1,071","$1,309"
14420,METRO40380M40380,"Rochester, NY HUD Metro FMR Area",$640,$576,$704,$740,$666,$814,$930,$837,"$1,023","$1,170","$1,053","$1,287","$1,260","$1,134","$1,386"
14422,METRO40380M40380,"Rochester, NY HUD Metro FMR Area",$570,$513,$627,$670,$603,$737,$840,$756,$924,"$1,050",$945,"$1,155","$1,140","$1,026","$1,254"
14423,METRO40380M40380,"Rochester, NY HUD Metro FMR Area",$570,$513,$627,$670,$603,$737,$840,$756,$924,"$1,050",$945,"$1,155","$1,140","$1,026","$1,254"
14424,METRO40380M40380,"Rochester, NY HUD Metro FMR Area",$680,$612,$748,$790,$711,$869,$990,$891,"$1,089","$1,240","$1,116","$1,364","$1,340","$1,206","$1,474"
14425,METRO40380M40380,"Rochester, NY HUD Metro FMR Area",$800,$720,$880,$930,$837,"$1,023","$1,170","$1,053","$1,287","$1,470","$1,323","$1,617","$1,580","$1,422","$1,738"
14428,METRO40380M40380,"Rochester, NY HUD Metro FMR Area",$800,$720,$880,$930,$837,"$1,023","$1,170","$1,053","$1,287","$1,470","$1,323","$1,617","$1,580","$1,422","$1,738"
14432,METRO40380M40380,"Rochester, NY HUD Metro FMR Area",$590,$531,$649,$690,$621,$759,$870,$783,$957,"$1,090",$981,"$1,199","$1,180","$1,062","$1,298"
14433,METRO40380M40380,"Rochester, NY HUD Metro FMR Area",$620,$558,$682,$720,$648,$792,$900,$810,$990,"$1,130","$1,017","$1,243","$1,220","$1,098","$1,342"
14435,METRO40380M40380,"Rochester, NY HUD Metro FMR Area",$680,$612,$748,$800,$720,$880,"$1,000",$900,"$1,100","$1,250","$1,125","$1,375","$1,350","$1,215","$1,485"
14437,METRO40380M40380,"Rochester, NY HUD Metro FMR Area",$570,$513,$627,$670,$603,$737,$840,$756,$924,"$1,050",$945,"$1,155","$1,140","$1,026","$1,254"
14445,METRO40380M40380,"Rochester, NY HUD Metro FMR Area",$660,$594,$726,$770,$693,$847,$970,$873,"$1,067","$1,220","$1,098","$1,342","$1,310","$1,179","$1,441"
14450,METRO40380M40380,"Rochester, NY HUD Metro FMR Area",$740,$666,$814,$860,$774,$946,"$1,080",$972,"$1,188","$1,350","$1,215","$1,485","$1,460","$1,314","$1,606"
14453,METRO40380M40380,"Rochester, NY HUD Metro FMR Area",$640,$576,$704,$750,$675,$825,$940,$846,"$1,034","$1,180","$1,062","$1,298","$1,270","$1,143","$1,397"
14454,METRO40380M40380,"Rochester, NY HUD Metro FMR Area",$610,$549,$671,$710,$639,$781,$890,$801,$979,"$1,120","$1,008","$1,232","$1,200","$1,080","$1,320"
14456,METRO40380M40380,"Rochester, NY HUD Metro FMR Area",$580,$522,$638,$680,$612,$748,$850,$765,$935,"$1,060",$954,"$1,166","$1,150","$1,035","$1,265"
14461,METRO40380M40380,"Rochester, NY HUD Metro FMR Area",$640,$576,$704,$750,$675,$825,$940,$846,"$1,034","$1,180","$1,062","$1,298","$1,270","$1,143","$1,397"
14462,METRO40380M40380,"Rochester, NY HUD Metro FMR Area",$610,$549,$671,$710,$639,$781,$890,$801,$979,"$1,120","$1,008","$1,232","$1,200","$1,080","$1,320"
14463,METRO40380M40380,"Rochester, NY HUD Metro FMR Area",$640,$576,$704,$750,$675,$825,$940,$846,"$1,034","$1,180","$1,062","$1,298","$1,270","$1,143","$1,397"
14464,METRO40380M40380,"Rochester, NY HUD Metro FMR Area",$600,$540,$660,$700,$630,$770,$880,$792,$968,"$1,100",$990,"$1,210","$1,190","$1,071","$1,309"
14466,METRO40380M40380,"Rochester, NY HUD Metro FMR Area",$570,$513,$627,$670,$603,$737,$840,$756,$924,"$1,050",$945,"$1,155","$1,140","$1,026","$1,254"
14467,METRO40380M40380,"Rochester, NY HUD Metro FMR Area",$710,$639,$781,$830,$747,$913,"$1,040",$936,"$1,144","$1,300","$1,170","$1,430","$1,410","$1,269","$1,551"
14468,METRO40380M40380,"Rochester, NY HUD Metro FMR Area",$700,$630,$770,$810,$729,$891,"$1,020",$918,"$1,122","$1,280","$1,152","$1,408","$1,380","$1,242","$1,518"
14469,METRO40380M40380,"Rochester, NY HUD Metro FMR Area",$570,$513,$627,$670,$603,$737,$840,$756,$924,"$1,050",$945,"$1,155","$1,140","$1,026","$1,254"
14470,METRO40380M40380,"Rochester, NY HUD Metro FMR Area",$570,$513,$627,$670,$603,$737,$840,$756,$924,"$1,050",$945,"$1,155","$1,140","$1,026","$1,254"
14471,METRO40380M40380,"Rochester, NY HUD Metro FMR Area",$810,$729,$891,$940,$846,"$1,034","$1,180","$1,062","$1,298","$1,480","$1,332","$1,628","$1,600","$1,440","$1,760"
14472,METRO40380M40380,"Rochester, NY HUD Metro FMR Area",$630,$567,$693,$730,$657,$803,$920,$828,"$1,012","$1,150","$1,035","$1,265","$1,240","$1,116","$1,364"
14475,METRO40380M40380,"Rochester, NY HUD Metro FMR Area",$640,$576,$704,$750,$675,$825,$940,$846,"$1,034","$1,180","$1,062","$1,298","$1,270","$1,143","$1,397"
14476,METRO40380M40380,"Rochester, NY HUD Metro FMR Area",$570,$513,$627,$670,$603,$737,$840,$756,$924,"$1,050",$945,"$1,155","$1,140","$1,026","$1,254"
14477,METRO40380M40380,"Rochester, NY HUD Metro FMR Area",$570,$513,$627,$670,$603,$737,$840,$756,$924,"$1,050",$945,"$1,155","$1,140","$1,026","$1,254"
14479,METRO40380M40380,"Rochester, NY HUD Metro FMR Area",$570,$513,$627,$670,$603,$737,$840,$756,$924,"$1,050",$945,"$1,155","$1,140","$1,026","$1,254"
14480,METRO40380M40380,"Rochester, NY HUD Metro FMR Area",$660,$594,$726,$770,$693,$847,$970,$873,"$1,067","$1,220","$1,098","$1,342","$1,310","$1,179","$1,441"
14481,METRO40380M40380,"Rochester, NY HUD Metro FMR Area",$610,$549,$671,$710,$639,$781,$890,$801,$979,"$1,120","$1,008","$1,232","$1,200","$1,080","$1,320"
14482,METRO40380M40380,"Rochester, NY HUD Metro FMR Area",$590,$531,$649,$690,$621,$759,$860,$774,$946,"$1,080",$972,"$1,188","$1,160","$1,044","$1,276"
14485,METRO40380M40380,"Rochester, NY HUD Metro FMR Area",$570,$513,$627,$670,$603,$737,$840,$756,$924,"$1,050",$945,"$1,155","$1,140","$1,026","$1,254"
14486,METRO40380M40380,"Rochester, NY HUD Metro FMR Area",$580,$522,$638,$680,$612,$748,$850,$765,$935,"$1,060",$954,"$1,166","$1,150","$1,035","$1,265"
14487,METRO40380M40380,"Rochester, NY HUD Metro FMR Area",$640,$576,$704,$750,$675,$825,$940,$846,"$1,034","$1,180","$1,062","$1,298","$1,270","$1,143","$1,397"
14489,METRO40380M40380,"Rochester, NY HUD Metro FMR Area",$570,$513,$627,$670,$603,$737,$840,$756,$924,"$1,050",$945,"$1,155","$1,140","$1,026","$1,254"
14502,METRO40380M40380,"Rochester, NY HUD Metro FMR Area",$590,$531,$649,$690,$621,$759,$860,$774,$946,"$1,080",$972,"$1,188","$1,160","$1,044","$1,276"
14504,METRO40380M40380,"Rochester, NY HUD Metro FMR Area",$670,$603,$737,$780,$702,$858,$980,$882,"$1,078","$1,230","$1,107","$1,353","$1,320","$1,188","$1,452"
14505,METRO40380M40380,"Rochester, NY HUD Metro FMR Area",$580,$522,$638,$680,$612,$748,$850,$765,$935,"$1,060",$954,"$1,166","$1,150","$1,035","$1,265"
14506,METRO40380M40380,"Rochester, NY HUD Metro FMR Area",$660,$594,$726,$770,$693,$847,$970,$873,"$1,067","$1,220","$1,098","$1,342","$1,310","$1,179","$1,441"
14510,METRO40380M40380,"Rochester, NY HUD Metro FMR Area",$570,$513,$627,$670,$603,$737,$840,$756,$924,"$1,050",$945,"$1,155","$1,140","$1,026","$1,254"
14511,METRO40380M40380,"Rochester, NY HUD Metro FMR Area",$660,$594,$726,$770,$693,$847,$970,$873,"$1,067","$1,220","$1,098","$1,342","$1,310","$1,179","$1,441"
14512,METRO40380M40380,"Rochester, NY HUD Metro FMR Area",$570,$513,$627,$670,$603,$737,$840,$756,$924,"$1,050",$945,"$1,155","$1,140","$1,026","$1,254"
14513,METRO40380M40380,"Rochester, NY HUD Metro FMR Area",$570,$513,$627,$670,$603,$737,$840,$756,$924,"$1,050",$945,"$1,155","$1,140","$1,026","$1,254"
14514,METRO40380M40380,"Rochester, NY HUD Metro FMR Area",$670,$603,$737,$780,$702,$858,$980,$882,"$1,078","$1,230","$1,107","$1,353","$1,320","$1,188","$1,452"
14515,METRO40380M40380,"Rochester, NY HUD Metro FMR Area",$660,$594,$726,$770,$693,$847,$970,$873,"$1,067","$1,220","$1,098","$1,342","$1,310","$1,179","$1,441"
14516,METRO40380M40380,"Rochester, NY HUD Metro FMR Area",$610,$549,$671,$710,$639,$781,$890,$801,$979,"$1,120","$1,008","$1,232","$1,200","$1,080","$1,320"
14517,METRO40380M40380,"Rochester, NY HUD Metro FMR Area",$570,$513,$627,$670,$603,$737,$840,$756,$924,"$1,050",$945,"$1,155","$1,140","$1,026","$1,254"
14519,METRO40380M40380,"Rochester, NY HUD Metro FMR Area",$650,$585,$715,$760,$684,$836,$950,$855,"$1,045","$1,190","$1,071","$1,309","$1,280","$1,152","$1,408"
14522,METRO40380M40380,"Rochester, NY HUD Metro FMR Area",$590,$531,$649,$690,$621,$759,$860,$774,$946,"$1,080",$972,"$1,188","$1,160","$1,044","$1,276"
14525,METRO40380M40380,"Rochester, NY HUD Metro FMR Area",$570,$513,$627,$670,$603,$737,$840,$756,$924,"$1,050",$945,"$1,155","$1,140","$1,026","$1,254"
14526,METRO40380M40380,"Rochester, NY HUD Metro FMR Area",$680,$612,$748,$800,$720,$880,"$1,000",$900,"$1,100","$1,250","$1,125","$1,375","$1,350","$1,215","$1,485"
14530,METRO40380M40380,"Rochester, NY HUD Metro FMR Area",$580,$522,$638,$680,$612,$748,$850,$765,$935,"$1,060",$954,"$1,166","$1,150","$1,035","$1,265"
14532,METRO40380M40380,"Rochester, NY HUD Metro FMR Area",$570,$513,$627,$670,$603,$737,$840,$756,$924,"$1,050",$945,"$1,155","$1,140","$1,026","$1,254"
14533,METRO40380M40380,"Rochester, NY HUD Metro FMR Area",$570,$513,$627,$670,$603,$737,$840,$756,$924,"$1,050",$945,"$1,155","$1,140","$1,026","$1,254"
14534,METRO40380M40380,"Rochester, NY HUD Metro FMR Area",$890,$801,$979,"$1,040",$936,"$1,144","$1,300","$1,170","$1,430","$1,630","$1,467","$1,793","$1,760","$1,584","$1,936"
14537,METRO40380M40380,"Rochester, NY HUD Metro FMR Area",$640,$576,$704,$750,$675,$825,$940,$846,"$1,034","$1,180","$1,062","$1,298","$1,270","$1,143","$1,397"
14539,METRO40380M40380,"Rochester, NY HUD Metro FMR Area",$580,$522,$638,$680,$612,$748,$850,$765,$935,"$1,060",$954,"$1,166","$1,150","$1,035","$1,265"
14542,METRO40380M40380,"Rochester, NY HUD Metro FMR Area",$580,$522,$638,$680,$612,$748,$850,$765,$935,"$1,060",$954,"$1,166","$1,150","$1,035","$1,265"
14543,METRO40380M40380,"Rochester, NY HUD Metro FMR Area",$710,$639,$781,$830,$747,$913,"$1,040",$936,"$1,144","$1,300","$1,170","$1,430","$1,410","$1,269","$1,551"
14544,METRO40380M40380,"Rochester, NY HUD Metro FMR Area",$630,$567,$693,$760,$684,$836,$920,$828,"$1,012","$1,200","$1,080","$1,320","$1,240","$1,116","$1,364"
14545,METRO40380M40380,"Rochester, NY HUD Metro FMR Area",$580,$522,$638,$680,$612,$748,$850,$765,$935,"$1,060",$954,"$1,166","$1,150","$1,035","$1,265"
14546,METRO40380M40380,"Rochester, NY HUD Metro FMR Area",$770,$693,$847,$900,$810,$990,"$1,130","$1,017","$1,243","$1,420","$1,278","$1,562","$1,530","$1,377","$1,683"
14547,METRO40380M40380,"Rochester, NY HUD Metro FMR Area",$640,$576,$704,$750,$675,$825,$940,$846,"$1,034","$1,180","$1,062","$1,298","$1,270","$1,143","$1,397"
14548,METRO40380M40380,"Rochester, NY HUD Metro FMR Area",$630,$567,$693,$730,$657,$803,$920,$828,"$1,012","$1,150","$1,035","$1,265","$1,240","$1,116","$1,364"
14551,METRO40380M40380,"Rochester, NY HUD Metro FMR Area",$620,$558,$682,$730,$657,$803,$910,$819,"$1,001","$1,140","$1,026","$1,254","$1,230","$1,107","$1,353"
14555,METRO40380M40380,"Rochester, NY HUD Metro FMR Area",$680,$612,$748,$790,$711,$869,$990,$891,"$1,089","$1,240","$1,116","$1,364","$1,340","$1,206","$1,474"
14556,METRO40380M40380,"Rochester, NY HUD Metro FMR Area",$580,$522,$638,$680,$612,$748,$850,$765,$935,"$1,060",$954,"$1,166","$1,150","$1,035","$1,265"
14559,METRO40380M40380,"Rochester, NY HUD Metro FMR Area",$690,$621,$759,$810,$729,$891,"$1,010",$909,"$1,111","$1,270","$1,143","$1,397","$1,370","$1,233","$1,507"
14560,METRO40380M40380,"Rochester, NY HUD Metro FMR Area",$630,$567,$693,$730,$657,$803,$920,$828,"$1,012","$1,150","$1,035","$1,265","$1,240","$1,116","$1,364"
14561,METRO40380M40380,"Rochester, NY HUD Metro FMR Area",$570,$513,$627,$670,$603,$737,$840,$756,$924,"$1,050",$945,"$1,155","$1,140","$1,026","$1,254"
14564,METRO40380M40380,"Rochester, NY HUD Metro FMR Area",$930,$837,"$1,023","$1,090",$981,"$1,199","$1,360","$1,224","$1,496","$1,700","$1,530","$1,870","$1,840","$1,656","$2,024"
14568,METRO40380M40380,"Rochester, NY HUD Metro FMR Area",$580,$522,$638,$680,$612,$748,$850,$765,$935,"$1,060",$954,"$1,166","$1,150","$1,035","$1,265"
14571,METRO40380M40380,"Rochester, NY HUD Metro FMR Area",$570,$513,$627,$670,$603,$737,$840,$756,$924,"$1,050",$945,"$1,155","$1,140","$1,026","$1,254"
14572,METRO40380M40380,"Rochester, NY HUD Metro FMR Area",$580,$522,$638,$680,$612,$748,$850,$765,$935,"$1,060",$954,"$1,166","$1,150","$1,035","$1,265"
14580,METRO40380M40380,"Rochester, NY HUD Metro FMR Area",$740,$666,$814,$860,$774,$946,"$1,080",$972,"$1,188","$1,350","$1,215","$1,485","$1,460","$1,314","$1,606"
14585,METRO40380M40380,"Rochester, NY HUD Metro FMR Area",$640,$576,$704,$750,$675,$825,$940,$846,"$1,034","$1,180","$1,062","$1,298","$1,270","$1,143","$1,397"
14586,METRO40380M40380,"Rochester, NY HUD Metro FMR Area",$910,$819,"$1,001","$1,060",$954,"$1,166","$1,330","$1,197","$1,463","$1,670","$1,503","$1,837","$1,800","$1,620","$1,980"
14589,METRO40380M40380,"Rochester, NY HUD Metro FMR Area",$600,$540,$660,$700,$630,$770,$880,$792,$968,"$1,100",$990,"$1,210","$1,190","$1,071","$1,309"
14590,METRO40380M40380,"Rochester, NY HUD Metro FMR Area",$570,$513,$627,$670,$603,$737,$840,$756,$924,"$1,050",$945,"$1,155","$1,140","$1,026","$1,254"
14592,METRO40380M40380,"Rochester, NY HUD Metro FMR Area",$580,$522,$638,$680,$612,$748,$850,$765,$935,"$1,060",$954,"$1,166","$1,150","$1,035","$1,265"
14602,METRO40380M40380,"Rochester, NY HUD Metro FMR Area",$660,$594,$726,$770,$693,$847,$970,$873,"$1,067","$1,220","$1,098","$1,342","$1,310","$1,179","$1,441"
14603,METRO40380M40380,"Rochester, NY HUD Metro FMR Area",$660,$594,$726,$770,$693,$847,$970,$873,"$1,067","$1,220","$1,098","$1,342","$1,310","$1,179","$1,441"
14604,METRO40380M40380,"Rochester, NY HUD Metro FMR Area",$570,$513,$627,$670,$603,$737,$840,$756,$924,"$1,050",$945,"$1,155","$1,140","$1,026","$1,254"
14605,METRO40380M40380,"Rochester, NY HUD Metro FMR Area",$570,$513,$627,$670,$603,$737,$840,$756,$924,"$1,050",$945,"$1,155","$1,140","$1,026","$1,254"
14606,METRO40380M40380,"Rochester, NY HUD Metro FMR Area",$640,$576,$704,$740,$666,$814,$930,$837,"$1,023","$1,170","$1,053","$1,287","$1,260","$1,134","$1,386"
14607,METRO40380M40380,"Rochester, NY HUD Metro FMR Area",$710,$639,$781,$830,$747,$913,"$1,040",$936,"$1,144","$1,300","$1,170","$1,430","$1,410","$1,269","$1,551"
14608,METRO40380M40380,"Rochester, NY HUD Metro FMR Area",$600,$540,$660,$700,$630,$770,$880,$792,$968,"$1,100",$990,"$1,210","$1,190","$1,071","$1,309"
14609,METRO40380M40380,"Rochester, NY HUD Metro FMR Area",$640,$576,$704,$740,$666,$814,$930,$837,"$1,023","$1,170","$1,053","$1,287","$1,260","$1,134","$1,386"
14610,METRO40380M40380,"Rochester, NY HUD Metro FMR Area",$670,$603,$737,$780,$702,$858,$980,$882,"$1,078","$1,230","$1,107","$1,353","$1,320","$1,188","$1,452"
14611,METRO40380M40380,"Rochester, NY HUD Metro FMR Area",$570,$513,$627,$670,$603,$737,$840,$756,$924,"$1,050",$945,"$1,155","$1,140","$1,026","$1,254"
14612,METRO40380M40380,"Rochester, NY HUD Metro FMR Area",$680,$612,$748,$790,$711,$869,$990,$891,"$1,089","$1,240","$1,116","$1,364","$1,340","$1,206","$1,474"
14613,METRO40380M40380,"Rochester, NY HUD Metro FMR Area",$610,$549,$671,$710,$639,$781,$890,$801,$979,"$1,120","$1,008","$1,232","$1,200","$1,080","$1,320"
14614,METRO40380M40380,"Rochester, NY HUD Metro FMR Area",$660,$594,$726,$770,$693,$847,$970,$873,"$1,067","$1,220","$1,098","$1,342","$1,310","$1,179","$1,441"
14615,METRO40380M40380,"Rochester, NY HUD Metro FMR Area",$640,$576,$704,$750,$675,$825,$940,$846,"$1,034","$1,180","$1,062","$1,298","$1,270","$1,143","$1,397"
14616,METRO40380M40380,"Rochester, NY HUD Metro FMR Area",$650,$585,$715,$760,$684,$836,$950,$855,"$1,045","$1,190","$1,071","$1,309","$1,280","$1,152","$1,408"
14617,METRO40380M40380,"Rochester, NY HUD Metro FMR Area",$660,$594,$726,$770,$693,$847,$970,$873,"$1,067","$1,220","$1,098","$1,342","$1,310","$1,179","$1,441"
14618,METRO40380M40380,"Rochester, NY HUD Metro FMR Area",$750,$675,$825,$880,$792,$968,"$1,100",$990,"$1,210","$1,380","$1,242","$1,518","$1,490","$1,341","$1,639"
14619,METRO40380M40380,"Rochester, NY HUD Metro FMR Area",$740,$666,$814,$860,$774,$946,"$1,080",$972,"$1,188","$1,350","$1,215","$1,485","$1,460","$1,314","$1,606"
14620,METRO40380M40380,"Rochester, NY HUD Metro FMR Area",$690,$621,$759,$810,$729,$891,"$1,010",$909,"$1,111","$1,270","$1,143","$1,397","$1,370","$1,233","$1,507"
14621,METRO40380M40380,"Rochester, NY HUD Metro FMR Area",$580,$522,$638,$680,$612,$748,$850,$765,$935,"$1,060",$954,"$1,166","$1,150","$1,035","$1,265"
14622,METRO40380M40380,"Rochester, NY HUD Metro FMR Area",$660,$594,$726,$770,$693,$847,$970,$873,"$1,067","$1,220","$1,098","$1,342","$1,310","$1,179","$1,441"
14623,METRO40380M40380,"Rochester, NY HUD Metro FMR Area",$730,$657,$803,$850,$765,$935,"$1,070",$963,"$1,177","$1,340","$1,206","$1,474","$1,450","$1,305","$1,595"
14624,METRO40380M40380,"Rochester, NY HUD Metro FMR Area",$700,$630,$770,$820,$738,$902,"$1,030",$927,"$1,133","$1,290","$1,161","$1,419","$1,390","$1,251","$1,529"
14625,METRO40380M40380,"Rochester, NY HUD Metro FMR Area",$800,$720,$880,$930,$837,"$1,023","$1,170","$1,053","$1,287","$1,470","$1,323","$1,617","$1,580","$1,422","$1,738"
14626,METRO40380M40380,"Rochester, NY HUD Metro FMR Area",$740,$666,$814,$860,$774,$946,"$1,080",$972,"$1,188","$1,350","$1,215","$1,485","$1,460","$1,314","$1,606"
14627,METRO40380M40380,"Rochester, NY HUD Metro FMR Area",$660,$594,$726,$770,$693,$847,$970,$873,"$1,067","$1,220","$1,098","$1,342","$1,310","$1,179","$1,441"
14692,METRO40380M40380,"Rochester, NY HUD Metro FMR Area",$660,$594,$726,$770,$693,$847,$970,$873,"$1,067","$1,220","$1,098","$1,342","$1,310","$1,179","$1,441"
14822,METRO40380M40380,"Rochester, NY HUD Metro FMR Area",$640,$576,$704,$740,$666,$814,$930,$837,"$1,023","$1,170","$1,053","$1,287","$1,260","$1,134","$1,386"
14836,METRO40380M40380,"Rochester, NY HUD Metro FMR Area",$580,$522,$638,$680,$612,$748,$850,$765,$935,"$1,060",$954,"$1,166","$1,150","$1,035","$1,265"
14846,METRO40380M40380,"Rochester, NY HUD Metro FMR Area",$570,$513,$627,$670,$603,$737,$840,$756,$924,"$1,050",$945,"$1,155","$1,140","$1,026","$1,254"
14884,METRO40380M40380,"Rochester, NY HUD Metro FMR Area",$580,$522,$638,$680,$612,$748,$850,$765,$935,"$1,060",$954,"$1,166","$1,150","$1,035","$1,265"
14415,METRO40380N36123,"Yates County, NY HUD Metro FMR Area",$520,$468,$572,$650,$585,$715,$760,$684,$836,"$1,020",$918,"$1,122","$1,030",$927,"$1,133"
14418,METRO40380N36123,"Yates County, NY HUD Metro FMR Area",$690,$621,$759,$860,$774,$946,"$1,010",$909,"$1,111","$1,360","$1,224","$1,496","$1,370","$1,233","$1,507"
14441,METRO40380N36123,"Yates County, NY HUD Metro FMR Area",$630,$567,$693,$780,$702,$858,$920,$828,"$1,012","$1,240","$1,116","$1,364","$1,240","$1,116","$1,364"
14456,METRO40380N36123,"Yates County, NY HUD Metro FMR Area",$580,$522,$638,$680,$612,$748,$850,$765,$935,"$1,060",$954,"$1,166","$1,150","$1,035","$1,265"
14478,METRO40380N36123,"Yates County, NY HUD Metro FMR Area",$520,$468,$572,$650,$585,$715,$760,$684,$836,"$1,020",$918,"$1,122","$1,030",$927,"$1,133"
14507,METRO40380N36123,"Yates County, NY HUD Metro FMR Area",$520,$468,$572,$650,$585,$715,$760,$684,$836,"$1,020",$918,"$1,122","$1,030",$927,"$1,133"
14512,METRO40380N36123,"Yates County, NY HUD Metro FMR Area",$570,$513,$627,$670,$603,$737,$840,$756,$924,"$1,050",$945,"$1,155","$1,140","$1,026","$1,254"
14527,METRO40380N36123,"Yates County, NY HUD Metro FMR Area",$500,$450,$550,$620,$558,$682,$730,$657,$803,$980,$882,"$1,078",$990,$891,"$1,089"
14544,METRO40380N36123,"Yates County, NY HUD Metro FMR Area",$630,$567,$693,$760,$684,$836,$920,$828,"$1,012","$1,200","$1,080","$1,320","$1,240","$1,116","$1,364"
14561,METRO40380N36123,"Yates County, NY HUD Metro FMR Area",$570,$513,$627,$670,$603,$737,$840,$756,$924,"$1,050",$945,"$1,155","$1,140","$1,026","$1,254"
14837,METRO40380N36123,"Yates County, NY HUD Metro FMR Area",$520,$468,$572,$650,$585,$715,$760,$684,$836,"$1,020",$918,"$1,122","$1,030",$927,"$1,133"
14842,METRO40380N36123,"Yates County, NY HUD Metro FMR Area",$520,$468,$572,$650,$585,$715,$760,$684,$836,"$1,020",$918,"$1,122","$1,030",$927,"$1,133"
14873,METRO40380N36123,"Yates County, NY HUD Metro FMR Area",$520,$468,$572,$650,$585,$715,$760,$684,$836,"$1,020",$918,"$1,122","$1,030",$927,"$1,133"
14878,METRO40380N36123,"Yates County, NY HUD Metro FMR Area",$520,$468,$572,$650,$585,$715,$760,$684,$836,"$1,020",$918,"$1,122","$1,030",$927,"$1,133"
13020,METRO45060M45060,"Syracuse, NY MSA",$610,$549,$671,$700,$630,$770,$870,$783,$957,"$1,100",$990,"$1,210","$1,240","$1,116","$1,364"
13021,METRO45060M45060,"Syracuse, NY MSA",$610,$549,$671,$700,$630,$770,$870,$783,$957,"$1,100",$990,"$1,210","$1,240","$1,116","$1,364"
13027,METRO45060M45060,"Syracuse, NY MSA",$640,$576,$704,$730,$657,$803,$910,$819,"$1,001","$1,150","$1,035","$1,265","$1,300","$1,170","$1,430"
13028,METRO45060M45060,"Syracuse, NY MSA",$710,$639,$781,$810,$729,$891,"$1,010",$909,"$1,111","$1,280","$1,152","$1,408","$1,440","$1,296","$1,584"
13029,METRO45060M45060,"Syracuse, NY MSA",$830,$747,$913,$950,$855,"$1,045","$1,190","$1,071","$1,309","$1,530","$1,377","$1,683","$1,700","$1,530","$1,870"
13030,METRO45060M45060,"Syracuse, NY MSA",$570,$513,$627,$650,$585,$715,$820,$738,$902,"$1,050",$945,"$1,155","$1,160","$1,044","$1,276"
13031,METRO45060M45060,"Syracuse, NY MSA",$660,$594,$726,$750,$675,$825,$940,$846,"$1,034","$1,190","$1,071","$1,309","$1,340","$1,206","$1,474"
13032,METRO45060M45060,"Syracuse, NY MSA",$590,$531,$649,$670,$603,$737,$840,$756,$924,"$1,060",$954,"$1,166","$1,200","$1,080","$1,320"
13033,METRO45060M45060,"Syracuse, NY MSA",$580,$522,$638,$670,$603,$737,$840,$756,$924,"$1,070",$963,"$1,177","$1,190","$1,071","$1,309"
13035,METRO45060M45060,"Syracuse, NY MSA",$650,$585,$715,$750,$675,$825,$930,$837,"$1,023","$1,180","$1,062","$1,298","$1,330","$1,197","$1,463"
13036,METRO45060M45060,"Syracuse, NY MSA",$600,$540,$660,$690,$621,$759,$860,$774,$946,"$1,090",$981,"$1,199","$1,230","$1,107","$1,353"
13037,METRO45060M45060,"Syracuse, NY MSA",$570,$513,$627,$650,$585,$715,$820,$738,$902,"$1,050",$945,"$1,155","$1,160","$1,044","$1,276"
13039,METRO45060M45060,"Syracuse, NY MSA",$640,$576,$704,$730,$657,$803,$910,$819,"$1,001","$1,150","$1,035","$1,265","$1,300","$1,170","$1,430"
13041,METRO45060M45060,"Syracuse, NY MSA",$800,$720,$880,$910,$819,"$1,001","$1,140","$1,026","$1,254","$1,440","$1,296","$1,584","$1,630","$1,467","$1,793"
13042,METRO45060M45060,"Syracuse, NY MSA",$780,$702,$858,$880,$792,$968,"$1,110",$999,"$1,221","$1,400","$1,260","$1,540","$1,550","$1,395","$1,705"
13044,METRO45060M45060,"Syracuse, NY MSA",$690,$621,$759,$790,$711,$869,$990,$891,"$1,089","$1,280","$1,152","$1,408","$1,410","$1,269","$1,551"
13051,METRO45060M45060,"Syracuse, NY MSA",$580,$522,$638,$660,$594,$726,$830,$747,$913,"$1,070",$963,"$1,177","$1,170","$1,053","$1,287"
13052,METRO45060M45060,"Syracuse, NY MSA",$570,$513,$627,$650,$585,$715,$820,$738,$902,"$1,050",$945,"$1,155","$1,160","$1,044","$1,276"
13057,METRO45060M45060,"Syracuse, NY MSA",$590,$531,$649,$680,$612,$748,$850,$765,$935,"$1,080",$972,"$1,188","$1,210","$1,089","$1,331"
13060,METRO45060M45060,"Syracuse, NY MSA",$590,$531,$649,$670,$603,$737,$840,$756,$924,"$1,060",$954,"$1,166","$1,200","$1,080","$1,320"
13061,METRO45060M45060,"Syracuse, NY MSA",$730,$657,$803,$840,$756,$924,"$1,060",$954,"$1,166","$1,350","$1,215","$1,485","$1,490","$1,341","$1,639"
13063,METRO45060M45060,"Syracuse, NY MSA",$610,$549,$671,$710,$639,$781,$880,$792,$968,"$1,120","$1,008","$1,232","$1,260","$1,134","$1,386"
13066,METRO45060M45060,"Syracuse, NY MSA",$700,$630,$770,$800,$720,$880,"$1,000",$900,"$1,100","$1,270","$1,143","$1,397","$1,430","$1,287","$1,573"
13069,METRO45060M45060,"Syracuse, NY MSA",$570,$513,$627,$650,$585,$715,$820,$738,$902,"$1,050",$945,"$1,155","$1,160","$1,044","$1,276"
13072,METRO45060M45060,"Syracuse, NY MSA",$640,$576,$704,$740,$666,$814,$920,$828,"$1,012","$1,170","$1,053","$1,287","$1,310","$1,179","$1,441"
13074,METRO45060M45060,"Syracuse, NY MSA",$570,$513,$627,$650,$585,$715,$820,$738,$902,"$1,050",$945,"$1,155","$1,160","$1,044","$1,276"
13076,METRO45060M45060,"Syracuse, NY MSA",$570,$513,$627,$650,$585,$715,$820,$738,$902,"$1,050",$945,"$1,155","$1,160","$1,044","$1,276"
13077,METRO45060M45060,"Syracuse, NY MSA",$570,$513,$627,$650,$585,$715,$820,$738,$902,"$1,050",$945,"$1,155","$1,160","$1,044","$1,276"
13078,METRO45060M45060,"Syracuse, NY MSA",$730,$657,$803,$830,$747,$913,"$1,040",$936,"$1,144","$1,320","$1,188","$1,452","$1,480","$1,332","$1,628"
13080,METRO45060M45060,"Syracuse, NY MSA",$570,$513,$627,$650,$585,$715,$820,$738,$902,"$1,050",$945,"$1,155","$1,160","$1,044","$1,276"
13082,METRO45060M45060,"Syracuse, NY MSA",$630,$567,$693,$720,$648,$792,$900,$810,$990,"$1,150","$1,035","$1,265","$1,280","$1,152","$1,408"
13083,METRO45060M45060,"Syracuse, NY MSA",$580,$522,$638,$690,$621,$759,$910,$819,"$1,001","$1,140","$1,026","$1,254","$1,330","$1,197","$1,463"
13084,METRO45060M45060,"Syracuse, NY MSA",$680,$612,$748,$790,$711,$869,$980,$882,"$1,078","$1,240","$1,116","$1,364","$1,400","$1,260","$1,540"
13088,METRO45060M45060,"Syracuse, NY MSA",$660,$594,$726,$750,$675,$825,$940,$846,"$1,034","$1,190","$1,071","$1,309","$1,340","$1,206","$1,474"
13089,METRO45060M45060,"Syracuse, NY MSA",$610,$549,$671,$700,$630,$770,$870,$783,$957,"$1,100",$990,"$1,210","$1,240","$1,116","$1,364"
13090,METRO45060M45060,"Syracuse, NY MSA",$670,$603,$737,$770,$693,$847,$960,$864,"$1,056","$1,220","$1,098","$1,342","$1,370","$1,233","$1,507"
13093,METRO45060M45060,"Syracuse, NY MSA",$570,$513,$627,$650,$585,$715,$820,$738,$902,"$1,050",$945,"$1,155","$1,160","$1,044","$1,276"
13103,METRO45060M45060,"Syracuse, NY MSA",$570,$513,$627,$650,$585,$715,$820,$738,$902,"$1,050",$945,"$1,155","$1,160","$1,044","$1,276"
13104,METRO45060M45060,"Syracuse, NY MSA",$640,$576,$704,$730,$657,$803,$910,$819,"$1,001","$1,150","$1,035","$1,265","$1,300","$1,170","$1,430"
13108,METRO45060M45060,"Syracuse, NY MSA",$570,$513,$627,$650,$585,$715,$820,$738,$902,"$1,050",$945,"$1,155","$1,160","$1,044","$1,276"
13110,METRO45060M45060,"Syracuse, NY MSA",$570,$513,$627,$650,$585,$715,$820,$738,$902,"$1,050",$945,"$1,155","$1,160","$1,044","$1,276"
13111,METRO45060M45060,"Syracuse, NY MSA",$570,$513,$627,$650,$585,$715,$820,$738,$902,"$1,050",$945,"$1,155","$1,160","$1,044","$1,276"
13112,METRO45060M45060,"Syracuse, NY MSA",$610,$549,$671,$700,$630,$770,$870,$783,$957,"$1,100",$990,"$1,210","$1,240","$1,116","$1,364"
13114,METRO45060M45060,"Syracuse, NY MSA",$570,$513,$627,$650,$585,$715,$820,$738,$902,"$1,050",$945,"$1,155","$1,160","$1,044","$1,276"
13115,METRO45060M45060,"Syracuse, NY MSA",$570,$513,$627,$650,$585,$715,$820,$738,$902,"$1,050",$945,"$1,155","$1,160","$1,044","$1,276"
13116,METRO45060M45060,"Syracuse, NY MSA",$580,$522,$638,$670,$603,$737,$830,$747,$913,"$1,050",$945,"$1,155","$1,180","$1,062","$1,298"
13119,METRO45060M45060,"Syracuse, NY MSA",$610,$549,$671,$700,$630,$770,$870,$783,$957,"$1,100",$990,"$1,210","$1,240","$1,116","$1,364"
13120,METRO45060M45060,"Syracuse, NY MSA",$610,$549,$671,$690,$621,$759,$870,$783,$957,"$1,120","$1,008","$1,232","$1,230","$1,107","$1,353"
13121,METRO45060M45060,"Syracuse, NY MSA",$570,$513,$627,$650,$585,$715,$820,$738,$902,"$1,050",$945,"$1,155","$1,160","$1,044","$1,276"
13122,METRO45060M45060,"Syracuse, NY MSA",$570,$513,$627,$650,$585,$715,$820,$738,$902,"$1,050",$945,"$1,155","$1,160","$1,044","$1,276"
13126,METRO45060M45060,"Syracuse, NY MSA",$570,$513,$627,$650,$585,$715,$820,$738,$902,"$1,050",$945,"$1,155","$1,160","$1,044","$1,276"
13131,METRO45060M45060,"Syracuse, NY MSA",$570,$513,$627,$650,$585,$715,$820,$738,$902,"$1,050",$945,"$1,155","$1,160","$1,044","$1,276"
13132,METRO45060M45060,"Syracuse, NY MSA",$640,$576,$704,$740,$666,$814,$920,$828,"$1,012","$1,170","$1,053","$1,287","$1,310","$1,179","$1,441"
13134,METRO45060M45060,"Syracuse, NY MSA",$570,$513,$627,$660,$594,$726,$820,$738,$902,"$1,050",$945,"$1,155","$1,170","$1,053","$1,287"
13135,METRO45060M45060,"Syracuse, NY MSA",$570,$513,$627,$650,$585,$715,$820,$738,$902,"$1,050",$945,"$1,155","$1,160","$1,044","$1,276"
13138,METRO45060M45060,"Syracuse, NY MSA",$610,$549,$671,$700,$630,$770,$870,$783,$957,"$1,100",$990,"$1,210","$1,240","$1,116","$1,364"
13141,METRO45060M45060,"Syracuse, NY MSA",$660,$594,$726,$760,$684,$836,$950,$855,"$1,045","$1,200","$1,080","$1,320","$1,360","$1,224","$1,496"
13142,METRO45060M45060,"Syracuse, NY MSA",$570,$513,$627,$650,$585,$715,$820,$738,$902,"$1,050",$945,"$1,155","$1,160","$1,044","$1,276"
13144,METRO45060M45060,"Syracuse, NY MSA",$610,$549,$671,$710,$639,$781,$880,$792,$968,"$1,120","$1,008","$1,232","$1,260","$1,134","$1,386"
13145,METRO45060M45060,"Syracuse, NY MSA",$580,$522,$638,$690,$621,$759,$910,$819,"$1,001","$1,140","$1,026","$1,254","$1,330","$1,197","$1,463"
13152,METRO45060M45060,"Syracuse, NY MSA",$630,$567,$693,$720,$648,$792,$900,$810,$990,"$1,140","$1,026","$1,254","$1,280","$1,152","$1,408"
13153,METRO45060M45060,"Syracuse, NY MSA",$610,$549,$671,$700,$630,$770,$870,$783,$957,"$1,100",$990,"$1,210","$1,240","$1,116","$1,364"
13156,METRO45060M45060,"Syracuse, NY MSA",$570,$513,$627,$670,$603,$737,$840,$756,$924,"$1,050",$945,"$1,155","$1,160","$1,044","$1,276"
13158,METRO45060M45060,"Syracuse, NY MSA",$570,$513,$627,$650,$585,$715,$820,$738,$902,"$1,050",$945,"$1,155","$1,160","$1,044","$1,276"
13159,METRO45060M45060,"Syracuse, NY MSA",$610,$549,$671,$710,$639,$781,$880,$792,$968,"$1,120","$1,008","$1,232","$1,260","$1,134","$1,386"
13163,METRO45060M45060,"Syracuse, NY MSA",$570,$513,$627,$650,$585,$715,$820,$738,$902,"$1,050",$945,"$1,155","$1,160","$1,044","$1,276"
13164,METRO45060M45060,"Syracuse, NY MSA",$570,$513,$627,$660,$594,$726,$820,$738,$902,"$1,050",$945,"$1,155","$1,170","$1,053","$1,287"
13166,METRO45060M45060,"Syracuse, NY MSA",$580,$522,$638,$670,$603,$737,$830,$747,$913,"$1,050",$945,"$1,155","$1,180","$1,062","$1,298"
13167,METRO45060M45060,"Syracuse, NY MSA",$640,$576,$704,$730,$657,$803,$910,$819,"$1,001","$1,150","$1,035","$1,265","$1,300","$1,170","$1,430"
13201,METRO45060M45060,"Syracuse, NY MSA",$610,$549,$671,$700,$630,$770,$870,$783,$957,"$1,100",$990,"$1,210","$1,240","$1,116","$1,364"
13202,METRO45060M45060,"Syracuse, NY MSA",$680,$612,$748,$790,$711,$869,$980,$882,"$1,078","$1,240","$1,116","$1,364","$1,400","$1,260","$1,540"
13203,METRO45060M45060,"Syracuse, NY MSA",$570,$513,$627,$650,$585,$715,$820,$738,$902,"$1,050",$945,"$1,155","$1,160","$1,044","$1,276"
13204,METRO45060M45060,"Syracuse, NY MSA",$570,$513,$627,$660,$594,$726,$820,$738,$902,"$1,050",$945,"$1,155","$1,170","$1,053","$1,287"
13205,METRO45060M45060,"Syracuse, NY MSA",$570,$513,$627,$650,$585,$715,$820,$738,$902,"$1,050",$945,"$1,155","$1,160","$1,044","$1,276"
13206,METRO45060M45060,"Syracuse, NY MSA",$570,$513,$627,$650,$585,$715,$820,$738,$902,"$1,050",$945,"$1,155","$1,160","$1,044","$1,276"
13207,METRO45060M45060,"Syracuse, NY MSA",$650,$585,$715,$750,$675,$825,$930,$837,"$1,023","$1,180","$1,062","$1,298","$1,330","$1,197","$1,463"
13208,METRO45060M45060,"Syracuse, NY MSA",$570,$513,$627,$650,$585,$715,$820,$738,$902,"$1,050",$945,"$1,155","$1,160","$1,044","$1,276"
13209,METRO45060M45060,"Syracuse, NY MSA",$570,$513,$627,$650,$585,$715,$820,$738,$902,"$1,050",$945,"$1,155","$1,160","$1,044","$1,276"
13210,METRO45060M45060,"Syracuse, NY MSA",$620,$558,$682,$710,$639,$781,$890,$801,$979,"$1,130","$1,017","$1,243","$1,270","$1,143","$1,397"
13211,METRO45060M45060,"Syracuse, NY MSA",$660,$594,$726,$750,$675,$825,$940,$846,"$1,034","$1,190","$1,071","$1,309","$1,340","$1,206","$1,474"
13212,METRO45060M45060,"Syracuse, NY MSA",$610,$549,$671,$700,$630,$770,$870,$783,$957,"$1,100",$990,"$1,210","$1,240","$1,116","$1,364"
13214,METRO45060M45060,"Syracuse, NY MSA",$590,$531,$649,$670,$603,$737,$840,$756,$924,"$1,060",$954,"$1,166","$1,200","$1,080","$1,320"
13215,METRO45060M45060,"Syracuse, NY MSA",$670,$603,$737,$770,$693,$847,$960,$864,"$1,056","$1,220","$1,098","$1,342","$1,370","$1,233","$1,507"
13217,METRO45060M45060,"Syracuse, NY MSA",$610,$549,$671,$700,$630,$770,$870,$783,$957,"$1,100",$990,"$1,210","$1,240","$1,116","$1,364"
13218,METRO45060M45060,"Syracuse, NY MSA",$610,$549,$671,$700,$630,$770,$870,$783,$957,"$1,100",$990,"$1,210","$1,240","$1,116","$1,364"
13219,METRO45060M45060,"Syracuse, NY MSA",$610,$549,$671,$700,$630,$770,$870,$783,$957,"$1,100",$990,"$1,210","$1,240","$1,116","$1,364"
13220,METRO45060M45060,"Syracuse, NY MSA",$610,$549,$671,$700,$630,$770,$870,$783,$957,"$1,100",$990,"$1,210","$1,240","$1,116","$1,364"
13224,METRO45060M45060,"Syracuse, NY MSA",$570,$513,$627,$660,$594,$726,$820,$738,$902,"$1,050",$945,"$1,155","$1,170","$1,053","$1,287"
13244,METRO45060M45060,"Syracuse, NY MSA",$610,$549,$671,$700,$630,$770,$870,$783,$957,"$1,100",$990,"$1,210","$1,240","$1,116","$1,364"
13290,METRO45060M45060,"Syracuse, NY MSA",$610,$549,$671,$700,$630,$770,$870,$783,$957,"$1,100",$990,"$1,210","$1,240","$1,116","$1,364"
13302,METRO45060M45060,"Syracuse, NY MSA",$580,$522,$638,$670,$603,$737,$830,$747,$913,"$1,050",$945,"$1,155","$1,180","$1,062","$1,298"
13310,METRO45060M45060,"Syracuse, NY MSA",$570,$513,$627,$660,$594,$726,$820,$738,$902,"$1,050",$945,"$1,155","$1,170","$1,053","$1,287"
13314,METRO45060M45060,"Syracuse, NY MSA",$570,$513,$627,$660,$594,$726,$820,$738,$902,"$1,050",$945,"$1,155","$1,170","$1,053","$1,287"
13316,METRO45060M45060,"Syracuse, NY MSA",$570,$513,$627,$650,$585,$715,$820,$738,$902,"$1,050",$945,"$1,155","$1,160","$1,044","$1,276"
13332,METRO45060M45060,"Syracuse, NY MSA",$610,$549,$671,$700,$630,$770,$870,$783,$957,"$1,100",$990,"$1,210","$1,240","$1,116","$1,364"
13334,METRO45060M45060,"Syracuse, NY MSA",$570,$513,$627,$660,$594,$726,$820,$738,$902,"$1,050",$945,"$1,155","$1,170","$1,053","$1,287"
13346,METRO45060M45060,"Syracuse, NY MSA",$690,$621,$759,$790,$711,$869,$990,$891,"$1,089","$1,250","$1,125","$1,375","$1,410","$1,269","$1,551"
13355,METRO45060M45060,"Syracuse, NY MSA",$610,$549,$671,$710,$639,$781,$880,$792,$968,"$1,120","$1,008","$1,232","$1,260","$1,134","$1,386"
13364,METRO45060M45060,"Syracuse, NY MSA",$570,$513,$627,$660,$594,$726,$820,$738,$902,"$1,050",$945,"$1,155","$1,170","$1,053","$1,287"
13402,METRO45060M45060,"Syracuse, NY MSA",$570,$513,$627,$650,$585,$715,$820,$738,$902,"$1,050",$945,"$1,155","$1,160","$1,044","$1,276"
13408,METRO45060M45060,"Syracuse, NY MSA",$580,$522,$638,$670,$603,$737,$830,$747,$913,"$1,050",$945,"$1,155","$1,180","$1,062","$1,298"
13409,METRO45060M45060,"Syracuse, NY MSA",$570,$513,$627,$650,$585,$715,$820,$738,$902,"$1,050",$945,"$1,155","$1,160","$1,044","$1,276"
13418,METRO45060M45060,"Syracuse, NY MSA",$570,$513,$627,$660,$594,$726,$820,$738,$902,"$1,050",$945,"$1,155","$1,170","$1,053","$1,287"
13421,METRO45060M45060,"Syracuse, NY MSA",$570,$513,$627,$650,$585,$715,$820,$738,$902,"$1,050",$945,"$1,155","$1,160","$1,044","$1,276"
13425,METRO45060M45060,"Syracuse, NY MSA",$570,$513,$627,$650,$585,$715,$820,$738,$902,"$1,050",$945,"$1,155","$1,160","$1,044","$1,276"
13437,METRO45060M45060,"Syracuse, NY MSA",$570,$513,$627,$650,$585,$715,$820,$738,$902,"$1,050",$945,"$1,155","$1,160","$1,044","$1,276"
13460,METRO45060M45060,"Syracuse, NY MSA",$570,$513,$627,$650,$585,$715,$820,$738,$902,"$1,050",$945,"$1,155","$1,160","$1,044","$1,276"
13464,METRO45060M45060,"Syracuse, NY MSA",$570,$513,$627,$660,$594,$726,$820,$738,$902,"$1,050",$945,"$1,155","$1,170","$1,053","$1,287"
13480,METRO45060M45060,"Syracuse, NY MSA",$570,$513,$627,$650,$585,$715,$820,$738,$902,"$1,050",$945,"$1,155","$1,160","$1,044","$1,276"
13483,METRO45060M45060,"Syracuse, NY MSA",$570,$513,$627,$650,$585,$715,$820,$738,$902,"$1,050",$945,"$1,155","$1,160","$1,044","$1,276"
13484,METRO45060M45060,"Syracuse, NY MSA",$570,$513,$627,$660,$594,$726,$820,$738,$902,"$1,050",$945,"$1,155","$1,170","$1,053","$1,287"
13485,METRO45060M45060,"Syracuse, NY MSA",$610,$549,$671,$700,$630,$770,$870,$783,$957,"$1,100",$990,"$1,210","$1,240","$1,116","$1,364"
13491,METRO45060M45060,"Syracuse, NY MSA",$570,$513,$627,$650,$585,$715,$820,$738,$902,"$1,050",$945,"$1,155","$1,160","$1,044","$1,276"
13493,METRO45060M45060,"Syracuse, NY MSA",$640,$576,$704,$740,$666,$814,$920,$828,"$1,012","$1,170","$1,053","$1,287","$1,310","$1,179","$1,441"
13661,METRO45060M45060,"Syracuse, NY MSA",$610,$549,$671,$720,$648,$792,$950,$855,"$1,045","$1,190","$1,071","$1,309","$1,360","$1,224","$1,496"
13032,METRO46540M46540,"Utica-Rome, NY MSA",$590,$531,$649,$670,$603,$737,$840,$756,$924,"$1,060",$954,"$1,166","$1,200","$1,080","$1,320"
13042,METRO46540M46540,"Utica-Rome, NY MSA",$780,$702,$858,$880,$792,$968,"$1,110",$999,"$1,221","$1,400","$1,260","$1,540","$1,550","$1,395","$1,705"
13054,METRO46540M46540,"Utica-Rome, NY MSA",$570,$513,$627,$620,$558,$682,$800,$720,$880,"$1,000",$900,"$1,100","$1,090",$981,"$1,199"
13123,METRO46540M46540,"Utica-Rome, NY MSA",$570,$513,$627,$620,$558,$682,$800,$720,$880,"$1,000",$900,"$1,100","$1,090",$981,"$1,199"
13157,METRO46540M46540,"Utica-Rome, NY MSA",$690,$621,$759,$760,$684,$836,$980,$882,"$1,078","$1,230","$1,107","$1,353","$1,340","$1,206","$1,474"
13162,METRO46540M46540,"Utica-Rome, NY MSA",$570,$513,$627,$620,$558,$682,$800,$720,$880,"$1,000",$900,"$1,100","$1,090",$981,"$1,199"
13301,METRO46540M46540,"Utica-Rome, NY MSA",$570,$513,$627,$620,$558,$682,$800,$720,$880,"$1,000",$900,"$1,100","$1,090",$981,"$1,199"
13303,METRO46540M46540,"Utica-Rome, NY MSA",$710,$639,$781,$770,$693,$847,"$1,000",$900,"$1,100","$1,250","$1,125","$1,375","$1,360","$1,224","$1,496"
13304,METRO46540M46540,"Utica-Rome, NY MSA",$560,$504,$616,$610,$549,$671,$790,$711,$869,$990,$891,"$1,089","$1,080",$972,"$1,188"
13308,METRO46540M46540,"Utica-Rome, NY MSA",$610,$549,$671,$670,$603,$737,$870,$783,$957,"$1,090",$981,"$1,199","$1,190","$1,071","$1,309"
13309,METRO46540M46540,"Utica-Rome, NY MSA",$520,$468,$572,$540,$486,$594,$710,$639,$781,$890,$801,$979,$960,$864,"$1,056"
13313,METRO46540M46540,"Utica-Rome, NY MSA",$560,$504,$616,$600,$540,$660,$780,$702,$858,$970,$873,"$1,067","$1,060",$954,"$1,166"
13316,METRO46540M46540,"Utica-Rome, NY MSA",$570,$513,$627,$650,$585,$715,$820,$738,$902,"$1,050",$945,"$1,155","$1,160","$1,044","$1,276"
13318,METRO46540M46540,"Utica-Rome, NY MSA",$830,$747,$913,$910,$819,"$1,001","$1,180","$1,062","$1,298","$1,480","$1,332","$1,628","$1,610","$1,449","$1,771"
13319,METRO46540M46540,"Utica-Rome, NY MSA",$590,$531,$649,$640,$576,$704,$830,$747,$913,"$1,040",$936,"$1,144","$1,130","$1,017","$1,243"
13321,METRO46540M46540,"Utica-Rome, NY MSA",$520,$468,$572,$570,$513,$627,$740,$666,$814,$930,$837,"$1,023","$1,010",$909,"$1,111"
13322,METRO46540M46540,"Utica-Rome, NY MSA",$520,$468,$572,$560,$504,$616,$720,$648,$792,$900,$810,$990,$980,$882,"$1,078"
13323,METRO46540M46540,"Utica-Rome, NY MSA",$730,$657,$803,$800,$720,$880,"$1,030",$927,"$1,133","$1,290","$1,161","$1,419","$1,410","$1,269","$1,551"
13324,METRO46540M46540,"Utica-Rome, NY MSA",$610,$549,$671,$670,$603,$737,$870,$783,$957,"$1,090",$981,"$1,199","$1,190","$1,071","$1,309"
13328,METRO46540M46540,"Utica-Rome, NY MSA",$570,$513,$627,$620,$558,$682,$800,$720,$880,"$1,000",$900,"$1,100","$1,090",$981,"$1,199"
13329,METRO46540M46540,"Utica-Rome, NY MSA",$520,$468,$572,$570,$513,$627,$740,$666,$814,$930,$837,"$1,023","$1,010",$909,"$1,111"
13331,METRO46540M46540,"Utica-Rome, NY MSA",$520,$468,$572,$560,$504,$616,$730,$657,$803,$910,$819,"$1,001","$1,000",$900,"$1,100"
13338,METRO46540M46540,"Utica-Rome, NY MSA",$620,$558,$682,$680,$612,$748,$880,$792,$968,"$1,100",$990,"$1,210","$1,200","$1,080","$1,320"
13339,METRO46540M46540,"Utica-Rome, NY MSA",$520,$468,$572,$560,$504,$616,$730,$657,$803,$910,$819,"$1,001","$1,000",$900,"$1,100"
13340,METRO46540M46540,"Utica-Rome, NY MSA",$540,$486,$594,$590,$531,$649,$760,$684,$836,$950,$855,"$1,045","$1,040",$936,"$1,144"
13341,METRO46540M46540,"Utica-Rome, NY MSA",$570,$513,$627,$620,$558,$682,$800,$720,$880,"$1,000",$900,"$1,100","$1,090",$981,"$1,199"
13350,METRO46540M46540,"Utica-Rome, NY MSA",$540,$486,$594,$590,$531,$649,$760,$684,$836,$950,$855,"$1,045","$1,040",$936,"$1,144"
13352,METRO46540M46540,"Utica-Rome, NY MSA",$570,$513,$627,$620,$558,$682,$800,$720,$880,"$1,000",$900,"$1,100","$1,090",$981,"$1,199"
13354,METRO46540M46540,"Utica-Rome, NY MSA",$520,$468,$572,$540,$486,$594,$710,$639,$781,$890,$801,$979,$960,$864,"$1,056"
13357,METRO46540M46540,"Utica-Rome, NY MSA",$530,$477,$583,$580,$522,$638,$750,$675,$825,$940,$846,"$1,034","$1,020",$918,"$1,122"
13360,METRO46540M46540,"Utica-Rome, NY MSA",$520,$468,$572,$560,$504,$616,$730,$657,$803,$910,$819,"$1,001","$1,000",$900,"$1,100"
13361,METRO46540M46540,"Utica-Rome, NY MSA",$540,$486,$594,$570,$513,$627,$740,$666,$814,$920,$828,"$1,012","$1,000",$900,"$1,100"
13362,METRO46540M46540,"Utica-Rome, NY MSA",$570,$513,$627,$620,$558,$682,$800,$720,$880,"$1,000",$900,"$1,100","$1,090",$981,"$1,199"
13363,METRO46540M46540,"Utica-Rome, NY MSA",$710,$639,$781,$780,$702,$858,"$1,010",$909,"$1,111","$1,270","$1,143","$1,397","$1,380","$1,242","$1,518"
13365,METRO46540M46540,"Utica-Rome, NY MSA",$520,$468,$572,$540,$486,$594,$710,$639,$781,$890,$801,$979,$960,$864,"$1,056"
13367,METRO46540M46540,"Utica-Rome, NY MSA",$550,$495,$605,$600,$540,$660,$780,$702,$858,$980,$882,"$1,078","$1,060",$954,"$1,166"
13402,METRO46540M46540,"Utica-Rome, NY MSA",$570,$513,$627,$650,$585,$715,$820,$738,$902,"$1,050",$945,"$1,155","$1,160","$1,044","$1,276"
13403,METRO46540M46540,"Utica-Rome, NY MSA",$600,$540,$660,$660,$594,$726,$850,$765,$935,"$1,060",$954,"$1,166","$1,160","$1,044","$1,276"
13406,METRO46540M46540,"Utica-Rome, NY MSA",$590,$531,$649,$640,$576,$704,$830,$747,$913,"$1,040",$936,"$1,144","$1,130","$1,017","$1,243"
13407,METRO46540M46540,"Utica-Rome, NY MSA",$520,$468,$572,$540,$486,$594,$710,$639,$781,$890,$801,$979,$960,$864,"$1,056"
13409,METRO46540M46540,"Utica-Rome, NY MSA",$570,$513,$627,$650,$585,$715,$820,$738,$902,"$1,050",$945,"$1,155","$1,160","$1,044","$1,276"
13413,METRO46540M46540,"Utica-Rome, NY MSA",$610,$549,$671,$670,$603,$737,$870,$783,$957,"$1,090",$981,"$1,199","$1,190","$1,071","$1,309"
13416,METRO46540M46540,"Utica-Rome, NY MSA",$520,$468,$572,$540,$486,$594,$710,$639,$781,$890,$801,$979,$960,$864,"$1,056"
13417,METRO46540M46540,"Utica-Rome, NY MSA",$570,$513,$627,$630,$567,$693,$810,$729,$891,"$1,010",$909,"$1,111","$1,100",$990,"$1,210"
13420,METRO46540M46540,"Utica-Rome, NY MSA",$520,$468,$572,$540,$486,$594,$710,$639,$781,$890,$801,$979,$960,$864,"$1,056"
13421,METRO46540M46540,"Utica-Rome, NY MSA",$570,$513,$627,$650,$585,$715,$820,$738,$902,"$1,050",$945,"$1,155","$1,160","$1,044","$1,276"
13424,METRO46540M46540,"Utica-Rome, NY MSA",$520,$468,$572,$570,$513,$627,$740,$666,$814,$930,$837,"$1,023","$1,010",$909,"$1,111"
13425,METRO46540M46540,"Utica-Rome, NY MSA",$570,$513,$627,$650,$585,$715,$820,$738,$902,"$1,050",$945,"$1,155","$1,160","$1,044","$1,276"
13431,METRO46540M46540,"Utica-Rome, NY MSA",$570,$513,$627,$630,$567,$693,$810,$729,$891,"$1,010",$909,"$1,111","$1,100",$990,"$1,210"
13435,METRO46540M46540,"Utica-Rome, NY MSA",$570,$513,$627,$620,$558,$682,$800,$720,$880,"$1,000",$900,"$1,100","$1,090",$981,"$1,199"
13438,METRO46540M46540,"Utica-Rome, NY MSA",$590,$531,$649,$640,$576,$704,$830,$747,$913,"$1,040",$936,"$1,144","$1,130","$1,017","$1,243"
13439,METRO46540M46540,"Utica-Rome, NY MSA",$570,$513,$627,$620,$558,$682,$800,$720,$880,"$1,000",$900,"$1,100","$1,090",$981,"$1,199"
13440,METRO46540M46540,"Utica-Rome, NY MSA",$580,$522,$638,$630,$567,$693,$820,$738,$902,"$1,030",$927,"$1,133","$1,120","$1,008","$1,232"
13441,METRO46540M46540,"Utica-Rome, NY MSA",$570,$513,$627,$620,$558,$682,$800,$720,$880,"$1,000",$900,"$1,100","$1,090",$981,"$1,199"
13454,METRO46540M46540,"Utica-Rome, NY MSA",$520,$468,$572,$540,$486,$594,$710,$639,$781,$890,$801,$979,$960,$864,"$1,056"
13455,METRO46540M46540,"Utica-Rome, NY MSA",$570,$513,$627,$620,$558,$682,$800,$720,$880,"$1,000",$900,"$1,100","$1,090",$981,"$1,199"
13456,METRO46540M46540,"Utica-Rome, NY MSA",$610,$549,$671,$670,$603,$737,$870,$783,$957,"$1,090",$981,"$1,199","$1,190","$1,071","$1,309"
13461,METRO46540M46540,"Utica-Rome, NY MSA",$520,$468,$572,$540,$486,$594,$710,$639,$781,$890,$801,$979,$960,$864,"$1,056"
13469,METRO46540M46540,"Utica-Rome, NY MSA",$570,$513,$627,$620,$558,$682,$800,$720,$880,"$1,000",$900,"$1,100","$1,090",$981,"$1,199"
13470,METRO46540M46540,"Utica-Rome, NY MSA",$520,$468,$572,$560,$504,$616,$730,$657,$803,$910,$819,"$1,001","$1,000",$900,"$1,100"
13471,METRO46540M46540,"Utica-Rome, NY MSA",$640,$576,$704,$700,$630,$770,$910,$819,"$1,001","$1,140","$1,026","$1,254","$1,240","$1,116","$1,364"
13472,METRO46540M46540,"Utica-Rome, NY MSA",$520,$468,$572,$560,$504,$616,$730,$657,$803,$910,$819,"$1,001","$1,000",$900,"$1,100"
13475,METRO46540M46540,"Utica-Rome, NY MSA",$520,$468,$572,$560,$504,$616,$730,$657,$803,$910,$819,"$1,001","$1,000",$900,"$1,100"
13476,METRO46540M46540,"Utica-Rome, NY MSA",$620,$558,$682,$680,$612,$748,$880,$792,$968,"$1,100",$990,"$1,210","$1,200","$1,080","$1,320"
13477,METRO46540M46540,"Utica-Rome, NY MSA",$520,$468,$572,$560,$504,$616,$730,$657,$803,$910,$819,"$1,001","$1,000",$900,"$1,100"
13478,METRO46540M46540,"Utica-Rome, NY MSA",$520,$468,$572,$540,$486,$594,$710,$639,$781,$890,$801,$979,$960,$864,"$1,056"
13480,METRO46540M46540,"Utica-Rome, NY MSA",$570,$513,$627,$650,$585,$715,$820,$738,$902,"$1,050",$945,"$1,155","$1,160","$1,044","$1,276"
13483,METRO46540M46540,"Utica-Rome, NY MSA",$570,$513,$627,$650,$585,$715,$820,$738,$902,"$1,050",$945,"$1,155","$1,160","$1,044","$1,276"
13486,METRO46540M46540,"Utica-Rome, NY MSA",$570,$513,$627,$620,$558,$682,$800,$720,$880,"$1,000",$900,"$1,100","$1,090",$981,"$1,199"
13489,METRO46540M46540,"Utica-Rome, NY MSA",$570,$513,$627,$620,$558,$682,$800,$720,$880,"$1,000",$900,"$1,100","$1,090",$981,"$1,199"
13490,METRO46540M46540,"Utica-Rome, NY MSA",$630,$567,$693,$690,$621,$759,$890,$801,$979,"$1,120","$1,008","$1,232","$1,210","$1,089","$1,331"
13491,METRO46540M46540,"Utica-Rome, NY MSA",$570,$513,$627,$650,$585,$715,$820,$738,$902,"$1,050",$945,"$1,155","$1,160","$1,044","$1,276"
13492,METRO46540M46540,"Utica-Rome, NY MSA",$550,$495,$605,$600,$540,$660,$780,$702,$858,$980,$882,"$1,078","$1,060",$954,"$1,166"
13494,METRO46540M46540,"Utica-Rome, NY MSA",$570,$513,$627,$620,$558,$682,$800,$720,$880,"$1,000",$900,"$1,100","$1,090",$981,"$1,199"
13495,METRO46540M46540,"Utica-Rome, NY MSA",$560,$504,$616,$610,$549,$671,$790,$711,$869,$990,$891,"$1,089","$1,080",$972,"$1,188"
13501,METRO46540M46540,"Utica-Rome, NY MSA",$520,$468,$572,$560,$504,$616,$730,$657,$803,$910,$819,"$1,001","$1,000",$900,"$1,100"
13502,METRO46540M46540,"Utica-Rome, NY MSA",$550,$495,$605,$600,$540,$660,$780,$702,$858,$980,$882,"$1,078","$1,060",$954,"$1,166"
13083,METRO48060M48060,"Watertown-Fort Drum, NY MSA",$580,$522,$638,$690,$621,$759,$910,$819,"$1,001","$1,140","$1,026","$1,254","$1,330","$1,197","$1,463"
13145,METRO48060M48060,"Watertown-Fort Drum, NY MSA",$580,$522,$638,$690,$621,$759,$910,$819,"$1,001","$1,140","$1,026","$1,254","$1,330","$1,197","$1,463"
13601,METRO48060M48060,"Watertown-Fort Drum, NY MSA",$700,$630,$770,$820,$738,$902,"$1,090",$981,"$1,199","$1,370","$1,233","$1,507","$1,570","$1,413","$1,727"
13602,METRO48060M48060,"Watertown-Fort Drum, NY MSA","$1,030",$927,"$1,133","$1,210","$1,089","$1,331","$1,600","$1,440","$1,760","$2,010","$1,809","$2,211","$2,300","$2,070","$2,530"
13603,METRO48060M48060,"Watertown-Fort Drum, NY MSA","$1,010",$909,"$1,111","$1,190","$1,071","$1,309","$1,570","$1,413","$1,727","$1,970","$1,773","$2,167","$2,260","$2,034","$2,486"
13605,METRO48060M48060,"Watertown-Fort Drum, NY MSA",$580,$522,$638,$690,$621,$759,$910,$819,"$1,001","$1,140","$1,026","$1,254","$1,330","$1,197","$1,463"
13606,METRO48060M48060,"Watertown-Fort Drum, NY MSA",$600,$540,$660,$700,$630,$770,$930,$837,"$1,023","$1,170","$1,053","$1,287","$1,340","$1,206","$1,474"
13607,METRO48060M48060,"Watertown-Fort Drum, NY MSA",$630,$567,$693,$740,$666,$814,$980,$882,"$1,078","$1,230","$1,107","$1,353","$1,410","$1,269","$1,551"
13608,METRO48060M48060,"Watertown-Fort Drum, NY MSA",$750,$675,$825,$880,$792,$968,"$1,160","$1,044","$1,276","$1,450","$1,305","$1,595","$1,670","$1,503","$1,837"
13611,METRO48060M48060,"Watertown-Fort Drum, NY MSA",$750,$675,$825,$880,$792,$968,"$1,160","$1,044","$1,276","$1,450","$1,305","$1,595","$1,670","$1,503","$1,837"
13612,METRO48060M48060,"Watertown-Fort Drum, NY MSA",$690,$621,$759,$820,$738,$902,"$1,080",$972,"$1,188","$1,350","$1,215","$1,485","$1,550","$1,395","$1,705"
13615,METRO48060M48060,"Watertown-Fort Drum, NY MSA",$580,$522,$638,$690,$621,$759,$910,$819,"$1,001","$1,140","$1,026","$1,254","$1,330","$1,197","$1,463"
13616,METRO48060M48060,"Watertown-Fort Drum, NY MSA",$870,$783,$957,"$1,030",$927,"$1,133","$1,360","$1,224","$1,496","$1,710","$1,539","$1,881","$1,950","$1,755","$2,145"
13618,METRO48060M48060,"Watertown-Fort Drum, NY MSA",$580,$522,$638,$690,$621,$759,$910,$819,"$1,001","$1,150","$1,035","$1,265","$1,330","$1,197","$1,463"
13619,METRO48060M48060,"Watertown-Fort Drum, NY MSA",$710,$639,$781,$840,$756,$924,"$1,110",$999,"$1,221","$1,390","$1,251","$1,529","$1,590","$1,431","$1,749"
13622,METRO48060M48060,"Watertown-Fort Drum, NY MSA",$850,$765,$935,"$1,010",$909,"$1,111","$1,330","$1,197","$1,463","$1,670","$1,503","$1,837","$1,910","$1,719","$2,101"
13624,METRO48060M48060,"Watertown-Fort Drum, NY MSA",$780,$702,$858,$920,$828,"$1,012","$1,220","$1,098","$1,342","$1,530","$1,377","$1,683","$1,750","$1,575","$1,925"
13626,METRO48060M48060,"Watertown-Fort Drum, NY MSA",$760,$684,$836,$900,$810,$990,"$1,190","$1,071","$1,309","$1,490","$1,341","$1,639","$1,710","$1,539","$1,881"
13628,METRO48060M48060,"Watertown-Fort Drum, NY MSA",$750,$675,$825,$880,$792,$968,"$1,160","$1,044","$1,276","$1,450","$1,305","$1,595","$1,670","$1,503","$1,837"
13632,METRO48060M48060,"Watertown-Fort Drum, NY MSA",$750,$675,$825,$880,$792,$968,"$1,160","$1,044","$1,276","$1,450","$1,305","$1,595","$1,670","$1,503","$1,837"
13634,METRO48060M48060,"Watertown-Fort Drum, NY MSA",$600,$540,$660,$700,$630,$770,$930,$837,"$1,023","$1,170","$1,053","$1,287","$1,340","$1,206","$1,474"
13636,METRO48060M48060,"Watertown-Fort Drum, NY MSA",$750,$675,$825,$880,$792,$968,"$1,160","$1,044","$1,276","$1,450","$1,305","$1,595","$1,670","$1,503","$1,837"
13637,METRO48060M48060,"Watertown-Fort Drum, NY MSA",$880,$792,$968,"$1,040",$936,"$1,144","$1,370","$1,233","$1,507","$1,720","$1,548","$1,892","$1,970","$1,773","$2,167"
13638,METRO48060M48060,"Watertown-Fort Drum, NY MSA",$810,$729,$891,$950,$855,"$1,045","$1,260","$1,134","$1,386","$1,580","$1,422","$1,738","$1,810","$1,629","$1,991"
13640,METRO48060M48060,"Watertown-Fort Drum, NY MSA",$750,$675,$825,$880,$792,$968,"$1,160","$1,044","$1,276","$1,450","$1,305","$1,595","$1,670","$1,503","$1,837"
13641,METRO48060M48060,"Watertown-Fort Drum, NY MSA",$750,$675,$825,$880,$792,$968,"$1,160","$1,044","$1,276","$1,450","$1,305","$1,595","$1,670","$1,503","$1,837"
13642,METRO48060M48060,"Watertown-Fort Drum, NY MSA",$580,$522,$638,$690,$621,$759,$910,$819,"$1,001","$1,140","$1,026","$1,254","$1,330","$1,197","$1,463"
13643,METRO48060M48060,"Watertown-Fort Drum, NY MSA",$750,$675,$825,$880,$792,$968,"$1,160","$1,044","$1,276","$1,450","$1,305","$1,595","$1,670","$1,503","$1,837"
13646,METRO48060M48060,"Watertown-Fort Drum, NY MSA",$750,$675,$825,$880,$792,$968,"$1,160","$1,044","$1,276","$1,450","$1,305","$1,595","$1,670","$1,503","$1,837"
13650,METRO48060M48060,"Watertown-Fort Drum, NY MSA",$690,$621,$759,$810,$729,$891,"$1,070",$963,"$1,177","$1,340","$1,206","$1,474","$1,540","$1,386","$1,694"
13651,METRO48060M48060,"Watertown-Fort Drum, NY MSA",$750,$675,$825,$880,$792,$968,"$1,160","$1,044","$1,276","$1,450","$1,305","$1,595","$1,670","$1,503","$1,837"
13656,METRO48060M48060,"Watertown-Fort Drum, NY MSA",$580,$522,$638,$690,$621,$759,$910,$819,"$1,001","$1,140","$1,026","$1,254","$1,330","$1,197","$1,463"
13659,METRO48060M48060,"Watertown-Fort Drum, NY MSA",$590,$531,$649,$700,$630,$770,$920,$828,"$1,012","$1,150","$1,035","$1,265","$1,330","$1,197","$1,463"
13661,METRO48060M48060,"Watertown-Fort Drum, NY MSA",$610,$549,$671,$720,$648,$792,$950,$855,"$1,045","$1,190","$1,071","$1,309","$1,360","$1,224","$1,496"
13665,METRO48060M48060,"Watertown-Fort Drum, NY MSA",$620,$558,$682,$730,$657,$803,$960,$864,"$1,056","$1,200","$1,080","$1,320","$1,380","$1,242","$1,518"
13673,METRO48060M48060,"Watertown-Fort Drum, NY MSA",$580,$522,$638,$690,$621,$759,$910,$819,"$1,001","$1,140","$1,026","$1,254","$1,330","$1,197","$1,463"
13674,METRO48060M48060,"Watertown-Fort Drum, NY MSA",$750,$675,$825,$880,$792,$968,"$1,160","$1,044","$1,276","$1,450","$1,305","$1,595","$1,670","$1,503","$1,837"
13675,METRO48060M48060,"Watertown-Fort Drum, NY MSA",$750,$675,$825,$880,$792,$968,"$1,160","$1,044","$1,276","$1,450","$1,305","$1,595","$1,670","$1,503","$1,837"
13679,METRO48060M48060,"Watertown-Fort Drum, NY MSA",$820,$738,$902,$960,$864,"$1,056","$1,270","$1,143","$1,397","$1,590","$1,431","$1,749","$1,820","$1,638","$2,002"
13682,METRO48060M48060,"Watertown-Fort Drum, NY MSA",$750,$675,$825,$880,$792,$968,"$1,160","$1,044","$1,276","$1,450","$1,305","$1,595","$1,670","$1,503","$1,837"
13685,METRO48060M48060,"Watertown-Fort Drum, NY MSA",$760,$684,$836,$890,$801,$979,"$1,180","$1,062","$1,298","$1,480","$1,332","$1,628","$1,700","$1,530","$1,870"
13691,METRO48060M48060,"Watertown-Fort Drum, NY MSA",$720,$648,$792,$850,$765,$935,"$1,120","$1,008","$1,232","$1,400","$1,260","$1,540","$1,610","$1,449","$1,771"
13692,METRO48060M48060,"Watertown-Fort Drum, NY MSA",$750,$675,$825,$880,$792,$968,"$1,160","$1,044","$1,276","$1,450","$1,305","$1,595","$1,670","$1,503","$1,837"
13693,METRO48060M48060,"Watertown-Fort Drum, NY MSA","$1,120","$1,008","$1,232","$1,320","$1,188","$1,452","$1,750","$1,575","$1,925","$2,190","$1,971","$2,409","$2,510","$2,259","$2,761"
10466,METRO48325M48325,"Westchester County, NY Statutory Exception Area","$1,500","$1,350","$1,650","$1,540","$1,386","$1,694","$1,760","$1,584","$1,936","$2,230","$2,007","$2,453","$2,380","$2,142","$2,618"
10470,METRO48325M48325,"Westchester County, NY Statutory Exception Area","$1,610","$1,449","$1,771","$1,650","$1,485","$1,815","$1,890","$1,701","$2,079","$2,400","$2,160","$2,640","$2,550","$2,295","$2,805"
10501,METRO48325M48325,"Westchester County, NY Statutory Exception Area","$1,250","$1,125","$1,375","$1,470","$1,323","$1,617","$1,780","$1,602","$1,958","$2,290","$2,061","$2,519","$2,600","$2,340","$2,860"
10502,METRO48325M48325,"Westchester County, NY Statutory Exception Area","$1,350","$1,215","$1,485","$1,460","$1,314","$1,606","$1,770","$1,593","$1,947","$2,280","$2,052","$2,508","$2,590","$2,331","$2,849"
10503,METRO48325M48325,"Westchester County, NY Statutory Exception Area","$1,250","$1,125","$1,375","$1,470","$1,323","$1,617","$1,780","$1,602","$1,958","$2,290","$2,061","$2,519","$2,600","$2,340","$2,860"
10504,METRO48325M48325,"Westchester County, NY Statutory Exception Area","$1,360","$1,224","$1,496","$1,470","$1,323","$1,617","$1,780","$1,602","$1,958","$2,290","$2,061","$2,519","$2,600","$2,340","$2,860"
10505,METRO48325M48325,"Westchester County, NY Statutory Exception Area","$1,370","$1,233","$1,507","$1,410","$1,269","$1,551","$1,620","$1,458","$1,782","$2,060","$1,854","$2,266","$2,330","$2,097","$2,563"
10506,METRO48325M48325,"Westchester County, NY Statutory Exception Area","$1,600","$1,440","$1,760","$1,880","$1,692","$2,068","$2,280","$2,052","$2,508","$2,930","$2,637","$3,223","$3,340","$3,006","$3,674"
10507,METRO48325M48325,"Westchester County, NY Statutory Exception Area","$1,250","$1,125","$1,375","$1,470","$1,323","$1,617","$1,780","$1,602","$1,958","$2,290","$2,061","$2,519","$2,600","$2,340","$2,860"
10509,METRO48325M48325,"Westchester County, NY Statutory Exception Area","$1,530","$1,377","$1,683","$1,570","$1,413","$1,727","$1,800","$1,620","$1,980","$2,280","$2,052","$2,508","$2,430","$2,187","$2,673"
10510,METRO48325M48325,"Westchester County, NY Statutory Exception Area","$1,740","$1,566","$1,914","$2,050","$1,845","$2,255","$2,490","$2,241","$2,739","$3,200","$2,880","$3,520","$3,640","$3,276","$4,004"
10511,METRO48325M48325,"Westchester County, NY Statutory Exception Area","$1,280","$1,152","$1,408","$1,510","$1,359","$1,661","$1,830","$1,647","$2,013","$2,350","$2,115","$2,585","$2,680","$2,412","$2,948"
10514,METRO48325M48325,"Westchester County, NY Statutory Exception Area","$1,830","$1,647","$2,013","$2,150","$1,935","$2,365","$2,610","$2,349","$2,871","$3,360","$3,024","$3,696","$3,820","$3,438","$4,202"
10517,METRO48325M48325,"Westchester County, NY Statutory Exception Area","$1,580","$1,422","$1,738","$1,860","$1,674","$2,046","$2,260","$2,034","$2,486","$2,910","$2,619","$3,201","$3,310","$2,979","$3,641"
10518,METRO48325M48325,"Westchester County, NY Statutory Exception Area","$1,250","$1,125","$1,375","$1,470","$1,323","$1,617","$1,780","$1,602","$1,958","$2,290","$2,061","$2,519","$2,600","$2,340","$2,860"
10519,METRO48325M48325,"Westchester County, NY Statutory Exception Area","$1,250","$1,125","$1,375","$1,470","$1,323","$1,617","$1,780","$1,602","$1,958","$2,290","$2,061","$2,519","$2,600","$2,340","$2,860"
10520,METRO48325M48325,"Westchester County, NY Statutory Exception Area","$1,160","$1,044","$1,276","$1,370","$1,233","$1,507","$1,660","$1,494","$1,826","$2,140","$1,926","$2,354","$2,430","$2,187","$2,673"
10522,METRO48325M48325,"Westchester County, NY Statutory Exception Area","$1,480","$1,332","$1,628","$1,740","$1,566","$1,914","$2,110","$1,899","$2,321","$2,710","$2,439","$2,981","$3,090","$2,781","$3,399"
10523,METRO48325M48325,"Westchester County, NY Statutory Exception Area","$1,700","$1,530","$1,870","$2,000","$1,800","$2,200","$2,430","$2,187","$2,673","$3,130","$2,817","$3,443","$3,560","$3,204","$3,916"
10526,METRO48325M48325,"Westchester County, NY Statutory Exception Area","$1,250","$1,125","$1,375","$1,470","$1,323","$1,617","$1,780","$1,602","$1,958","$2,290","$2,061","$2,519","$2,600","$2,340","$2,860"
10527,METRO48325M48325,"Westchester County, NY Statutory Exception Area","$1,250","$1,125","$1,375","$1,470","$1,323","$1,617","$1,780","$1,602","$1,958","$2,290","$2,061","$2,519","$2,600","$2,340","$2,860"
10528,METRO48325M48325,"Westchester County, NY Statutory Exception Area","$1,720","$1,548","$1,892","$2,020","$1,818","$2,222","$2,450","$2,205","$2,695","$3,150","$2,835","$3,465","$3,590","$3,231","$3,949"
10530,METRO48325M48325,"Westchester County, NY Statutory Exception Area","$1,530","$1,377","$1,683","$1,800","$1,620","$1,980","$2,180","$1,962","$2,398","$2,800","$2,520","$3,080","$3,190","$2,871","$3,509"
10532,METRO48325M48325,"Westchester County, NY Statutory Exception Area","$1,550","$1,395","$1,705","$1,830","$1,647","$2,013","$2,220","$1,998","$2,442","$2,860","$2,574","$3,146","$3,250","$2,925","$3,575"
10533,METRO48325M48325,"Westchester County, NY Statutory Exception Area","$1,510","$1,359","$1,661","$1,780","$1,602","$1,958","$2,160","$1,944","$2,376","$2,780","$2,502","$3,058","$3,160","$2,844","$3,476"
10535,METRO48325M48325,"Westchester County, NY Statutory Exception Area","$1,250","$1,125","$1,375","$1,340","$1,206","$1,474","$1,630","$1,467","$1,793","$2,100","$1,890","$2,310","$2,390","$2,151","$2,629"
10536,METRO48325M48325,"Westchester County, NY Statutory Exception Area","$1,860","$1,674","$2,046","$2,180","$1,962","$2,398","$2,650","$2,385","$2,915","$3,410","$3,069","$3,751","$3,880","$3,492","$4,268"
10537,METRO48325M48325,"Westchester County, NY Statutory Exception Area","$1,450","$1,305","$1,595","$1,510","$1,359","$1,661","$1,730","$1,557","$1,903","$2,200","$1,980","$2,420","$2,360","$2,124","$2,596"
10538,METRO48325M48325,"Westchester County, NY Statutory Exception Area","$1,480","$1,332","$1,628","$1,750","$1,575","$1,925","$2,120","$1,908","$2,332","$2,730","$2,457","$3,003","$3,100","$2,790","$3,410"
10540,METRO48325M48325,"Westchester County, NY Statutory Exception Area","$1,250","$1,125","$1,375","$1,470","$1,323","$1,617","$1,780","$1,602","$1,958","$2,290","$2,061","$2,519","$2,600","$2,340","$2,860"
10541,METRO48325M48325,"Westchester County, NY Statutory Exception Area","$1,510","$1,359","$1,661","$1,560","$1,404","$1,716","$1,790","$1,611","$1,969","$2,270","$2,043","$2,497","$2,420","$2,178","$2,662"
10543,METRO48325M48325,"Westchester County, NY Statutory Exception Area","$1,480","$1,332","$1,628","$1,740","$1,566","$1,914","$2,110","$1,899","$2,321","$2,710","$2,439","$2,981","$3,090","$2,781","$3,399"
10545,METRO48325M48325,"Westchester County, NY Statutory Exception Area","$1,250","$1,125","$1,375","$1,470","$1,323","$1,617","$1,780","$1,602","$1,958","$2,290","$2,061","$2,519","$2,600","$2,340","$2,860"
10546,METRO48325M48325,"Westchester County, NY Statutory Exception Area","$1,860","$1,674","$2,046","$2,190","$1,971","$2,409","$2,660","$2,394","$2,926","$3,420","$3,078","$3,762","$3,890","$3,501","$4,279"
10547,METRO48325M48325,"Westchester County, NY Statutory Exception Area","$1,310","$1,179","$1,441","$1,540","$1,386","$1,694","$1,870","$1,683","$2,057","$2,410","$2,169","$2,651","$2,740","$2,466","$3,014"
10548,METRO48325M48325,"Westchester County, NY Statutory Exception Area","$1,180","$1,062","$1,298","$1,380","$1,242","$1,518","$1,680","$1,512","$1,848","$2,160","$1,944","$2,376","$2,460","$2,214","$2,706"
10549,METRO48325M48325,"Westchester County, NY Statutory Exception Area","$1,230","$1,107","$1,353","$1,450","$1,305","$1,595","$1,760","$1,584","$1,936","$2,260","$2,034","$2,486","$2,580","$2,322","$2,838"
10550,METRO48325M48325,"Westchester County, NY Statutory Exception Area","$1,370","$1,233","$1,507","$1,410","$1,269","$1,551","$1,630","$1,467","$1,793","$2,100","$1,890","$2,310","$2,390","$2,151","$2,629"
10551,METRO48325M48325,"Westchester County, NY Statutory Exception Area","$1,250","$1,125","$1,375","$1,470","$1,323","$1,617","$1,780","$1,602","$1,958","$2,290","$2,061","$2,519","$2,600","$2,340","$2,860"
10552,METRO48325M48325,"Westchester County, NY Statutory Exception Area","$1,240","$1,116","$1,364","$1,460","$1,314","$1,606","$1,770","$1,593","$1,947","$2,280","$2,052","$2,508","$2,590","$2,331","$2,849"
10553,METRO48325M48325,"Westchester County, NY Statutory Exception Area","$1,150","$1,035","$1,265","$1,350","$1,215","$1,485","$1,640","$1,476","$1,804","$2,110","$1,899","$2,321","$2,400","$2,160","$2,640"
10560,METRO48325M48325,"Westchester County, NY Statutory Exception Area","$1,600","$1,440","$1,760","$1,880","$1,692","$2,068","$2,280","$2,052","$2,508","$2,930","$2,637","$3,223","$3,330","$2,997","$3,663"
10562,METRO48325M48325,"Westchester County, NY Statutory Exception Area","$1,270","$1,143","$1,397","$1,490","$1,341","$1,639","$1,810","$1,629","$1,991","$2,330","$2,097","$2,563","$2,650","$2,385","$2,915"
10566,METRO48325M48325,"Westchester County, NY Statutory Exception Area","$1,190","$1,071","$1,309","$1,400","$1,260","$1,540","$1,700","$1,530","$1,870","$2,190","$1,971","$2,409","$2,490","$2,241","$2,739"
10567,METRO48325M48325,"Westchester County, NY Statutory Exception Area","$1,460","$1,314","$1,606","$1,710","$1,539","$1,881","$2,080","$1,872","$2,288","$2,680","$2,412","$2,948","$3,040","$2,736","$3,344"
10570,METRO48325M48325,"Westchester County, NY Statutory Exception Area","$1,250","$1,125","$1,375","$1,480","$1,332","$1,628","$1,790","$1,611","$1,969","$2,300","$2,070","$2,530","$2,620","$2,358","$2,882"
10573,METRO48325M48325,"Westchester County, NY Statutory Exception Area","$1,300","$1,170","$1,430","$1,520","$1,368","$1,672","$1,850","$1,665","$2,035","$2,380","$2,142","$2,618","$2,710","$2,439","$2,981"
10576,METRO48325M48325,"Westchester County, NY Statutory Exception Area","$1,860","$1,674","$2,046","$2,190","$1,971","$2,409","$2,660","$2,394","$2,926","$3,420","$3,078","$3,762","$3,890","$3,501","$4,279"
10577,METRO48325M48325,"Westchester County, NY Statutory Exception Area","$1,860","$1,674","$2,046","$2,190","$1,971","$2,409","$2,660","$2,394","$2,926","$3,420","$3,078","$3,762","$3,890","$3,501","$4,279"
10578,METRO48325M48325,"Westchester County, NY Statutory Exception Area","$1,480","$1,332","$1,628","$1,740","$1,566","$1,914","$2,110","$1,899","$2,321","$2,710","$2,439","$2,981","$3,090","$2,781","$3,399"
10580,METRO48325M48325,"Westchester County, NY Statutory Exception Area","$1,860","$1,674","$2,046","$2,190","$1,971","$2,409","$2,660","$2,394","$2,926","$3,420","$3,078","$3,762","$3,890","$3,501","$4,279"
10583,METRO48325M48325,"Westchester County, NY Statutory Exception Area","$1,690","$1,521","$1,859","$1,990","$1,791","$2,189","$2,410","$2,169","$2,651","$3,100","$2,790","$3,410","$3,530","$3,177","$3,883"
10587,METRO48325M48325,"Westchester County, NY Statutory Exception Area","$1,250","$1,125","$1,375","$1,470","$1,323","$1,617","$1,780","$1,602","$1,958","$2,290","$2,061","$2,519","$2,600","$2,340","$2,860"
10588,METRO48325M48325,"Westchester County, NY Statutory Exception Area","$1,370","$1,233","$1,507","$1,410","$1,269","$1,551","$1,620","$1,458","$1,782","$2,060","$1,854","$2,266","$2,280","$2,052","$2,508"
10589,METRO48325M48325,"Westchester County, NY Statutory Exception Area","$1,860","$1,674","$2,046","$2,190","$1,971","$2,409","$2,660","$2,394","$2,926","$3,420","$3,078","$3,762","$3,890","$3,501","$4,279"
10590,METRO48325M48325,"Westchester County, NY Statutory Exception Area","$1,550","$1,395","$1,705","$1,830","$1,647","$2,013","$2,220","$1,998","$2,442","$2,860","$2,574","$3,146","$3,250","$2,925","$3,575"
10591,METRO48325M48325,"Westchester County, NY Statutory Exception Area","$1,280","$1,152","$1,408","$1,510","$1,359","$1,661","$1,830","$1,647","$2,013","$2,350","$2,115","$2,585","$2,680","$2,412","$2,948"
10594,METRO48325M48325,"Westchester County, NY Statutory Exception Area","$1,440","$1,296","$1,584","$1,690","$1,521","$1,859","$2,050","$1,845","$2,255","$2,640","$2,376","$2,904","$3,000","$2,700","$3,300"
10595,METRO48325M48325,"Westchester County, NY Statutory Exception Area","$1,460","$1,314","$1,606","$1,710","$1,539","$1,881","$2,080","$1,872","$2,288","$2,680","$2,412","$2,948","$3,040","$2,736","$3,344"
10596,METRO48325M48325,"Westchester County, NY Statutory Exception Area","$1,230","$1,107","$1,353","$1,440","$1,296","$1,584","$1,750","$1,575","$1,925","$2,250","$2,025","$2,475","$2,560","$2,304","$2,816"
10597,METRO48325M48325,"Westchester County, NY Statutory Exception Area","$1,250","$1,125","$1,375","$1,470","$1,323","$1,617","$1,780","$1,602","$1,958","$2,290","$2,061","$2,519","$2,600","$2,340","$2,860"
10598,METRO48325M48325,"Westchester County, NY Statutory Exception Area","$1,370","$1,233","$1,507","$1,480","$1,332","$1,628","$1,800","$1,620","$1,980","$2,320","$2,088","$2,552","$2,630","$2,367","$2,893"
10601,METRO48325M48325,"Westchester County, NY Statutory Exception Area","$1,640","$1,476","$1,804","$1,930","$1,737","$2,123","$2,340","$2,106","$2,574","$3,010","$2,709","$3,311","$3,420","$3,078","$3,762"
10602,METRO48325M48325,"Westchester County, NY Statutory Exception Area","$1,250","$1,125","$1,375","$1,470","$1,323","$1,617","$1,780","$1,602","$1,958","$2,290","$2,061","$2,519","$2,600","$2,340","$2,860"
10603,METRO48325M48325,"Westchester County, NY Statutory Exception Area","$1,370","$1,233","$1,507","$1,610","$1,449","$1,771","$1,950","$1,755","$2,145","$2,510","$2,259","$2,761","$2,850","$2,565","$3,135"
10604,METRO48325M48325,"Westchester County, NY Statutory Exception Area","$1,490","$1,341","$1,639","$1,760","$1,584","$1,936","$2,130","$1,917","$2,343","$2,740","$2,466","$3,014","$3,120","$2,808","$3,432"
10605,METRO48325M48325,"Westchester County, NY Statutory Exception Area","$1,410","$1,269","$1,551","$1,660","$1,494","$1,826","$2,020","$1,818","$2,222","$2,600","$2,340","$2,860","$2,960","$2,664","$3,256"
10606,METRO48325M48325,"Westchester County, NY Statutory Exception Area","$1,440","$1,296","$1,584","$1,700","$1,530","$1,870","$2,060","$1,854","$2,266","$2,650","$2,385","$2,915","$3,010","$2,709","$3,311"
10607,METRO48325M48325,"Westchester County, NY Statutory Exception Area","$1,550","$1,395","$1,705","$1,830","$1,647","$2,013","$2,220","$1,998","$2,442","$2,860","$2,574","$3,146","$3,250","$2,925","$3,575"
10701,METRO48325M48325,"Westchester County, NY Statutory Exception Area","$1,140","$1,026","$1,254","$1,340","$1,206","$1,474","$1,630","$1,467","$1,793","$2,100","$1,890","$2,310","$2,390","$2,151","$2,629"
10702,METRO48325M48325,"Westchester County, NY Statutory Exception Area","$1,250","$1,125","$1,375","$1,470","$1,323","$1,617","$1,780","$1,602","$1,958","$2,290","$2,061","$2,519","$2,600","$2,340","$2,860"
10703,METRO48325M48325,"Westchester County, NY Statutory Exception Area","$1,170","$1,053","$1,287","$1,380","$1,242","$1,518","$1,670","$1,503","$1,837","$2,150","$1,935","$2,365","$2,440","$2,196","$2,684"
10704,METRO48325M48325,"Westchester County, NY Statutory Exception Area","$1,160","$1,044","$1,276","$1,360","$1,224","$1,496","$1,650","$1,485","$1,815","$2,120","$1,908","$2,332","$2,410","$2,169","$2,651"
10705,METRO48325M48325,"Westchester County, NY Statutory Exception Area","$1,080",$972,"$1,188","$1,270","$1,143","$1,397","$1,540","$1,386","$1,694","$1,980","$1,782","$2,178","$2,250","$2,025","$2,475"
10706,METRO48325M48325,"Westchester County, NY Statutory Exception Area","$1,460","$1,314","$1,606","$1,720","$1,548","$1,892","$2,090","$1,881","$2,299","$2,690","$2,421","$2,959","$3,060","$2,754","$3,366"
10707,METRO48325M48325,"Westchester County, NY Statutory Exception Area","$1,540","$1,386","$1,694","$1,810","$1,629","$1,991","$2,200","$1,980","$2,420","$2,830","$2,547","$3,113","$3,220","$2,898","$3,542"
10708,METRO48325M48325,"Westchester County, NY Statutory Exception Area","$1,360","$1,224","$1,496","$1,600","$1,440","$1,760","$1,940","$1,746","$2,134","$2,500","$2,250","$2,750","$2,840","$2,556","$3,124"
10709,METRO48325M48325,"Westchester County, NY Statutory Exception Area","$1,380","$1,242","$1,518","$1,620","$1,458","$1,782","$1,970","$1,773","$2,167","$2,530","$2,277","$2,783","$2,880","$2,592","$3,168"
10710,METRO48325M48325,"Westchester County, NY Statutory Exception Area","$1,300","$1,170","$1,430","$1,520","$1,368","$1,672","$1,850","$1,665","$2,035","$2,380","$2,142","$2,618","$2,710","$2,439","$2,981"
10801,METRO48325M48325,"Westchester County, NY Statutory Exception Area","$1,250","$1,125","$1,375","$1,480","$1,332","$1,628","$1,790","$1,611","$1,969","$2,300","$2,070","$2,530","$2,620","$2,358","$2,882"
10802,METRO48325M48325,"Westchester County, NY Statutory Exception Area","$1,250","$1,125","$1,375","$1,470","$1,323","$1,617","$1,780","$1,602","$1,958","$2,290","$2,061","$2,519","$2,600","$2,340","$2,860"
10803,METRO48325M48325,"Westchester County, NY Statutory Exception Area","$1,530","$1,377","$1,683","$1,810","$1,629","$1,991","$2,190","$1,971","$2,409","$2,820","$2,538","$3,102","$3,200","$2,880","$3,520"
10804,METRO48325M48325,"Westchester County, NY Statutory Exception Area","$1,480","$1,332","$1,628","$1,740","$1,566","$1,914","$2,110","$1,899","$2,321","$2,710","$2,439","$2,981","$3,090","$2,781","$3,399"
10805,METRO48325M48325,"Westchester County, NY Statutory Exception Area","$1,260","$1,134","$1,386","$1,480","$1,332","$1,628","$1,800","$1,620","$1,980","$2,320","$2,088","$2,552","$2,630","$2,367","$2,893"
