ZIP Code,HUD Area Code,HUD Fair Market Rent Area Name,SAFMR 0BR,SAFMR 0BR - 90% Payment Standard,SAFMR 0BR - 110% Payment Standard,SAFMR 1BR,SAFMR 1BR - 90% Payment Standard,SAFMR 1BR - 110% Payment Standard,SAFMR 2BR,SAFMR 2BR - 90% Payment Standard,SAFMR 2BR - 110% Payment Standard,SAFMR 3BR,SAFMR 3BR - 90% Payment Standard,SAFMR 3BR - 110% Payment Standard,SAFMR 4BR,SAFMR 4BR - 90% Payment Standard,SAFMR 4BR - 110% Payment Standard
12007,METRO10580M10580,"Albany-Schenectady-Troy, NY MSA",$980,$882,"$1,078","$1,090",$981,"$1,199","$1,330","$1,197","$1,463","$1,620","$1,458","$1,782","$1,790","$1,611","$1,969"
12008,METRO10580M10580,"Albany-Schenectady-Troy, NY MSA","$1,010",$909,"$1,111","$1,130","$1,017","$1,243","$1,370","$1,233","$1,507","$1,660","$1,494","$1,826","$1,840","$1,656","$2,024"
12009,METRO10580M10580,"Albany-Schenectady-Troy, NY MSA","$1,040",$936,"$1,144","$1,160","$1,044","$1,276","$1,410","$1,269","$1,551","$1,720","$1,548","$1,892","$1,890","$1,701","$2,079"
12010,METRO10580M10580,"Albany-Schenectady-Troy, NY MSA",$810,$729,$891,$900,$810,$990,"$1,090",$981,"$1,199","$1,350","$1,215","$1,485","$1,480","$1,332","$1,628"
12018,METRO10580M10580,"Albany-Schenectady-Troy, NY MSA","$1,050",$945,"$1,155","$1,170","$1,053","$1,287","$1,420","$1,278","$1,562","$1,730","$1,557","$1,903","$1,910","$1,719","$2,101"
12019,METRO10580M10580,"Albany-Schenectady-Troy, NY MSA","$1,020",$918,"$1,122","$1,130","$1,017","$1,243","$1,380","$1,242","$1,518","$1,680","$1,512","$1,848","$1,850","$1,665","$2,035"
12020,METRO10580M10580,"Albany-Schenectady-Troy, NY MSA","$1,140","$1,026","$1,254","$1,270","$1,143","$1,397","$1,550","$1,395","$1,705","$1,890","$1,701","$2,079","$2,080","$1,872","$2,288"
12022,METRO10580M10580,"Albany-Schenectady-Troy, NY MSA",$850,$765,$935,$950,$855,"$1,045","$1,180","$1,062","$1,298","$1,440","$1,296","$1,584","$1,630","$1,467","$1,793"
12023,METRO10580M10580,"Albany-Schenectady-Troy, NY MSA",$810,$729,$891,$900,$810,$990,"$1,090",$981,"$1,199","$1,350","$1,215","$1,485","$1,480","$1,332","$1,628"
12024,METRO10580M10580,"Albany-Schenectady-Troy, NY MSA",$930,$837,"$1,023","$1,040",$936,"$1,144","$1,260","$1,134","$1,386","$1,530","$1,377","$1,683","$1,690","$1,521","$1,859"
12025,METRO10580M10580,"Albany-Schenectady-Troy, NY MSA",$810,$729,$891,$900,$810,$990,"$1,090",$981,"$1,199","$1,350","$1,215","$1,485","$1,480","$1,332","$1,628"
12027,METRO10580M10580,"Albany-Schenectady-Troy, NY MSA","$1,220","$1,098","$1,342","$1,360","$1,224","$1,496","$1,660","$1,494","$1,826","$2,020","$1,818","$2,222","$2,230","$2,007","$2,453"
12028,METRO10580M10580,"Albany-Schenectady-Troy, NY MSA",$920,$828,"$1,012","$1,040",$936,"$1,144","$1,280","$1,152","$1,408","$1,600","$1,440","$1,760","$1,710","$1,539","$1,881"
12031,METRO10580M10580,"Albany-Schenectady-Troy, NY MSA",$810,$729,$891,$910,$819,"$1,001","$1,100",$990,"$1,210","$1,350","$1,215","$1,485","$1,480","$1,332","$1,628"
12033,METRO10580M10580,"Albany-Schenectady-Troy, NY MSA","$1,000",$900,"$1,100","$1,110",$999,"$1,221","$1,350","$1,215","$1,485","$1,640","$1,476","$1,804","$1,810","$1,629","$1,991"
12035,METRO10580M10580,"Albany-Schenectady-Troy, NY MSA",$890,$801,$979,"$1,000",$900,"$1,100","$1,210","$1,089","$1,331","$1,480","$1,332","$1,628","$1,630","$1,467","$1,793"
12036,METRO10580M10580,"Albany-Schenectady-Troy, NY MSA",$810,$729,$891,$900,$810,$990,"$1,090",$981,"$1,199","$1,350","$1,215","$1,485","$1,480","$1,332","$1,628"
12040,METRO10580M10580,"Albany-Schenectady-Troy, NY MSA",$810,$729,$891,$900,$810,$990,"$1,090",$981,"$1,199","$1,350","$1,215","$1,485","$1,480","$1,332","$1,628"
12041,METRO10580M10580,"Albany-Schenectady-Troy, NY MSA",$930,$837,"$1,023","$1,030",$927,"$1,133","$1,260","$1,134","$1,386","$1,530","$1,377","$1,683","$1,690","$1,521","$1,859"
12043,METRO10580M10580,"Albany-Schenectady-Troy, NY MSA",$810,$729,$891,$900,$810,$990,"$1,090",$981,"$1,199","$1,350","$1,215","$1,485","$1,480","$1,332","$1,628"
12045,METRO10580M10580,"Albany-Schenectady-Troy, NY MSA",$910,$819,"$1,001","$1,010",$909,"$1,111","$1,230","$1,107","$1,353","$1,500","$1,350","$1,650","$1,650","$1,485","$1,815"
12046,METRO10580M10580,"Albany-Schenectady-Troy, NY MSA",$860,$774,$946,$960,$864,"$1,056","$1,170","$1,053","$1,287","$1,420","$1,278","$1,562","$1,560","$1,404","$1,716"
12047,METRO10580M10580,"Albany-Schenectady-Troy, NY MSA",$920,$828,"$1,012","$1,030",$927,"$1,133","$1,250","$1,125","$1,375","$1,520","$1,368","$1,672","$1,680","$1,512","$1,848"
12052,METRO10580M10580,"Albany-Schenectady-Troy, NY MSA",$940,$846,"$1,034","$1,050",$945,"$1,155","$1,280","$1,152","$1,408","$1,560","$1,404","$1,716","$1,720","$1,548","$1,892"
12053,METRO10580M10580,"Albany-Schenectady-Troy, NY MSA","$1,040",$936,"$1,144","$1,160","$1,044","$1,276","$1,410","$1,269","$1,551","$1,740","$1,566","$1,914","$1,910","$1,719","$2,101"
12054,METRO10580M10580,"Albany-Schenectady-Troy, NY MSA","$1,110",$999,"$1,221","$1,230","$1,107","$1,353","$1,500","$1,350","$1,650","$1,830","$1,647","$2,013","$2,020","$1,818","$2,222"
12055,METRO10580M10580,"Albany-Schenectady-Troy, NY MSA",$980,$882,"$1,078","$1,090",$981,"$1,199","$1,330","$1,197","$1,463","$1,620","$1,458","$1,782","$1,790","$1,611","$1,969"
12056,METRO10580M10580,"Albany-Schenectady-Troy, NY MSA",$940,$846,"$1,034","$1,040",$936,"$1,144","$1,270","$1,143","$1,397","$1,550","$1,395","$1,705","$1,710","$1,539","$1,881"
12057,METRO10580M10580,"Albany-Schenectady-Troy, NY MSA",$810,$729,$891,$900,$810,$990,"$1,090",$981,"$1,199","$1,350","$1,215","$1,485","$1,480","$1,332","$1,628"
12059,METRO10580M10580,"Albany-Schenectady-Troy, NY MSA",$810,$729,$891,$900,$810,$990,"$1,090",$981,"$1,199","$1,350","$1,215","$1,485","$1,480","$1,332","$1,628"
12061,METRO10580M10580,"Albany-Schenectady-Troy, NY MSA","$1,200","$1,080","$1,320","$1,340","$1,206","$1,474","$1,630","$1,467","$1,793","$1,980","$1,782","$2,178","$2,190","$1,971","$2,409"
12062,METRO10580M10580,"Albany-Schenectady-Troy, NY MSA",$940,$846,"$1,034","$1,040",$936,"$1,144","$1,270","$1,143","$1,397","$1,550","$1,395","$1,705","$1,710","$1,539","$1,881"
12063,METRO10580M10580,"Albany-Schenectady-Troy, NY MSA","$1,020",$918,"$1,122","$1,140","$1,026","$1,254","$1,390","$1,251","$1,529","$1,680","$1,512","$1,848","$1,860","$1,674","$2,046"
12064,METRO10580M10580,"Albany-Schenectady-Troy, NY MSA",$810,$729,$891,$900,$810,$990,"$1,090",$981,"$1,199","$1,350","$1,215","$1,485","$1,480","$1,332","$1,628"
12065,METRO10580M10580,"Albany-Schenectady-Troy, NY MSA","$1,110",$999,"$1,221","$1,240","$1,116","$1,364","$1,510","$1,359","$1,661","$1,840","$1,656","$2,024","$2,030","$1,827","$2,233"
12066,METRO10580M10580,"Albany-Schenectady-Troy, NY MSA","$1,000",$900,"$1,100","$1,120","$1,008","$1,232","$1,360","$1,224","$1,496","$1,660","$1,494","$1,826","$1,830","$1,647","$2,013"
12067,METRO10580M10580,"Albany-Schenectady-Troy, NY MSA",$930,$837,"$1,023","$1,040",$936,"$1,144","$1,260","$1,134","$1,386","$1,550","$1,395","$1,705","$1,710","$1,539","$1,881"
12071,METRO10580M10580,"Albany-Schenectady-Troy, NY MSA",$810,$729,$891,$900,$810,$990,"$1,090",$981,"$1,199","$1,350","$1,215","$1,485","$1,480","$1,332","$1,628"
12073,METRO10580M10580,"Albany-Schenectady-Troy, NY MSA",$810,$729,$891,$900,$810,$990,"$1,090",$981,"$1,199","$1,350","$1,215","$1,485","$1,480","$1,332","$1,628"
12074,METRO10580M10580,"Albany-Schenectady-Troy, NY MSA","$1,050",$945,"$1,155","$1,170","$1,053","$1,287","$1,420","$1,278","$1,562","$1,730","$1,557","$1,903","$1,910","$1,719","$2,101"
12076,METRO10580M10580,"Albany-Schenectady-Troy, NY MSA",$870,$783,$957,$970,$873,"$1,067","$1,180","$1,062","$1,298","$1,440","$1,296","$1,584","$1,590","$1,431","$1,749"
12077,METRO10580M10580,"Albany-Schenectady-Troy, NY MSA","$1,200","$1,080","$1,320","$1,340","$1,206","$1,474","$1,630","$1,467","$1,793","$1,980","$1,782","$2,178","$2,190","$1,971","$2,409"
12082,METRO10580M10580,"Albany-Schenectady-Troy, NY MSA",$930,$837,"$1,023","$1,040",$936,"$1,144","$1,260","$1,134","$1,386","$1,530","$1,377","$1,683","$1,690","$1,521","$1,859"
12083,METRO10580M10580,"Albany-Schenectady-Troy, NY MSA",$920,$828,"$1,012","$1,030",$927,"$1,133","$1,250","$1,125","$1,375","$1,520","$1,368","$1,672","$1,680","$1,512","$1,848"
12084,METRO10580M10580,"Albany-Schenectady-Troy, NY MSA","$1,180","$1,062","$1,298","$1,320","$1,188","$1,452","$1,600","$1,440","$1,760","$1,950","$1,755","$2,145","$2,150","$1,935","$2,365"
12085,METRO10580M10580,"Albany-Schenectady-Troy, NY MSA",$910,$819,"$1,001","$1,020",$918,"$1,122","$1,240","$1,116","$1,364","$1,510","$1,359","$1,661","$1,670","$1,503","$1,837"
12086,METRO10580M10580,"Albany-Schenectady-Troy, NY MSA",$810,$729,$891,$900,$810,$990,"$1,090",$981,"$1,199","$1,350","$1,215","$1,485","$1,480","$1,332","$1,628"
12087,METRO10580M10580,"Albany-Schenectady-Troy, NY MSA",$980,$882,"$1,078","$1,090",$981,"$1,199","$1,330","$1,197","$1,463","$1,620","$1,458","$1,782","$1,790","$1,611","$1,969"
12089,METRO10580M10580,"Albany-Schenectady-Troy, NY MSA",$870,$783,$957,$970,$873,"$1,067","$1,180","$1,062","$1,298","$1,440","$1,296","$1,584","$1,590","$1,431","$1,749"
12090,METRO10580M10580,"Albany-Schenectady-Troy, NY MSA",$870,$783,$957,$970,$873,"$1,067","$1,180","$1,062","$1,298","$1,440","$1,296","$1,584","$1,590","$1,431","$1,749"
12092,METRO10580M10580,"Albany-Schenectady-Troy, NY MSA",$850,$765,$935,$950,$855,"$1,045","$1,150","$1,035","$1,265","$1,400","$1,260","$1,540","$1,540","$1,386","$1,694"
12093,METRO10580M10580,"Albany-Schenectady-Troy, NY MSA",$810,$729,$891,$900,$810,$990,"$1,090",$981,"$1,199","$1,350","$1,215","$1,485","$1,480","$1,332","$1,628"
12094,METRO10580M10580,"Albany-Schenectady-Troy, NY MSA",$870,$783,$957,$980,$882,"$1,078","$1,200","$1,080","$1,320","$1,480","$1,332","$1,628","$1,610","$1,449","$1,771"
12107,METRO10580M10580,"Albany-Schenectady-Troy, NY MSA",$980,$882,"$1,078","$1,090",$981,"$1,199","$1,330","$1,197","$1,463","$1,620","$1,458","$1,782","$1,790","$1,611","$1,969"
12110,METRO10580M10580,"Albany-Schenectady-Troy, NY MSA","$1,150","$1,035","$1,265","$1,280","$1,152","$1,408","$1,560","$1,404","$1,716","$1,900","$1,710","$2,090","$2,100","$1,890","$2,310"
12118,METRO10580M10580,"Albany-Schenectady-Troy, NY MSA",$860,$774,$946,$950,$855,"$1,045","$1,160","$1,044","$1,276","$1,410","$1,269","$1,551","$1,560","$1,404","$1,716"
12120,METRO10580M10580,"Albany-Schenectady-Troy, NY MSA",$860,$774,$946,$950,$855,"$1,045","$1,160","$1,044","$1,276","$1,410","$1,269","$1,551","$1,560","$1,404","$1,716"
12121,METRO10580M10580,"Albany-Schenectady-Troy, NY MSA",$860,$774,$946,$960,$864,"$1,056","$1,170","$1,053","$1,287","$1,430","$1,287","$1,573","$1,580","$1,422","$1,738"
12122,METRO10580M10580,"Albany-Schenectady-Troy, NY MSA",$810,$729,$891,$900,$810,$990,"$1,090",$981,"$1,199","$1,350","$1,215","$1,485","$1,480","$1,332","$1,628"
12123,METRO10580M10580,"Albany-Schenectady-Troy, NY MSA",$810,$729,$891,$900,$810,$990,"$1,090",$981,"$1,199","$1,350","$1,215","$1,485","$1,480","$1,332","$1,628"
12128,METRO10580M10580,"Albany-Schenectady-Troy, NY MSA",$980,$882,"$1,078","$1,090",$981,"$1,199","$1,330","$1,197","$1,463","$1,620","$1,458","$1,782","$1,790","$1,611","$1,969"
12131,METRO10580M10580,"Albany-Schenectady-Troy, NY MSA",$810,$729,$891,$900,$810,$990,"$1,090",$981,"$1,199","$1,350","$1,215","$1,485","$1,480","$1,332","$1,628"
12133,METRO10580M10580,"Albany-Schenectady-Troy, NY MSA",$930,$837,"$1,023","$1,040",$936,"$1,144","$1,260","$1,134","$1,386","$1,530","$1,377","$1,683","$1,690","$1,521","$1,859"
12134,METRO10580M10580,"Albany-Schenectady-Troy, NY MSA",$810,$729,$891,$900,$810,$990,"$1,090",$981,"$1,199","$1,350","$1,215","$1,485","$1,480","$1,332","$1,628"
12137,METRO10580M10580,"Albany-Schenectady-Troy, NY MSA",$810,$729,$891,$900,$810,$990,"$1,100",$990,"$1,210","$1,350","$1,215","$1,485","$1,480","$1,332","$1,628"
12138,METRO10580M10580,"Albany-Schenectady-Troy, NY MSA",$810,$729,$891,$900,$810,$990,"$1,090",$981,"$1,199","$1,350","$1,215","$1,485","$1,480","$1,332","$1,628"
12140,METRO10580M10580,"Albany-Schenectady-Troy, NY MSA",$810,$729,$891,$900,$810,$990,"$1,090",$981,"$1,199","$1,350","$1,215","$1,485","$1,480","$1,332","$1,628"
12141,METRO10580M10580,"Albany-Schenectady-Troy, NY MSA",$910,$819,"$1,001","$1,010",$909,"$1,111","$1,230","$1,107","$1,353","$1,500","$1,350","$1,650","$1,650","$1,485","$1,815"
12143,METRO10580M10580,"Albany-Schenectady-Troy, NY MSA",$850,$765,$935,$950,$855,"$1,045","$1,150","$1,035","$1,265","$1,400","$1,260","$1,540","$1,540","$1,386","$1,694"
12144,METRO10580M10580,"Albany-Schenectady-Troy, NY MSA",$970,$873,"$1,067","$1,090",$981,"$1,199","$1,320","$1,188","$1,452","$1,610","$1,449","$1,771","$1,770","$1,593","$1,947"
12147,METRO10580M10580,"Albany-Schenectady-Troy, NY MSA",$810,$729,$891,$900,$810,$990,"$1,090",$981,"$1,199","$1,350","$1,215","$1,485","$1,480","$1,332","$1,628"
12148,METRO10580M10580,"Albany-Schenectady-Troy, NY MSA","$1,090",$981,"$1,199","$1,210","$1,089","$1,331","$1,470","$1,323","$1,617","$1,790","$1,611","$1,969","$1,980","$1,782","$2,178"
12149,METRO10580M10580,"Albany-Schenectady-Troy, NY MSA",$810,$729,$891,$900,$810,$990,"$1,090",$981,"$1,199","$1,350","$1,215","$1,485","$1,480","$1,332","$1,628"
12150,METRO10580M10580,"Albany-Schenectady-Troy, NY MSA",$920,$828,"$1,012","$1,020",$918,"$1,122","$1,240","$1,116","$1,364","$1,510","$1,359","$1,661","$1,660","$1,494","$1,826"
12151,METRO10580M10580,"Albany-Schenectady-Troy, NY MSA","$1,180","$1,062","$1,298","$1,320","$1,188","$1,452","$1,600","$1,440","$1,760","$1,950","$1,755","$2,145","$2,150","$1,935","$2,365"
12153,METRO10580M10580,"Albany-Schenectady-Troy, NY MSA",$920,$828,"$1,012","$1,020",$918,"$1,122","$1,240","$1,116","$1,364","$1,510","$1,359","$1,661","$1,670","$1,503","$1,837"
12154,METRO10580M10580,"Albany-Schenectady-Troy, NY MSA",$870,$783,$957,$970,$873,"$1,067","$1,190","$1,071","$1,309","$1,460","$1,314","$1,606","$1,590","$1,431","$1,749"
12156,METRO10580M10580,"Albany-Schenectady-Troy, NY MSA",$810,$729,$891,$900,$810,$990,"$1,090",$981,"$1,199","$1,350","$1,215","$1,485","$1,480","$1,332","$1,628"
12157,METRO10580M10580,"Albany-Schenectady-Troy, NY MSA",$810,$729,$891,$900,$810,$990,"$1,090",$981,"$1,199","$1,350","$1,215","$1,485","$1,480","$1,332","$1,628"
12158,METRO10580M10580,"Albany-Schenectady-Troy, NY MSA","$1,250","$1,125","$1,375","$1,390","$1,251","$1,529","$1,690","$1,521","$1,859","$2,060","$1,854","$2,266","$2,270","$2,043","$2,497"
12159,METRO10580M10580,"Albany-Schenectady-Troy, NY MSA","$1,050",$945,"$1,155","$1,180","$1,062","$1,298","$1,430","$1,287","$1,573","$1,740","$1,566","$1,914","$1,920","$1,728","$2,112"
12160,METRO10580M10580,"Albany-Schenectady-Troy, NY MSA",$910,$819,"$1,001","$1,020",$918,"$1,122","$1,240","$1,116","$1,364","$1,510","$1,359","$1,661","$1,670","$1,503","$1,837"
12161,METRO10580M10580,"Albany-Schenectady-Troy, NY MSA","$1,250","$1,125","$1,375","$1,390","$1,251","$1,529","$1,690","$1,521","$1,859","$2,060","$1,854","$2,266","$2,270","$2,043","$2,497"
12166,METRO10580M10580,"Albany-Schenectady-Troy, NY MSA",$810,$729,$891,$900,$810,$990,"$1,090",$981,"$1,199","$1,350","$1,215","$1,485","$1,480","$1,332","$1,628"
12167,METRO10580M10580,"Albany-Schenectady-Troy, NY MSA",$810,$729,$891,$900,$810,$990,"$1,090",$981,"$1,199","$1,350","$1,215","$1,485","$1,480","$1,332","$1,628"
12168,METRO10580M10580,"Albany-Schenectady-Troy, NY MSA",$810,$729,$891,$900,$810,$990,"$1,090",$981,"$1,199","$1,350","$1,215","$1,485","$1,480","$1,332","$1,628"
12169,METRO10580M10580,"Albany-Schenectady-Troy, NY MSA",$850,$765,$935,$950,$855,"$1,045","$1,150","$1,035","$1,265","$1,410","$1,269","$1,551","$1,550","$1,395","$1,705"
12170,METRO10580M10580,"Albany-Schenectady-Troy, NY MSA","$1,140","$1,026","$1,254","$1,270","$1,143","$1,397","$1,550","$1,395","$1,705","$1,890","$1,701","$2,079","$2,080","$1,872","$2,288"
12175,METRO10580M10580,"Albany-Schenectady-Troy, NY MSA","$1,030",$927,"$1,133","$1,150","$1,035","$1,265","$1,400","$1,260","$1,540","$1,700","$1,530","$1,870","$1,880","$1,692","$2,068"
12180,METRO10580M10580,"Albany-Schenectady-Troy, NY MSA",$940,$846,"$1,034","$1,040",$936,"$1,144","$1,270","$1,143","$1,397","$1,550","$1,395","$1,705","$1,710","$1,539","$1,881"
12181,METRO10580M10580,"Albany-Schenectady-Troy, NY MSA",$930,$837,"$1,023","$1,040",$936,"$1,144","$1,260","$1,134","$1,386","$1,530","$1,377","$1,683","$1,690","$1,521","$1,859"
12182,METRO10580M10580,"Albany-Schenectady-Troy, NY MSA",$810,$729,$891,$900,$810,$990,"$1,100",$990,"$1,210","$1,350","$1,215","$1,485","$1,480","$1,332","$1,628"
12183,METRO10580M10580,"Albany-Schenectady-Troy, NY MSA",$810,$729,$891,$900,$810,$990,"$1,090",$981,"$1,199","$1,350","$1,215","$1,485","$1,480","$1,332","$1,628"
12184,METRO10580M10580,"Albany-Schenectady-Troy, NY MSA",$930,$837,"$1,023","$1,040",$936,"$1,144","$1,260","$1,134","$1,386","$1,530","$1,377","$1,683","$1,690","$1,521","$1,859"
12185,METRO10580M10580,"Albany-Schenectady-Troy, NY MSA",$860,$774,$946,$960,$864,"$1,056","$1,180","$1,062","$1,298","$1,440","$1,296","$1,584","$1,580","$1,422","$1,738"
12186,METRO10580M10580,"Albany-Schenectady-Troy, NY MSA",$970,$873,"$1,067","$1,080",$972,"$1,188","$1,310","$1,179","$1,441","$1,590","$1,431","$1,749","$1,760","$1,584","$1,936"
12187,METRO10580M10580,"Albany-Schenectady-Troy, NY MSA",$810,$729,$891,$900,$810,$990,"$1,090",$981,"$1,199","$1,350","$1,215","$1,485","$1,480","$1,332","$1,628"
12188,METRO10580M10580,"Albany-Schenectady-Troy, NY MSA",$920,$828,"$1,012","$1,030",$927,"$1,133","$1,250","$1,125","$1,375","$1,520","$1,368","$1,672","$1,680","$1,512","$1,848"
12189,METRO10580M10580,"Albany-Schenectady-Troy, NY MSA",$870,$783,$957,$970,$873,"$1,067","$1,180","$1,062","$1,298","$1,440","$1,296","$1,584","$1,590","$1,431","$1,749"
12193,METRO10580M10580,"Albany-Schenectady-Troy, NY MSA","$1,020",$918,"$1,122","$1,140","$1,026","$1,254","$1,390","$1,251","$1,529","$1,690","$1,521","$1,859","$1,870","$1,683","$2,057"
12194,METRO10580M10580,"Albany-Schenectady-Troy, NY MSA",$810,$729,$891,$900,$810,$990,"$1,090",$981,"$1,199","$1,350","$1,215","$1,485","$1,480","$1,332","$1,628"
12196,METRO10580M10580,"Albany-Schenectady-Troy, NY MSA",$830,$747,$913,$930,$837,"$1,023","$1,130","$1,017","$1,243","$1,380","$1,242","$1,518","$1,520","$1,368","$1,672"
12198,METRO10580M10580,"Albany-Schenectady-Troy, NY MSA",$830,$747,$913,$920,$828,"$1,012","$1,120","$1,008","$1,232","$1,360","$1,224","$1,496","$1,500","$1,350","$1,650"
12201,METRO10580M10580,"Albany-Schenectady-Troy, NY MSA",$980,$882,"$1,078","$1,090",$981,"$1,199","$1,330","$1,197","$1,463","$1,620","$1,458","$1,782","$1,790","$1,611","$1,969"
12202,METRO10580M10580,"Albany-Schenectady-Troy, NY MSA",$830,$747,$913,$920,$828,"$1,012","$1,120","$1,008","$1,232","$1,360","$1,224","$1,496","$1,500","$1,350","$1,650"
12203,METRO10580M10580,"Albany-Schenectady-Troy, NY MSA","$1,100",$990,"$1,210","$1,220","$1,098","$1,342","$1,490","$1,341","$1,639","$1,810","$1,629","$1,991","$2,000","$1,800","$2,200"
12204,METRO10580M10580,"Albany-Schenectady-Troy, NY MSA","$1,000",$900,"$1,100","$1,120","$1,008","$1,232","$1,360","$1,224","$1,496","$1,660","$1,494","$1,826","$1,830","$1,647","$2,013"
12205,METRO10580M10580,"Albany-Schenectady-Troy, NY MSA","$1,060",$954,"$1,166","$1,180","$1,062","$1,298","$1,440","$1,296","$1,584","$1,750","$1,575","$1,925","$1,930","$1,737","$2,123"
12206,METRO10580M10580,"Albany-Schenectady-Troy, NY MSA",$940,$846,"$1,034","$1,040",$936,"$1,144","$1,270","$1,143","$1,397","$1,550","$1,395","$1,705","$1,710","$1,539","$1,881"
12207,METRO10580M10580,"Albany-Schenectady-Troy, NY MSA",$870,$783,$957,$970,$873,"$1,067","$1,180","$1,062","$1,298","$1,440","$1,296","$1,584","$1,590","$1,431","$1,749"
12208,METRO10580M10580,"Albany-Schenectady-Troy, NY MSA",$990,$891,"$1,089","$1,100",$990,"$1,210","$1,340","$1,206","$1,474","$1,630","$1,467","$1,793","$1,800","$1,620","$1,980"
12209,METRO10580M10580,"Albany-Schenectady-Troy, NY MSA",$990,$891,"$1,089","$1,100",$990,"$1,210","$1,340","$1,206","$1,474","$1,630","$1,467","$1,793","$1,800","$1,620","$1,980"
12210,METRO10580M10580,"Albany-Schenectady-Troy, NY MSA",$900,$810,$990,"$1,000",$900,"$1,100","$1,220","$1,098","$1,342","$1,480","$1,332","$1,628","$1,640","$1,476","$1,804"
12211,METRO10580M10580,"Albany-Schenectady-Troy, NY MSA","$1,390","$1,251","$1,529","$1,550","$1,395","$1,705","$1,890","$1,701","$2,079","$2,300","$2,070","$2,530","$2,540","$2,286","$2,794"
12212,METRO10580M10580,"Albany-Schenectady-Troy, NY MSA",$980,$882,"$1,078","$1,090",$981,"$1,199","$1,330","$1,197","$1,463","$1,620","$1,458","$1,782","$1,790","$1,611","$1,969"
12220,METRO10580M10580,"Albany-Schenectady-Troy, NY MSA",$980,$882,"$1,078","$1,090",$981,"$1,199","$1,330","$1,197","$1,463","$1,620","$1,458","$1,782","$1,790","$1,611","$1,969"
12222,METRO10580M10580,"Albany-Schenectady-Troy, NY MSA",$980,$882,"$1,078","$1,090",$981,"$1,199","$1,330","$1,197","$1,463","$1,620","$1,458","$1,782","$1,790","$1,611","$1,969"
12223,METRO10580M10580,"Albany-Schenectady-Troy, NY MSA",$980,$882,"$1,078","$1,090",$981,"$1,199","$1,330","$1,197","$1,463","$1,620","$1,458","$1,782","$1,790","$1,611","$1,969"
12226,METRO10580M10580,"Albany-Schenectady-Troy, NY MSA",$980,$882,"$1,078","$1,090",$981,"$1,199","$1,330","$1,197","$1,463","$1,620","$1,458","$1,782","$1,790","$1,611","$1,969"
12227,METRO10580M10580,"Albany-Schenectady-Troy, NY MSA",$980,$882,"$1,078","$1,090",$981,"$1,199","$1,330","$1,197","$1,463","$1,620","$1,458","$1,782","$1,790","$1,611","$1,969"
12236,METRO10580M10580,"Albany-Schenectady-Troy, NY MSA",$980,$882,"$1,078","$1,090",$981,"$1,199","$1,330","$1,197","$1,463","$1,620","$1,458","$1,782","$1,790","$1,611","$1,969"
12237,METRO10580M10580,"Albany-Schenectady-Troy, NY MSA",$980,$882,"$1,078","$1,090",$981,"$1,199","$1,330","$1,197","$1,463","$1,620","$1,458","$1,782","$1,790","$1,611","$1,969"
12247,METRO10580M10580,"Albany-Schenectady-Troy, NY MSA",$980,$882,"$1,078","$1,090",$981,"$1,199","$1,330","$1,197","$1,463","$1,620","$1,458","$1,782","$1,790","$1,611","$1,969"
12260,METRO10580M10580,"Albany-Schenectady-Troy, NY MSA",$980,$882,"$1,078","$1,090",$981,"$1,199","$1,330","$1,197","$1,463","$1,620","$1,458","$1,782","$1,790","$1,611","$1,969"
12288,METRO10580M10580,"Albany-Schenectady-Troy, NY MSA",$980,$882,"$1,078","$1,090",$981,"$1,199","$1,330","$1,197","$1,463","$1,620","$1,458","$1,782","$1,790","$1,611","$1,969"
12301,METRO10580M10580,"Albany-Schenectady-Troy, NY MSA",$910,$819,"$1,001","$1,010",$909,"$1,111","$1,230","$1,107","$1,353","$1,500","$1,350","$1,650","$1,650","$1,485","$1,815"
12302,METRO10580M10580,"Albany-Schenectady-Troy, NY MSA","$1,000",$900,"$1,100","$1,110",$999,"$1,221","$1,350","$1,215","$1,485","$1,640","$1,476","$1,804","$1,810","$1,629","$1,991"
12303,METRO10580M10580,"Albany-Schenectady-Troy, NY MSA",$880,$792,$968,$990,$891,"$1,089","$1,200","$1,080","$1,320","$1,460","$1,314","$1,606","$1,610","$1,449","$1,771"
12304,METRO10580M10580,"Albany-Schenectady-Troy, NY MSA",$880,$792,$968,$990,$891,"$1,089","$1,200","$1,080","$1,320","$1,460","$1,314","$1,606","$1,610","$1,449","$1,771"
12305,METRO10580M10580,"Albany-Schenectady-Troy, NY MSA",$810,$729,$891,$900,$810,$990,"$1,090",$981,"$1,199","$1,350","$1,215","$1,485","$1,480","$1,332","$1,628"
12306,METRO10580M10580,"Albany-Schenectady-Troy, NY MSA",$910,$819,"$1,001","$1,010",$909,"$1,111","$1,230","$1,107","$1,353","$1,500","$1,350","$1,650","$1,650","$1,485","$1,815"
12307,METRO10580M10580,"Albany-Schenectady-Troy, NY MSA",$840,$756,$924,$940,$846,"$1,034","$1,140","$1,026","$1,254","$1,390","$1,251","$1,529","$1,530","$1,377","$1,683"
12308,METRO10580M10580,"Albany-Schenectady-Troy, NY MSA",$890,$801,$979,$990,$891,"$1,089","$1,210","$1,089","$1,331","$1,470","$1,323","$1,617","$1,630","$1,467","$1,793"
12309,METRO10580M10580,"Albany-Schenectady-Troy, NY MSA","$1,070",$963,"$1,177","$1,190","$1,071","$1,309","$1,450","$1,305","$1,595","$1,760","$1,584","$1,936","$1,950","$1,755","$2,145"
12345,METRO10580M10580,"Albany-Schenectady-Troy, NY MSA",$910,$819,"$1,001","$1,010",$909,"$1,111","$1,230","$1,107","$1,353","$1,500","$1,350","$1,650","$1,650","$1,485","$1,815"
12460,METRO10580M10580,"Albany-Schenectady-Troy, NY MSA",$980,$882,"$1,078","$1,090",$981,"$1,199","$1,330","$1,197","$1,463","$1,620","$1,458","$1,782","$1,790","$1,611","$1,969"
12469,METRO10580M10580,"Albany-Schenectady-Troy, NY MSA",$810,$729,$891,$900,$810,$990,"$1,090",$981,"$1,199","$1,350","$1,215","$1,485","$1,480","$1,332","$1,628"
12803,METRO10580M10580,"Albany-Schenectady-Troy, NY MSA",$880,$792,$968,$990,$891,"$1,089","$1,200","$1,080","$1,320","$1,460","$1,314","$1,606","$1,610","$1,449","$1,771"
12822,METRO10580M10580,"Albany-Schenectady-Troy, NY MSA",$830,$747,$913,$930,$837,"$1,023","$1,130","$1,017","$1,243","$1,380","$1,242","$1,518","$1,520","$1,368","$1,672"
12828,METRO10580M10580,"Albany-Schenectady-Troy, NY MSA",$810,$729,$891,$910,$819,"$1,001","$1,130","$1,017","$1,243","$1,420","$1,278","$1,562","$1,520","$1,368","$1,672"
12831,METRO10580M10580,"Albany-Schenectady-Troy, NY MSA","$1,030",$927,"$1,133","$1,150","$1,035","$1,265","$1,400","$1,260","$1,540","$1,700","$1,530","$1,870","$1,880","$1,692","$2,068"
12833,METRO10580M10580,"Albany-Schenectady-Troy, NY MSA",$810,$729,$891,$900,$810,$990,"$1,090",$981,"$1,199","$1,350","$1,215","$1,485","$1,480","$1,332","$1,628"
12835,METRO10580M10580,"Albany-Schenectady-Troy, NY MSA",$810,$729,$891,$900,$810,$990,"$1,090",$981,"$1,199","$1,350","$1,215","$1,485","$1,480","$1,332","$1,628"
12850,METRO10580M10580,"Albany-Schenectady-Troy, NY MSA","$1,070",$963,"$1,177","$1,190","$1,071","$1,309","$1,450","$1,305","$1,595","$1,760","$1,584","$1,936","$1,950","$1,755","$2,145"
12859,METRO10580M10580,"Albany-Schenectady-Troy, NY MSA","$1,220","$1,098","$1,342","$1,360","$1,224","$1,496","$1,650","$1,485","$1,815","$2,010","$1,809","$2,211","$2,220","$1,998","$2,442"
12863,METRO10580M10580,"Albany-Schenectady-Troy, NY MSA",$950,$855,"$1,045","$1,060",$954,"$1,166","$1,290","$1,161","$1,419","$1,570","$1,413","$1,727","$1,730","$1,557","$1,903"
12866,METRO10580M10580,"Albany-Schenectady-Troy, NY MSA","$1,280","$1,152","$1,408","$1,420","$1,278","$1,562","$1,730","$1,557","$1,903","$2,110","$1,899","$2,321","$2,320","$2,088","$2,552"
12871,METRO10580M10580,"Albany-Schenectady-Troy, NY MSA",$880,$792,$968,$980,$882,"$1,078","$1,190","$1,071","$1,309","$1,450","$1,305","$1,595","$1,600","$1,440","$1,760"
12884,METRO10580M10580,"Albany-Schenectady-Troy, NY MSA","$1,010",$909,"$1,111","$1,130","$1,017","$1,243","$1,370","$1,233","$1,507","$1,670","$1,503","$1,837","$1,840","$1,656","$2,024"
13320,METRO10580M10580,"Albany-Schenectady-Troy, NY MSA",$810,$729,$891,$900,$810,$990,"$1,090",$981,"$1,199","$1,350","$1,215","$1,485","$1,480","$1,332","$1,628"
13459,METRO10580M10580,"Albany-Schenectady-Troy, NY MSA",$860,$774,$946,$950,$855,"$1,045","$1,160","$1,044","$1,276","$1,410","$1,269","$1,551","$1,560","$1,404","$1,716"
13730,METRO13780M13780,"Binghamton, NY MSA",$620,$558,$682,$650,$585,$715,$830,$747,$913,"$1,080",$972,"$1,188","$1,170","$1,053","$1,287"
13732,METRO13780M13780,"Binghamton, NY MSA",$690,$621,$759,$720,$648,$792,$920,$828,"$1,012","$1,200","$1,080","$1,320","$1,300","$1,170","$1,430"
13734,METRO13780M13780,"Binghamton, NY MSA",$730,$657,$803,$760,$684,$836,$970,$873,"$1,067","$1,260","$1,134","$1,386","$1,370","$1,233","$1,507"
13736,METRO13780M13780,"Binghamton, NY MSA",$950,$855,"$1,045","$1,020",$918,"$1,122","$1,230","$1,107","$1,353","$1,570","$1,413","$1,727","$1,670","$1,503","$1,837"
13737,METRO13780M13780,"Binghamton, NY MSA",$730,$657,$803,$760,$684,$836,$970,$873,"$1,067","$1,270","$1,143","$1,397","$1,370","$1,233","$1,507"
13743,METRO13780M13780,"Binghamton, NY MSA",$650,$585,$715,$680,$612,$748,$860,$774,$946,"$1,130","$1,017","$1,243","$1,220","$1,098","$1,342"
13744,METRO13780M13780,"Binghamton, NY MSA",$700,$630,$770,$730,$657,$803,$930,$837,"$1,023","$1,220","$1,098","$1,342","$1,320","$1,188","$1,452"
13745,METRO13780M13780,"Binghamton, NY MSA",$730,$657,$803,$760,$684,$836,$970,$873,"$1,067","$1,270","$1,143","$1,397","$1,370","$1,233","$1,507"
13746,METRO13780M13780,"Binghamton, NY MSA",$680,$612,$748,$720,$648,$792,$910,$819,"$1,001","$1,190","$1,071","$1,309","$1,290","$1,161","$1,419"
13748,METRO13780M13780,"Binghamton, NY MSA","$1,020",$918,"$1,122","$1,060",$954,"$1,166","$1,350","$1,215","$1,485","$1,770","$1,593","$1,947","$1,910","$1,719","$2,101"
13749,METRO13780M13780,"Binghamton, NY MSA",$730,$657,$803,$760,$684,$836,$970,$873,"$1,067","$1,270","$1,143","$1,397","$1,370","$1,233","$1,507"
13754,METRO13780M13780,"Binghamton, NY MSA",$680,$612,$748,$710,$639,$781,$900,$810,$990,"$1,180","$1,062","$1,298","$1,280","$1,152","$1,408"
13760,METRO13780M13780,"Binghamton, NY MSA",$710,$639,$781,$750,$675,$825,$950,$855,"$1,045","$1,240","$1,116","$1,364","$1,350","$1,215","$1,485"
13761,METRO13780M13780,"Binghamton, NY MSA",$730,$657,$803,$760,$684,$836,$970,$873,"$1,067","$1,270","$1,143","$1,397","$1,370","$1,233","$1,507"
13762,METRO13780M13780,"Binghamton, NY MSA",$730,$657,$803,$760,$684,$836,$970,$873,"$1,067","$1,270","$1,143","$1,397","$1,370","$1,233","$1,507"
13777,METRO13780M13780,"Binghamton, NY MSA",$720,$648,$792,$760,$684,$836,$960,$864,"$1,056","$1,260","$1,134","$1,386","$1,360","$1,224","$1,496"
13778,METRO13780M13780,"Binghamton, NY MSA",$620,$558,$682,$650,$585,$715,$830,$747,$913,"$1,090",$981,"$1,199","$1,180","$1,062","$1,298"
13783,METRO13780M13780,"Binghamton, NY MSA",$730,$657,$803,$760,$684,$836,$970,$873,"$1,067","$1,270","$1,143","$1,397","$1,370","$1,233","$1,507"
13787,METRO13780M13780,"Binghamton, NY MSA",$620,$558,$682,$650,$585,$715,$830,$747,$913,"$1,080",$972,"$1,188","$1,170","$1,053","$1,287"
13790,METRO13780M13780,"Binghamton, NY MSA",$770,$693,$847,$810,$729,$891,"$1,030",$927,"$1,133","$1,350","$1,215","$1,485","$1,460","$1,314","$1,606"
13794,METRO13780M13780,"Binghamton, NY MSA",$730,$657,$803,$760,$684,$836,$970,$873,"$1,067","$1,280","$1,152","$1,408","$1,380","$1,242","$1,518"
13795,METRO13780M13780,"Binghamton, NY MSA",$770,$693,$847,$810,$729,$891,"$1,030",$927,"$1,133","$1,350","$1,215","$1,485","$1,460","$1,314","$1,606"
13797,METRO13780M13780,"Binghamton, NY MSA",$750,$675,$825,$790,$711,$869,"$1,000",$900,"$1,100","$1,310","$1,179","$1,441","$1,420","$1,278","$1,562"
13802,METRO13780M13780,"Binghamton, NY MSA",$720,$648,$792,$750,$675,$825,$960,$864,"$1,056","$1,250","$1,125","$1,375","$1,360","$1,224","$1,496"
13803,METRO13780M13780,"Binghamton, NY MSA",$730,$657,$803,$760,$684,$836,$970,$873,"$1,067","$1,270","$1,143","$1,397","$1,370","$1,233","$1,507"
13811,METRO13780M13780,"Binghamton, NY MSA",$650,$585,$715,$680,$612,$748,$870,$783,$957,"$1,140","$1,026","$1,254","$1,230","$1,107","$1,353"
13812,METRO13780M13780,"Binghamton, NY MSA",$770,$693,$847,$800,$720,$880,"$1,020",$918,"$1,122","$1,330","$1,197","$1,463","$1,450","$1,305","$1,595"
13813,METRO13780M13780,"Binghamton, NY MSA",$630,$567,$693,$660,$594,$726,$850,$765,$935,"$1,100",$990,"$1,210","$1,190","$1,071","$1,309"
13826,METRO13780M13780,"Binghamton, NY MSA",$730,$657,$803,$760,$684,$836,$970,$873,"$1,067","$1,270","$1,143","$1,397","$1,370","$1,233","$1,507"
13827,METRO13780M13780,"Binghamton, NY MSA",$720,$648,$792,$760,$684,$836,$960,$864,"$1,056","$1,260","$1,134","$1,386","$1,360","$1,224","$1,496"
13833,METRO13780M13780,"Binghamton, NY MSA",$890,$801,$979,$930,$837,"$1,023","$1,180","$1,062","$1,298","$1,540","$1,386","$1,694","$1,670","$1,503","$1,837"
13835,METRO13780M13780,"Binghamton, NY MSA",$690,$621,$759,$720,$648,$792,$920,$828,"$1,012","$1,200","$1,080","$1,320","$1,300","$1,170","$1,430"
13840,METRO13780M13780,"Binghamton, NY MSA",$710,$639,$781,$750,$675,$825,$950,$855,"$1,045","$1,240","$1,116","$1,364","$1,350","$1,215","$1,485"
13845,METRO13780M13780,"Binghamton, NY MSA",$710,$639,$781,$750,$675,$825,$950,$855,"$1,045","$1,240","$1,116","$1,364","$1,350","$1,215","$1,485"
13848,METRO13780M13780,"Binghamton, NY MSA",$730,$657,$803,$760,$684,$836,$970,$873,"$1,067","$1,270","$1,143","$1,397","$1,370","$1,233","$1,507"
13850,METRO13780M13780,"Binghamton, NY MSA",$860,$774,$946,$900,$810,$990,"$1,140","$1,026","$1,254","$1,490","$1,341","$1,639","$1,620","$1,458","$1,782"
13851,METRO13780M13780,"Binghamton, NY MSA",$730,$657,$803,$760,$684,$836,$970,$873,"$1,067","$1,270","$1,143","$1,397","$1,370","$1,233","$1,507"
13862,METRO13780M13780,"Binghamton, NY MSA",$670,$603,$737,$700,$630,$770,$890,$801,$979,"$1,160","$1,044","$1,276","$1,260","$1,134","$1,386"
13863,METRO13780M13780,"Binghamton, NY MSA",$730,$657,$803,$760,$684,$836,$970,$873,"$1,067","$1,270","$1,143","$1,397","$1,370","$1,233","$1,507"
13864,METRO13780M13780,"Binghamton, NY MSA",$950,$855,"$1,045","$1,020",$918,"$1,122","$1,230","$1,107","$1,353","$1,570","$1,413","$1,727","$1,670","$1,503","$1,837"
13865,METRO13780M13780,"Binghamton, NY MSA",$620,$558,$682,$650,$585,$715,$830,$747,$913,"$1,080",$972,"$1,188","$1,170","$1,053","$1,287"
13901,METRO13780M13780,"Binghamton, NY MSA",$700,$630,$770,$730,$657,$803,$930,$837,"$1,023","$1,220","$1,098","$1,342","$1,320","$1,188","$1,452"
13902,METRO13780M13780,"Binghamton, NY MSA",$730,$657,$803,$760,$684,$836,$970,$873,"$1,067","$1,270","$1,143","$1,397","$1,380","$1,242","$1,518"
13903,METRO13780M13780,"Binghamton, NY MSA",$710,$639,$781,$740,$666,$814,$940,$846,"$1,034","$1,230","$1,107","$1,353","$1,330","$1,197","$1,463"
13904,METRO13780M13780,"Binghamton, NY MSA",$710,$639,$781,$740,$666,$814,$940,$846,"$1,034","$1,230","$1,107","$1,353","$1,330","$1,197","$1,463"
13905,METRO13780M13780,"Binghamton, NY MSA",$740,$666,$814,$780,$702,$858,$990,$891,"$1,089","$1,300","$1,170","$1,430","$1,400","$1,260","$1,540"
14817,METRO13780M13780,"Binghamton, NY MSA","$1,040",$936,"$1,144","$1,120","$1,008","$1,232","$1,310","$1,179","$1,441","$1,660","$1,494","$1,826","$1,760","$1,584","$1,936"
14859,METRO13780M13780,"Binghamton, NY MSA",$780,$702,$858,$800,$720,$880,"$1,010",$909,"$1,111","$1,310","$1,179","$1,441","$1,430","$1,287","$1,573"
14883,METRO13780M13780,"Binghamton, NY MSA",$950,$855,"$1,045","$1,020",$918,"$1,122","$1,230","$1,107","$1,353","$1,570","$1,413","$1,727","$1,670","$1,503","$1,837"
14889,METRO13780M13780,"Binghamton, NY MSA",$880,$792,$968,$880,$792,$968,"$1,130","$1,017","$1,243","$1,450","$1,305","$1,595","$1,610","$1,449","$1,771"
14892,METRO13780M13780,"Binghamton, NY MSA",$690,$621,$759,$720,$648,$792,$920,$828,"$1,012","$1,200","$1,080","$1,320","$1,300","$1,170","$1,430"
14001,METRO15380M15380,"Buffalo-Cheektowaga-Niagara Falls, NY MSA",$810,$729,$891,$850,$765,$935,"$1,000",$900,"$1,100","$1,220","$1,098","$1,342","$1,380","$1,242","$1,518"
14004,METRO15380M15380,"Buffalo-Cheektowaga-Niagara Falls, NY MSA",$780,$702,$858,$820,$738,$902,$960,$864,"$1,056","$1,180","$1,062","$1,298","$1,320","$1,188","$1,452"
14006,METRO15380M15380,"Buffalo-Cheektowaga-Niagara Falls, NY MSA",$890,$801,$979,$930,$837,"$1,023","$1,100",$990,"$1,210","$1,350","$1,215","$1,485","$1,510","$1,359","$1,661"
14008,METRO15380M15380,"Buffalo-Cheektowaga-Niagara Falls, NY MSA",$850,$765,$935,$880,$792,$968,"$1,040",$936,"$1,144","$1,270","$1,143","$1,397","$1,430","$1,287","$1,573"
14009,METRO15380M15380,"Buffalo-Cheektowaga-Niagara Falls, NY MSA",$890,$801,$979,$930,$837,"$1,023","$1,090",$981,"$1,199","$1,340","$1,206","$1,474","$1,500","$1,350","$1,650"
14010,METRO15380M15380,"Buffalo-Cheektowaga-Niagara Falls, NY MSA",$890,$801,$979,$930,$837,"$1,023","$1,090",$981,"$1,199","$1,340","$1,206","$1,474","$1,500","$1,350","$1,650"
14012,METRO15380M15380,"Buffalo-Cheektowaga-Niagara Falls, NY MSA",$700,$630,$770,$750,$675,$825,$940,$846,"$1,034","$1,160","$1,044","$1,276","$1,270","$1,143","$1,397"
14013,METRO15380M15380,"Buffalo-Cheektowaga-Niagara Falls, NY MSA",$890,$801,$979,$930,$837,"$1,023","$1,090",$981,"$1,199","$1,340","$1,206","$1,474","$1,500","$1,350","$1,650"
14025,METRO15380M15380,"Buffalo-Cheektowaga-Niagara Falls, NY MSA",$850,$765,$935,$890,$801,$979,"$1,050",$945,"$1,155","$1,290","$1,161","$1,419","$1,440","$1,296","$1,584"
14026,METRO15380M15380,"Buffalo-Cheektowaga-Niagara Falls, NY MSA",$970,$873,"$1,067","$1,020",$918,"$1,122","$1,200","$1,080","$1,320","$1,470","$1,323","$1,617","$1,650","$1,485","$1,815"
14027,METRO15380M15380,"Buffalo-Cheektowaga-Niagara Falls, NY MSA",$890,$801,$979,$930,$837,"$1,023","$1,090",$981,"$1,199","$1,340","$1,206","$1,474","$1,500","$1,350","$1,650"
14028,METRO15380M15380,"Buffalo-Cheektowaga-Niagara Falls, NY MSA",$890,$801,$979,$930,$837,"$1,023","$1,100",$990,"$1,210","$1,350","$1,215","$1,485","$1,510","$1,359","$1,661"
14030,METRO15380M15380,"Buffalo-Cheektowaga-Niagara Falls, NY MSA",$890,$801,$979,$930,$837,"$1,023","$1,090",$981,"$1,199","$1,340","$1,206","$1,474","$1,500","$1,350","$1,650"
14031,METRO15380M15380,"Buffalo-Cheektowaga-Niagara Falls, NY MSA",$790,$711,$869,$820,$738,$902,$970,$873,"$1,067","$1,190","$1,071","$1,309","$1,330","$1,197","$1,463"
14032,METRO15380M15380,"Buffalo-Cheektowaga-Niagara Falls, NY MSA","$1,300","$1,170","$1,430","$1,360","$1,224","$1,496","$1,600","$1,440","$1,760","$1,960","$1,764","$2,156","$2,200","$1,980","$2,420"
14033,METRO15380M15380,"Buffalo-Cheektowaga-Niagara Falls, NY MSA",$930,$837,"$1,023",$980,$882,"$1,078","$1,150","$1,035","$1,265","$1,410","$1,269","$1,551","$1,580","$1,422","$1,738"
14034,METRO15380M15380,"Buffalo-Cheektowaga-Niagara Falls, NY MSA",$700,$630,$770,$740,$666,$814,$870,$783,$957,"$1,080",$972,"$1,188","$1,210","$1,089","$1,331"
14035,METRO15380M15380,"Buffalo-Cheektowaga-Niagara Falls, NY MSA",$700,$630,$770,$740,$666,$814,$870,$783,$957,"$1,080",$972,"$1,188","$1,210","$1,089","$1,331"
14036,METRO15380M15380,"Buffalo-Cheektowaga-Niagara Falls, NY MSA",$890,$801,$979,$930,$837,"$1,023","$1,090",$981,"$1,199","$1,340","$1,206","$1,474","$1,500","$1,350","$1,650"
14037,METRO15380M15380,"Buffalo-Cheektowaga-Niagara Falls, NY MSA",$820,$738,$902,$860,$774,$946,"$1,010",$909,"$1,111","$1,240","$1,116","$1,364","$1,390","$1,251","$1,529"
14038,METRO15380M15380,"Buffalo-Cheektowaga-Niagara Falls, NY MSA",$890,$801,$979,$930,$837,"$1,023","$1,090",$981,"$1,199","$1,340","$1,206","$1,474","$1,500","$1,350","$1,650"
14043,METRO15380M15380,"Buffalo-Cheektowaga-Niagara Falls, NY MSA",$920,$828,"$1,012",$960,$864,"$1,056","$1,130","$1,017","$1,243","$1,380","$1,242","$1,518","$1,550","$1,395","$1,705"
14047,METRO15380M15380,"Buffalo-Cheektowaga-Niagara Falls, NY MSA",$850,$765,$935,$890,$801,$979,"$1,050",$945,"$1,155","$1,290","$1,161","$1,419","$1,440","$1,296","$1,584"
14051,METRO15380M15380,"Buffalo-Cheektowaga-Niagara Falls, NY MSA","$1,300","$1,170","$1,430","$1,360","$1,224","$1,496","$1,600","$1,440","$1,760","$1,960","$1,764","$2,156","$2,200","$1,980","$2,420"
14052,METRO15380M15380,"Buffalo-Cheektowaga-Niagara Falls, NY MSA",$820,$738,$902,$860,$774,$946,"$1,010",$909,"$1,111","$1,240","$1,116","$1,364","$1,390","$1,251","$1,529"
14055,METRO15380M15380,"Buffalo-Cheektowaga-Niagara Falls, NY MSA",$720,$648,$792,$750,$675,$825,$880,$792,$968,"$1,080",$972,"$1,188","$1,210","$1,089","$1,331"
14057,METRO15380M15380,"Buffalo-Cheektowaga-Niagara Falls, NY MSA",$770,$693,$847,$810,$729,$891,$950,$855,"$1,045","$1,160","$1,044","$1,276","$1,310","$1,179","$1,441"
14059,METRO15380M15380,"Buffalo-Cheektowaga-Niagara Falls, NY MSA","$1,050",$945,"$1,155","$1,100",$990,"$1,210","$1,290","$1,161","$1,419","$1,580","$1,422","$1,738","$1,770","$1,593","$1,947"
14061,METRO15380M15380,"Buffalo-Cheektowaga-Niagara Falls, NY MSA","$1,070",$963,"$1,177","$1,120","$1,008","$1,232","$1,320","$1,188","$1,452","$1,620","$1,458","$1,782","$1,820","$1,638","$2,002"
14067,METRO15380M15380,"Buffalo-Cheektowaga-Niagara Falls, NY MSA",$850,$765,$935,$890,$801,$979,"$1,050",$945,"$1,155","$1,290","$1,161","$1,419","$1,440","$1,296","$1,584"
14068,METRO15380M15380,"Buffalo-Cheektowaga-Niagara Falls, NY MSA","$1,020",$918,"$1,122","$1,060",$954,"$1,166","$1,250","$1,125","$1,375","$1,530","$1,377","$1,683","$1,720","$1,548","$1,892"
14069,METRO15380M15380,"Buffalo-Cheektowaga-Niagara Falls, NY MSA",$840,$756,$924,$870,$783,$957,"$1,030",$927,"$1,133","$1,260","$1,134","$1,386","$1,410","$1,269","$1,551"
14070,METRO15380M15380,"Buffalo-Cheektowaga-Niagara Falls, NY MSA",$700,$630,$770,$740,$666,$814,$870,$783,$957,"$1,080",$972,"$1,188","$1,210","$1,089","$1,331"
14072,METRO15380M15380,"Buffalo-Cheektowaga-Niagara Falls, NY MSA","$1,050",$945,"$1,155","$1,100",$990,"$1,210","$1,290","$1,161","$1,419","$1,580","$1,422","$1,738","$1,770","$1,593","$1,947"
14075,METRO15380M15380,"Buffalo-Cheektowaga-Niagara Falls, NY MSA",$970,$873,"$1,067","$1,010",$909,"$1,111","$1,190","$1,071","$1,309","$1,460","$1,314","$1,606","$1,640","$1,476","$1,804"
14080,METRO15380M15380,"Buffalo-Cheektowaga-Niagara Falls, NY MSA",$850,$765,$935,$880,$792,$968,"$1,040",$936,"$1,144","$1,270","$1,143","$1,397","$1,430","$1,287","$1,573"
14081,METRO15380M15380,"Buffalo-Cheektowaga-Niagara Falls, NY MSA",$810,$729,$891,$850,$765,$935,"$1,000",$900,"$1,100","$1,220","$1,098","$1,342","$1,380","$1,242","$1,518"
14085,METRO15380M15380,"Buffalo-Cheektowaga-Niagara Falls, NY MSA","$1,080",$972,"$1,188","$1,130","$1,017","$1,243","$1,330","$1,197","$1,463","$1,630","$1,467","$1,793","$1,830","$1,647","$2,013"
14086,METRO15380M15380,"Buffalo-Cheektowaga-Niagara Falls, NY MSA",$850,$765,$935,$890,$801,$979,"$1,050",$945,"$1,155","$1,290","$1,161","$1,419","$1,440","$1,296","$1,584"
14091,METRO15380M15380,"Buffalo-Cheektowaga-Niagara Falls, NY MSA",$720,$648,$792,$750,$675,$825,$880,$792,$968,"$1,080",$972,"$1,188","$1,210","$1,089","$1,331"
14092,METRO15380M15380,"Buffalo-Cheektowaga-Niagara Falls, NY MSA",$930,$837,"$1,023",$970,$873,"$1,067","$1,140","$1,026","$1,254","$1,400","$1,260","$1,540","$1,570","$1,413","$1,727"
14094,METRO15380M15380,"Buffalo-Cheektowaga-Niagara Falls, NY MSA",$800,$720,$880,$840,$756,$924,$990,$891,"$1,089","$1,210","$1,089","$1,331","$1,360","$1,224","$1,496"
14095,METRO15380M15380,"Buffalo-Cheektowaga-Niagara Falls, NY MSA",$770,$693,$847,$810,$729,$891,$950,$855,"$1,045","$1,160","$1,044","$1,276","$1,310","$1,179","$1,441"
14098,METRO15380M15380,"Buffalo-Cheektowaga-Niagara Falls, NY MSA",$760,$684,$836,$860,$774,$946,"$1,070",$963,"$1,177","$1,300","$1,170","$1,430","$1,440","$1,296","$1,584"
14102,METRO15380M15380,"Buffalo-Cheektowaga-Niagara Falls, NY MSA",$890,$801,$979,$930,$837,"$1,023","$1,090",$981,"$1,199","$1,340","$1,206","$1,474","$1,500","$1,350","$1,650"
14103,METRO15380M15380,"Buffalo-Cheektowaga-Niagara Falls, NY MSA",$740,$666,$814,$840,$756,$924,"$1,050",$945,"$1,155","$1,280","$1,152","$1,408","$1,410","$1,269","$1,551"
14105,METRO15380M15380,"Buffalo-Cheektowaga-Niagara Falls, NY MSA",$700,$630,$770,$750,$675,$825,$940,$846,"$1,034","$1,160","$1,044","$1,276","$1,270","$1,143","$1,397"
14107,METRO15380M15380,"Buffalo-Cheektowaga-Niagara Falls, NY MSA",$770,$693,$847,$810,$729,$891,$950,$855,"$1,045","$1,160","$1,044","$1,276","$1,310","$1,179","$1,441"
14108,METRO15380M15380,"Buffalo-Cheektowaga-Niagara Falls, NY MSA",$770,$693,$847,$810,$729,$891,$950,$855,"$1,045","$1,160","$1,044","$1,276","$1,310","$1,179","$1,441"
14109,METRO15380M15380,"Buffalo-Cheektowaga-Niagara Falls, NY MSA",$770,$693,$847,$810,$729,$891,$950,$855,"$1,045","$1,160","$1,044","$1,276","$1,310","$1,179","$1,441"
14110,METRO15380M15380,"Buffalo-Cheektowaga-Niagara Falls, NY MSA",$890,$801,$979,$930,$837,"$1,023","$1,090",$981,"$1,199","$1,340","$1,206","$1,474","$1,500","$1,350","$1,650"
14111,METRO15380M15380,"Buffalo-Cheektowaga-Niagara Falls, NY MSA",$740,$666,$814,$770,$693,$847,$910,$819,"$1,001","$1,110",$999,"$1,221","$1,250","$1,125","$1,375"
14112,METRO15380M15380,"Buffalo-Cheektowaga-Niagara Falls, NY MSA",$950,$855,"$1,045","$1,000",$900,"$1,100","$1,180","$1,062","$1,298","$1,450","$1,305","$1,595","$1,620","$1,458","$1,782"
14120,METRO15380M15380,"Buffalo-Cheektowaga-Niagara Falls, NY MSA",$800,$720,$880,$830,$747,$913,$980,$882,"$1,078","$1,200","$1,080","$1,320","$1,350","$1,215","$1,485"
14126,METRO15380M15380,"Buffalo-Cheektowaga-Niagara Falls, NY MSA",$890,$801,$979,$930,$837,"$1,023","$1,100",$990,"$1,210","$1,350","$1,215","$1,485","$1,510","$1,359","$1,661"
14127,METRO15380M15380,"Buffalo-Cheektowaga-Niagara Falls, NY MSA","$1,000",$900,"$1,100","$1,050",$945,"$1,155","$1,230","$1,107","$1,353","$1,510","$1,359","$1,661","$1,690","$1,521","$1,859"
14131,METRO15380M15380,"Buffalo-Cheektowaga-Niagara Falls, NY MSA","$1,060",$954,"$1,166","$1,100",$990,"$1,210","$1,300","$1,170","$1,430","$1,590","$1,431","$1,749","$1,790","$1,611","$1,969"
14132,METRO15380M15380,"Buffalo-Cheektowaga-Niagara Falls, NY MSA",$830,$747,$913,$870,$783,$957,"$1,020",$918,"$1,122","$1,250","$1,125","$1,375","$1,400","$1,260","$1,540"
14134,METRO15380M15380,"Buffalo-Cheektowaga-Niagara Falls, NY MSA",$880,$792,$968,$920,$828,"$1,012","$1,070",$963,"$1,177","$1,320","$1,188","$1,452","$1,480","$1,332","$1,628"
14139,METRO15380M15380,"Buffalo-Cheektowaga-Niagara Falls, NY MSA",$840,$756,$924,$880,$792,$968,"$1,030",$927,"$1,133","$1,260","$1,134","$1,386","$1,420","$1,278","$1,562"
14140,METRO15380M15380,"Buffalo-Cheektowaga-Niagara Falls, NY MSA",$890,$801,$979,$930,$837,"$1,023","$1,090",$981,"$1,199","$1,340","$1,206","$1,474","$1,500","$1,350","$1,650"
14141,METRO15380M15380,"Buffalo-Cheektowaga-Niagara Falls, NY MSA",$700,$630,$770,$740,$666,$814,$870,$783,$957,"$1,080",$972,"$1,188","$1,210","$1,089","$1,331"
14144,METRO15380M15380,"Buffalo-Cheektowaga-Niagara Falls, NY MSA",$770,$693,$847,$810,$729,$891,$950,$855,"$1,045","$1,160","$1,044","$1,276","$1,310","$1,179","$1,441"
14145,METRO15380M15380,"Buffalo-Cheektowaga-Niagara Falls, NY MSA",$870,$783,$957,$910,$819,"$1,001","$1,070",$963,"$1,177","$1,310","$1,179","$1,441","$1,470","$1,323","$1,617"
14150,METRO15380M15380,"Buffalo-Cheektowaga-Niagara Falls, NY MSA",$920,$828,"$1,012",$960,$864,"$1,056","$1,130","$1,017","$1,243","$1,380","$1,242","$1,518","$1,550","$1,395","$1,705"
14151,METRO15380M15380,"Buffalo-Cheektowaga-Niagara Falls, NY MSA",$890,$801,$979,$930,$837,"$1,023","$1,090",$981,"$1,199","$1,340","$1,206","$1,474","$1,500","$1,350","$1,650"
14169,METRO15380M15380,"Buffalo-Cheektowaga-Niagara Falls, NY MSA",$820,$738,$902,$860,$774,$946,"$1,010",$909,"$1,111","$1,240","$1,116","$1,364","$1,390","$1,251","$1,529"
14170,METRO15380M15380,"Buffalo-Cheektowaga-Niagara Falls, NY MSA",$800,$720,$880,$840,$756,$924,$990,$891,"$1,089","$1,210","$1,089","$1,331","$1,360","$1,224","$1,496"
14172,METRO15380M15380,"Buffalo-Cheektowaga-Niagara Falls, NY MSA",$900,$810,$990,$940,$846,"$1,034","$1,110",$999,"$1,221","$1,360","$1,224","$1,496","$1,530","$1,377","$1,683"
14173,METRO15380M15380,"Buffalo-Cheektowaga-Niagara Falls, NY MSA",$890,$801,$979,$930,$837,"$1,023","$1,090",$981,"$1,199","$1,340","$1,206","$1,474","$1,500","$1,350","$1,650"
14174,METRO15380M15380,"Buffalo-Cheektowaga-Niagara Falls, NY MSA",$850,$765,$935,$880,$792,$968,"$1,040",$936,"$1,144","$1,270","$1,143","$1,397","$1,430","$1,287","$1,573"
14201,METRO15380M15380,"Buffalo-Cheektowaga-Niagara Falls, NY MSA",$840,$756,$924,$880,$792,$968,"$1,030",$927,"$1,133","$1,260","$1,134","$1,386","$1,420","$1,278","$1,562"
14202,METRO15380M15380,"Buffalo-Cheektowaga-Niagara Falls, NY MSA",$890,$801,$979,$930,$837,"$1,023","$1,100",$990,"$1,210","$1,350","$1,215","$1,485","$1,510","$1,359","$1,661"
14203,METRO15380M15380,"Buffalo-Cheektowaga-Niagara Falls, NY MSA","$1,210","$1,089","$1,331","$1,270","$1,143","$1,397","$1,490","$1,341","$1,639","$1,830","$1,647","$2,013","$2,050","$1,845","$2,255"
14204,METRO15380M15380,"Buffalo-Cheektowaga-Niagara Falls, NY MSA",$720,$648,$792,$750,$675,$825,$880,$792,$968,"$1,080",$972,"$1,188","$1,210","$1,089","$1,331"
14205,METRO15380M15380,"Buffalo-Cheektowaga-Niagara Falls, NY MSA",$890,$801,$979,$930,$837,"$1,023","$1,090",$981,"$1,199","$1,340","$1,206","$1,474","$1,500","$1,350","$1,650"
14206,METRO15380M15380,"Buffalo-Cheektowaga-Niagara Falls, NY MSA",$800,$720,$880,$830,$747,$913,$980,$882,"$1,078","$1,200","$1,080","$1,320","$1,350","$1,215","$1,485"
14207,METRO15380M15380,"Buffalo-Cheektowaga-Niagara Falls, NY MSA",$760,$684,$836,$790,$711,$869,$930,$837,"$1,023","$1,140","$1,026","$1,254","$1,280","$1,152","$1,408"
14208,METRO15380M15380,"Buffalo-Cheektowaga-Niagara Falls, NY MSA",$870,$783,$957,$910,$819,"$1,001","$1,070",$963,"$1,177","$1,310","$1,179","$1,441","$1,470","$1,323","$1,617"
14209,METRO15380M15380,"Buffalo-Cheektowaga-Niagara Falls, NY MSA",$860,$774,$946,$900,$810,$990,"$1,060",$954,"$1,166","$1,300","$1,170","$1,430","$1,460","$1,314","$1,606"
14210,METRO15380M15380,"Buffalo-Cheektowaga-Niagara Falls, NY MSA",$800,$720,$880,$830,$747,$913,$980,$882,"$1,078","$1,200","$1,080","$1,320","$1,350","$1,215","$1,485"
14211,METRO15380M15380,"Buffalo-Cheektowaga-Niagara Falls, NY MSA",$790,$711,$869,$820,$738,$902,$970,$873,"$1,067","$1,190","$1,071","$1,309","$1,330","$1,197","$1,463"
14212,METRO15380M15380,"Buffalo-Cheektowaga-Niagara Falls, NY MSA",$770,$693,$847,$810,$729,$891,$950,$855,"$1,045","$1,160","$1,044","$1,276","$1,310","$1,179","$1,441"
14213,METRO15380M15380,"Buffalo-Cheektowaga-Niagara Falls, NY MSA",$840,$756,$924,$880,$792,$968,"$1,030",$927,"$1,133","$1,260","$1,134","$1,386","$1,420","$1,278","$1,562"
14214,METRO15380M15380,"Buffalo-Cheektowaga-Niagara Falls, NY MSA",$900,$810,$990,$940,$846,"$1,034","$1,110",$999,"$1,221","$1,360","$1,224","$1,496","$1,530","$1,377","$1,683"
14215,METRO15380M15380,"Buffalo-Cheektowaga-Niagara Falls, NY MSA",$780,$702,$858,$820,$738,$902,$960,$864,"$1,056","$1,180","$1,062","$1,298","$1,320","$1,188","$1,452"
14216,METRO15380M15380,"Buffalo-Cheektowaga-Niagara Falls, NY MSA","$1,000",$900,"$1,100","$1,050",$945,"$1,155","$1,230","$1,107","$1,353","$1,510","$1,359","$1,661","$1,690","$1,521","$1,859"
14217,METRO15380M15380,"Buffalo-Cheektowaga-Niagara Falls, NY MSA",$840,$756,$924,$880,$792,$968,"$1,030",$927,"$1,133","$1,260","$1,134","$1,386","$1,420","$1,278","$1,562"
14218,METRO15380M15380,"Buffalo-Cheektowaga-Niagara Falls, NY MSA",$750,$675,$825,$780,$702,$858,$920,$828,"$1,012","$1,130","$1,017","$1,243","$1,270","$1,143","$1,397"
14219,METRO15380M15380,"Buffalo-Cheektowaga-Niagara Falls, NY MSA",$800,$720,$880,$840,$756,$924,$990,$891,"$1,089","$1,210","$1,089","$1,331","$1,360","$1,224","$1,496"
14220,METRO15380M15380,"Buffalo-Cheektowaga-Niagara Falls, NY MSA",$810,$729,$891,$850,$765,$935,"$1,000",$900,"$1,100","$1,220","$1,098","$1,342","$1,380","$1,242","$1,518"
14221,METRO15380M15380,"Buffalo-Cheektowaga-Niagara Falls, NY MSA","$1,150","$1,035","$1,265","$1,200","$1,080","$1,320","$1,410","$1,269","$1,551","$1,730","$1,557","$1,903","$1,940","$1,746","$2,134"
14222,METRO15380M15380,"Buffalo-Cheektowaga-Niagara Falls, NY MSA",$950,$855,"$1,045",$990,$891,"$1,089","$1,170","$1,053","$1,287","$1,430","$1,287","$1,573","$1,610","$1,449","$1,771"
14223,METRO15380M15380,"Buffalo-Cheektowaga-Niagara Falls, NY MSA",$830,$747,$913,$870,$783,$957,"$1,020",$918,"$1,122","$1,250","$1,125","$1,375","$1,400","$1,260","$1,540"
14224,METRO15380M15380,"Buffalo-Cheektowaga-Niagara Falls, NY MSA",$930,$837,"$1,023",$980,$882,"$1,078","$1,150","$1,035","$1,265","$1,410","$1,269","$1,551","$1,580","$1,422","$1,738"
14225,METRO15380M15380,"Buffalo-Cheektowaga-Niagara Falls, NY MSA",$840,$756,$924,$880,$792,$968,"$1,030",$927,"$1,133","$1,260","$1,134","$1,386","$1,420","$1,278","$1,562"
14226,METRO15380M15380,"Buffalo-Cheektowaga-Niagara Falls, NY MSA",$990,$891,"$1,089","$1,040",$936,"$1,144","$1,220","$1,098","$1,342","$1,490","$1,341","$1,639","$1,680","$1,512","$1,848"
14227,METRO15380M15380,"Buffalo-Cheektowaga-Niagara Falls, NY MSA","$1,000",$900,"$1,100","$1,050",$945,"$1,155","$1,230","$1,107","$1,353","$1,510","$1,359","$1,661","$1,690","$1,521","$1,859"
14228,METRO15380M15380,"Buffalo-Cheektowaga-Niagara Falls, NY MSA","$1,120","$1,008","$1,232","$1,170","$1,053","$1,287","$1,380","$1,242","$1,518","$1,690","$1,521","$1,859","$1,900","$1,710","$2,090"
14231,METRO15380M15380,"Buffalo-Cheektowaga-Niagara Falls, NY MSA",$890,$801,$979,$930,$837,"$1,023","$1,090",$981,"$1,199","$1,340","$1,206","$1,474","$1,500","$1,350","$1,650"
14233,METRO15380M15380,"Buffalo-Cheektowaga-Niagara Falls, NY MSA",$890,$801,$979,$930,$837,"$1,023","$1,090",$981,"$1,199","$1,340","$1,206","$1,474","$1,500","$1,350","$1,650"
14240,METRO15380M15380,"Buffalo-Cheektowaga-Niagara Falls, NY MSA",$890,$801,$979,$930,$837,"$1,023","$1,090",$981,"$1,199","$1,340","$1,206","$1,474","$1,500","$1,350","$1,650"
14261,METRO15380M15380,"Buffalo-Cheektowaga-Niagara Falls, NY MSA","$1,120","$1,008","$1,232","$1,170","$1,053","$1,287","$1,370","$1,233","$1,507","$1,680","$1,512","$1,848","$1,890","$1,701","$2,079"
14263,METRO15380M15380,"Buffalo-Cheektowaga-Niagara Falls, NY MSA",$890,$801,$979,$930,$837,"$1,023","$1,090",$981,"$1,199","$1,340","$1,206","$1,474","$1,500","$1,350","$1,650"
14272,METRO15380M15380,"Buffalo-Cheektowaga-Niagara Falls, NY MSA",$890,$801,$979,$930,$837,"$1,023","$1,090",$981,"$1,199","$1,340","$1,206","$1,474","$1,500","$1,350","$1,650"
14273,METRO15380M15380,"Buffalo-Cheektowaga-Niagara Falls, NY MSA",$890,$801,$979,$930,$837,"$1,023","$1,090",$981,"$1,199","$1,340","$1,206","$1,474","$1,500","$1,350","$1,650"
14280,METRO15380M15380,"Buffalo-Cheektowaga-Niagara Falls, NY MSA",$890,$801,$979,$930,$837,"$1,023","$1,090",$981,"$1,199","$1,340","$1,206","$1,474","$1,500","$1,350","$1,650"
14301,METRO15380M15380,"Buffalo-Cheektowaga-Niagara Falls, NY MSA",$720,$648,$792,$760,$684,$836,$890,$801,$979,"$1,090",$981,"$1,199","$1,220","$1,098","$1,342"
14302,METRO15380M15380,"Buffalo-Cheektowaga-Niagara Falls, NY MSA",$720,$648,$792,$760,$684,$836,$890,$801,$979,"$1,090",$981,"$1,199","$1,220","$1,098","$1,342"
14303,METRO15380M15380,"Buffalo-Cheektowaga-Niagara Falls, NY MSA",$750,$675,$825,$780,$702,$858,$920,$828,"$1,012","$1,130","$1,017","$1,243","$1,270","$1,143","$1,397"
14304,METRO15380M15380,"Buffalo-Cheektowaga-Niagara Falls, NY MSA",$770,$693,$847,$810,$729,$891,$950,$855,"$1,045","$1,160","$1,044","$1,276","$1,310","$1,179","$1,441"
14305,METRO15380M15380,"Buffalo-Cheektowaga-Niagara Falls, NY MSA",$800,$720,$880,$840,$756,$924,$990,$891,"$1,089","$1,210","$1,089","$1,331","$1,360","$1,224","$1,496"
14805,METRO21300M21300,"Elmira, NY MSA",$810,$729,$891,$810,$729,$891,"$1,040",$936,"$1,144","$1,330","$1,197","$1,463","$1,480","$1,332","$1,628"
14812,METRO21300M21300,"Elmira, NY MSA",$770,$693,$847,$770,$693,$847,$990,$891,"$1,089","$1,270","$1,143","$1,397","$1,410","$1,269","$1,551"
14814,METRO21300M21300,"Elmira, NY MSA",$990,$891,"$1,089","$1,000",$900,"$1,100","$1,280","$1,152","$1,408","$1,640","$1,476","$1,804","$1,820","$1,638","$2,002"
14816,METRO21300M21300,"Elmira, NY MSA",$860,$774,$946,$860,$774,$946,"$1,110",$999,"$1,221","$1,420","$1,278","$1,562","$1,580","$1,422","$1,738"
14824,METRO21300M21300,"Elmira, NY MSA",$790,$711,$869,$800,$720,$880,"$1,020",$918,"$1,122","$1,310","$1,179","$1,441","$1,450","$1,305","$1,595"
14825,METRO21300M21300,"Elmira, NY MSA",$730,$657,$803,$730,$657,$803,$940,$846,"$1,034","$1,210","$1,089","$1,331","$1,340","$1,206","$1,474"
14830,METRO21300M21300,"Elmira, NY MSA",$830,$747,$913,$830,$747,$913,"$1,070",$963,"$1,177","$1,370","$1,233","$1,507","$1,530","$1,377","$1,683"
14838,METRO21300M21300,"Elmira, NY MSA",$820,$738,$902,$820,$738,$902,"$1,050",$945,"$1,155","$1,350","$1,215","$1,485","$1,500","$1,350","$1,650"
14845,METRO21300M21300,"Elmira, NY MSA",$960,$864,"$1,056",$960,$864,"$1,056","$1,230","$1,107","$1,353","$1,580","$1,422","$1,738","$1,750","$1,575","$1,925"
14859,METRO21300M21300,"Elmira, NY MSA",$780,$702,$858,$800,$720,$880,"$1,010",$909,"$1,111","$1,310","$1,179","$1,441","$1,430","$1,287","$1,573"
14861,METRO21300M21300,"Elmira, NY MSA",$890,$801,$979,$900,$810,$990,"$1,150","$1,035","$1,265","$1,480","$1,332","$1,628","$1,640","$1,476","$1,804"
14864,METRO21300M21300,"Elmira, NY MSA",$860,$774,$946,$870,$783,$957,"$1,110",$999,"$1,221","$1,420","$1,278","$1,562","$1,580","$1,422","$1,738"
14867,METRO21300M21300,"Elmira, NY MSA",$990,$891,"$1,089","$1,060",$954,"$1,166","$1,240","$1,116","$1,364","$1,580","$1,422","$1,738","$1,670","$1,503","$1,837"
14871,METRO21300M21300,"Elmira, NY MSA",$950,$855,"$1,045",$950,$855,"$1,045","$1,220","$1,098","$1,342","$1,570","$1,413","$1,727","$1,740","$1,566","$1,914"
14872,METRO21300M21300,"Elmira, NY MSA",$670,$603,$737,$670,$603,$737,$850,$765,$935,"$1,120","$1,008","$1,232","$1,210","$1,089","$1,331"
14883,METRO21300M21300,"Elmira, NY MSA",$950,$855,"$1,045","$1,020",$918,"$1,122","$1,230","$1,107","$1,353","$1,570","$1,413","$1,727","$1,670","$1,503","$1,837"
14889,METRO21300M21300,"Elmira, NY MSA",$880,$792,$968,$880,$792,$968,"$1,130","$1,017","$1,243","$1,450","$1,305","$1,595","$1,610","$1,449","$1,771"
14892,METRO21300M21300,"Elmira, NY MSA",$690,$621,$759,$720,$648,$792,$920,$828,"$1,012","$1,200","$1,080","$1,320","$1,300","$1,170","$1,430"
14894,METRO21300M21300,"Elmira, NY MSA",$860,$774,$946,$870,$783,$957,"$1,110",$999,"$1,221","$1,420","$1,278","$1,562","$1,580","$1,422","$1,738"
14901,METRO21300M21300,"Elmira, NY MSA",$690,$621,$759,$690,$621,$759,$890,$801,$979,"$1,140","$1,026","$1,254","$1,270","$1,143","$1,397"
14902,METRO21300M21300,"Elmira, NY MSA",$810,$729,$891,$810,$729,$891,"$1,040",$936,"$1,144","$1,330","$1,197","$1,463","$1,480","$1,332","$1,628"
14903,METRO21300M21300,"Elmira, NY MSA",$770,$693,$847,$770,$693,$847,$990,$891,"$1,089","$1,270","$1,143","$1,397","$1,410","$1,269","$1,551"
14904,METRO21300M21300,"Elmira, NY MSA",$780,$702,$858,$780,$702,$858,"$1,000",$900,"$1,100","$1,280","$1,152","$1,408","$1,430","$1,287","$1,573"
14905,METRO21300M21300,"Elmira, NY MSA",$820,$738,$902,$830,$747,$913,"$1,060",$954,"$1,166","$1,360","$1,224","$1,496","$1,510","$1,359","$1,661"
12028,METRO24020M24020,"Glens Falls, NY MSA",$920,$828,"$1,012","$1,040",$936,"$1,144","$1,280","$1,152","$1,408","$1,600","$1,440","$1,760","$1,710","$1,539","$1,881"
12057,METRO24020M24020,"Glens Falls, NY MSA",$810,$729,$891,$900,$810,$990,"$1,090",$981,"$1,199","$1,350","$1,215","$1,485","$1,480","$1,332","$1,628"
12090,METRO24020M24020,"Glens Falls, NY MSA",$870,$783,$957,$970,$873,"$1,067","$1,180","$1,062","$1,298","$1,440","$1,296","$1,584","$1,590","$1,431","$1,749"
12094,METRO24020M24020,"Glens Falls, NY MSA",$870,$783,$957,$980,$882,"$1,078","$1,200","$1,080","$1,320","$1,480","$1,332","$1,628","$1,610","$1,449","$1,771"
12154,METRO24020M24020,"Glens Falls, NY MSA",$870,$783,$957,$970,$873,"$1,067","$1,190","$1,071","$1,309","$1,460","$1,314","$1,606","$1,590","$1,431","$1,749"
12185,METRO24020M24020,"Glens Falls, NY MSA",$860,$774,$946,$960,$864,"$1,056","$1,180","$1,062","$1,298","$1,440","$1,296","$1,584","$1,580","$1,422","$1,738"
12801,METRO24020M24020,"Glens Falls, NY MSA",$810,$729,$891,$910,$819,"$1,001","$1,140","$1,026","$1,254","$1,480","$1,332","$1,628","$1,530","$1,377","$1,683"
12803,METRO24020M24020,"Glens Falls, NY MSA",$880,$792,$968,$990,$891,"$1,089","$1,200","$1,080","$1,320","$1,460","$1,314","$1,606","$1,610","$1,449","$1,771"
12804,METRO24020M24020,"Glens Falls, NY MSA",$940,$846,"$1,034","$1,070",$963,"$1,177","$1,330","$1,197","$1,463","$1,730","$1,557","$1,903","$1,790","$1,611","$1,969"
12808,METRO24020M24020,"Glens Falls, NY MSA",$750,$675,$825,$860,$774,$946,"$1,070",$963,"$1,177","$1,380","$1,242","$1,518","$1,430","$1,287","$1,573"
12809,METRO24020M24020,"Glens Falls, NY MSA",$710,$639,$781,$810,$729,$891,"$1,010",$909,"$1,111","$1,310","$1,179","$1,441","$1,360","$1,224","$1,496"
12810,METRO24020M24020,"Glens Falls, NY MSA",$790,$711,$869,$900,$810,$990,"$1,120","$1,008","$1,232","$1,450","$1,305","$1,595","$1,500","$1,350","$1,650"
12811,METRO24020M24020,"Glens Falls, NY MSA",$780,$702,$858,$890,$801,$979,"$1,110",$999,"$1,221","$1,440","$1,296","$1,584","$1,490","$1,341","$1,639"
12814,METRO24020M24020,"Glens Falls, NY MSA",$760,$684,$836,$860,$774,$946,"$1,080",$972,"$1,188","$1,400","$1,260","$1,540","$1,450","$1,305","$1,595"
12815,METRO24020M24020,"Glens Falls, NY MSA",$720,$648,$792,$820,$738,$902,"$1,020",$918,"$1,122","$1,320","$1,188","$1,452","$1,370","$1,233","$1,507"
12816,METRO24020M24020,"Glens Falls, NY MSA",$720,$648,$792,$820,$738,$902,"$1,020",$918,"$1,122","$1,320","$1,188","$1,452","$1,370","$1,233","$1,507"
12817,METRO24020M24020,"Glens Falls, NY MSA",$650,$585,$715,$770,$693,$847,$960,$864,"$1,056","$1,250","$1,125","$1,375","$1,300","$1,170","$1,430"
12819,METRO24020M24020,"Glens Falls, NY MSA",$930,$837,"$1,023","$1,050",$945,"$1,155","$1,310","$1,179","$1,441","$1,700","$1,530","$1,870","$1,760","$1,584","$1,936"
12820,METRO24020M24020,"Glens Falls, NY MSA",$820,$738,$902,$930,$837,"$1,023","$1,160","$1,044","$1,276","$1,500","$1,350","$1,650","$1,560","$1,404","$1,716"
12821,METRO24020M24020,"Glens Falls, NY MSA",$740,$666,$814,$840,$756,$924,"$1,050",$945,"$1,155","$1,350","$1,215","$1,485","$1,400","$1,260","$1,540"
12823,METRO24020M24020,"Glens Falls, NY MSA",$770,$693,$847,$870,$783,$957,"$1,090",$981,"$1,199","$1,410","$1,269","$1,551","$1,460","$1,314","$1,606"
12824,METRO24020M24020,"Glens Falls, NY MSA",$780,$702,$858,$880,$792,$968,"$1,100",$990,"$1,210","$1,430","$1,287","$1,573","$1,480","$1,332","$1,628"
12827,METRO24020M24020,"Glens Falls, NY MSA",$740,$666,$814,$840,$756,$924,"$1,050",$945,"$1,155","$1,360","$1,224","$1,496","$1,410","$1,269","$1,551"
12828,METRO24020M24020,"Glens Falls, NY MSA",$810,$729,$891,$910,$819,"$1,001","$1,130","$1,017","$1,243","$1,420","$1,278","$1,562","$1,520","$1,368","$1,672"
12832,METRO24020M24020,"Glens Falls, NY MSA",$650,$585,$715,$770,$693,$847,$960,$864,"$1,056","$1,250","$1,125","$1,375","$1,300","$1,170","$1,430"
12834,METRO24020M24020,"Glens Falls, NY MSA",$810,$729,$891,$910,$819,"$1,001","$1,140","$1,026","$1,254","$1,480","$1,332","$1,628","$1,530","$1,377","$1,683"
12835,METRO24020M24020,"Glens Falls, NY MSA",$810,$729,$891,$900,$810,$990,"$1,090",$981,"$1,199","$1,350","$1,215","$1,485","$1,480","$1,332","$1,628"
12836,METRO24020M24020,"Glens Falls, NY MSA",$770,$693,$847,$870,$783,$957,"$1,090",$981,"$1,199","$1,410","$1,269","$1,551","$1,460","$1,314","$1,606"
12837,METRO24020M24020,"Glens Falls, NY MSA",$790,$711,$869,$900,$810,$990,"$1,120","$1,008","$1,232","$1,450","$1,305","$1,595","$1,500","$1,350","$1,650"
12838,METRO24020M24020,"Glens Falls, NY MSA",$810,$729,$891,$920,$828,"$1,012","$1,150","$1,035","$1,265","$1,490","$1,341","$1,639","$1,540","$1,386","$1,694"
12839,METRO24020M24020,"Glens Falls, NY MSA",$790,$711,$869,$900,$810,$990,"$1,120","$1,008","$1,232","$1,450","$1,305","$1,595","$1,500","$1,350","$1,650"
12841,METRO24020M24020,"Glens Falls, NY MSA",$860,$774,$946,$970,$873,"$1,067","$1,210","$1,089","$1,331","$1,570","$1,413","$1,727","$1,620","$1,458","$1,782"
12843,METRO24020M24020,"Glens Falls, NY MSA",$770,$693,$847,$880,$792,$968,"$1,100",$990,"$1,210","$1,420","$1,278","$1,562","$1,470","$1,323","$1,617"
12844,METRO24020M24020,"Glens Falls, NY MSA",$770,$693,$847,$880,$792,$968,"$1,090",$981,"$1,199","$1,420","$1,278","$1,562","$1,470","$1,323","$1,617"
12845,METRO24020M24020,"Glens Falls, NY MSA",$860,$774,$946,$980,$882,"$1,078","$1,220","$1,098","$1,342","$1,580","$1,422","$1,738","$1,640","$1,476","$1,804"
12846,METRO24020M24020,"Glens Falls, NY MSA",$910,$819,"$1,001","$1,030",$927,"$1,133","$1,290","$1,161","$1,419","$1,670","$1,503","$1,837","$1,730","$1,557","$1,903"
12848,METRO24020M24020,"Glens Falls, NY MSA",$760,$684,$836,$860,$774,$946,"$1,070",$963,"$1,177","$1,390","$1,251","$1,529","$1,440","$1,296","$1,584"
12849,METRO24020M24020,"Glens Falls, NY MSA",$650,$585,$715,$770,$693,$847,$960,$864,"$1,056","$1,250","$1,125","$1,375","$1,300","$1,170","$1,430"
12853,METRO24020M24020,"Glens Falls, NY MSA",$780,$702,$858,$890,$801,$979,"$1,110",$999,"$1,221","$1,440","$1,296","$1,584","$1,490","$1,341","$1,639"
12854,METRO24020M24020,"Glens Falls, NY MSA",$760,$684,$836,$860,$774,$946,"$1,070",$963,"$1,177","$1,390","$1,251","$1,529","$1,440","$1,296","$1,584"
12856,METRO24020M24020,"Glens Falls, NY MSA",$820,$738,$902,$930,$837,"$1,023","$1,160","$1,044","$1,276","$1,500","$1,350","$1,650","$1,560","$1,404","$1,716"
12857,METRO24020M24020,"Glens Falls, NY MSA",$800,$720,$880,$900,$810,$990,"$1,130","$1,017","$1,243","$1,470","$1,323","$1,617","$1,520","$1,368","$1,672"
12860,METRO24020M24020,"Glens Falls, NY MSA",$740,$666,$814,$840,$756,$924,"$1,050",$945,"$1,155","$1,360","$1,224","$1,496","$1,410","$1,269","$1,551"
12861,METRO24020M24020,"Glens Falls, NY MSA",$750,$675,$825,$850,$765,$935,"$1,060",$954,"$1,166","$1,370","$1,233","$1,507","$1,420","$1,278","$1,562"
12862,METRO24020M24020,"Glens Falls, NY MSA",$820,$738,$902,$930,$837,"$1,023","$1,160","$1,044","$1,276","$1,500","$1,350","$1,650","$1,560","$1,404","$1,716"
12865,METRO24020M24020,"Glens Falls, NY MSA",$780,$702,$858,$880,$792,$968,"$1,100",$990,"$1,210","$1,430","$1,287","$1,573","$1,480","$1,332","$1,628"
12870,METRO24020M24020,"Glens Falls, NY MSA",$780,$702,$858,$890,$801,$979,"$1,110",$999,"$1,221","$1,440","$1,296","$1,584","$1,490","$1,341","$1,639"
12873,METRO24020M24020,"Glens Falls, NY MSA",$750,$675,$825,$850,$765,$935,"$1,060",$954,"$1,166","$1,370","$1,233","$1,507","$1,420","$1,278","$1,562"
12874,METRO24020M24020,"Glens Falls, NY MSA",$770,$693,$847,$870,$783,$957,"$1,090",$981,"$1,199","$1,410","$1,269","$1,551","$1,460","$1,314","$1,606"
12878,METRO24020M24020,"Glens Falls, NY MSA",$650,$585,$715,$770,$693,$847,$960,$864,"$1,056","$1,250","$1,125","$1,375","$1,300","$1,170","$1,430"
12883,METRO24020M24020,"Glens Falls, NY MSA",$760,$684,$836,$860,$774,$946,"$1,070",$963,"$1,177","$1,390","$1,251","$1,529","$1,440","$1,296","$1,584"
12885,METRO24020M24020,"Glens Falls, NY MSA",$760,$684,$836,$860,$774,$946,"$1,070",$963,"$1,177","$1,390","$1,251","$1,529","$1,440","$1,296","$1,584"
12886,METRO24020M24020,"Glens Falls, NY MSA",$780,$702,$858,$880,$792,$968,"$1,100",$990,"$1,210","$1,430","$1,287","$1,573","$1,480","$1,332","$1,628"
12887,METRO24020M24020,"Glens Falls, NY MSA",$750,$675,$825,$850,$765,$935,"$1,060",$954,"$1,166","$1,370","$1,233","$1,507","$1,420","$1,278","$1,562"
13045,METRO27060M27060,"Ithaca, NY MSA",$950,$855,"$1,045","$1,020",$918,"$1,122","$1,230","$1,107","$1,353","$1,570","$1,413","$1,727","$1,670","$1,503","$1,837"
13053,METRO27060M27060,"Ithaca, NY MSA",$950,$855,"$1,045","$1,020",$918,"$1,122","$1,230","$1,107","$1,353","$1,570","$1,413","$1,727","$1,670","$1,503","$1,837"
13062,METRO27060M27060,"Ithaca, NY MSA","$1,020",$918,"$1,122","$1,100",$990,"$1,210","$1,280","$1,152","$1,408","$1,630","$1,467","$1,793","$1,720","$1,548","$1,892"
13068,METRO27060M27060,"Ithaca, NY MSA",$950,$855,"$1,045","$1,020",$918,"$1,122","$1,230","$1,107","$1,353","$1,570","$1,413","$1,727","$1,670","$1,503","$1,837"
13073,METRO27060M27060,"Ithaca, NY MSA",$980,$882,"$1,078","$1,060",$954,"$1,166","$1,230","$1,107","$1,353","$1,570","$1,413","$1,727","$1,670","$1,503","$1,837"
13081,METRO27060M27060,"Ithaca, NY MSA","$1,190","$1,071","$1,309","$1,280","$1,152","$1,408","$1,490","$1,341","$1,639","$1,890","$1,701","$2,079","$2,000","$1,800","$2,200"
13092,METRO27060M27060,"Ithaca, NY MSA",$950,$855,"$1,045","$1,020",$918,"$1,122","$1,230","$1,107","$1,353","$1,570","$1,413","$1,727","$1,670","$1,503","$1,837"
13102,METRO27060M27060,"Ithaca, NY MSA",$950,$855,"$1,045","$1,020",$918,"$1,122","$1,230","$1,107","$1,353","$1,570","$1,413","$1,727","$1,670","$1,503","$1,837"
13736,METRO27060M27060,"Ithaca, NY MSA",$950,$855,"$1,045","$1,020",$918,"$1,122","$1,230","$1,107","$1,353","$1,570","$1,413","$1,727","$1,670","$1,503","$1,837"
13864,METRO27060M27060,"Ithaca, NY MSA",$950,$855,"$1,045","$1,020",$918,"$1,122","$1,230","$1,107","$1,353","$1,570","$1,413","$1,727","$1,670","$1,503","$1,837"
14817,METRO27060M27060,"Ithaca, NY MSA","$1,040",$936,"$1,144","$1,120","$1,008","$1,232","$1,310","$1,179","$1,441","$1,660","$1,494","$1,826","$1,760","$1,584","$1,936"
14850,METRO27060M27060,"Ithaca, NY MSA","$1,350","$1,215","$1,485","$1,450","$1,305","$1,595","$1,690","$1,521","$1,859","$2,150","$1,935","$2,365","$2,270","$2,043","$2,497"
14851,METRO27060M27060,"Ithaca, NY MSA","$1,190","$1,071","$1,309","$1,280","$1,152","$1,408","$1,490","$1,341","$1,639","$1,890","$1,701","$2,079","$2,000","$1,800","$2,200"
14852,METRO27060M27060,"Ithaca, NY MSA","$1,190","$1,071","$1,309","$1,280","$1,152","$1,408","$1,490","$1,341","$1,639","$1,890","$1,701","$2,079","$2,000","$1,800","$2,200"
14853,METRO27060M27060,"Ithaca, NY MSA","$1,190","$1,071","$1,309","$1,280","$1,152","$1,408","$1,490","$1,341","$1,639","$1,890","$1,701","$2,079","$2,000","$1,800","$2,200"
14854,METRO27060M27060,"Ithaca, NY MSA","$1,100",$990,"$1,210","$1,180","$1,062","$1,298","$1,380","$1,242","$1,518","$1,750","$1,575","$1,925","$1,850","$1,665","$2,035"
14867,METRO27060M27060,"Ithaca, NY MSA",$990,$891,"$1,089","$1,060",$954,"$1,166","$1,240","$1,116","$1,364","$1,580","$1,422","$1,738","$1,670","$1,503","$1,837"
14881,METRO27060M27060,"Ithaca, NY MSA","$1,150","$1,035","$1,265","$1,230","$1,107","$1,353","$1,440","$1,296","$1,584","$1,830","$1,647","$2,013","$1,940","$1,746","$2,134"
14882,METRO27060M27060,"Ithaca, NY MSA","$1,440","$1,296","$1,584","$1,550","$1,395","$1,705","$1,810","$1,629","$1,991","$2,300","$2,070","$2,530","$2,430","$2,187","$2,673"
14883,METRO27060M27060,"Ithaca, NY MSA",$950,$855,"$1,045","$1,020",$918,"$1,122","$1,230","$1,107","$1,353","$1,570","$1,413","$1,727","$1,670","$1,503","$1,837"
14886,METRO27060M27060,"Ithaca, NY MSA","$1,100",$990,"$1,210","$1,180","$1,062","$1,298","$1,380","$1,242","$1,518","$1,750","$1,575","$1,925","$1,850","$1,665","$2,035"
12401,METRO28740M28740,"Kingston, NY MSA","$1,120","$1,008","$1,232","$1,190","$1,071","$1,309","$1,540","$1,386","$1,694","$2,020","$1,818","$2,222","$2,250","$2,025","$2,475"
12402,METRO28740M28740,"Kingston, NY MSA","$1,090",$981,"$1,199","$1,160","$1,044","$1,276","$1,500","$1,350","$1,650","$1,960","$1,764","$2,156","$2,190","$1,971","$2,409"
12404,METRO28740M28740,"Kingston, NY MSA",$960,$864,"$1,056","$1,020",$918,"$1,122","$1,320","$1,188","$1,452","$1,730","$1,557","$1,903","$1,930","$1,737","$2,123"
12406,METRO28740M28740,"Kingston, NY MSA",$850,$765,$935,$960,$864,"$1,056","$1,230","$1,107","$1,353","$1,620","$1,458","$1,782","$1,820","$1,638","$2,002"
12409,METRO28740M28740,"Kingston, NY MSA","$1,120","$1,008","$1,232","$1,190","$1,071","$1,309","$1,540","$1,386","$1,694","$2,020","$1,818","$2,222","$2,250","$2,025","$2,475"
12410,METRO28740M28740,"Kingston, NY MSA","$1,090",$981,"$1,199","$1,160","$1,044","$1,276","$1,500","$1,350","$1,650","$1,960","$1,764","$2,156","$2,190","$1,971","$2,409"
12411,METRO28740M28740,"Kingston, NY MSA","$1,080",$972,"$1,188","$1,140","$1,026","$1,254","$1,480","$1,332","$1,628","$1,940","$1,746","$2,134","$2,160","$1,944","$2,376"
12412,METRO28740M28740,"Kingston, NY MSA",$960,$864,"$1,056","$1,020",$918,"$1,122","$1,330","$1,197","$1,463","$1,740","$1,566","$1,914","$1,940","$1,746","$2,134"
12416,METRO28740M28740,"Kingston, NY MSA","$1,090",$981,"$1,199","$1,160","$1,044","$1,276","$1,500","$1,350","$1,650","$1,960","$1,764","$2,156","$2,190","$1,971","$2,409"
12417,METRO28740M28740,"Kingston, NY MSA","$1,120","$1,008","$1,232","$1,190","$1,071","$1,309","$1,550","$1,395","$1,705","$2,030","$1,827","$2,233","$2,260","$2,034","$2,486"
12419,METRO28740M28740,"Kingston, NY MSA","$1,160","$1,044","$1,276","$1,230","$1,107","$1,353","$1,590","$1,431","$1,749","$2,080","$1,872","$2,288","$2,320","$2,088","$2,552"
12420,METRO28740M28740,"Kingston, NY MSA","$1,090",$981,"$1,199","$1,170","$1,053","$1,287","$1,510","$1,359","$1,661","$1,970","$1,773","$2,167","$2,190","$1,971","$2,409"
12428,METRO28740M28740,"Kingston, NY MSA","$1,000",$900,"$1,100","$1,060",$954,"$1,166","$1,380","$1,242","$1,518","$1,810","$1,629","$1,991","$2,010","$1,809","$2,211"
12429,METRO28740M28740,"Kingston, NY MSA","$1,200","$1,080","$1,320","$1,280","$1,152","$1,408","$1,660","$1,494","$1,826","$2,180","$1,962","$2,398","$2,420","$2,178","$2,662"
12432,METRO28740M28740,"Kingston, NY MSA","$1,080",$972,"$1,188","$1,150","$1,035","$1,265","$1,490","$1,341","$1,639","$1,950","$1,755","$2,145","$2,170","$1,953","$2,387"
12433,METRO28740M28740,"Kingston, NY MSA","$1,070",$963,"$1,177","$1,140","$1,026","$1,254","$1,480","$1,332","$1,628","$1,940","$1,746","$2,134","$2,160","$1,944","$2,376"
12435,METRO28740M28740,"Kingston, NY MSA","$1,090",$981,"$1,199","$1,160","$1,044","$1,276","$1,500","$1,350","$1,650","$1,960","$1,764","$2,156","$2,190","$1,971","$2,409"
12440,METRO28740M28740,"Kingston, NY MSA","$1,280","$1,152","$1,408","$1,360","$1,224","$1,496","$1,760","$1,584","$1,936","$2,300","$2,070","$2,530","$2,570","$2,313","$2,827"
12441,METRO28740M28740,"Kingston, NY MSA","$1,090",$981,"$1,199","$1,160","$1,044","$1,276","$1,500","$1,350","$1,650","$1,960","$1,764","$2,156","$2,190","$1,971","$2,409"
12443,METRO28740M28740,"Kingston, NY MSA","$1,300","$1,170","$1,430","$1,380","$1,242","$1,518","$1,790","$1,611","$1,969","$2,340","$2,106","$2,574","$2,610","$2,349","$2,871"
12446,METRO28740M28740,"Kingston, NY MSA",$850,$765,$935,$960,$864,"$1,056","$1,230","$1,107","$1,353","$1,620","$1,458","$1,782","$1,820","$1,638","$2,002"
12448,METRO28740M28740,"Kingston, NY MSA","$1,060",$954,"$1,166","$1,130","$1,017","$1,243","$1,460","$1,314","$1,606","$1,920","$1,728","$2,112","$2,140","$1,926","$2,354"
12449,METRO28740M28740,"Kingston, NY MSA","$1,110",$999,"$1,221","$1,180","$1,062","$1,298","$1,530","$1,377","$1,683","$2,000","$1,800","$2,200","$2,230","$2,007","$2,453"
12453,METRO28740M28740,"Kingston, NY MSA","$1,020",$918,"$1,122","$1,090",$981,"$1,199","$1,410","$1,269","$1,551","$1,850","$1,665","$2,035","$2,060","$1,854","$2,266"
12455,METRO28740M28740,"Kingston, NY MSA",$850,$765,$935,$960,$864,"$1,056","$1,230","$1,107","$1,353","$1,620","$1,458","$1,782","$1,820","$1,638","$2,002"
12456,METRO28740M28740,"Kingston, NY MSA","$1,020",$918,"$1,122","$1,090",$981,"$1,199","$1,410","$1,269","$1,551","$1,850","$1,665","$2,035","$2,060","$1,854","$2,266"
12457,METRO28740M28740,"Kingston, NY MSA",$870,$783,$957,$960,$864,"$1,056","$1,230","$1,107","$1,353","$1,620","$1,458","$1,782","$1,820","$1,638","$2,002"
12458,METRO28740M28740,"Kingston, NY MSA",$850,$765,$935,$960,$864,"$1,056","$1,230","$1,107","$1,353","$1,620","$1,458","$1,782","$1,820","$1,638","$2,002"
12461,METRO28740M28740,"Kingston, NY MSA",$850,$765,$935,$960,$864,"$1,056","$1,230","$1,107","$1,353","$1,620","$1,458","$1,782","$1,820","$1,638","$2,002"
12463,METRO28740M28740,"Kingston, NY MSA","$1,090",$981,"$1,199","$1,160","$1,044","$1,276","$1,500","$1,350","$1,650","$1,960","$1,764","$2,156","$2,190","$1,971","$2,409"
12464,METRO28740M28740,"Kingston, NY MSA","$1,110",$999,"$1,221","$1,180","$1,062","$1,298","$1,530","$1,377","$1,683","$2,000","$1,800","$2,200","$2,230","$2,007","$2,453"
12465,METRO28740M28740,"Kingston, NY MSA","$1,090",$981,"$1,199","$1,160","$1,044","$1,276","$1,500","$1,350","$1,650","$1,960","$1,764","$2,156","$2,190","$1,971","$2,409"
12466,METRO28740M28740,"Kingston, NY MSA","$1,130","$1,017","$1,243","$1,200","$1,080","$1,320","$1,560","$1,404","$1,716","$2,040","$1,836","$2,244","$2,280","$2,052","$2,508"
12471,METRO28740M28740,"Kingston, NY MSA","$1,220","$1,098","$1,342","$1,300","$1,170","$1,430","$1,680","$1,512","$1,848","$2,200","$1,980","$2,420","$2,450","$2,205","$2,695"
12472,METRO28740M28740,"Kingston, NY MSA","$1,000",$900,"$1,100","$1,060",$954,"$1,166","$1,380","$1,242","$1,518","$1,810","$1,629","$1,991","$2,010","$1,809","$2,211"
12475,METRO28740M28740,"Kingston, NY MSA","$1,480","$1,332","$1,628","$1,560","$1,404","$1,716","$2,030","$1,827","$2,233","$2,660","$2,394","$2,926","$2,960","$2,664","$3,256"
12477,METRO28740M28740,"Kingston, NY MSA","$1,020",$918,"$1,122","$1,090",$981,"$1,199","$1,410","$1,269","$1,551","$1,850","$1,665","$2,035","$2,060","$1,854","$2,266"
12480,METRO28740M28740,"Kingston, NY MSA","$1,090",$981,"$1,199","$1,160","$1,044","$1,276","$1,500","$1,350","$1,650","$1,960","$1,764","$2,156","$2,190","$1,971","$2,409"
12481,METRO28740M28740,"Kingston, NY MSA","$1,090",$981,"$1,199","$1,160","$1,044","$1,276","$1,500","$1,350","$1,650","$1,960","$1,764","$2,156","$2,190","$1,971","$2,409"
12483,METRO28740M28740,"Kingston, NY MSA","$1,090",$981,"$1,199","$1,160","$1,044","$1,276","$1,500","$1,350","$1,650","$1,960","$1,764","$2,156","$2,190","$1,971","$2,409"
12484,METRO28740M28740,"Kingston, NY MSA","$1,220","$1,098","$1,342","$1,290","$1,161","$1,419","$1,680","$1,512","$1,848","$2,200","$1,980","$2,420","$2,450","$2,205","$2,695"
12486,METRO28740M28740,"Kingston, NY MSA","$1,280","$1,152","$1,408","$1,360","$1,224","$1,496","$1,760","$1,584","$1,936","$2,300","$2,070","$2,530","$2,570","$2,313","$2,827"
12487,METRO28740M28740,"Kingston, NY MSA","$1,170","$1,053","$1,287","$1,240","$1,116","$1,364","$1,610","$1,449","$1,771","$2,110","$1,899","$2,321","$2,350","$2,115","$2,585"
12489,METRO28740M28740,"Kingston, NY MSA",$850,$765,$935,$960,$864,"$1,056","$1,230","$1,107","$1,353","$1,620","$1,458","$1,782","$1,820","$1,638","$2,002"
12490,METRO28740M28740,"Kingston, NY MSA","$1,020",$918,"$1,122","$1,090",$981,"$1,199","$1,410","$1,269","$1,551","$1,850","$1,665","$2,035","$2,060","$1,854","$2,266"
12491,METRO28740M28740,"Kingston, NY MSA","$1,150","$1,035","$1,265","$1,220","$1,098","$1,342","$1,590","$1,431","$1,749","$2,080","$1,872","$2,288","$2,310","$2,079","$2,541"
12493,METRO28740M28740,"Kingston, NY MSA","$1,240","$1,116","$1,364","$1,310","$1,179","$1,441","$1,700","$1,530","$1,870","$2,230","$2,007","$2,453","$2,490","$2,241","$2,739"
12494,METRO28740M28740,"Kingston, NY MSA",$890,$801,$979,$960,$864,"$1,056","$1,230","$1,107","$1,353","$1,620","$1,458","$1,782","$1,820","$1,638","$2,002"
12495,METRO28740M28740,"Kingston, NY MSA","$1,090",$981,"$1,199","$1,160","$1,044","$1,276","$1,500","$1,350","$1,650","$1,960","$1,764","$2,156","$2,190","$1,971","$2,409"
12498,METRO28740M28740,"Kingston, NY MSA",$980,$882,"$1,078","$1,040",$936,"$1,144","$1,350","$1,215","$1,485","$1,770","$1,593","$1,947","$1,970","$1,773","$2,167"
12515,METRO28740M28740,"Kingston, NY MSA",$990,$891,"$1,089","$1,050",$945,"$1,155","$1,360","$1,224","$1,496","$1,780","$1,602","$1,958","$1,980","$1,782","$2,178"
12525,METRO28740M28740,"Kingston, NY MSA","$1,080",$972,"$1,188","$1,150","$1,035","$1,265","$1,490","$1,341","$1,639","$1,950","$1,755","$2,145","$2,170","$1,953","$2,387"
12528,METRO28740M28740,"Kingston, NY MSA","$1,240","$1,116","$1,364","$1,310","$1,179","$1,441","$1,700","$1,530","$1,870","$2,220","$1,998","$2,442","$2,480","$2,232","$2,728"
12542,METRO28740M28740,"Kingston, NY MSA",$950,$855,"$1,045","$1,010",$909,"$1,111","$1,310","$1,179","$1,441","$1,710","$1,539","$1,881","$1,910","$1,719","$2,101"
12547,METRO28740M28740,"Kingston, NY MSA","$1,370","$1,233","$1,507","$1,460","$1,314","$1,606","$1,890","$1,701","$2,079","$2,470","$2,223","$2,717","$2,760","$2,484","$3,036"
12548,METRO28740M28740,"Kingston, NY MSA",$990,$891,"$1,089","$1,050",$945,"$1,155","$1,360","$1,224","$1,496","$1,780","$1,602","$1,958","$1,980","$1,782","$2,178"
12550,METRO28740M28740,"Kingston, NY MSA","$1,050",$945,"$1,155","$1,150","$1,035","$1,265","$1,480","$1,332","$1,628","$1,880","$1,692","$2,068","$2,090","$1,881","$2,299"
12561,METRO28740M28740,"Kingston, NY MSA","$1,260","$1,134","$1,386","$1,340","$1,206","$1,474","$1,740","$1,566","$1,914","$2,280","$2,052","$2,508","$2,540","$2,286","$2,794"
12566,METRO28740M28740,"Kingston, NY MSA","$1,170","$1,053","$1,287","$1,260","$1,134","$1,386","$1,620","$1,458","$1,782","$2,100","$1,890","$2,310","$2,330","$2,097","$2,563"
12568,METRO28740M28740,"Kingston, NY MSA","$1,090",$981,"$1,199","$1,160","$1,044","$1,276","$1,500","$1,350","$1,650","$1,960","$1,764","$2,156","$2,190","$1,971","$2,409"
12586,METRO28740M28740,"Kingston, NY MSA","$1,190","$1,071","$1,309","$1,300","$1,170","$1,430","$1,670","$1,503","$1,837","$2,130","$1,917","$2,343","$2,360","$2,124","$2,596"
12588,METRO28740M28740,"Kingston, NY MSA","$1,090",$981,"$1,199","$1,160","$1,044","$1,276","$1,500","$1,350","$1,650","$1,960","$1,764","$2,156","$2,190","$1,971","$2,409"
12589,METRO28740M28740,"Kingston, NY MSA","$1,040",$936,"$1,144","$1,110",$999,"$1,221","$1,440","$1,296","$1,584","$1,870","$1,683","$2,057","$2,080","$1,872","$2,288"
12725,METRO28740M28740,"Kingston, NY MSA","$1,070",$963,"$1,177","$1,140","$1,026","$1,254","$1,480","$1,332","$1,628","$1,930","$1,737","$2,123","$2,160","$1,944","$2,376"
12740,METRO28740M28740,"Kingston, NY MSA","$1,180","$1,062","$1,298","$1,260","$1,134","$1,386","$1,630","$1,467","$1,793","$2,130","$1,917","$2,343","$2,380","$2,142","$2,618"
12758,METRO28740M28740,"Kingston, NY MSA",$960,$864,"$1,056","$1,020",$918,"$1,122","$1,320","$1,188","$1,452","$1,730","$1,557","$1,903","$1,930","$1,737","$2,123"
12763,METRO28740M28740,"Kingston, NY MSA","$1,090",$981,"$1,199","$1,160","$1,044","$1,276","$1,500","$1,350","$1,650","$1,960","$1,764","$2,156","$2,190","$1,971","$2,409"
12789,METRO28740M28740,"Kingston, NY MSA","$1,090",$981,"$1,199","$1,160","$1,044","$1,276","$1,500","$1,350","$1,650","$1,960","$1,764","$2,156","$2,190","$1,971","$2,409"
13731,METRO28740M28740,"Kingston, NY MSA","$1,090",$981,"$1,199","$1,160","$1,044","$1,276","$1,500","$1,350","$1,650","$1,960","$1,764","$2,156","$2,190","$1,971","$2,409"
06390,METRO35620MM5380,"Nassau-Suffolk, NY HUD Metro FMR Area","$1,520","$1,368","$1,672","$1,890","$1,701","$2,079","$2,270","$2,043","$2,497","$2,920","$2,628","$3,212","$3,210","$2,889","$3,531"
11001,METRO35620MM5380,"Nassau-Suffolk, NY HUD Metro FMR Area","$1,820","$1,638","$2,002","$1,880","$1,692","$2,068","$2,230","$2,007","$2,453","$2,860","$2,574","$3,146","$3,130","$2,817","$3,443"
11002,METRO35620MM5380,"Nassau-Suffolk, NY HUD Metro FMR Area","$1,560","$1,404","$1,716","$1,950","$1,755","$2,145","$2,340","$2,106","$2,574","$3,010","$2,709","$3,311","$3,310","$2,979","$3,641"
11003,METRO35620MM5380,"Nassau-Suffolk, NY HUD Metro FMR Area","$1,820","$1,638","$2,002","$1,910","$1,719","$2,101","$2,290","$2,061","$2,519","$2,940","$2,646","$3,234","$3,240","$2,916","$3,564"
11004,METRO35620MM5380,"Nassau-Suffolk, NY HUD Metro FMR Area","$2,150","$1,935","$2,365","$2,200","$1,980","$2,420","$2,480","$2,232","$2,728","$3,110","$2,799","$3,421","$3,360","$3,024","$3,696"
11005,METRO35620MM5380,"Nassau-Suffolk, NY HUD Metro FMR Area","$3,190","$2,871","$3,509","$3,260","$2,934","$3,586","$3,680","$3,312","$4,048","$4,620","$4,158","$5,082","$4,980","$4,482","$5,478"
11010,METRO35620MM5380,"Nassau-Suffolk, NY HUD Metro FMR Area","$1,510","$1,359","$1,661","$1,880","$1,692","$2,068","$2,260","$2,034","$2,486","$2,900","$2,610","$3,190","$3,190","$2,871","$3,509"
11020,METRO35620MM5380,"Nassau-Suffolk, NY HUD Metro FMR Area","$1,840","$1,656","$2,024","$2,150","$1,935","$2,365","$2,530","$2,277","$2,783","$3,220","$2,898","$3,542","$3,520","$3,168","$3,872"
11021,METRO35620MM5380,"Nassau-Suffolk, NY HUD Metro FMR Area","$1,540","$1,386","$1,694","$1,930","$1,737","$2,123","$2,310","$2,079","$2,541","$2,970","$2,673","$3,267","$3,260","$2,934","$3,586"
11022,METRO35620MM5380,"Nassau-Suffolk, NY HUD Metro FMR Area","$1,560","$1,404","$1,716","$1,950","$1,755","$2,145","$2,340","$2,106","$2,574","$3,010","$2,709","$3,311","$3,310","$2,979","$3,641"
11023,METRO35620MM5380,"Nassau-Suffolk, NY HUD Metro FMR Area","$2,310","$2,079","$2,541","$2,880","$2,592","$3,168","$3,450","$3,105","$3,795","$4,430","$3,987","$4,873","$4,870","$4,383","$5,357"
11024,METRO35620MM5380,"Nassau-Suffolk, NY HUD Metro FMR Area","$1,680","$1,512","$1,848","$2,100","$1,890","$2,310","$2,520","$2,268","$2,772","$3,240","$2,916","$3,564","$3,560","$3,204","$3,916"
11030,METRO35620MM5380,"Nassau-Suffolk, NY HUD Metro FMR Area","$1,620","$1,458","$1,782","$2,030","$1,827","$2,233","$2,430","$2,187","$2,673","$3,120","$2,808","$3,432","$3,430","$3,087","$3,773"
11040,METRO35620MM5380,"Nassau-Suffolk, NY HUD Metro FMR Area","$1,820","$1,638","$2,002","$2,110","$1,899","$2,321","$2,520","$2,268","$2,772","$3,230","$2,907","$3,553","$3,550","$3,195","$3,905"
11042,METRO35620MM5380,"Nassau-Suffolk, NY HUD Metro FMR Area","$1,560","$1,404","$1,716","$1,950","$1,755","$2,145","$2,340","$2,106","$2,574","$3,010","$2,709","$3,311","$3,310","$2,979","$3,641"
11050,METRO35620MM5380,"Nassau-Suffolk, NY HUD Metro FMR Area","$1,790","$1,611","$1,969","$2,230","$2,007","$2,453","$2,670","$2,403","$2,937","$3,430","$3,087","$3,773","$3,770","$3,393","$4,147"
11096,METRO35620MM5380,"Nassau-Suffolk, NY HUD Metro FMR Area","$1,330","$1,197","$1,463","$1,660","$1,494","$1,826","$1,990","$1,791","$2,189","$2,560","$2,304","$2,816","$2,810","$2,529","$3,091"
11501,METRO35620MM5380,"Nassau-Suffolk, NY HUD Metro FMR Area","$1,460","$1,314","$1,606","$1,830","$1,647","$2,013","$2,190","$1,971","$2,409","$2,810","$2,529","$3,091","$3,090","$2,781","$3,399"
11507,METRO35620MM5380,"Nassau-Suffolk, NY HUD Metro FMR Area","$1,950","$1,755","$2,145","$2,430","$2,187","$2,673","$2,910","$2,619","$3,201","$3,740","$3,366","$4,114","$4,110","$3,699","$4,521"
11509,METRO35620MM5380,"Nassau-Suffolk, NY HUD Metro FMR Area","$2,210","$1,989","$2,431","$2,750","$2,475","$3,025","$3,300","$2,970","$3,630","$4,240","$3,816","$4,664","$4,660","$4,194","$5,126"
11510,METRO35620MM5380,"Nassau-Suffolk, NY HUD Metro FMR Area","$1,600","$1,440","$1,760","$2,000","$1,800","$2,200","$2,400","$2,160","$2,640","$3,080","$2,772","$3,388","$3,390","$3,051","$3,729"
11514,METRO35620MM5380,"Nassau-Suffolk, NY HUD Metro FMR Area","$1,560","$1,404","$1,716","$1,940","$1,746","$2,134","$2,330","$2,097","$2,563","$2,990","$2,691","$3,289","$3,290","$2,961","$3,619"
11516,METRO35620MM5380,"Nassau-Suffolk, NY HUD Metro FMR Area","$1,510","$1,359","$1,661","$1,880","$1,692","$2,068","$2,260","$2,034","$2,486","$2,900","$2,610","$3,190","$3,190","$2,871","$3,509"
11518,METRO35620MM5380,"Nassau-Suffolk, NY HUD Metro FMR Area","$1,610","$1,449","$1,771","$2,010","$1,809","$2,211","$2,410","$2,169","$2,651","$3,100","$2,790","$3,410","$3,400","$3,060","$3,740"
11520,METRO35620MM5380,"Nassau-Suffolk, NY HUD Metro FMR Area","$1,340","$1,206","$1,474","$1,670","$1,503","$1,837","$2,000","$1,800","$2,200","$2,570","$2,313","$2,827","$2,830","$2,547","$3,113"
11530,METRO35620MM5380,"Nassau-Suffolk, NY HUD Metro FMR Area","$2,310","$2,079","$2,541","$2,880","$2,592","$3,168","$3,450","$3,105","$3,795","$4,430","$3,987","$4,873","$4,870","$4,383","$5,357"
11531,METRO35620MM5380,"Nassau-Suffolk, NY HUD Metro FMR Area","$1,560","$1,404","$1,716","$1,950","$1,755","$2,145","$2,340","$2,106","$2,574","$3,010","$2,709","$3,311","$3,310","$2,979","$3,641"
11542,METRO35620MM5380,"Nassau-Suffolk, NY HUD Metro FMR Area","$1,560","$1,404","$1,716","$1,950","$1,755","$2,145","$2,340","$2,106","$2,574","$3,010","$2,709","$3,311","$3,310","$2,979","$3,641"
11545,METRO35620MM5380,"Nassau-Suffolk, NY HUD Metro FMR Area","$1,500","$1,350","$1,650","$1,880","$1,692","$2,068","$2,250","$2,025","$2,475","$2,890","$2,601","$3,179","$3,180","$2,862","$3,498"
11547,METRO35620MM5380,"Nassau-Suffolk, NY HUD Metro FMR Area","$1,720","$1,548","$1,892","$2,140","$1,926","$2,354","$2,570","$2,313","$2,827","$3,300","$2,970","$3,630","$3,630","$3,267","$3,993"
11548,METRO35620MM5380,"Nassau-Suffolk, NY HUD Metro FMR Area","$1,600","$1,440","$1,760","$2,000","$1,800","$2,200","$2,400","$2,160","$2,640","$3,080","$2,772","$3,388","$3,380","$3,042","$3,718"
11549,METRO35620MM5380,"Nassau-Suffolk, NY HUD Metro FMR Area","$1,560","$1,404","$1,716","$1,950","$1,755","$2,145","$2,340","$2,106","$2,574","$3,010","$2,709","$3,311","$3,310","$2,979","$3,641"
11550,METRO35620MM5380,"Nassau-Suffolk, NY HUD Metro FMR Area","$1,410","$1,269","$1,551","$1,760","$1,584","$1,936","$2,110","$1,899","$2,321","$2,710","$2,439","$2,981","$2,980","$2,682","$3,278"
11551,METRO35620MM5380,"Nassau-Suffolk, NY HUD Metro FMR Area","$1,560","$1,404","$1,716","$1,950","$1,755","$2,145","$2,340","$2,106","$2,574","$3,010","$2,709","$3,311","$3,310","$2,979","$3,641"
11552,METRO35620MM5380,"Nassau-Suffolk, NY HUD Metro FMR Area","$1,680","$1,512","$1,848","$2,100","$1,890","$2,310","$2,520","$2,268","$2,772","$3,240","$2,916","$3,564","$3,560","$3,204","$3,916"
11553,METRO35620MM5380,"Nassau-Suffolk, NY HUD Metro FMR Area","$1,470","$1,323","$1,617","$1,830","$1,647","$2,013","$2,200","$1,980","$2,420","$2,830","$2,547","$3,113","$3,110","$2,799","$3,421"
11554,METRO35620MM5380,"Nassau-Suffolk, NY HUD Metro FMR Area","$2,050","$1,845","$2,255","$2,550","$2,295","$2,805","$3,060","$2,754","$3,366","$3,930","$3,537","$4,323","$4,320","$3,888","$4,752"
11556,METRO35620MM5380,"Nassau-Suffolk, NY HUD Metro FMR Area","$1,560","$1,404","$1,716","$1,950","$1,755","$2,145","$2,340","$2,106","$2,574","$3,010","$2,709","$3,311","$3,310","$2,979","$3,641"
11557,METRO35620MM5380,"Nassau-Suffolk, NY HUD Metro FMR Area","$1,400","$1,260","$1,540","$1,740","$1,566","$1,914","$2,090","$1,881","$2,299","$2,690","$2,421","$2,959","$2,950","$2,655","$3,245"
11558,METRO35620MM5380,"Nassau-Suffolk, NY HUD Metro FMR Area","$1,470","$1,323","$1,617","$1,830","$1,647","$2,013","$2,200","$1,980","$2,420","$2,830","$2,547","$3,113","$3,110","$2,799","$3,421"
11559,METRO35620MM5380,"Nassau-Suffolk, NY HUD Metro FMR Area","$1,820","$1,638","$2,002","$1,860","$1,674","$2,046","$2,230","$2,007","$2,453","$2,870","$2,583","$3,157","$3,150","$2,835","$3,465"
11560,METRO35620MM5380,"Nassau-Suffolk, NY HUD Metro FMR Area","$1,650","$1,485","$1,815","$2,060","$1,854","$2,266","$2,470","$2,223","$2,717","$3,170","$2,853","$3,487","$3,490","$3,141","$3,839"
11561,METRO35620MM5380,"Nassau-Suffolk, NY HUD Metro FMR Area","$1,790","$1,611","$1,969","$2,230","$2,007","$2,453","$2,670","$2,403","$2,937","$3,430","$3,087","$3,773","$3,770","$3,393","$4,147"
11563,METRO35620MM5380,"Nassau-Suffolk, NY HUD Metro FMR Area","$1,600","$1,440","$1,760","$1,990","$1,791","$2,189","$2,390","$2,151","$2,629","$3,070","$2,763","$3,377","$3,380","$3,042","$3,718"
11565,METRO35620MM5380,"Nassau-Suffolk, NY HUD Metro FMR Area","$1,600","$1,440","$1,760","$1,990","$1,791","$2,189","$2,390","$2,151","$2,629","$3,070","$2,763","$3,377","$3,380","$3,042","$3,718"
11566,METRO35620MM5380,"Nassau-Suffolk, NY HUD Metro FMR Area","$1,850","$1,665","$2,035","$2,300","$2,070","$2,530","$2,760","$2,484","$3,036","$3,550","$3,195","$3,905","$3,900","$3,510","$4,290"
11568,METRO35620MM5380,"Nassau-Suffolk, NY HUD Metro FMR Area","$1,680","$1,512","$1,848","$2,090","$1,881","$2,299","$2,510","$2,259","$2,761","$3,220","$2,898","$3,542","$3,540","$3,186","$3,894"
11569,METRO35620MM5380,"Nassau-Suffolk, NY HUD Metro FMR Area","$1,790","$1,611","$1,969","$2,230","$2,007","$2,453","$2,670","$2,403","$2,937","$3,430","$3,087","$3,773","$3,770","$3,393","$4,147"
11570,METRO35620MM5380,"Nassau-Suffolk, NY HUD Metro FMR Area","$1,470","$1,323","$1,617","$1,830","$1,647","$2,013","$2,200","$1,980","$2,420","$2,830","$2,547","$3,113","$3,110","$2,799","$3,421"
11571,METRO35620MM5380,"Nassau-Suffolk, NY HUD Metro FMR Area","$1,560","$1,404","$1,716","$1,950","$1,755","$2,145","$2,340","$2,106","$2,574","$3,010","$2,709","$3,311","$3,310","$2,979","$3,641"
11572,METRO35620MM5380,"Nassau-Suffolk, NY HUD Metro FMR Area","$1,410","$1,269","$1,551","$1,760","$1,584","$1,936","$2,110","$1,899","$2,321","$2,710","$2,439","$2,981","$2,980","$2,682","$3,278"
11575,METRO35620MM5380,"Nassau-Suffolk, NY HUD Metro FMR Area","$1,660","$1,494","$1,826","$2,080","$1,872","$2,288","$2,490","$2,241","$2,739","$3,200","$2,880","$3,520","$3,520","$3,168","$3,872"
11576,METRO35620MM5380,"Nassau-Suffolk, NY HUD Metro FMR Area","$1,790","$1,611","$1,969","$2,230","$2,007","$2,453","$2,670","$2,403","$2,937","$3,430","$3,087","$3,773","$3,770","$3,393","$4,147"
11577,METRO35620MM5380,"Nassau-Suffolk, NY HUD Metro FMR Area","$1,910","$1,719","$2,101","$2,380","$2,142","$2,618","$2,860","$2,574","$3,146","$3,680","$3,312","$4,048","$4,040","$3,636","$4,444"
11579,METRO35620MM5380,"Nassau-Suffolk, NY HUD Metro FMR Area","$1,910","$1,719","$2,101","$2,380","$2,142","$2,618","$2,860","$2,574","$3,146","$3,680","$3,312","$4,048","$4,040","$3,636","$4,444"
11580,METRO35620MM5380,"Nassau-Suffolk, NY HUD Metro FMR Area","$1,820","$1,638","$2,002","$1,850","$1,665","$2,035","$2,220","$1,998","$2,442","$2,850","$2,565","$3,135","$3,140","$2,826","$3,454"
11581,METRO35620MM5380,"Nassau-Suffolk, NY HUD Metro FMR Area","$1,500","$1,350","$1,650","$1,880","$1,692","$2,068","$2,250","$2,025","$2,475","$2,890","$2,601","$3,179","$3,180","$2,862","$3,498"
11582,METRO35620MM5380,"Nassau-Suffolk, NY HUD Metro FMR Area","$1,560","$1,404","$1,716","$1,950","$1,755","$2,145","$2,340","$2,106","$2,574","$3,010","$2,709","$3,311","$3,310","$2,979","$3,641"
11590,METRO35620MM5380,"Nassau-Suffolk, NY HUD Metro FMR Area","$1,700","$1,530","$1,870","$2,120","$1,908","$2,332","$2,540","$2,286","$2,794","$3,260","$2,934","$3,586","$3,590","$3,231","$3,949"
11596,METRO35620MM5380,"Nassau-Suffolk, NY HUD Metro FMR Area","$1,580","$1,422","$1,738","$1,970","$1,773","$2,167","$2,360","$2,124","$2,596","$3,030","$2,727","$3,333","$3,330","$2,997","$3,663"
11598,METRO35620MM5380,"Nassau-Suffolk, NY HUD Metro FMR Area","$1,770","$1,593","$1,947","$2,210","$1,989","$2,431","$2,650","$2,385","$2,915","$3,410","$3,069","$3,751","$3,740","$3,366","$4,114"
11691,METRO35620MM5380,"Nassau-Suffolk, NY HUD Metro FMR Area","$2,110","$1,899","$2,321","$2,160","$1,944","$2,376","$2,440","$2,196","$2,684","$3,060","$2,754","$3,366","$3,300","$2,970","$3,630"
11701,METRO35620MM5380,"Nassau-Suffolk, NY HUD Metro FMR Area","$1,440","$1,296","$1,584","$1,790","$1,611","$1,969","$2,150","$1,935","$2,365","$2,760","$2,484","$3,036","$3,040","$2,736","$3,344"
11702,METRO35620MM5380,"Nassau-Suffolk, NY HUD Metro FMR Area","$1,710","$1,539","$1,881","$2,130","$1,917","$2,343","$2,550","$2,295","$2,805","$3,280","$2,952","$3,608","$3,600","$3,240","$3,960"
11703,METRO35620MM5380,"Nassau-Suffolk, NY HUD Metro FMR Area","$1,600","$1,440","$1,760","$1,990","$1,791","$2,189","$2,390","$2,151","$2,629","$3,070","$2,763","$3,377","$3,380","$3,042","$3,718"
11704,METRO35620MM5380,"Nassau-Suffolk, NY HUD Metro FMR Area","$1,520","$1,368","$1,672","$1,900","$1,710","$2,090","$2,280","$2,052","$2,508","$2,930","$2,637","$3,223","$3,220","$2,898","$3,542"
11705,METRO35620MM5380,"Nassau-Suffolk, NY HUD Metro FMR Area","$1,510","$1,359","$1,661","$1,880","$1,692","$2,068","$2,260","$2,034","$2,486","$2,900","$2,610","$3,190","$3,190","$2,871","$3,509"
11706,METRO35620MM5380,"Nassau-Suffolk, NY HUD Metro FMR Area","$1,420","$1,278","$1,562","$1,770","$1,593","$1,947","$2,120","$1,908","$2,332","$2,720","$2,448","$2,992","$3,000","$2,700","$3,300"
11709,METRO35620MM5380,"Nassau-Suffolk, NY HUD Metro FMR Area","$1,420","$1,278","$1,562","$1,770","$1,593","$1,947","$2,120","$1,908","$2,332","$2,720","$2,448","$2,992","$3,000","$2,700","$3,300"
11710,METRO35620MM5380,"Nassau-Suffolk, NY HUD Metro FMR Area","$1,580","$1,422","$1,738","$1,970","$1,773","$2,167","$2,360","$2,124","$2,596","$3,030","$2,727","$3,333","$3,330","$2,997","$3,663"
11713,METRO35620MM5380,"Nassau-Suffolk, NY HUD Metro FMR Area","$1,810","$1,629","$1,991","$2,250","$2,025","$2,475","$2,700","$2,430","$2,970","$3,470","$3,123","$3,817","$3,810","$3,429","$4,191"
11714,METRO35620MM5380,"Nassau-Suffolk, NY HUD Metro FMR Area","$1,680","$1,512","$1,848","$2,100","$1,890","$2,310","$2,520","$2,268","$2,772","$3,240","$2,916","$3,564","$3,560","$3,204","$3,916"
11715,METRO35620MM5380,"Nassau-Suffolk, NY HUD Metro FMR Area","$1,520","$1,368","$1,672","$1,890","$1,701","$2,079","$2,270","$2,043","$2,497","$2,920","$2,628","$3,212","$3,210","$2,889","$3,531"
11716,METRO35620MM5380,"Nassau-Suffolk, NY HUD Metro FMR Area","$1,590","$1,431","$1,749","$1,980","$1,782","$2,178","$2,380","$2,142","$2,618","$3,060","$2,754","$3,366","$3,360","$3,024","$3,696"
11717,METRO35620MM5380,"Nassau-Suffolk, NY HUD Metro FMR Area","$1,330","$1,197","$1,463","$1,660","$1,494","$1,826","$1,990","$1,791","$2,189","$2,560","$2,304","$2,816","$2,810","$2,529","$3,091"
11718,METRO35620MM5380,"Nassau-Suffolk, NY HUD Metro FMR Area","$1,770","$1,593","$1,947","$2,210","$1,989","$2,431","$2,650","$2,385","$2,915","$3,410","$3,069","$3,751","$3,740","$3,366","$4,114"
11719,METRO35620MM5380,"Nassau-Suffolk, NY HUD Metro FMR Area","$1,470","$1,323","$1,617","$1,830","$1,647","$2,013","$2,200","$1,980","$2,420","$2,830","$2,547","$3,113","$3,110","$2,799","$3,421"
11720,METRO35620MM5380,"Nassau-Suffolk, NY HUD Metro FMR Area","$1,570","$1,413","$1,727","$1,960","$1,764","$2,156","$2,350","$2,115","$2,585","$3,020","$2,718","$3,322","$3,320","$2,988","$3,652"
11721,METRO35620MM5380,"Nassau-Suffolk, NY HUD Metro FMR Area","$1,470","$1,323","$1,617","$1,830","$1,647","$2,013","$2,200","$1,980","$2,420","$2,830","$2,547","$3,113","$3,110","$2,799","$3,421"
11722,METRO35620MM5380,"Nassau-Suffolk, NY HUD Metro FMR Area","$1,520","$1,368","$1,672","$1,890","$1,701","$2,079","$2,270","$2,043","$2,497","$2,920","$2,628","$3,212","$3,210","$2,889","$3,531"
11724,METRO35620MM5380,"Nassau-Suffolk, NY HUD Metro FMR Area","$2,300","$2,070","$2,530","$2,870","$2,583","$3,157","$3,440","$3,096","$3,784","$4,420","$3,978","$4,862","$4,860","$4,374","$5,346"
11725,METRO35620MM5380,"Nassau-Suffolk, NY HUD Metro FMR Area","$1,650","$1,485","$1,815","$2,060","$1,854","$2,266","$2,470","$2,223","$2,717","$3,170","$2,853","$3,487","$3,490","$3,141","$3,839"
11726,METRO35620MM5380,"Nassau-Suffolk, NY HUD Metro FMR Area","$1,370","$1,233","$1,507","$1,710","$1,539","$1,881","$2,050","$1,845","$2,255","$2,630","$2,367","$2,893","$2,900","$2,610","$3,190"
11727,METRO35620MM5380,"Nassau-Suffolk, NY HUD Metro FMR Area","$1,730","$1,557","$1,903","$2,160","$1,944","$2,376","$2,590","$2,331","$2,849","$3,330","$2,997","$3,663","$3,660","$3,294","$4,026"
11729,METRO35620MM5380,"Nassau-Suffolk, NY HUD Metro FMR Area","$1,360","$1,224","$1,496","$1,690","$1,521","$1,859","$2,030","$1,827","$2,233","$2,610","$2,349","$2,871","$2,870","$2,583","$3,157"
11730,METRO35620MM5380,"Nassau-Suffolk, NY HUD Metro FMR Area","$1,770","$1,593","$1,947","$2,200","$1,980","$2,420","$2,640","$2,376","$2,904","$3,390","$3,051","$3,729","$3,730","$3,357","$4,103"
11731,METRO35620MM5380,"Nassau-Suffolk, NY HUD Metro FMR Area","$1,680","$1,512","$1,848","$2,100","$1,890","$2,310","$2,520","$2,268","$2,772","$3,240","$2,916","$3,564","$3,560","$3,204","$3,916"
11732,METRO35620MM5380,"Nassau-Suffolk, NY HUD Metro FMR Area","$1,990","$1,791","$2,189","$2,480","$2,232","$2,728","$2,980","$2,682","$3,278","$3,830","$3,447","$4,213","$4,210","$3,789","$4,631"
11733,METRO35620MM5380,"Nassau-Suffolk, NY HUD Metro FMR Area","$1,920","$1,728","$2,112","$2,390","$2,151","$2,629","$2,870","$2,583","$3,157","$3,690","$3,321","$4,059","$4,050","$3,645","$4,455"
11735,METRO35620MM5380,"Nassau-Suffolk, NY HUD Metro FMR Area","$1,460","$1,314","$1,606","$1,820","$1,638","$2,002","$2,180","$1,962","$2,398","$2,800","$2,520","$3,080","$3,080","$2,772","$3,388"
11738,METRO35620MM5380,"Nassau-Suffolk, NY HUD Metro FMR Area","$1,730","$1,557","$1,903","$2,160","$1,944","$2,376","$2,590","$2,331","$2,849","$3,330","$2,997","$3,663","$3,660","$3,294","$4,026"
11739,METRO35620MM5380,"Nassau-Suffolk, NY HUD Metro FMR Area","$1,660","$1,494","$1,826","$2,060","$1,854","$2,266","$2,470","$2,223","$2,717","$3,170","$2,853","$3,487","$3,490","$3,141","$3,839"
11740,METRO35620MM5380,"Nassau-Suffolk, NY HUD Metro FMR Area","$1,630","$1,467","$1,793","$2,040","$1,836","$2,244","$2,440","$2,196","$2,684","$3,140","$2,826","$3,454","$3,450","$3,105","$3,795"
11741,METRO35620MM5380,"Nassau-Suffolk, NY HUD Metro FMR Area","$1,620","$1,458","$1,782","$2,020","$1,818","$2,222","$2,420","$2,178","$2,662","$3,110","$2,799","$3,421","$3,420","$3,078","$3,762"
11742,METRO35620MM5380,"Nassau-Suffolk, NY HUD Metro FMR Area","$1,500","$1,350","$1,650","$1,870","$1,683","$2,057","$2,240","$2,016","$2,464","$2,880","$2,592","$3,168","$3,160","$2,844","$3,476"
11743,METRO35620MM5380,"Nassau-Suffolk, NY HUD Metro FMR Area","$1,660","$1,494","$1,826","$2,070","$1,863","$2,277","$2,480","$2,232","$2,728","$3,190","$2,871","$3,509","$3,500","$3,150","$3,850"
11746,METRO35620MM5380,"Nassau-Suffolk, NY HUD Metro FMR Area","$1,580","$1,422","$1,738","$1,980","$1,782","$2,178","$2,370","$2,133","$2,607","$3,050","$2,745","$3,355","$3,350","$3,015","$3,685"
11747,METRO35620MM5380,"Nassau-Suffolk, NY HUD Metro FMR Area","$2,120","$1,908","$2,332","$2,640","$2,376","$2,904","$3,170","$2,853","$3,487","$4,070","$3,663","$4,477","$4,480","$4,032","$4,928"
11749,METRO35620MM5380,"Nassau-Suffolk, NY HUD Metro FMR Area","$1,580","$1,422","$1,738","$1,980","$1,782","$2,178","$2,370","$2,133","$2,607","$3,050","$2,745","$3,355","$3,350","$3,015","$3,685"
11751,METRO35620MM5380,"Nassau-Suffolk, NY HUD Metro FMR Area","$1,330","$1,197","$1,463","$1,660","$1,494","$1,826","$1,990","$1,791","$2,189","$2,560","$2,304","$2,816","$2,810","$2,529","$3,091"
11752,METRO35620MM5380,"Nassau-Suffolk, NY HUD Metro FMR Area","$1,800","$1,620","$1,980","$2,240","$2,016","$2,464","$2,690","$2,421","$2,959","$3,460","$3,114","$3,806","$3,800","$3,420","$4,180"
11753,METRO35620MM5380,"Nassau-Suffolk, NY HUD Metro FMR Area","$1,640","$1,476","$1,804","$2,040","$1,836","$2,244","$2,450","$2,205","$2,695","$3,150","$2,835","$3,465","$3,460","$3,114","$3,806"
11754,METRO35620MM5380,"Nassau-Suffolk, NY HUD Metro FMR Area","$1,310","$1,179","$1,441","$1,630","$1,467","$1,793","$1,960","$1,764","$2,156","$2,520","$2,268","$2,772","$2,770","$2,493","$3,047"
11755,METRO35620MM5380,"Nassau-Suffolk, NY HUD Metro FMR Area","$1,660","$1,494","$1,826","$2,080","$1,872","$2,288","$2,490","$2,241","$2,739","$3,200","$2,880","$3,520","$3,520","$3,168","$3,872"
11756,METRO35620MM5380,"Nassau-Suffolk, NY HUD Metro FMR Area","$1,830","$1,647","$2,013","$2,280","$2,052","$2,508","$2,730","$2,457","$3,003","$3,510","$3,159","$3,861","$3,860","$3,474","$4,246"
11757,METRO35620MM5380,"Nassau-Suffolk, NY HUD Metro FMR Area","$1,400","$1,260","$1,540","$1,740","$1,566","$1,914","$2,090","$1,881","$2,299","$2,690","$2,421","$2,959","$2,950","$2,655","$3,245"
11758,METRO35620MM5380,"Nassau-Suffolk, NY HUD Metro FMR Area","$1,790","$1,611","$1,969","$2,230","$2,007","$2,453","$2,680","$2,412","$2,948","$3,440","$3,096","$3,784","$3,790","$3,411","$4,169"
11762,METRO35620MM5380,"Nassau-Suffolk, NY HUD Metro FMR Area","$2,090","$1,881","$2,299","$2,610","$2,349","$2,871","$3,130","$2,817","$3,443","$4,020","$3,618","$4,422","$4,420","$3,978","$4,862"
11763,METRO35620MM5380,"Nassau-Suffolk, NY HUD Metro FMR Area","$1,750","$1,575","$1,925","$2,180","$1,962","$2,398","$2,610","$2,349","$2,871","$3,350","$3,015","$3,685","$3,690","$3,321","$4,059"
11764,METRO35620MM5380,"Nassau-Suffolk, NY HUD Metro FMR Area","$1,390","$1,251","$1,529","$1,730","$1,557","$1,903","$2,080","$1,872","$2,288","$2,670","$2,403","$2,937","$2,940","$2,646","$3,234"
11765,METRO35620MM5380,"Nassau-Suffolk, NY HUD Metro FMR Area","$2,310","$2,079","$2,541","$2,880","$2,592","$3,168","$3,450","$3,105","$3,795","$4,430","$3,987","$4,873","$4,870","$4,383","$5,357"
11766,METRO35620MM5380,"Nassau-Suffolk, NY HUD Metro FMR Area","$2,160","$1,944","$2,376","$2,690","$2,421","$2,959","$3,230","$2,907","$3,553","$4,150","$3,735","$4,565","$4,560","$4,104","$5,016"
11767,METRO35620MM5380,"Nassau-Suffolk, NY HUD Metro FMR Area","$1,640","$1,476","$1,804","$2,040","$1,836","$2,244","$2,450","$2,205","$2,695","$3,150","$2,835","$3,465","$3,460","$3,114","$3,806"
11768,METRO35620MM5380,"Nassau-Suffolk, NY HUD Metro FMR Area","$1,600","$1,440","$1,760","$1,990","$1,791","$2,189","$2,390","$2,151","$2,629","$3,070","$2,763","$3,377","$3,380","$3,042","$3,718"
11769,METRO35620MM5380,"Nassau-Suffolk, NY HUD Metro FMR Area","$1,390","$1,251","$1,529","$1,730","$1,557","$1,903","$2,080","$1,872","$2,288","$2,670","$2,403","$2,937","$2,940","$2,646","$3,234"
11770,METRO35620MM5380,"Nassau-Suffolk, NY HUD Metro FMR Area","$1,420","$1,278","$1,562","$1,770","$1,593","$1,947","$2,120","$1,908","$2,332","$2,720","$2,448","$2,992","$3,000","$2,700","$3,300"
11771,METRO35620MM5380,"Nassau-Suffolk, NY HUD Metro FMR Area","$1,500","$1,350","$1,650","$1,880","$1,692","$2,068","$2,250","$2,025","$2,475","$2,890","$2,601","$3,179","$3,180","$2,862","$3,498"
11772,METRO35620MM5380,"Nassau-Suffolk, NY HUD Metro FMR Area","$1,390","$1,251","$1,529","$1,730","$1,557","$1,903","$2,080","$1,872","$2,288","$2,670","$2,403","$2,937","$2,940","$2,646","$3,234"
11773,METRO35620MM5380,"Nassau-Suffolk, NY HUD Metro FMR Area","$1,560","$1,404","$1,716","$1,950","$1,755","$2,145","$2,340","$2,106","$2,574","$3,010","$2,709","$3,311","$3,310","$2,979","$3,641"
11776,METRO35620MM5380,"Nassau-Suffolk, NY HUD Metro FMR Area","$1,600","$1,440","$1,760","$1,990","$1,791","$2,189","$2,390","$2,151","$2,629","$3,070","$2,763","$3,377","$3,380","$3,042","$3,718"
11777,METRO35620MM5380,"Nassau-Suffolk, NY HUD Metro FMR Area","$1,610","$1,449","$1,771","$2,010","$1,809","$2,211","$2,410","$2,169","$2,651","$3,100","$2,790","$3,410","$3,400","$3,060","$3,740"
11778,METRO35620MM5380,"Nassau-Suffolk, NY HUD Metro FMR Area","$1,300","$1,170","$1,430","$1,620","$1,458","$1,782","$1,940","$1,746","$2,134","$2,490","$2,241","$2,739","$2,740","$2,466","$3,014"
11779,METRO35620MM5380,"Nassau-Suffolk, NY HUD Metro FMR Area","$1,400","$1,260","$1,540","$1,750","$1,575","$1,925","$2,100","$1,890","$2,310","$2,700","$2,430","$2,970","$2,970","$2,673","$3,267"
11780,METRO35620MM5380,"Nassau-Suffolk, NY HUD Metro FMR Area","$1,560","$1,404","$1,716","$1,940","$1,746","$2,134","$2,330","$2,097","$2,563","$2,990","$2,691","$3,289","$3,290","$2,961","$3,619"
11782,METRO35620MM5380,"Nassau-Suffolk, NY HUD Metro FMR Area","$1,580","$1,422","$1,738","$1,970","$1,773","$2,167","$2,360","$2,124","$2,596","$3,030","$2,727","$3,333","$3,330","$2,997","$3,663"
11783,METRO35620MM5380,"Nassau-Suffolk, NY HUD Metro FMR Area","$1,830","$1,647","$2,013","$2,280","$2,052","$2,508","$2,730","$2,457","$3,003","$3,510","$3,159","$3,861","$3,860","$3,474","$4,246"
11784,METRO35620MM5380,"Nassau-Suffolk, NY HUD Metro FMR Area","$1,560","$1,404","$1,716","$1,950","$1,755","$2,145","$2,340","$2,106","$2,574","$3,010","$2,709","$3,311","$3,310","$2,979","$3,641"
11786,METRO35620MM5380,"Nassau-Suffolk, NY HUD Metro FMR Area","$2,050","$1,845","$2,255","$2,560","$2,304","$2,816","$3,070","$2,763","$3,377","$3,950","$3,555","$4,345","$4,340","$3,906","$4,774"
11787,METRO35620MM5380,"Nassau-Suffolk, NY HUD Metro FMR Area","$1,580","$1,422","$1,738","$1,980","$1,782","$2,178","$2,370","$2,133","$2,607","$3,050","$2,745","$3,355","$3,350","$3,015","$3,685"
11788,METRO35620MM5380,"Nassau-Suffolk, NY HUD Metro FMR Area","$1,830","$1,647","$2,013","$2,280","$2,052","$2,508","$2,730","$2,457","$3,003","$3,510","$3,159","$3,861","$3,860","$3,474","$4,246"
11789,METRO35620MM5380,"Nassau-Suffolk, NY HUD Metro FMR Area","$1,300","$1,170","$1,430","$1,620","$1,458","$1,782","$1,940","$1,746","$2,134","$2,490","$2,241","$2,739","$2,740","$2,466","$3,014"
11790,METRO35620MM5380,"Nassau-Suffolk, NY HUD Metro FMR Area","$2,150","$1,935","$2,365","$2,680","$2,412","$2,948","$3,210","$2,889","$3,531","$4,130","$3,717","$4,543","$4,530","$4,077","$4,983"
11791,METRO35620MM5380,"Nassau-Suffolk, NY HUD Metro FMR Area","$2,310","$2,079","$2,541","$2,880","$2,592","$3,168","$3,450","$3,105","$3,795","$4,430","$3,987","$4,873","$4,870","$4,383","$5,357"
11792,METRO35620MM5380,"Nassau-Suffolk, NY HUD Metro FMR Area","$2,290","$2,061","$2,519","$2,850","$2,565","$3,135","$3,420","$3,078","$3,762","$4,400","$3,960","$4,840","$4,830","$4,347","$5,313"
11793,METRO35620MM5380,"Nassau-Suffolk, NY HUD Metro FMR Area","$1,580","$1,422","$1,738","$1,980","$1,782","$2,178","$2,370","$2,133","$2,607","$3,050","$2,745","$3,355","$3,350","$3,015","$3,685"
11794,METRO35620MM5380,"Nassau-Suffolk, NY HUD Metro FMR Area","$1,860","$1,674","$2,046","$2,290","$2,061","$2,519","$2,790","$2,511","$3,069","$3,580","$3,222","$3,938","$3,940","$3,546","$4,334"
11795,METRO35620MM5380,"Nassau-Suffolk, NY HUD Metro FMR Area","$1,580","$1,422","$1,738","$1,980","$1,782","$2,178","$2,370","$2,133","$2,607","$3,050","$2,745","$3,355","$3,350","$3,015","$3,685"
11796,METRO35620MM5380,"Nassau-Suffolk, NY HUD Metro FMR Area","$1,410","$1,269","$1,551","$1,760","$1,584","$1,936","$2,110","$1,899","$2,321","$2,710","$2,439","$2,981","$2,980","$2,682","$3,278"
11797,METRO35620MM5380,"Nassau-Suffolk, NY HUD Metro FMR Area","$2,310","$2,079","$2,541","$2,880","$2,592","$3,168","$3,450","$3,105","$3,795","$4,430","$3,987","$4,873","$4,870","$4,383","$5,357"
11798,METRO35620MM5380,"Nassau-Suffolk, NY HUD Metro FMR Area","$1,300","$1,170","$1,430","$1,620","$1,458","$1,782","$1,940","$1,746","$2,134","$2,490","$2,241","$2,739","$2,740","$2,466","$3,014"
11801,METRO35620MM5380,"Nassau-Suffolk, NY HUD Metro FMR Area","$1,750","$1,575","$1,925","$2,180","$1,962","$2,398","$2,620","$2,358","$2,882","$3,370","$3,033","$3,707","$3,700","$3,330","$4,070"
11802,METRO35620MM5380,"Nassau-Suffolk, NY HUD Metro FMR Area","$1,560","$1,404","$1,716","$1,950","$1,755","$2,145","$2,340","$2,106","$2,574","$3,010","$2,709","$3,311","$3,310","$2,979","$3,641"
11803,METRO35620MM5380,"Nassau-Suffolk, NY HUD Metro FMR Area","$1,970","$1,773","$2,167","$2,450","$2,205","$2,695","$2,940","$2,646","$3,234","$3,780","$3,402","$4,158","$4,150","$3,735","$4,565"
11804,METRO35620MM5380,"Nassau-Suffolk, NY HUD Metro FMR Area","$1,770","$1,593","$1,947","$2,200","$1,980","$2,420","$2,640","$2,376","$2,904","$3,390","$3,051","$3,729","$3,730","$3,357","$4,103"
11901,METRO35620MM5380,"Nassau-Suffolk, NY HUD Metro FMR Area","$1,320","$1,188","$1,452","$1,640","$1,476","$1,804","$1,970","$1,773","$2,167","$2,530","$2,277","$2,783","$2,780","$2,502","$3,058"
11930,METRO35620MM5380,"Nassau-Suffolk, NY HUD Metro FMR Area","$1,520","$1,368","$1,672","$1,890","$1,701","$2,079","$2,270","$2,043","$2,497","$2,920","$2,628","$3,212","$3,210","$2,889","$3,531"
11931,METRO35620MM5380,"Nassau-Suffolk, NY HUD Metro FMR Area","$1,320","$1,188","$1,452","$1,640","$1,476","$1,804","$1,970","$1,773","$2,167","$2,530","$2,277","$2,783","$2,780","$2,502","$3,058"
11932,METRO35620MM5380,"Nassau-Suffolk, NY HUD Metro FMR Area","$1,340","$1,206","$1,474","$1,680","$1,512","$1,848","$2,050","$1,845","$2,255","$2,630","$2,367","$2,893","$2,940","$2,646","$3,234"
11933,METRO35620MM5380,"Nassau-Suffolk, NY HUD Metro FMR Area","$1,820","$1,638","$2,002","$2,270","$2,043","$2,497","$2,720","$2,448","$2,992","$3,500","$3,150","$3,850","$3,840","$3,456","$4,224"
11934,METRO35620MM5380,"Nassau-Suffolk, NY HUD Metro FMR Area","$1,340","$1,206","$1,474","$1,670","$1,503","$1,837","$2,000","$1,800","$2,200","$2,570","$2,313","$2,827","$2,830","$2,547","$3,113"
11935,METRO35620MM5380,"Nassau-Suffolk, NY HUD Metro FMR Area","$1,390","$1,251","$1,529","$1,730","$1,557","$1,903","$2,080","$1,872","$2,288","$2,670","$2,403","$2,937","$2,940","$2,646","$3,234"
11937,METRO35620MM5380,"Nassau-Suffolk, NY HUD Metro FMR Area","$1,860","$1,674","$2,046","$2,320","$2,088","$2,552","$2,780","$2,502","$3,058","$3,570","$3,213","$3,927","$3,930","$3,537","$4,323"
11939,METRO35620MM5380,"Nassau-Suffolk, NY HUD Metro FMR Area","$1,570","$1,413","$1,727","$1,960","$1,764","$2,156","$2,350","$2,115","$2,585","$3,020","$2,718","$3,322","$3,320","$2,988","$3,652"
11940,METRO35620MM5380,"Nassau-Suffolk, NY HUD Metro FMR Area","$1,490","$1,341","$1,639","$1,860","$1,674","$2,046","$2,230","$2,007","$2,453","$2,870","$2,583","$3,157","$3,150","$2,835","$3,465"
11941,METRO35620MM5380,"Nassau-Suffolk, NY HUD Metro FMR Area","$1,240","$1,116","$1,364","$1,530","$1,377","$1,683","$1,860","$1,674","$2,046","$2,380","$2,142","$2,618","$2,620","$2,358","$2,882"
11942,METRO35620MM5380,"Nassau-Suffolk, NY HUD Metro FMR Area","$1,630","$1,467","$1,793","$2,030","$1,827","$2,233","$2,440","$2,196","$2,684","$3,140","$2,826","$3,454","$3,450","$3,105","$3,795"
11944,METRO35620MM5380,"Nassau-Suffolk, NY HUD Metro FMR Area","$1,300","$1,170","$1,430","$1,620","$1,458","$1,782","$1,940","$1,746","$2,134","$2,490","$2,241","$2,739","$2,740","$2,466","$3,014"
11946,METRO35620MM5380,"Nassau-Suffolk, NY HUD Metro FMR Area","$1,530","$1,377","$1,683","$1,910","$1,719","$2,101","$2,290","$2,061","$2,519","$2,940","$2,646","$3,234","$3,240","$2,916","$3,564"
11947,METRO35620MM5380,"Nassau-Suffolk, NY HUD Metro FMR Area","$1,520","$1,368","$1,672","$1,890","$1,701","$2,079","$2,270","$2,043","$2,497","$2,920","$2,628","$3,212","$3,210","$2,889","$3,531"
11948,METRO35620MM5380,"Nassau-Suffolk, NY HUD Metro FMR Area","$1,240","$1,116","$1,364","$1,530","$1,377","$1,683","$1,860","$1,674","$2,046","$2,380","$2,142","$2,618","$2,620","$2,358","$2,882"
11949,METRO35620MM5380,"Nassau-Suffolk, NY HUD Metro FMR Area","$1,460","$1,314","$1,606","$1,820","$1,638","$2,002","$2,180","$1,962","$2,398","$2,800","$2,520","$3,080","$3,080","$2,772","$3,388"
11950,METRO35620MM5380,"Nassau-Suffolk, NY HUD Metro FMR Area","$1,630","$1,467","$1,793","$2,030","$1,827","$2,233","$2,440","$2,196","$2,684","$3,140","$2,826","$3,454","$3,450","$3,105","$3,795"
11951,METRO35620MM5380,"Nassau-Suffolk, NY HUD Metro FMR Area","$1,550","$1,395","$1,705","$1,930","$1,737","$2,123","$2,320","$2,088","$2,552","$2,980","$2,682","$3,278","$3,280","$2,952","$3,608"
11952,METRO35620MM5380,"Nassau-Suffolk, NY HUD Metro FMR Area","$1,240","$1,116","$1,364","$1,530","$1,377","$1,683","$1,860","$1,674","$2,046","$2,380","$2,142","$2,618","$2,620","$2,358","$2,882"
11953,METRO35620MM5380,"Nassau-Suffolk, NY HUD Metro FMR Area","$1,520","$1,368","$1,672","$1,900","$1,710","$2,090","$2,280","$2,052","$2,508","$2,930","$2,637","$3,223","$3,220","$2,898","$3,542"
11954,METRO35620MM5380,"Nassau-Suffolk, NY HUD Metro FMR Area","$2,020","$1,818","$2,222","$2,520","$2,268","$2,772","$3,020","$2,718","$3,322","$3,880","$3,492","$4,268","$4,270","$3,843","$4,697"
11955,METRO35620MM5380,"Nassau-Suffolk, NY HUD Metro FMR Area","$1,510","$1,359","$1,661","$1,880","$1,692","$2,068","$2,260","$2,034","$2,486","$2,900","$2,610","$3,190","$3,190","$2,871","$3,509"
11956,METRO35620MM5380,"Nassau-Suffolk, NY HUD Metro FMR Area","$1,420","$1,278","$1,562","$1,760","$1,584","$1,936","$2,140","$1,926","$2,354","$2,730","$2,457","$3,003","$3,010","$2,709","$3,311"
11957,METRO35620MM5380,"Nassau-Suffolk, NY HUD Metro FMR Area","$1,470","$1,323","$1,617","$1,830","$1,647","$2,013","$2,200","$1,980","$2,420","$2,830","$2,547","$3,113","$3,110","$2,799","$3,421"
11958,METRO35620MM5380,"Nassau-Suffolk, NY HUD Metro FMR Area","$1,390","$1,251","$1,529","$1,740","$1,566","$1,914","$2,090","$1,881","$2,299","$2,680","$2,412","$2,948","$2,950","$2,655","$3,245"
11959,METRO35620MM5380,"Nassau-Suffolk, NY HUD Metro FMR Area","$1,360","$1,224","$1,496","$1,700","$1,530","$1,870","$2,040","$1,836","$2,244","$2,620","$2,358","$2,882","$2,880","$2,592","$3,168"
11960,METRO35620MM5380,"Nassau-Suffolk, NY HUD Metro FMR Area","$1,450","$1,305","$1,595","$1,810","$1,629","$1,991","$2,170","$1,953","$2,387","$2,790","$2,511","$3,069","$3,060","$2,754","$3,366"
11961,METRO35620MM5380,"Nassau-Suffolk, NY HUD Metro FMR Area","$1,340","$1,206","$1,474","$1,670","$1,503","$1,837","$2,000","$1,800","$2,200","$2,570","$2,313","$2,827","$2,830","$2,547","$3,113"
11962,METRO35620MM5380,"Nassau-Suffolk, NY HUD Metro FMR Area","$1,390","$1,251","$1,529","$1,740","$1,566","$1,914","$2,080","$1,872","$2,288","$2,680","$2,412","$2,948","$2,940","$2,646","$3,234"
11963,METRO35620MM5380,"Nassau-Suffolk, NY HUD Metro FMR Area","$1,840","$1,656","$2,024","$2,290","$2,061","$2,519","$2,750","$2,475","$3,025","$3,530","$3,177","$3,883","$3,890","$3,501","$4,279"
11964,METRO35620MM5380,"Nassau-Suffolk, NY HUD Metro FMR Area","$1,850","$1,665","$2,035","$2,300","$2,070","$2,530","$2,760","$2,484","$3,036","$3,550","$3,195","$3,905","$3,910","$3,519","$4,301"
11965,METRO35620MM5380,"Nassau-Suffolk, NY HUD Metro FMR Area","$1,330","$1,197","$1,463","$1,660","$1,494","$1,826","$1,990","$1,791","$2,189","$2,550","$2,295","$2,805","$2,800","$2,520","$3,080"
11967,METRO35620MM5380,"Nassau-Suffolk, NY HUD Metro FMR Area","$1,660","$1,494","$1,826","$2,070","$1,863","$2,277","$2,480","$2,232","$2,728","$3,190","$2,871","$3,509","$3,500","$3,150","$3,850"
11968,METRO35620MM5380,"Nassau-Suffolk, NY HUD Metro FMR Area","$1,610","$1,449","$1,771","$2,010","$1,809","$2,211","$2,410","$2,169","$2,651","$3,100","$2,790","$3,410","$3,400","$3,060","$3,740"
11969,METRO35620MM5380,"Nassau-Suffolk, NY HUD Metro FMR Area","$1,520","$1,368","$1,672","$1,890","$1,701","$2,079","$2,270","$2,043","$2,497","$2,920","$2,628","$3,212","$3,210","$2,889","$3,531"
11970,METRO35620MM5380,"Nassau-Suffolk, NY HUD Metro FMR Area","$1,520","$1,368","$1,672","$1,890","$1,701","$2,079","$2,270","$2,043","$2,497","$2,920","$2,628","$3,212","$3,210","$2,889","$3,531"
11971,METRO35620MM5380,"Nassau-Suffolk, NY HUD Metro FMR Area","$1,400","$1,260","$1,540","$1,750","$1,575","$1,925","$2,100","$1,890","$2,310","$2,700","$2,430","$2,970","$2,970","$2,673","$3,267"
11972,METRO35620MM5380,"Nassau-Suffolk, NY HUD Metro FMR Area","$1,410","$1,269","$1,551","$1,760","$1,584","$1,936","$2,110","$1,899","$2,321","$2,700","$2,430","$2,970","$2,970","$2,673","$3,267"
11973,METRO35620MM5380,"Nassau-Suffolk, NY HUD Metro FMR Area","$1,530","$1,377","$1,683","$1,900","$1,710","$2,090","$2,280","$2,052","$2,508","$2,930","$2,637","$3,223","$3,220","$2,898","$3,542"
11975,METRO35620MM5380,"Nassau-Suffolk, NY HUD Metro FMR Area","$1,860","$1,674","$2,046","$2,320","$2,088","$2,552","$2,780","$2,502","$3,058","$3,570","$3,213","$3,927","$3,930","$3,537","$4,323"
11976,METRO35620MM5380,"Nassau-Suffolk, NY HUD Metro FMR Area","$2,250","$2,025","$2,475","$2,810","$2,529","$3,091","$3,370","$3,033","$3,707","$4,330","$3,897","$4,763","$4,760","$4,284","$5,236"
11977,METRO35620MM5380,"Nassau-Suffolk, NY HUD Metro FMR Area","$1,740","$1,566","$1,914","$2,170","$1,953","$2,387","$2,600","$2,340","$2,860","$3,340","$3,006","$3,674","$3,670","$3,303","$4,037"
11978,METRO35620MM5380,"Nassau-Suffolk, NY HUD Metro FMR Area","$1,640","$1,476","$1,804","$2,040","$1,836","$2,244","$2,450","$2,205","$2,695","$3,150","$2,835","$3,465","$3,460","$3,114","$3,806"
11980,METRO35620MM5380,"Nassau-Suffolk, NY HUD Metro FMR Area","$1,890","$1,701","$2,079","$2,350","$2,115","$2,585","$2,820","$2,538","$3,102","$3,620","$3,258","$3,982","$3,980","$3,582","$4,378"
10001,METRO35620MM5600,"New York, NY HUD Metro FMR Area","$3,190","$2,871","$3,509","$3,260","$2,934","$3,586","$3,680","$3,312","$4,048","$4,620","$4,158","$5,082","$4,980","$4,482","$5,478"
10002,METRO35620MM5600,"New York, NY HUD Metro FMR Area","$1,820","$1,638","$2,002","$1,850","$1,665","$2,035","$2,110","$1,899","$2,321","$2,660","$2,394","$2,926","$2,860","$2,574","$3,146"
10003,METRO35620MM5600,"New York, NY HUD Metro FMR Area","$3,190","$2,871","$3,509","$3,260","$2,934","$3,586","$3,680","$3,312","$4,048","$4,620","$4,158","$5,082","$4,980","$4,482","$5,478"
10004,METRO35620MM5600,"New York, NY HUD Metro FMR Area","$3,190","$2,871","$3,509","$3,260","$2,934","$3,586","$3,680","$3,312","$4,048","$4,620","$4,158","$5,082","$4,980","$4,482","$5,478"
10005,METRO35620MM5600,"New York, NY HUD Metro FMR Area","$3,190","$2,871","$3,509","$3,260","$2,934","$3,586","$3,680","$3,312","$4,048","$4,620","$4,158","$5,082","$4,980","$4,482","$5,478"
10006,METRO35620MM5600,"New York, NY HUD Metro FMR Area","$3,190","$2,871","$3,509","$3,260","$2,934","$3,586","$3,680","$3,312","$4,048","$4,620","$4,158","$5,082","$4,980","$4,482","$5,478"
10007,METRO35620MM5600,"New York, NY HUD Metro FMR Area","$3,190","$2,871","$3,509","$3,260","$2,934","$3,586","$3,680","$3,312","$4,048","$4,620","$4,158","$5,082","$4,980","$4,482","$5,478"
10008,METRO35620MM5600,"New York, NY HUD Metro FMR Area","$2,690","$2,421","$2,959","$2,750","$2,475","$3,025","$3,110","$2,799","$3,421","$3,910","$3,519","$4,301","$4,210","$3,789","$4,631"
10009,METRO35620MM5600,"New York, NY HUD Metro FMR Area","$2,530","$2,277","$2,783","$2,590","$2,331","$2,849","$2,920","$2,628","$3,212","$3,670","$3,303","$4,037","$3,950","$3,555","$4,345"
10010,METRO35620MM5600,"New York, NY HUD Metro FMR Area","$3,120","$2,808","$3,432","$3,190","$2,871","$3,509","$3,600","$3,240","$3,960","$4,520","$4,068","$4,972","$4,870","$4,383","$5,357"
10011,METRO35620MM5600,"New York, NY HUD Metro FMR Area","$3,190","$2,871","$3,509","$3,260","$2,934","$3,586","$3,680","$3,312","$4,048","$4,620","$4,158","$5,082","$4,980","$4,482","$5,478"
10012,METRO35620MM5600,"New York, NY HUD Metro FMR Area","$3,190","$2,871","$3,509","$3,260","$2,934","$3,586","$3,680","$3,312","$4,048","$4,620","$4,158","$5,082","$4,980","$4,482","$5,478"
10013,METRO35620MM5600,"New York, NY HUD Metro FMR Area","$2,570","$2,313","$2,827","$2,630","$2,367","$2,893","$2,970","$2,673","$3,267","$3,730","$3,357","$4,103","$4,020","$3,618","$4,422"
10014,METRO35620MM5600,"New York, NY HUD Metro FMR Area","$3,190","$2,871","$3,509","$3,260","$2,934","$3,586","$3,680","$3,312","$4,048","$4,620","$4,158","$5,082","$4,980","$4,482","$5,478"
10016,METRO35620MM5600,"New York, NY HUD Metro FMR Area","$3,190","$2,871","$3,509","$3,260","$2,934","$3,586","$3,680","$3,312","$4,048","$4,620","$4,158","$5,082","$4,980","$4,482","$5,478"
10017,METRO35620MM5600,"New York, NY HUD Metro FMR Area","$3,190","$2,871","$3,509","$3,260","$2,934","$3,586","$3,680","$3,312","$4,048","$4,620","$4,158","$5,082","$4,980","$4,482","$5,478"
10018,METRO35620MM5600,"New York, NY HUD Metro FMR Area","$3,190","$2,871","$3,509","$3,260","$2,934","$3,586","$3,680","$3,312","$4,048","$4,620","$4,158","$5,082","$4,980","$4,482","$5,478"
10019,METRO35620MM5600,"New York, NY HUD Metro FMR Area","$2,250","$2,025","$2,475","$2,300","$2,070","$2,530","$2,600","$2,340","$2,860","$3,270","$2,943","$3,597","$3,520","$3,168","$3,872"
10020,METRO35620MM5600,"New York, NY HUD Metro FMR Area","$2,690","$2,421","$2,959","$2,750","$2,475","$3,025","$3,110","$2,799","$3,421","$3,910","$3,519","$4,301","$4,210","$3,789","$4,631"
10021,METRO35620MM5600,"New York, NY HUD Metro FMR Area","$3,190","$2,871","$3,509","$3,260","$2,934","$3,586","$3,680","$3,312","$4,048","$4,620","$4,158","$5,082","$4,980","$4,482","$5,478"
10022,METRO35620MM5600,"New York, NY HUD Metro FMR Area","$3,190","$2,871","$3,509","$3,260","$2,934","$3,586","$3,680","$3,312","$4,048","$4,620","$4,158","$5,082","$4,980","$4,482","$5,478"
10023,METRO35620MM5600,"New York, NY HUD Metro FMR Area","$3,190","$2,871","$3,509","$3,260","$2,934","$3,586","$3,680","$3,312","$4,048","$4,620","$4,158","$5,082","$4,980","$4,482","$5,478"
10024,METRO35620MM5600,"New York, NY HUD Metro FMR Area","$3,110","$2,799","$3,421","$3,180","$2,862","$3,498","$3,590","$3,231","$3,949","$4,510","$4,059","$4,961","$4,860","$4,374","$5,346"
10025,METRO35620MM5600,"New York, NY HUD Metro FMR Area","$2,170","$1,953","$2,387","$2,210","$1,989","$2,431","$2,500","$2,250","$2,750","$3,140","$2,826","$3,454","$3,380","$3,042","$3,718"
10026,METRO35620MM5600,"New York, NY HUD Metro FMR Area","$2,070","$1,863","$2,277","$2,120","$1,908","$2,332","$2,390","$2,151","$2,629","$3,000","$2,700","$3,300","$3,230","$2,907","$3,553"
10027,METRO35620MM5600,"New York, NY HUD Metro FMR Area","$1,920","$1,728","$2,112","$1,970","$1,773","$2,167","$2,220","$1,998","$2,442","$2,790","$2,511","$3,069","$3,000","$2,700","$3,300"
10028,METRO35620MM5600,"New York, NY HUD Metro FMR Area","$3,190","$2,871","$3,509","$3,260","$2,934","$3,586","$3,680","$3,312","$4,048","$4,620","$4,158","$5,082","$4,980","$4,482","$5,478"
10029,METRO35620MM5600,"New York, NY HUD Metro FMR Area","$1,820","$1,638","$2,002","$1,850","$1,665","$2,035","$2,110","$1,899","$2,321","$2,660","$2,394","$2,926","$2,860","$2,574","$3,146"
10030,METRO35620MM5600,"New York, NY HUD Metro FMR Area","$1,820","$1,638","$2,002","$1,850","$1,665","$2,035","$2,110","$1,899","$2,321","$2,660","$2,394","$2,926","$2,860","$2,574","$3,146"
10031,METRO35620MM5600,"New York, NY HUD Metro FMR Area","$2,010","$1,809","$2,211","$2,050","$1,845","$2,255","$2,320","$2,088","$2,552","$2,910","$2,619","$3,201","$3,140","$2,826","$3,454"
10032,METRO35620MM5600,"New York, NY HUD Metro FMR Area","$1,820","$1,638","$2,002","$1,850","$1,665","$2,035","$2,110","$1,899","$2,321","$2,660","$2,394","$2,926","$2,860","$2,574","$3,146"
10033,METRO35620MM5600,"New York, NY HUD Metro FMR Area","$2,040","$1,836","$2,244","$2,080","$1,872","$2,288","$2,350","$2,115","$2,585","$2,950","$2,655","$3,245","$3,180","$2,862","$3,498"
10034,METRO35620MM5600,"New York, NY HUD Metro FMR Area","$1,990","$1,791","$2,189","$2,040","$1,836","$2,244","$2,300","$2,070","$2,530","$2,890","$2,601","$3,179","$3,110","$2,799","$3,421"
10035,METRO35620MM5600,"New York, NY HUD Metro FMR Area","$1,910","$1,719","$2,101","$1,960","$1,764","$2,156","$2,210","$1,989","$2,431","$2,780","$2,502","$3,058","$2,990","$2,691","$3,289"
10036,METRO35620MM5600,"New York, NY HUD Metro FMR Area","$3,190","$2,871","$3,509","$3,260","$2,934","$3,586","$3,680","$3,312","$4,048","$4,620","$4,158","$5,082","$4,980","$4,482","$5,478"
10037,METRO35620MM5600,"New York, NY HUD Metro FMR Area","$1,970","$1,773","$2,167","$2,020","$1,818","$2,222","$2,280","$2,052","$2,508","$2,860","$2,574","$3,146","$3,090","$2,781","$3,399"
10038,METRO35620MM5600,"New York, NY HUD Metro FMR Area","$3,190","$2,871","$3,509","$3,260","$2,934","$3,586","$3,680","$3,312","$4,048","$4,620","$4,158","$5,082","$4,980","$4,482","$5,478"
10039,METRO35620MM5600,"New York, NY HUD Metro FMR Area","$1,820","$1,638","$2,002","$1,850","$1,665","$2,035","$2,110","$1,899","$2,321","$2,660","$2,394","$2,926","$2,860","$2,574","$3,146"
10040,METRO35620MM5600,"New York, NY HUD Metro FMR Area","$1,970","$1,773","$2,167","$2,020","$1,818","$2,222","$2,280","$2,052","$2,508","$2,860","$2,574","$3,146","$3,090","$2,781","$3,399"
10041,METRO35620MM5600,"New York, NY HUD Metro FMR Area","$2,690","$2,421","$2,959","$2,750","$2,475","$3,025","$3,110","$2,799","$3,421","$3,910","$3,519","$4,301","$4,210","$3,789","$4,631"
10043,METRO35620MM5600,"New York, NY HUD Metro FMR Area","$2,690","$2,421","$2,959","$2,750","$2,475","$3,025","$3,110","$2,799","$3,421","$3,910","$3,519","$4,301","$4,210","$3,789","$4,631"
10044,METRO35620MM5600,"New York, NY HUD Metro FMR Area","$3,190","$2,871","$3,509","$3,260","$2,934","$3,586","$3,680","$3,312","$4,048","$4,620","$4,158","$5,082","$4,980","$4,482","$5,478"
10045,METRO35620MM5600,"New York, NY HUD Metro FMR Area","$2,690","$2,421","$2,959","$2,750","$2,475","$3,025","$3,110","$2,799","$3,421","$3,910","$3,519","$4,301","$4,210","$3,789","$4,631"
10055,METRO35620MM5600,"New York, NY HUD Metro FMR Area","$2,690","$2,421","$2,959","$2,750","$2,475","$3,025","$3,110","$2,799","$3,421","$3,910","$3,519","$4,301","$4,210","$3,789","$4,631"
10065,METRO35620MM5600,"New York, NY HUD Metro FMR Area","$3,190","$2,871","$3,509","$3,260","$2,934","$3,586","$3,680","$3,312","$4,048","$4,620","$4,158","$5,082","$4,980","$4,482","$5,478"
10069,METRO35620MM5600,"New York, NY HUD Metro FMR Area","$3,190","$2,871","$3,509","$3,260","$2,934","$3,586","$3,680","$3,312","$4,048","$4,620","$4,158","$5,082","$4,980","$4,482","$5,478"
10075,METRO35620MM5600,"New York, NY HUD Metro FMR Area","$3,000","$2,700","$3,300","$3,060","$2,754","$3,366","$3,460","$3,114","$3,806","$4,350","$3,915","$4,785","$4,680","$4,212","$5,148"
10080,METRO35620MM5600,"New York, NY HUD Metro FMR Area","$2,690","$2,421","$2,959","$2,750","$2,475","$3,025","$3,110","$2,799","$3,421","$3,910","$3,519","$4,301","$4,210","$3,789","$4,631"
10081,METRO35620MM5600,"New York, NY HUD Metro FMR Area","$2,690","$2,421","$2,959","$2,750","$2,475","$3,025","$3,110","$2,799","$3,421","$3,910","$3,519","$4,301","$4,210","$3,789","$4,631"
10101,METRO35620MM5600,"New York, NY HUD Metro FMR Area","$2,690","$2,421","$2,959","$2,750","$2,475","$3,025","$3,110","$2,799","$3,421","$3,910","$3,519","$4,301","$4,210","$3,789","$4,631"
10103,METRO35620MM5600,"New York, NY HUD Metro FMR Area","$2,690","$2,421","$2,959","$2,750","$2,475","$3,025","$3,110","$2,799","$3,421","$3,910","$3,519","$4,301","$4,210","$3,789","$4,631"
10104,METRO35620MM5600,"New York, NY HUD Metro FMR Area","$2,690","$2,421","$2,959","$2,750","$2,475","$3,025","$3,110","$2,799","$3,421","$3,910","$3,519","$4,301","$4,210","$3,789","$4,631"
10105,METRO35620MM5600,"New York, NY HUD Metro FMR Area","$2,690","$2,421","$2,959","$2,750","$2,475","$3,025","$3,110","$2,799","$3,421","$3,910","$3,519","$4,301","$4,210","$3,789","$4,631"
10106,METRO35620MM5600,"New York, NY HUD Metro FMR Area","$2,690","$2,421","$2,959","$2,750","$2,475","$3,025","$3,110","$2,799","$3,421","$3,910","$3,519","$4,301","$4,210","$3,789","$4,631"
10107,METRO35620MM5600,"New York, NY HUD Metro FMR Area","$2,690","$2,421","$2,959","$2,750","$2,475","$3,025","$3,110","$2,799","$3,421","$3,910","$3,519","$4,301","$4,210","$3,789","$4,631"
10108,METRO35620MM5600,"New York, NY HUD Metro FMR Area","$2,690","$2,421","$2,959","$2,750","$2,475","$3,025","$3,110","$2,799","$3,421","$3,910","$3,519","$4,301","$4,210","$3,789","$4,631"
10110,METRO35620MM5600,"New York, NY HUD Metro FMR Area","$2,690","$2,421","$2,959","$2,750","$2,475","$3,025","$3,110","$2,799","$3,421","$3,910","$3,519","$4,301","$4,210","$3,789","$4,631"
10111,METRO35620MM5600,"New York, NY HUD Metro FMR Area","$2,690","$2,421","$2,959","$2,750","$2,475","$3,025","$3,110","$2,799","$3,421","$3,910","$3,519","$4,301","$4,210","$3,789","$4,631"
10112,METRO35620MM5600,"New York, NY HUD Metro FMR Area","$2,690","$2,421","$2,959","$2,750","$2,475","$3,025","$3,110","$2,799","$3,421","$3,910","$3,519","$4,301","$4,210","$3,789","$4,631"
10113,METRO35620MM5600,"New York, NY HUD Metro FMR Area","$2,690","$2,421","$2,959","$2,750","$2,475","$3,025","$3,110","$2,799","$3,421","$3,910","$3,519","$4,301","$4,210","$3,789","$4,631"
10115,METRO35620MM5600,"New York, NY HUD Metro FMR Area","$2,690","$2,421","$2,959","$2,750","$2,475","$3,025","$3,110","$2,799","$3,421","$3,910","$3,519","$4,301","$4,210","$3,789","$4,631"
10116,METRO35620MM5600,"New York, NY HUD Metro FMR Area","$2,690","$2,421","$2,959","$2,750","$2,475","$3,025","$3,110","$2,799","$3,421","$3,910","$3,519","$4,301","$4,210","$3,789","$4,631"
10117,METRO35620MM5600,"New York, NY HUD Metro FMR Area","$2,690","$2,421","$2,959","$2,750","$2,475","$3,025","$3,110","$2,799","$3,421","$3,910","$3,519","$4,301","$4,210","$3,789","$4,631"
10118,METRO35620MM5600,"New York, NY HUD Metro FMR Area","$2,690","$2,421","$2,959","$2,750","$2,475","$3,025","$3,110","$2,799","$3,421","$3,910","$3,519","$4,301","$4,210","$3,789","$4,631"
10119,METRO35620MM5600,"New York, NY HUD Metro FMR Area","$2,690","$2,421","$2,959","$2,750","$2,475","$3,025","$3,110","$2,799","$3,421","$3,910","$3,519","$4,301","$4,210","$3,789","$4,631"
10120,METRO35620MM5600,"New York, NY HUD Metro FMR Area","$2,690","$2,421","$2,959","$2,750","$2,475","$3,025","$3,110","$2,799","$3,421","$3,910","$3,519","$4,301","$4,210","$3,789","$4,631"
10121,METRO35620MM5600,"New York, NY HUD Metro FMR Area","$2,690","$2,421","$2,959","$2,750","$2,475","$3,025","$3,110","$2,799","$3,421","$3,910","$3,519","$4,301","$4,210","$3,789","$4,631"
10122,METRO35620MM5600,"New York, NY HUD Metro FMR Area","$2,690","$2,421","$2,959","$2,750","$2,475","$3,025","$3,110","$2,799","$3,421","$3,910","$3,519","$4,301","$4,210","$3,789","$4,631"
10123,METRO35620MM5600,"New York, NY HUD Metro FMR Area","$2,690","$2,421","$2,959","$2,750","$2,475","$3,025","$3,110","$2,799","$3,421","$3,910","$3,519","$4,301","$4,210","$3,789","$4,631"
10124,METRO35620MM5600,"New York, NY HUD Metro FMR Area","$2,690","$2,421","$2,959","$2,750","$2,475","$3,025","$3,110","$2,799","$3,421","$3,910","$3,519","$4,301","$4,210","$3,789","$4,631"
10125,METRO35620MM5600,"New York, NY HUD Metro FMR Area","$2,690","$2,421","$2,959","$2,750","$2,475","$3,025","$3,110","$2,799","$3,421","$3,910","$3,519","$4,301","$4,210","$3,789","$4,631"
10126,METRO35620MM5600,"New York, NY HUD Metro FMR Area","$2,690","$2,421","$2,959","$2,750","$2,475","$3,025","$3,110","$2,799","$3,421","$3,910","$3,519","$4,301","$4,210","$3,789","$4,631"
10128,METRO35620MM5600,"New York, NY HUD Metro FMR Area","$3,190","$2,871","$3,509","$3,260","$2,934","$3,586","$3,680","$3,312","$4,048","$4,620","$4,158","$5,082","$4,980","$4,482","$5,478"
10129,METRO35620MM5600,"New York, NY HUD Metro FMR Area","$2,690","$2,421","$2,959","$2,750","$2,475","$3,025","$3,110","$2,799","$3,421","$3,910","$3,519","$4,301","$4,210","$3,789","$4,631"
10130,METRO35620MM5600,"New York, NY HUD Metro FMR Area","$2,690","$2,421","$2,959","$2,750","$2,475","$3,025","$3,110","$2,799","$3,421","$3,910","$3,519","$4,301","$4,210","$3,789","$4,631"
10131,METRO35620MM5600,"New York, NY HUD Metro FMR Area","$2,690","$2,421","$2,959","$2,750","$2,475","$3,025","$3,110","$2,799","$3,421","$3,910","$3,519","$4,301","$4,210","$3,789","$4,631"
10133,METRO35620MM5600,"New York, NY HUD Metro FMR Area","$2,690","$2,421","$2,959","$2,750","$2,475","$3,025","$3,110","$2,799","$3,421","$3,910","$3,519","$4,301","$4,210","$3,789","$4,631"
10138,METRO35620MM5600,"New York, NY HUD Metro FMR Area","$2,690","$2,421","$2,959","$2,750","$2,475","$3,025","$3,110","$2,799","$3,421","$3,910","$3,519","$4,301","$4,210","$3,789","$4,631"
10150,METRO35620MM5600,"New York, NY HUD Metro FMR Area","$2,690","$2,421","$2,959","$2,750","$2,475","$3,025","$3,110","$2,799","$3,421","$3,910","$3,519","$4,301","$4,210","$3,789","$4,631"
10151,METRO35620MM5600,"New York, NY HUD Metro FMR Area","$2,690","$2,421","$2,959","$2,750","$2,475","$3,025","$3,110","$2,799","$3,421","$3,910","$3,519","$4,301","$4,210","$3,789","$4,631"
10152,METRO35620MM5600,"New York, NY HUD Metro FMR Area","$2,690","$2,421","$2,959","$2,750","$2,475","$3,025","$3,110","$2,799","$3,421","$3,910","$3,519","$4,301","$4,210","$3,789","$4,631"
10153,METRO35620MM5600,"New York, NY HUD Metro FMR Area","$2,690","$2,421","$2,959","$2,750","$2,475","$3,025","$3,110","$2,799","$3,421","$3,910","$3,519","$4,301","$4,210","$3,789","$4,631"
10154,METRO35620MM5600,"New York, NY HUD Metro FMR Area","$2,690","$2,421","$2,959","$2,750","$2,475","$3,025","$3,110","$2,799","$3,421","$3,910","$3,519","$4,301","$4,210","$3,789","$4,631"
10155,METRO35620MM5600,"New York, NY HUD Metro FMR Area","$2,690","$2,421","$2,959","$2,750","$2,475","$3,025","$3,110","$2,799","$3,421","$3,910","$3,519","$4,301","$4,210","$3,789","$4,631"
10156,METRO35620MM5600,"New York, NY HUD Metro FMR Area","$2,690","$2,421","$2,959","$2,750","$2,475","$3,025","$3,110","$2,799","$3,421","$3,910","$3,519","$4,301","$4,210","$3,789","$4,631"
10157,METRO35620MM5600,"New York, NY HUD Metro FMR Area","$2,690","$2,421","$2,959","$2,750","$2,475","$3,025","$3,110","$2,799","$3,421","$3,910","$3,519","$4,301","$4,210","$3,789","$4,631"
10158,METRO35620MM5600,"New York, NY HUD Metro FMR Area","$2,690","$2,421","$2,959","$2,750","$2,475","$3,025","$3,110","$2,799","$3,421","$3,910","$3,519","$4,301","$4,210","$3,789","$4,631"
10159,METRO35620MM5600,"New York, NY HUD Metro FMR Area","$2,690","$2,421","$2,959","$2,750","$2,475","$3,025","$3,110","$2,799","$3,421","$3,910","$3,519","$4,301","$4,210","$3,789","$4,631"
10160,METRO35620MM5600,"New York, NY HUD Metro FMR Area","$2,690","$2,421","$2,959","$2,750","$2,475","$3,025","$3,110","$2,799","$3,421","$3,910","$3,519","$4,301","$4,210","$3,789","$4,631"
10162,METRO35620MM5600,"New York, NY HUD Metro FMR Area","$3,190","$2,871","$3,509","$3,260","$2,934","$3,586","$3,680","$3,312","$4,048","$4,620","$4,158","$5,082","$4,980","$4,482","$5,478"
10163,METRO35620MM5600,"New York, NY HUD Metro FMR Area","$2,690","$2,421","$2,959","$2,750","$2,475","$3,025","$3,110","$2,799","$3,421","$3,910","$3,519","$4,301","$4,210","$3,789","$4,631"
10164,METRO35620MM5600,"New York, NY HUD Metro FMR Area","$2,690","$2,421","$2,959","$2,750","$2,475","$3,025","$3,110","$2,799","$3,421","$3,910","$3,519","$4,301","$4,210","$3,789","$4,631"
10165,METRO35620MM5600,"New York, NY HUD Metro FMR Area","$2,690","$2,421","$2,959","$2,750","$2,475","$3,025","$3,110","$2,799","$3,421","$3,910","$3,519","$4,301","$4,210","$3,789","$4,631"
10166,METRO35620MM5600,"New York, NY HUD Metro FMR Area","$2,690","$2,421","$2,959","$2,750","$2,475","$3,025","$3,110","$2,799","$3,421","$3,910","$3,519","$4,301","$4,210","$3,789","$4,631"
10167,METRO35620MM5600,"New York, NY HUD Metro FMR Area","$2,690","$2,421","$2,959","$2,750","$2,475","$3,025","$3,110","$2,799","$3,421","$3,910","$3,519","$4,301","$4,210","$3,789","$4,631"
10168,METRO35620MM5600,"New York, NY HUD Metro FMR Area","$2,690","$2,421","$2,959","$2,750","$2,475","$3,025","$3,110","$2,799","$3,421","$3,910","$3,519","$4,301","$4,210","$3,789","$4,631"
10169,METRO35620MM5600,"New York, NY HUD Metro FMR Area","$2,690","$2,421","$2,959","$2,750","$2,475","$3,025","$3,110","$2,799","$3,421","$3,910","$3,519","$4,301","$4,210","$3,789","$4,631"
10170,METRO35620MM5600,"New York, NY HUD Metro FMR Area","$2,690","$2,421","$2,959","$2,750","$2,475","$3,025","$3,110","$2,799","$3,421","$3,910","$3,519","$4,301","$4,210","$3,789","$4,631"
10171,METRO35620MM5600,"New York, NY HUD Metro FMR Area","$2,690","$2,421","$2,959","$2,750","$2,475","$3,025","$3,110","$2,799","$3,421","$3,910","$3,519","$4,301","$4,210","$3,789","$4,631"
10172,METRO35620MM5600,"New York, NY HUD Metro FMR Area","$2,690","$2,421","$2,959","$2,750","$2,475","$3,025","$3,110","$2,799","$3,421","$3,910","$3,519","$4,301","$4,210","$3,789","$4,631"
10173,METRO35620MM5600,"New York, NY HUD Metro FMR Area","$2,690","$2,421","$2,959","$2,750","$2,475","$3,025","$3,110","$2,799","$3,421","$3,910","$3,519","$4,301","$4,210","$3,789","$4,631"
10174,METRO35620MM5600,"New York, NY HUD Metro FMR Area","$2,690","$2,421","$2,959","$2,750","$2,475","$3,025","$3,110","$2,799","$3,421","$3,910","$3,519","$4,301","$4,210","$3,789","$4,631"
10175,METRO35620MM5600,"New York, NY HUD Metro FMR Area","$2,690","$2,421","$2,959","$2,750","$2,475","$3,025","$3,110","$2,799","$3,421","$3,910","$3,519","$4,301","$4,210","$3,789","$4,631"
10176,METRO35620MM5600,"New York, NY HUD Metro FMR Area","$2,690","$2,421","$2,959","$2,750","$2,475","$3,025","$3,110","$2,799","$3,421","$3,910","$3,519","$4,301","$4,210","$3,789","$4,631"
10177,METRO35620MM5600,"New York, NY HUD Metro FMR Area","$2,690","$2,421","$2,959","$2,750","$2,475","$3,025","$3,110","$2,799","$3,421","$3,910","$3,519","$4,301","$4,210","$3,789","$4,631"
10178,METRO35620MM5600,"New York, NY HUD Metro FMR Area","$2,690","$2,421","$2,959","$2,750","$2,475","$3,025","$3,110","$2,799","$3,421","$3,910","$3,519","$4,301","$4,210","$3,789","$4,631"
10179,METRO35620MM5600,"New York, NY HUD Metro FMR Area","$2,690","$2,421","$2,959","$2,750","$2,475","$3,025","$3,110","$2,799","$3,421","$3,910","$3,519","$4,301","$4,210","$3,789","$4,631"
10185,METRO35620MM5600,"New York, NY HUD Metro FMR Area","$2,690","$2,421","$2,959","$2,750","$2,475","$3,025","$3,110","$2,799","$3,421","$3,910","$3,519","$4,301","$4,210","$3,789","$4,631"
10199,METRO35620MM5600,"New York, NY HUD Metro FMR Area","$2,700","$2,430","$2,970","$2,750","$2,475","$3,025","$3,130","$2,817","$3,443","$3,950","$3,555","$4,345","$4,240","$3,816","$4,664"
10203,METRO35620MM5600,"New York, NY HUD Metro FMR Area","$2,690","$2,421","$2,959","$2,750","$2,475","$3,025","$3,110","$2,799","$3,421","$3,910","$3,519","$4,301","$4,210","$3,789","$4,631"
10211,METRO35620MM5600,"New York, NY HUD Metro FMR Area","$2,690","$2,421","$2,959","$2,750","$2,475","$3,025","$3,110","$2,799","$3,421","$3,910","$3,519","$4,301","$4,210","$3,789","$4,631"
10212,METRO35620MM5600,"New York, NY HUD Metro FMR Area","$2,690","$2,421","$2,959","$2,750","$2,475","$3,025","$3,110","$2,799","$3,421","$3,910","$3,519","$4,301","$4,210","$3,789","$4,631"
10213,METRO35620MM5600,"New York, NY HUD Metro FMR Area","$2,690","$2,421","$2,959","$2,750","$2,475","$3,025","$3,110","$2,799","$3,421","$3,910","$3,519","$4,301","$4,210","$3,789","$4,631"
10258,METRO35620MM5600,"New York, NY HUD Metro FMR Area","$2,690","$2,421","$2,959","$2,750","$2,475","$3,025","$3,110","$2,799","$3,421","$3,910","$3,519","$4,301","$4,210","$3,789","$4,631"
10268,METRO35620MM5600,"New York, NY HUD Metro FMR Area","$2,690","$2,421","$2,959","$2,750","$2,475","$3,025","$3,110","$2,799","$3,421","$3,910","$3,519","$4,301","$4,210","$3,789","$4,631"
10269,METRO35620MM5600,"New York, NY HUD Metro FMR Area","$2,690","$2,421","$2,959","$2,750","$2,475","$3,025","$3,110","$2,799","$3,421","$3,910","$3,519","$4,301","$4,210","$3,789","$4,631"
10271,METRO35620MM5600,"New York, NY HUD Metro FMR Area","$2,690","$2,421","$2,959","$2,750","$2,475","$3,025","$3,110","$2,799","$3,421","$3,910","$3,519","$4,301","$4,210","$3,789","$4,631"
10272,METRO35620MM5600,"New York, NY HUD Metro FMR Area","$2,690","$2,421","$2,959","$2,750","$2,475","$3,025","$3,110","$2,799","$3,421","$3,910","$3,519","$4,301","$4,210","$3,789","$4,631"
10274,METRO35620MM5600,"New York, NY HUD Metro FMR Area","$2,690","$2,421","$2,959","$2,750","$2,475","$3,025","$3,110","$2,799","$3,421","$3,910","$3,519","$4,301","$4,210","$3,789","$4,631"
10275,METRO35620MM5600,"New York, NY HUD Metro FMR Area","$2,690","$2,421","$2,959","$2,750","$2,475","$3,025","$3,110","$2,799","$3,421","$3,910","$3,519","$4,301","$4,210","$3,789","$4,631"
10276,METRO35620MM5600,"New York, NY HUD Metro FMR Area","$2,690","$2,421","$2,959","$2,750","$2,475","$3,025","$3,110","$2,799","$3,421","$3,910","$3,519","$4,301","$4,210","$3,789","$4,631"
10277,METRO35620MM5600,"New York, NY HUD Metro FMR Area","$2,690","$2,421","$2,959","$2,750","$2,475","$3,025","$3,110","$2,799","$3,421","$3,910","$3,519","$4,301","$4,210","$3,789","$4,631"
10278,METRO35620MM5600,"New York, NY HUD Metro FMR Area","$2,690","$2,421","$2,959","$2,750","$2,475","$3,025","$3,110","$2,799","$3,421","$3,910","$3,519","$4,301","$4,210","$3,789","$4,631"
10279,METRO35620MM5600,"New York, NY HUD Metro FMR Area","$3,190","$2,871","$3,509","$3,260","$2,934","$3,586","$3,680","$3,312","$4,048","$4,620","$4,158","$5,082","$4,980","$4,482","$5,478"
10280,METRO35620MM5600,"New York, NY HUD Metro FMR Area","$3,190","$2,871","$3,509","$3,260","$2,934","$3,586","$3,680","$3,312","$4,048","$4,620","$4,158","$5,082","$4,980","$4,482","$5,478"
10281,METRO35620MM5600,"New York, NY HUD Metro FMR Area","$2,690","$2,421","$2,959","$2,750","$2,475","$3,025","$3,110","$2,799","$3,421","$3,910","$3,519","$4,301","$4,210","$3,789","$4,631"
10282,METRO35620MM5600,"New York, NY HUD Metro FMR Area","$3,030","$2,727","$3,333","$3,100","$2,790","$3,410","$3,500","$3,150","$3,850","$4,390","$3,951","$4,829","$4,730","$4,257","$5,203"
10285,METRO35620MM5600,"New York, NY HUD Metro FMR Area","$2,690","$2,421","$2,959","$2,750","$2,475","$3,025","$3,110","$2,799","$3,421","$3,910","$3,519","$4,301","$4,210","$3,789","$4,631"
10301,METRO35620MM5600,"New York, NY HUD Metro FMR Area","$2,250","$2,025","$2,475","$2,300","$2,070","$2,530","$2,600","$2,340","$2,860","$3,270","$2,943","$3,597","$3,520","$3,168","$3,872"
10302,METRO35620MM5600,"New York, NY HUD Metro FMR Area","$1,910","$1,719","$2,101","$1,950","$1,755","$2,145","$2,200","$1,980","$2,420","$2,760","$2,484","$3,036","$2,980","$2,682","$3,278"
10303,METRO35620MM5600,"New York, NY HUD Metro FMR Area","$2,100","$1,890","$2,310","$2,140","$1,926","$2,354","$2,420","$2,178","$2,662","$3,040","$2,736","$3,344","$3,270","$2,943","$3,597"
10304,METRO35620MM5600,"New York, NY HUD Metro FMR Area","$1,820","$1,638","$2,002","$1,850","$1,665","$2,035","$2,110","$1,899","$2,321","$2,660","$2,394","$2,926","$2,860","$2,574","$3,146"
10305,METRO35620MM5600,"New York, NY HUD Metro FMR Area","$1,920","$1,728","$2,112","$1,970","$1,773","$2,167","$2,220","$1,998","$2,442","$2,790","$2,511","$3,069","$3,000","$2,700","$3,300"
10306,METRO35620MM5600,"New York, NY HUD Metro FMR Area","$1,940","$1,746","$2,134","$1,980","$1,782","$2,178","$2,240","$2,016","$2,464","$2,810","$2,529","$3,091","$3,030","$2,727","$3,333"
10307,METRO35620MM5600,"New York, NY HUD Metro FMR Area","$1,820","$1,638","$2,002","$1,850","$1,665","$2,035","$2,110","$1,899","$2,321","$2,660","$2,394","$2,926","$2,860","$2,574","$3,146"
10308,METRO35620MM5600,"New York, NY HUD Metro FMR Area","$2,330","$2,097","$2,563","$2,380","$2,142","$2,618","$2,690","$2,421","$2,959","$3,380","$3,042","$3,718","$3,640","$3,276","$4,004"
10309,METRO35620MM5600,"New York, NY HUD Metro FMR Area","$2,180","$1,962","$2,398","$2,230","$2,007","$2,453","$2,520","$2,268","$2,772","$3,170","$2,853","$3,487","$3,410","$3,069","$3,751"
10310,METRO35620MM5600,"New York, NY HUD Metro FMR Area","$1,960","$1,764","$2,156","$2,000","$1,800","$2,200","$2,260","$2,034","$2,486","$2,840","$2,556","$3,124","$3,060","$2,754","$3,366"
10311,METRO35620MM5600,"New York, NY HUD Metro FMR Area","$1,930","$1,737","$2,123","$1,970","$1,773","$2,167","$2,230","$2,007","$2,453","$2,800","$2,520","$3,080","$3,020","$2,718","$3,322"
10312,METRO35620MM5600,"New York, NY HUD Metro FMR Area","$1,820","$1,638","$2,002","$1,850","$1,665","$2,035","$2,110","$1,899","$2,321","$2,660","$2,394","$2,926","$2,860","$2,574","$3,146"
10313,METRO35620MM5600,"New York, NY HUD Metro FMR Area","$1,930","$1,737","$2,123","$1,970","$1,773","$2,167","$2,230","$2,007","$2,453","$2,800","$2,520","$3,080","$3,020","$2,718","$3,322"
10314,METRO35620MM5600,"New York, NY HUD Metro FMR Area","$2,160","$1,944","$2,376","$2,200","$1,980","$2,420","$2,490","$2,241","$2,739","$3,130","$2,817","$3,443","$3,370","$3,033","$3,707"
10451,METRO35620MM5600,"New York, NY HUD Metro FMR Area","$1,840","$1,656","$2,024","$1,880","$1,692","$2,068","$2,120","$1,908","$2,332","$2,660","$2,394","$2,926","$2,870","$2,583","$3,157"
10452,METRO35620MM5600,"New York, NY HUD Metro FMR Area","$1,820","$1,638","$2,002","$1,850","$1,665","$2,035","$2,110","$1,899","$2,321","$2,660","$2,394","$2,926","$2,860","$2,574","$3,146"
10453,METRO35620MM5600,"New York, NY HUD Metro FMR Area","$1,830","$1,647","$2,013","$1,870","$1,683","$2,057","$2,110","$1,899","$2,321","$2,660","$2,394","$2,926","$2,860","$2,574","$3,146"
10454,METRO35620MM5600,"New York, NY HUD Metro FMR Area","$1,850","$1,665","$2,035","$1,890","$1,701","$2,079","$2,140","$1,926","$2,354","$2,690","$2,421","$2,959","$2,900","$2,610","$3,190"
10455,METRO35620MM5600,"New York, NY HUD Metro FMR Area","$1,840","$1,656","$2,024","$1,880","$1,692","$2,068","$2,120","$1,908","$2,332","$2,660","$2,394","$2,926","$2,870","$2,583","$3,157"
10456,METRO35620MM5600,"New York, NY HUD Metro FMR Area","$1,820","$1,638","$2,002","$1,850","$1,665","$2,035","$2,110","$1,899","$2,321","$2,660","$2,394","$2,926","$2,860","$2,574","$3,146"
10457,METRO35620MM5600,"New York, NY HUD Metro FMR Area","$1,900","$1,710","$2,090","$1,940","$1,746","$2,134","$2,190","$1,971","$2,409","$2,750","$2,475","$3,025","$2,960","$2,664","$3,256"
10458,METRO35620MM5600,"New York, NY HUD Metro FMR Area","$2,040","$1,836","$2,244","$2,080","$1,872","$2,288","$2,350","$2,115","$2,585","$2,950","$2,655","$3,245","$3,180","$2,862","$3,498"
10459,METRO35620MM5600,"New York, NY HUD Metro FMR Area","$1,820","$1,638","$2,002","$1,850","$1,665","$2,035","$2,110","$1,899","$2,321","$2,660","$2,394","$2,926","$2,860","$2,574","$3,146"
10460,METRO35620MM5600,"New York, NY HUD Metro FMR Area","$1,820","$1,638","$2,002","$1,850","$1,665","$2,035","$2,110","$1,899","$2,321","$2,660","$2,394","$2,926","$2,860","$2,574","$3,146"
10461,METRO35620MM5600,"New York, NY HUD Metro FMR Area","$2,290","$2,061","$2,519","$2,340","$2,106","$2,574","$2,640","$2,376","$2,904","$3,320","$2,988","$3,652","$3,570","$3,213","$3,927"
10462,METRO35620MM5600,"New York, NY HUD Metro FMR Area","$2,170","$1,953","$2,387","$2,210","$1,989","$2,431","$2,500","$2,250","$2,750","$3,140","$2,826","$3,454","$3,380","$3,042","$3,718"
10463,METRO35620MM5600,"New York, NY HUD Metro FMR Area","$2,060","$1,854","$2,266","$2,110","$1,899","$2,321","$2,380","$2,142","$2,618","$2,990","$2,691","$3,289","$3,220","$2,898","$3,542"
10464,METRO35620MM5600,"New York, NY HUD Metro FMR Area","$1,910","$1,719","$2,101","$1,950","$1,755","$2,145","$2,200","$1,980","$2,420","$2,760","$2,484","$3,036","$2,980","$2,682","$3,278"
10465,METRO35620MM5600,"New York, NY HUD Metro FMR Area","$2,260","$2,034","$2,486","$2,310","$2,079","$2,541","$2,610","$2,349","$2,871","$3,280","$2,952","$3,608","$3,530","$3,177","$3,883"
10466,METRO35620MM5600,"New York, NY HUD Metro FMR Area","$2,060","$1,854","$2,266","$2,110","$1,899","$2,321","$2,380","$2,142","$2,618","$2,990","$2,691","$3,289","$3,220","$2,898","$3,542"
10467,METRO35620MM5600,"New York, NY HUD Metro FMR Area","$2,050","$1,845","$2,255","$2,100","$1,890","$2,310","$2,370","$2,133","$2,607","$2,980","$2,682","$3,278","$3,210","$2,889","$3,531"
10468,METRO35620MM5600,"New York, NY HUD Metro FMR Area","$1,990","$1,791","$2,189","$2,040","$1,836","$2,244","$2,300","$2,070","$2,530","$2,890","$2,601","$3,179","$3,110","$2,799","$3,421"
10469,METRO35620MM5600,"New York, NY HUD Metro FMR Area","$2,100","$1,890","$2,310","$2,150","$1,935","$2,365","$2,430","$2,187","$2,673","$3,050","$2,745","$3,355","$3,290","$2,961","$3,619"
10470,METRO35620MM5600,"New York, NY HUD Metro FMR Area","$2,100","$1,890","$2,310","$2,140","$1,926","$2,354","$2,420","$2,178","$2,662","$3,040","$2,736","$3,344","$3,270","$2,943","$3,597"
10471,METRO35620MM5600,"New York, NY HUD Metro FMR Area","$2,350","$2,115","$2,585","$2,400","$2,160","$2,640","$2,710","$2,439","$2,981","$3,400","$3,060","$3,740","$3,670","$3,303","$4,037"
10472,METRO35620MM5600,"New York, NY HUD Metro FMR Area","$1,850","$1,665","$2,035","$1,890","$1,701","$2,079","$2,140","$1,926","$2,354","$2,690","$2,421","$2,959","$2,900","$2,610","$3,190"
10473,METRO35620MM5600,"New York, NY HUD Metro FMR Area","$1,820","$1,638","$2,002","$1,850","$1,665","$2,035","$2,110","$1,899","$2,321","$2,660","$2,394","$2,926","$2,860","$2,574","$3,146"
10474,METRO35620MM5600,"New York, NY HUD Metro FMR Area","$1,820","$1,638","$2,002","$1,850","$1,665","$2,035","$2,110","$1,899","$2,321","$2,660","$2,394","$2,926","$2,860","$2,574","$3,146"
10475,METRO35620MM5600,"New York, NY HUD Metro FMR Area","$1,820","$1,638","$2,002","$1,850","$1,665","$2,035","$2,110","$1,899","$2,321","$2,660","$2,394","$2,926","$2,860","$2,574","$3,146"
10505,METRO35620MM5600,"New York, NY HUD Metro FMR Area","$1,820","$1,638","$2,002","$1,980","$1,782","$2,178","$2,410","$2,169","$2,651","$2,990","$2,691","$3,289","$3,300","$2,970","$3,630"
10509,METRO35620MM5600,"New York, NY HUD Metro FMR Area","$2,050","$1,845","$2,255","$2,100","$1,890","$2,310","$2,370","$2,133","$2,607","$2,980","$2,682","$3,278","$3,210","$2,889","$3,531"
10512,METRO35620MM5600,"New York, NY HUD Metro FMR Area","$1,840","$1,656","$2,024","$1,880","$1,692","$2,068","$2,120","$1,908","$2,332","$2,660","$2,394","$2,926","$2,870","$2,583","$3,157"
10516,METRO35620MM5600,"New York, NY HUD Metro FMR Area","$2,120","$1,908","$2,332","$2,170","$1,953","$2,387","$2,450","$2,205","$2,695","$3,080","$2,772","$3,388","$3,320","$2,988","$3,652"
10524,METRO35620MM5600,"New York, NY HUD Metro FMR Area","$2,060","$1,854","$2,266","$2,170","$1,953","$2,387","$2,500","$2,250","$2,750","$3,130","$2,817","$3,443","$3,390","$3,051","$3,729"
10537,METRO35620MM5600,"New York, NY HUD Metro FMR Area","$2,660","$2,394","$2,926","$2,750","$2,475","$3,025","$3,130","$2,817","$3,443","$3,930","$3,537","$4,323","$4,240","$3,816","$4,664"
10541,METRO35620MM5600,"New York, NY HUD Metro FMR Area","$2,050","$1,845","$2,255","$2,110","$1,899","$2,321","$2,390","$2,151","$2,629","$3,000","$2,700","$3,300","$3,230","$2,907","$3,553"
10542,METRO35620MM5600,"New York, NY HUD Metro FMR Area","$2,000","$1,800","$2,200","$2,050","$1,845","$2,255","$2,310","$2,079","$2,541","$2,900","$2,610","$3,190","$3,130","$2,817","$3,443"
10550,METRO35620MM5600,"New York, NY HUD Metro FMR Area","$1,820","$1,638","$2,002","$1,850","$1,665","$2,035","$2,110","$1,899","$2,321","$2,660","$2,394","$2,926","$2,860","$2,574","$3,146"
10567,METRO35620MM5600,"New York, NY HUD Metro FMR Area","$1,820","$1,638","$2,002","$1,890","$1,701","$2,079","$2,300","$2,070","$2,530","$2,850","$2,565","$3,135","$3,150","$2,835","$3,465"
10579,METRO35620MM5600,"New York, NY HUD Metro FMR Area","$2,320","$2,088","$2,552","$2,370","$2,133","$2,607","$2,680","$2,412","$2,948","$3,370","$3,033","$3,707","$3,630","$3,267","$3,993"
10588,METRO35620MM5600,"New York, NY HUD Metro FMR Area","$1,820","$1,638","$2,002","$1,850","$1,665","$2,035","$2,230","$2,007","$2,453","$2,770","$2,493","$3,047","$3,060","$2,754","$3,366"
10803,METRO35620MM5600,"New York, NY HUD Metro FMR Area","$1,820","$1,638","$2,002","$1,900","$1,710","$2,090","$2,310","$2,079","$2,541","$2,860","$2,574","$3,146","$3,170","$2,853","$3,487"
10901,METRO35620MM5600,"New York, NY HUD Metro FMR Area","$2,170","$1,953","$2,387","$2,220","$1,998","$2,442","$2,510","$2,259","$2,761","$3,150","$2,835","$3,465","$3,400","$3,060","$3,740"
10911,METRO35620MM5600,"New York, NY HUD Metro FMR Area","$2,100","$1,890","$2,310","$2,150","$1,935","$2,365","$2,440","$2,196","$2,684","$3,070","$2,763","$3,377","$3,310","$2,979","$3,641"
10913,METRO35620MM5600,"New York, NY HUD Metro FMR Area","$2,300","$2,070","$2,530","$2,360","$2,124","$2,596","$2,660","$2,394","$2,926","$3,340","$3,006","$3,674","$3,600","$3,240","$3,960"
10920,METRO35620MM5600,"New York, NY HUD Metro FMR Area","$1,900","$1,710","$2,090","$1,940","$1,746","$2,134","$2,190","$1,971","$2,409","$2,750","$2,475","$3,025","$2,960","$2,664","$3,256"
10923,METRO35620MM5600,"New York, NY HUD Metro FMR Area","$2,120","$1,908","$2,332","$2,170","$1,953","$2,387","$2,450","$2,205","$2,695","$3,080","$2,772","$3,388","$3,320","$2,988","$3,652"
10927,METRO35620MM5600,"New York, NY HUD Metro FMR Area","$1,960","$1,764","$2,156","$2,000","$1,800","$2,200","$2,260","$2,034","$2,486","$2,840","$2,556","$3,124","$3,060","$2,754","$3,366"
10931,METRO35620MM5600,"New York, NY HUD Metro FMR Area","$2,410","$2,169","$2,651","$2,460","$2,214","$2,706","$2,780","$2,502","$3,058","$3,490","$3,141","$3,839","$3,760","$3,384","$4,136"
10952,METRO35620MM5600,"New York, NY HUD Metro FMR Area","$2,170","$1,953","$2,387","$2,210","$1,989","$2,431","$2,500","$2,250","$2,750","$3,140","$2,826","$3,454","$3,380","$3,042","$3,718"
10954,METRO35620MM5600,"New York, NY HUD Metro FMR Area","$2,980","$2,682","$3,278","$3,050","$2,745","$3,355","$3,440","$3,096","$3,784","$4,320","$3,888","$4,752","$4,650","$4,185","$5,115"
10956,METRO35620MM5600,"New York, NY HUD Metro FMR Area","$2,300","$2,070","$2,530","$2,360","$2,124","$2,596","$2,660","$2,394","$2,926","$3,340","$3,006","$3,674","$3,600","$3,240","$3,960"
10960,METRO35620MM5600,"New York, NY HUD Metro FMR Area","$2,480","$2,232","$2,728","$2,530","$2,277","$2,783","$2,860","$2,574","$3,146","$3,590","$3,231","$3,949","$3,870","$3,483","$4,257"
10962,METRO35620MM5600,"New York, NY HUD Metro FMR Area","$1,820","$1,638","$2,002","$1,850","$1,665","$2,035","$2,110","$1,899","$2,321","$2,660","$2,394","$2,926","$2,860","$2,574","$3,146"
10964,METRO35620MM5600,"New York, NY HUD Metro FMR Area","$1,820","$1,638","$2,002","$1,850","$1,665","$2,035","$2,110","$1,899","$2,321","$2,660","$2,394","$2,926","$2,860","$2,574","$3,146"
10965,METRO35620MM5600,"New York, NY HUD Metro FMR Area","$1,930","$1,737","$2,123","$1,970","$1,773","$2,167","$2,230","$2,007","$2,453","$2,800","$2,520","$3,080","$3,020","$2,718","$3,322"
10968,METRO35620MM5600,"New York, NY HUD Metro FMR Area","$2,660","$2,394","$2,926","$2,720","$2,448","$2,992","$3,070","$2,763","$3,377","$3,860","$3,474","$4,246","$4,150","$3,735","$4,565"
10970,METRO35620MM5600,"New York, NY HUD Metro FMR Area","$2,130","$1,917","$2,343","$2,180","$1,962","$2,398","$2,460","$2,214","$2,706","$3,090","$2,781","$3,399","$3,330","$2,997","$3,663"
10974,METRO35620MM5600,"New York, NY HUD Metro FMR Area","$2,370","$2,133","$2,607","$2,430","$2,187","$2,673","$2,740","$2,466","$3,014","$3,440","$3,096","$3,784","$3,710","$3,339","$4,081"
10976,METRO35620MM5600,"New York, NY HUD Metro FMR Area","$1,820","$1,638","$2,002","$1,850","$1,665","$2,035","$2,110","$1,899","$2,321","$2,660","$2,394","$2,926","$2,860","$2,574","$3,146"
10977,METRO35620MM5600,"New York, NY HUD Metro FMR Area","$1,900","$1,710","$2,090","$1,940","$1,746","$2,134","$2,190","$1,971","$2,409","$2,750","$2,475","$3,025","$2,960","$2,664","$3,256"
10980,METRO35620MM5600,"New York, NY HUD Metro FMR Area","$2,170","$1,953","$2,387","$2,210","$1,989","$2,431","$2,500","$2,250","$2,750","$3,140","$2,826","$3,454","$3,380","$3,042","$3,718"
10982,METRO35620MM5600,"New York, NY HUD Metro FMR Area","$2,170","$1,953","$2,387","$2,210","$1,989","$2,431","$2,500","$2,250","$2,750","$3,140","$2,826","$3,454","$3,380","$3,042","$3,718"
10983,METRO35620MM5600,"New York, NY HUD Metro FMR Area","$3,190","$2,871","$3,509","$3,260","$2,934","$3,586","$3,680","$3,312","$4,048","$4,620","$4,158","$5,082","$4,980","$4,482","$5,478"
10984,METRO35620MM5600,"New York, NY HUD Metro FMR Area","$2,140","$1,926","$2,354","$2,190","$1,971","$2,409","$2,470","$2,223","$2,717","$3,110","$2,799","$3,421","$3,350","$3,015","$3,685"
10986,METRO35620MM5600,"New York, NY HUD Metro FMR Area","$2,880","$2,592","$3,168","$2,940","$2,646","$3,234","$3,320","$2,988","$3,652","$4,170","$3,753","$4,587","$4,490","$4,041","$4,939"
10987,METRO35620MM5600,"New York, NY HUD Metro FMR Area","$1,820","$1,638","$2,002","$1,850","$1,665","$2,035","$2,110","$1,899","$2,321","$2,660","$2,394","$2,926","$2,860","$2,574","$3,146"
10989,METRO35620MM5600,"New York, NY HUD Metro FMR Area","$2,890","$2,601","$3,179","$2,960","$2,664","$3,256","$3,340","$3,006","$3,674","$4,200","$3,780","$4,620","$4,520","$4,068","$4,972"
10993,METRO35620MM5600,"New York, NY HUD Metro FMR Area","$1,820","$1,638","$2,002","$1,850","$1,665","$2,035","$2,110","$1,899","$2,321","$2,660","$2,394","$2,926","$2,860","$2,574","$3,146"
10994,METRO35620MM5600,"New York, NY HUD Metro FMR Area","$2,560","$2,304","$2,816","$2,620","$2,358","$2,882","$2,950","$2,655","$3,245","$3,710","$3,339","$4,081","$3,990","$3,591","$4,389"
11001,METRO35620MM5600,"New York, NY HUD Metro FMR Area","$1,820","$1,638","$2,002","$1,880","$1,692","$2,068","$2,230","$2,007","$2,453","$2,860","$2,574","$3,146","$3,130","$2,817","$3,443"
11003,METRO35620MM5600,"New York, NY HUD Metro FMR Area","$1,820","$1,638","$2,002","$1,910","$1,719","$2,101","$2,290","$2,061","$2,519","$2,940","$2,646","$3,234","$3,240","$2,916","$3,564"
11004,METRO35620MM5600,"New York, NY HUD Metro FMR Area","$2,150","$1,935","$2,365","$2,200","$1,980","$2,420","$2,480","$2,232","$2,728","$3,110","$2,799","$3,421","$3,360","$3,024","$3,696"
11005,METRO35620MM5600,"New York, NY HUD Metro FMR Area","$3,190","$2,871","$3,509","$3,260","$2,934","$3,586","$3,680","$3,312","$4,048","$4,620","$4,158","$5,082","$4,980","$4,482","$5,478"
11020,METRO35620MM5600,"New York, NY HUD Metro FMR Area","$1,840","$1,656","$2,024","$2,150","$1,935","$2,365","$2,530","$2,277","$2,783","$3,220","$2,898","$3,542","$3,520","$3,168","$3,872"
11040,METRO35620MM5600,"New York, NY HUD Metro FMR Area","$1,820","$1,638","$2,002","$2,110","$1,899","$2,321","$2,520","$2,268","$2,772","$3,230","$2,907","$3,553","$3,550","$3,195","$3,905"
11101,METRO35620MM5600,"New York, NY HUD Metro FMR Area","$2,660","$2,394","$2,926","$2,720","$2,448","$2,992","$3,070","$2,763","$3,377","$3,860","$3,474","$4,246","$4,150","$3,735","$4,565"
11102,METRO35620MM5600,"New York, NY HUD Metro FMR Area","$2,680","$2,412","$2,948","$2,740","$2,466","$3,014","$3,100","$2,790","$3,410","$3,890","$3,501","$4,279","$4,190","$3,771","$4,609"
11103,METRO35620MM5600,"New York, NY HUD Metro FMR Area","$2,550","$2,295","$2,805","$2,610","$2,349","$2,871","$2,950","$2,655","$3,245","$3,710","$3,339","$4,081","$3,990","$3,591","$4,389"
11104,METRO35620MM5600,"New York, NY HUD Metro FMR Area","$2,540","$2,286","$2,794","$2,590","$2,331","$2,849","$2,930","$2,637","$3,223","$3,680","$3,312","$4,048","$3,960","$3,564","$4,356"
11105,METRO35620MM5600,"New York, NY HUD Metro FMR Area","$2,640","$2,376","$2,904","$2,700","$2,430","$2,970","$3,050","$2,745","$3,355","$3,830","$3,447","$4,213","$4,130","$3,717","$4,543"
11106,METRO35620MM5600,"New York, NY HUD Metro FMR Area","$2,530","$2,277","$2,783","$2,590","$2,331","$2,849","$2,920","$2,628","$3,212","$3,670","$3,303","$4,037","$3,950","$3,555","$4,345"
11109,METRO35620MM5600,"New York, NY HUD Metro FMR Area","$3,190","$2,871","$3,509","$3,260","$2,934","$3,586","$3,680","$3,312","$4,048","$4,620","$4,158","$5,082","$4,980","$4,482","$5,478"
11201,METRO35620MM5600,"New York, NY HUD Metro FMR Area","$3,190","$2,871","$3,509","$3,260","$2,934","$3,586","$3,680","$3,312","$4,048","$4,620","$4,158","$5,082","$4,980","$4,482","$5,478"
11202,METRO35620MM5600,"New York, NY HUD Metro FMR Area","$2,090","$1,881","$2,299","$2,130","$1,917","$2,343","$2,410","$2,169","$2,651","$3,030","$2,727","$3,333","$3,260","$2,934","$3,586"
11203,METRO35620MM5600,"New York, NY HUD Metro FMR Area","$1,970","$1,773","$2,167","$2,010","$1,809","$2,211","$2,270","$2,043","$2,497","$2,850","$2,565","$3,135","$3,070","$2,763","$3,377"
11204,METRO35620MM5600,"New York, NY HUD Metro FMR Area","$2,020","$1,818","$2,222","$2,060","$1,854","$2,266","$2,330","$2,097","$2,563","$2,930","$2,637","$3,223","$3,150","$2,835","$3,465"
11205,METRO35620MM5600,"New York, NY HUD Metro FMR Area","$2,190","$1,971","$2,409","$2,240","$2,016","$2,464","$2,530","$2,277","$2,783","$3,180","$2,862","$3,498","$3,420","$3,078","$3,762"
11206,METRO35620MM5600,"New York, NY HUD Metro FMR Area","$1,920","$1,728","$2,112","$1,970","$1,773","$2,167","$2,220","$1,998","$2,442","$2,790","$2,511","$3,069","$3,000","$2,700","$3,300"
11207,METRO35620MM5600,"New York, NY HUD Metro FMR Area","$2,040","$1,836","$2,244","$2,090","$1,881","$2,299","$2,360","$2,124","$2,596","$2,960","$2,664","$3,256","$3,190","$2,871","$3,509"
11208,METRO35620MM5600,"New York, NY HUD Metro FMR Area","$1,960","$1,764","$2,156","$2,000","$1,800","$2,200","$2,260","$2,034","$2,486","$2,840","$2,556","$3,124","$3,060","$2,754","$3,366"
11209,METRO35620MM5600,"New York, NY HUD Metro FMR Area","$2,410","$2,169","$2,651","$2,460","$2,214","$2,706","$2,780","$2,502","$3,058","$3,490","$3,141","$3,839","$3,760","$3,384","$4,136"
11210,METRO35620MM5600,"New York, NY HUD Metro FMR Area","$2,120","$1,908","$2,332","$2,170","$1,953","$2,387","$2,450","$2,205","$2,695","$3,080","$2,772","$3,388","$3,320","$2,988","$3,652"
11211,METRO35620MM5600,"New York, NY HUD Metro FMR Area","$2,550","$2,295","$2,805","$2,610","$2,349","$2,871","$2,950","$2,655","$3,245","$3,710","$3,339","$4,081","$3,990","$3,591","$4,389"
11212,METRO35620MM5600,"New York, NY HUD Metro FMR Area","$1,820","$1,638","$2,002","$1,850","$1,665","$2,035","$2,110","$1,899","$2,321","$2,660","$2,394","$2,926","$2,860","$2,574","$3,146"
11213,METRO35620MM5600,"New York, NY HUD Metro FMR Area","$1,970","$1,773","$2,167","$2,020","$1,818","$2,222","$2,280","$2,052","$2,508","$2,860","$2,574","$3,146","$3,090","$2,781","$3,399"
11214,METRO35620MM5600,"New York, NY HUD Metro FMR Area","$2,090","$1,881","$2,299","$2,130","$1,917","$2,343","$2,410","$2,169","$2,651","$3,030","$2,727","$3,333","$3,260","$2,934","$3,586"
11215,METRO35620MM5600,"New York, NY HUD Metro FMR Area","$3,190","$2,871","$3,509","$3,260","$2,934","$3,586","$3,680","$3,312","$4,048","$4,620","$4,158","$5,082","$4,980","$4,482","$5,478"
11216,METRO35620MM5600,"New York, NY HUD Metro FMR Area","$2,240","$2,016","$2,464","$2,290","$2,061","$2,519","$2,590","$2,331","$2,849","$3,250","$2,925","$3,575","$3,500","$3,150","$3,850"
11217,METRO35620MM5600,"New York, NY HUD Metro FMR Area","$3,190","$2,871","$3,509","$3,260","$2,934","$3,586","$3,680","$3,312","$4,048","$4,620","$4,158","$5,082","$4,980","$4,482","$5,478"
11218,METRO35620MM5600,"New York, NY HUD Metro FMR Area","$2,360","$2,124","$2,596","$2,410","$2,169","$2,651","$2,720","$2,448","$2,992","$3,420","$3,078","$3,762","$3,680","$3,312","$4,048"
11219,METRO35620MM5600,"New York, NY HUD Metro FMR Area","$2,040","$1,836","$2,244","$2,080","$1,872","$2,288","$2,350","$2,115","$2,585","$2,950","$2,655","$3,245","$3,180","$2,862","$3,498"
11220,METRO35620MM5600,"New York, NY HUD Metro FMR Area","$2,030","$1,827","$2,233","$2,070","$1,863","$2,277","$2,340","$2,106","$2,574","$2,940","$2,646","$3,234","$3,170","$2,853","$3,487"
11221,METRO35620MM5600,"New York, NY HUD Metro FMR Area","$2,160","$1,944","$2,376","$2,200","$1,980","$2,420","$2,490","$2,241","$2,739","$3,130","$2,817","$3,443","$3,370","$3,033","$3,707"
11222,METRO35620MM5600,"New York, NY HUD Metro FMR Area","$2,810","$2,529","$3,091","$2,870","$2,583","$3,157","$3,240","$2,916","$3,564","$4,070","$3,663","$4,477","$4,380","$3,942","$4,818"
11223,METRO35620MM5600,"New York, NY HUD Metro FMR Area","$2,130","$1,917","$2,343","$2,180","$1,962","$2,398","$2,460","$2,214","$2,706","$3,090","$2,781","$3,399","$3,330","$2,997","$3,663"
11224,METRO35620MM5600,"New York, NY HUD Metro FMR Area","$1,820","$1,638","$2,002","$1,850","$1,665","$2,035","$2,110","$1,899","$2,321","$2,660","$2,394","$2,926","$2,860","$2,574","$3,146"
11225,METRO35620MM5600,"New York, NY HUD Metro FMR Area","$2,100","$1,890","$2,310","$2,140","$1,926","$2,354","$2,420","$2,178","$2,662","$3,040","$2,736","$3,344","$3,270","$2,943","$3,597"
11226,METRO35620MM5600,"New York, NY HUD Metro FMR Area","$2,070","$1,863","$2,277","$2,120","$1,908","$2,332","$2,390","$2,151","$2,629","$3,000","$2,700","$3,300","$3,230","$2,907","$3,553"
11228,METRO35620MM5600,"New York, NY HUD Metro FMR Area","$2,100","$1,890","$2,310","$2,150","$1,935","$2,365","$2,430","$2,187","$2,673","$3,050","$2,745","$3,355","$3,290","$2,961","$3,619"
11229,METRO35620MM5600,"New York, NY HUD Metro FMR Area","$2,120","$1,908","$2,332","$2,170","$1,953","$2,387","$2,450","$2,205","$2,695","$3,080","$2,772","$3,388","$3,320","$2,988","$3,652"
11230,METRO35620MM5600,"New York, NY HUD Metro FMR Area","$2,200","$1,980","$2,420","$2,250","$2,025","$2,475","$2,540","$2,286","$2,794","$3,190","$2,871","$3,509","$3,440","$3,096","$3,784"
11231,METRO35620MM5600,"New York, NY HUD Metro FMR Area","$3,070","$2,763","$3,377","$3,130","$2,817","$3,443","$3,540","$3,186","$3,894","$4,450","$4,005","$4,895","$4,790","$4,311","$5,269"
11232,METRO35620MM5600,"New York, NY HUD Metro FMR Area","$2,150","$1,935","$2,365","$2,200","$1,980","$2,420","$2,480","$2,232","$2,728","$3,110","$2,799","$3,421","$3,360","$3,024","$3,696"
11233,METRO35620MM5600,"New York, NY HUD Metro FMR Area","$1,970","$1,773","$2,167","$2,020","$1,818","$2,222","$2,280","$2,052","$2,508","$2,860","$2,574","$3,146","$3,090","$2,781","$3,399"
11234,METRO35620MM5600,"New York, NY HUD Metro FMR Area","$2,110","$1,899","$2,321","$2,160","$1,944","$2,376","$2,440","$2,196","$2,684","$3,060","$2,754","$3,366","$3,300","$2,970","$3,630"
11235,METRO35620MM5600,"New York, NY HUD Metro FMR Area","$2,180","$1,962","$2,398","$2,230","$2,007","$2,453","$2,520","$2,268","$2,772","$3,170","$2,853","$3,487","$3,410","$3,069","$3,751"
11236,METRO35620MM5600,"New York, NY HUD Metro FMR Area","$2,110","$1,899","$2,321","$2,160","$1,944","$2,376","$2,440","$2,196","$2,684","$3,060","$2,754","$3,366","$3,300","$2,970","$3,630"
11237,METRO35620MM5600,"New York, NY HUD Metro FMR Area","$2,030","$1,827","$2,233","$2,070","$1,863","$2,277","$2,340","$2,106","$2,574","$2,940","$2,646","$3,234","$3,170","$2,853","$3,487"
11238,METRO35620MM5600,"New York, NY HUD Metro FMR Area","$2,640","$2,376","$2,904","$2,700","$2,430","$2,970","$3,050","$2,745","$3,355","$3,830","$3,447","$4,213","$4,130","$3,717","$4,543"
11239,METRO35620MM5600,"New York, NY HUD Metro FMR Area","$1,820","$1,638","$2,002","$1,850","$1,665","$2,035","$2,110","$1,899","$2,321","$2,660","$2,394","$2,926","$2,860","$2,574","$3,146"
11241,METRO35620MM5600,"New York, NY HUD Metro FMR Area","$2,090","$1,881","$2,299","$2,130","$1,917","$2,343","$2,410","$2,169","$2,651","$3,030","$2,727","$3,333","$3,260","$2,934","$3,586"
11242,METRO35620MM5600,"New York, NY HUD Metro FMR Area","$2,090","$1,881","$2,299","$2,130","$1,917","$2,343","$2,410","$2,169","$2,651","$3,030","$2,727","$3,333","$3,260","$2,934","$3,586"
11243,METRO35620MM5600,"New York, NY HUD Metro FMR Area","$2,090","$1,881","$2,299","$2,130","$1,917","$2,343","$2,410","$2,169","$2,651","$3,030","$2,727","$3,333","$3,260","$2,934","$3,586"
11247,METRO35620MM5600,"New York, NY HUD Metro FMR Area","$2,090","$1,881","$2,299","$2,130","$1,917","$2,343","$2,410","$2,169","$2,651","$3,030","$2,727","$3,333","$3,260","$2,934","$3,586"
11249,METRO35620MM5600,"New York, NY HUD Metro FMR Area","$2,090","$1,881","$2,299","$2,130","$1,917","$2,343","$2,410","$2,169","$2,651","$3,030","$2,727","$3,333","$3,260","$2,934","$3,586"
11252,METRO35620MM5600,"New York, NY HUD Metro FMR Area","$2,090","$1,881","$2,299","$2,130","$1,917","$2,343","$2,410","$2,169","$2,651","$3,030","$2,727","$3,333","$3,260","$2,934","$3,586"
11256,METRO35620MM5600,"New York, NY HUD Metro FMR Area","$2,090","$1,881","$2,299","$2,130","$1,917","$2,343","$2,410","$2,169","$2,651","$3,030","$2,727","$3,333","$3,260","$2,934","$3,586"
11351,METRO35620MM5600,"New York, NY HUD Metro FMR Area","$2,180","$1,962","$2,398","$2,230","$2,007","$2,453","$2,520","$2,268","$2,772","$3,170","$2,853","$3,487","$3,410","$3,069","$3,751"
11352,METRO35620MM5600,"New York, NY HUD Metro FMR Area","$2,180","$1,962","$2,398","$2,230","$2,007","$2,453","$2,520","$2,268","$2,772","$3,170","$2,853","$3,487","$3,410","$3,069","$3,751"
11354,METRO35620MM5600,"New York, NY HUD Metro FMR Area","$2,260","$2,034","$2,486","$2,310","$2,079","$2,541","$2,610","$2,349","$2,871","$3,280","$2,952","$3,608","$3,530","$3,177","$3,883"
11355,METRO35620MM5600,"New York, NY HUD Metro FMR Area","$2,160","$1,944","$2,376","$2,200","$1,980","$2,420","$2,490","$2,241","$2,739","$3,130","$2,817","$3,443","$3,370","$3,033","$3,707"
11356,METRO35620MM5600,"New York, NY HUD Metro FMR Area","$2,390","$2,151","$2,629","$2,440","$2,196","$2,684","$2,760","$2,484","$3,036","$3,470","$3,123","$3,817","$3,730","$3,357","$4,103"
11357,METRO35620MM5600,"New York, NY HUD Metro FMR Area","$2,420","$2,178","$2,662","$2,470","$2,223","$2,717","$2,790","$2,511","$3,069","$3,500","$3,150","$3,850","$3,780","$3,402","$4,158"
11358,METRO35620MM5600,"New York, NY HUD Metro FMR Area","$2,360","$2,124","$2,596","$2,410","$2,169","$2,651","$2,720","$2,448","$2,992","$3,420","$3,078","$3,762","$3,680","$3,312","$4,048"
11359,METRO35620MM5600,"New York, NY HUD Metro FMR Area","$2,180","$1,962","$2,398","$2,230","$2,007","$2,453","$2,520","$2,268","$2,772","$3,170","$2,853","$3,487","$3,410","$3,069","$3,751"
11360,METRO35620MM5600,"New York, NY HUD Metro FMR Area","$2,840","$2,556","$3,124","$2,900","$2,610","$3,190","$3,280","$2,952","$3,608","$4,120","$3,708","$4,532","$4,440","$3,996","$4,884"
11361,METRO35620MM5600,"New York, NY HUD Metro FMR Area","$2,550","$2,295","$2,805","$2,610","$2,349","$2,871","$2,950","$2,655","$3,245","$3,710","$3,339","$4,081","$3,990","$3,591","$4,389"
11362,METRO35620MM5600,"New York, NY HUD Metro FMR Area","$2,560","$2,304","$2,816","$2,620","$2,358","$2,882","$2,960","$2,664","$3,256","$3,720","$3,348","$4,092","$4,010","$3,609","$4,411"
11363,METRO35620MM5600,"New York, NY HUD Metro FMR Area","$2,830","$2,547","$3,113","$2,900","$2,610","$3,190","$3,270","$2,943","$3,597","$4,110","$3,699","$4,521","$4,420","$3,978","$4,862"
11364,METRO35620MM5600,"New York, NY HUD Metro FMR Area","$2,440","$2,196","$2,684","$2,500","$2,250","$2,750","$2,820","$2,538","$3,102","$3,540","$3,186","$3,894","$3,820","$3,438","$4,202"
11365,METRO35620MM5600,"New York, NY HUD Metro FMR Area","$2,040","$1,836","$2,244","$2,080","$1,872","$2,288","$2,350","$2,115","$2,585","$2,950","$2,655","$3,245","$3,180","$2,862","$3,498"
11366,METRO35620MM5600,"New York, NY HUD Metro FMR Area","$2,360","$2,124","$2,596","$2,420","$2,178","$2,662","$2,730","$2,457","$3,003","$3,430","$3,087","$3,773","$3,690","$3,321","$4,059"
11367,METRO35620MM5600,"New York, NY HUD Metro FMR Area","$2,100","$1,890","$2,310","$2,140","$1,926","$2,354","$2,420","$2,178","$2,662","$3,040","$2,736","$3,344","$3,270","$2,943","$3,597"
11368,METRO35620MM5600,"New York, NY HUD Metro FMR Area","$2,330","$2,097","$2,563","$2,380","$2,142","$2,618","$2,690","$2,421","$2,959","$3,380","$3,042","$3,718","$3,640","$3,276","$4,004"
11369,METRO35620MM5600,"New York, NY HUD Metro FMR Area","$2,340","$2,106","$2,574","$2,390","$2,151","$2,629","$2,700","$2,430","$2,970","$3,390","$3,051","$3,729","$3,650","$3,285","$4,015"
11370,METRO35620MM5600,"New York, NY HUD Metro FMR Area","$2,300","$2,070","$2,530","$2,350","$2,115","$2,585","$2,650","$2,385","$2,915","$3,330","$2,997","$3,663","$3,590","$3,231","$3,949"
11371,METRO35620MM5600,"New York, NY HUD Metro FMR Area","$2,180","$1,962","$2,398","$2,230","$2,007","$2,453","$2,520","$2,268","$2,772","$3,170","$2,853","$3,487","$3,410","$3,069","$3,751"
11372,METRO35620MM5600,"New York, NY HUD Metro FMR Area","$2,220","$1,998","$2,442","$2,270","$2,043","$2,497","$2,560","$2,304","$2,816","$3,220","$2,898","$3,542","$3,460","$3,114","$3,806"
11373,METRO35620MM5600,"New York, NY HUD Metro FMR Area","$2,320","$2,088","$2,552","$2,370","$2,133","$2,607","$2,680","$2,412","$2,948","$3,370","$3,033","$3,707","$3,630","$3,267","$3,993"
11374,METRO35620MM5600,"New York, NY HUD Metro FMR Area","$2,550","$2,295","$2,805","$2,610","$2,349","$2,871","$2,950","$2,655","$3,245","$3,710","$3,339","$4,081","$3,990","$3,591","$4,389"
11375,METRO35620MM5600,"New York, NY HUD Metro FMR Area","$2,730","$2,457","$3,003","$2,790","$2,511","$3,069","$3,150","$2,835","$3,465","$3,960","$3,564","$4,356","$4,260","$3,834","$4,686"
11377,METRO35620MM5600,"New York, NY HUD Metro FMR Area","$2,340","$2,106","$2,574","$2,390","$2,151","$2,629","$2,700","$2,430","$2,970","$3,390","$3,051","$3,729","$3,650","$3,285","$4,015"
11378,METRO35620MM5600,"New York, NY HUD Metro FMR Area","$2,330","$2,097","$2,563","$2,380","$2,142","$2,618","$2,690","$2,421","$2,959","$3,380","$3,042","$3,718","$3,640","$3,276","$4,004"
11379,METRO35620MM5600,"New York, NY HUD Metro FMR Area","$2,380","$2,142","$2,618","$2,430","$2,187","$2,673","$2,750","$2,475","$3,025","$3,450","$3,105","$3,795","$3,720","$3,348","$4,092"
11380,METRO35620MM5600,"New York, NY HUD Metro FMR Area","$2,180","$1,962","$2,398","$2,230","$2,007","$2,453","$2,520","$2,268","$2,772","$3,170","$2,853","$3,487","$3,410","$3,069","$3,751"
11381,METRO35620MM5600,"New York, NY HUD Metro FMR Area","$2,180","$1,962","$2,398","$2,230","$2,007","$2,453","$2,520","$2,268","$2,772","$3,170","$2,853","$3,487","$3,410","$3,069","$3,751"
11385,METRO35620MM5600,"New York, NY HUD Metro FMR Area","$2,120","$1,908","$2,332","$2,170","$1,953","$2,387","$2,450","$2,205","$2,695","$3,080","$2,772","$3,388","$3,320","$2,988","$3,652"
11386,METRO35620MM5600,"New York, NY HUD Metro FMR Area","$2,180","$1,962","$2,398","$2,230","$2,007","$2,453","$2,520","$2,268","$2,772","$3,170","$2,853","$3,487","$3,410","$3,069","$3,751"
11411,METRO35620MM5600,"New York, NY HUD Metro FMR Area","$2,080","$1,872","$2,288","$2,120","$1,908","$2,332","$2,400","$2,160","$2,640","$3,010","$2,709","$3,311","$3,250","$2,925","$3,575"
11412,METRO35620MM5600,"New York, NY HUD Metro FMR Area","$2,040","$1,836","$2,244","$2,080","$1,872","$2,288","$2,350","$2,115","$2,585","$2,950","$2,655","$3,245","$3,180","$2,862","$3,498"
11413,METRO35620MM5600,"New York, NY HUD Metro FMR Area","$2,230","$2,007","$2,453","$2,280","$2,052","$2,508","$2,570","$2,313","$2,827","$3,230","$2,907","$3,553","$3,480","$3,132","$3,828"
11414,METRO35620MM5600,"New York, NY HUD Metro FMR Area","$2,210","$1,989","$2,431","$2,260","$2,034","$2,486","$2,550","$2,295","$2,805","$3,200","$2,880","$3,520","$3,450","$3,105","$3,795"
11415,METRO35620MM5600,"New York, NY HUD Metro FMR Area","$2,410","$2,169","$2,651","$2,460","$2,214","$2,706","$2,780","$2,502","$3,058","$3,490","$3,141","$3,839","$3,760","$3,384","$4,136"
11416,METRO35620MM5600,"New York, NY HUD Metro FMR Area","$2,050","$1,845","$2,255","$2,100","$1,890","$2,310","$2,370","$2,133","$2,607","$2,980","$2,682","$3,278","$3,210","$2,889","$3,531"
11417,METRO35620MM5600,"New York, NY HUD Metro FMR Area","$2,210","$1,989","$2,431","$2,260","$2,034","$2,486","$2,550","$2,295","$2,805","$3,200","$2,880","$3,520","$3,450","$3,105","$3,795"
11418,METRO35620MM5600,"New York, NY HUD Metro FMR Area","$2,170","$1,953","$2,387","$2,220","$1,998","$2,442","$2,510","$2,259","$2,761","$3,150","$2,835","$3,465","$3,400","$3,060","$3,740"
11419,METRO35620MM5600,"New York, NY HUD Metro FMR Area","$2,230","$2,007","$2,453","$2,280","$2,052","$2,508","$2,570","$2,313","$2,827","$3,230","$2,907","$3,553","$3,480","$3,132","$3,828"
11420,METRO35620MM5600,"New York, NY HUD Metro FMR Area","$2,150","$1,935","$2,365","$2,200","$1,980","$2,420","$2,480","$2,232","$2,728","$3,110","$2,799","$3,421","$3,360","$3,024","$3,696"
11421,METRO35620MM5600,"New York, NY HUD Metro FMR Area","$2,300","$2,070","$2,530","$2,360","$2,124","$2,596","$2,660","$2,394","$2,926","$3,340","$3,006","$3,674","$3,600","$3,240","$3,960"
11422,METRO35620MM5600,"New York, NY HUD Metro FMR Area","$2,420","$2,178","$2,662","$2,470","$2,223","$2,717","$2,790","$2,511","$3,069","$3,500","$3,150","$3,850","$3,780","$3,402","$4,158"
11423,METRO35620MM5600,"New York, NY HUD Metro FMR Area","$1,930","$1,737","$2,123","$1,970","$1,773","$2,167","$2,230","$2,007","$2,453","$2,800","$2,520","$3,080","$3,020","$2,718","$3,322"
11424,METRO35620MM5600,"New York, NY HUD Metro FMR Area","$2,180","$1,962","$2,398","$2,230","$2,007","$2,453","$2,520","$2,268","$2,772","$3,170","$2,853","$3,487","$3,410","$3,069","$3,751"
11425,METRO35620MM5600,"New York, NY HUD Metro FMR Area","$2,090","$1,881","$2,299","$2,130","$1,917","$2,343","$2,410","$2,169","$2,651","$3,030","$2,727","$3,333","$3,260","$2,934","$3,586"
11426,METRO35620MM5600,"New York, NY HUD Metro FMR Area","$2,440","$2,196","$2,684","$2,500","$2,250","$2,750","$2,820","$2,538","$3,102","$3,540","$3,186","$3,894","$3,820","$3,438","$4,202"
11427,METRO35620MM5600,"New York, NY HUD Metro FMR Area","$1,950","$1,755","$2,145","$1,990","$1,791","$2,189","$2,250","$2,025","$2,475","$2,830","$2,547","$3,113","$3,040","$2,736","$3,344"
11428,METRO35620MM5600,"New York, NY HUD Metro FMR Area","$2,010","$1,809","$2,211","$2,050","$1,845","$2,255","$2,320","$2,088","$2,552","$2,910","$2,619","$3,201","$3,140","$2,826","$3,454"
11429,METRO35620MM5600,"New York, NY HUD Metro FMR Area","$2,020","$1,818","$2,222","$2,060","$1,854","$2,266","$2,330","$2,097","$2,563","$2,930","$2,637","$3,223","$3,150","$2,835","$3,465"
11430,METRO35620MM5600,"New York, NY HUD Metro FMR Area","$2,180","$1,962","$2,398","$2,230","$2,007","$2,453","$2,520","$2,268","$2,772","$3,170","$2,853","$3,487","$3,410","$3,069","$3,751"
11431,METRO35620MM5600,"New York, NY HUD Metro FMR Area","$2,180","$1,962","$2,398","$2,230","$2,007","$2,453","$2,520","$2,268","$2,772","$3,170","$2,853","$3,487","$3,410","$3,069","$3,751"
11432,METRO35620MM5600,"New York, NY HUD Metro FMR Area","$2,400","$2,160","$2,640","$2,450","$2,205","$2,695","$2,770","$2,493","$3,047","$3,480","$3,132","$3,828","$3,750","$3,375","$4,125"
11433,METRO35620MM5600,"New York, NY HUD Metro FMR Area","$2,170","$1,953","$2,387","$2,210","$1,989","$2,431","$2,500","$2,250","$2,750","$3,140","$2,826","$3,454","$3,380","$3,042","$3,718"
11434,METRO35620MM5600,"New York, NY HUD Metro FMR Area","$1,820","$1,638","$2,002","$1,850","$1,665","$2,035","$2,110","$1,899","$2,321","$2,660","$2,394","$2,926","$2,860","$2,574","$3,146"
11435,METRO35620MM5600,"New York, NY HUD Metro FMR Area","$2,140","$1,926","$2,354","$2,190","$1,971","$2,409","$2,470","$2,223","$2,717","$3,100","$2,790","$3,410","$3,340","$3,006","$3,674"
11436,METRO35620MM5600,"New York, NY HUD Metro FMR Area","$2,220","$1,998","$2,442","$2,270","$2,043","$2,497","$2,560","$2,304","$2,816","$3,220","$2,898","$3,542","$3,460","$3,114","$3,806"
11439,METRO35620MM5600,"New York, NY HUD Metro FMR Area","$2,180","$1,962","$2,398","$2,230","$2,007","$2,453","$2,520","$2,268","$2,772","$3,170","$2,853","$3,487","$3,410","$3,069","$3,751"
11451,METRO35620MM5600,"New York, NY HUD Metro FMR Area","$2,180","$1,962","$2,398","$2,230","$2,007","$2,453","$2,520","$2,268","$2,772","$3,170","$2,853","$3,487","$3,410","$3,069","$3,751"
11559,METRO35620MM5600,"New York, NY HUD Metro FMR Area","$1,820","$1,638","$2,002","$1,860","$1,674","$2,046","$2,230","$2,007","$2,453","$2,870","$2,583","$3,157","$3,150","$2,835","$3,465"
11580,METRO35620MM5600,"New York, NY HUD Metro FMR Area","$1,820","$1,638","$2,002","$1,850","$1,665","$2,035","$2,220","$1,998","$2,442","$2,850","$2,565","$3,135","$3,140","$2,826","$3,454"
11691,METRO35620MM5600,"New York, NY HUD Metro FMR Area","$2,110","$1,899","$2,321","$2,160","$1,944","$2,376","$2,440","$2,196","$2,684","$3,060","$2,754","$3,366","$3,300","$2,970","$3,630"
11692,METRO35620MM5600,"New York, NY HUD Metro FMR Area","$1,880","$1,692","$2,068","$1,920","$1,728","$2,112","$2,170","$1,953","$2,387","$2,730","$2,457","$3,003","$2,940","$2,646","$3,234"
11693,METRO35620MM5600,"New York, NY HUD Metro FMR Area","$1,820","$1,638","$2,002","$1,850","$1,665","$2,035","$2,110","$1,899","$2,321","$2,660","$2,394","$2,926","$2,860","$2,574","$3,146"
11694,METRO35620MM5600,"New York, NY HUD Metro FMR Area","$1,880","$1,692","$2,068","$1,920","$1,728","$2,112","$2,170","$1,953","$2,387","$2,730","$2,457","$3,003","$2,940","$2,646","$3,234"
11697,METRO35620MM5600,"New York, NY HUD Metro FMR Area","$1,880","$1,692","$2,068","$1,920","$1,728","$2,112","$2,170","$1,953","$2,387","$2,730","$2,457","$3,003","$2,940","$2,646","$3,234"
12524,METRO35620MM5600,"New York, NY HUD Metro FMR Area","$1,820","$1,638","$2,002","$1,850","$1,665","$2,035","$2,110","$1,899","$2,321","$2,660","$2,394","$2,926","$2,860","$2,574","$3,146"
12531,METRO35620MM5600,"New York, NY HUD Metro FMR Area","$1,820","$1,638","$2,002","$1,850","$1,665","$2,035","$2,110","$1,899","$2,321","$2,660","$2,394","$2,926","$2,860","$2,574","$3,146"
12533,METRO35620MM5600,"New York, NY HUD Metro FMR Area","$1,820","$1,638","$2,002","$1,850","$1,665","$2,035","$2,110","$1,899","$2,321","$2,660","$2,394","$2,926","$2,860","$2,574","$3,146"
12563,METRO35620MM5600,"New York, NY HUD Metro FMR Area","$1,820","$1,638","$2,002","$1,850","$1,665","$2,035","$2,110","$1,899","$2,321","$2,660","$2,394","$2,926","$2,860","$2,574","$3,146"
12564,METRO35620MM5600,"New York, NY HUD Metro FMR Area","$1,820","$1,638","$2,002","$1,850","$1,665","$2,035","$2,110","$1,899","$2,321","$2,660","$2,394","$2,926","$2,860","$2,574","$3,146"
12582,METRO35620MM5600,"New York, NY HUD Metro FMR Area","$1,820","$1,638","$2,002","$1,850","$1,665","$2,035","$2,110","$1,899","$2,321","$2,660","$2,394","$2,926","$2,860","$2,574","$3,146"
10512,METRO39100M39100,"Poughkeepsie-Newburgh-Middletown, NY MSA","$1,840","$1,656","$2,024","$1,880","$1,692","$2,068","$2,120","$1,908","$2,332","$2,660","$2,394","$2,926","$2,870","$2,583","$3,157"
10910,METRO39100M39100,"Poughkeepsie-Newburgh-Middletown, NY MSA","$1,150","$1,035","$1,265","$1,250","$1,125","$1,375","$1,610","$1,449","$1,771","$2,050","$1,845","$2,255","$2,280","$2,052","$2,508"
10911,METRO39100M39100,"Poughkeepsie-Newburgh-Middletown, NY MSA","$2,100","$1,890","$2,310","$2,150","$1,935","$2,365","$2,440","$2,196","$2,684","$3,070","$2,763","$3,377","$3,310","$2,979","$3,641"
10912,METRO39100M39100,"Poughkeepsie-Newburgh-Middletown, NY MSA","$1,150","$1,035","$1,265","$1,250","$1,125","$1,375","$1,610","$1,449","$1,771","$2,050","$1,845","$2,255","$2,280","$2,052","$2,508"
10914,METRO39100M39100,"Poughkeepsie-Newburgh-Middletown, NY MSA","$1,110",$999,"$1,221","$1,220","$1,098","$1,342","$1,560","$1,404","$1,716","$1,990","$1,791","$2,189","$2,210","$1,989","$2,431"
10915,METRO39100M39100,"Poughkeepsie-Newburgh-Middletown, NY MSA","$1,180","$1,062","$1,298","$1,280","$1,152","$1,408","$1,650","$1,485","$1,815","$2,110","$1,899","$2,321","$2,340","$2,106","$2,574"
10916,METRO39100M39100,"Poughkeepsie-Newburgh-Middletown, NY MSA","$1,130","$1,017","$1,243","$1,240","$1,116","$1,364","$1,590","$1,431","$1,749","$2,030","$1,827","$2,233","$2,260","$2,034","$2,486"
10917,METRO39100M39100,"Poughkeepsie-Newburgh-Middletown, NY MSA","$1,390","$1,251","$1,529","$1,520","$1,368","$1,672","$1,950","$1,755","$2,145","$2,480","$2,232","$2,728","$2,760","$2,484","$3,036"
10918,METRO39100M39100,"Poughkeepsie-Newburgh-Middletown, NY MSA","$1,300","$1,170","$1,430","$1,430","$1,287","$1,573","$1,830","$1,647","$2,013","$2,330","$2,097","$2,563","$2,590","$2,331","$2,849"
10919,METRO39100M39100,"Poughkeepsie-Newburgh-Middletown, NY MSA","$1,140","$1,026","$1,254","$1,250","$1,125","$1,375","$1,600","$1,440","$1,760","$2,050","$1,845","$2,255","$2,270","$2,043","$2,497"
10921,METRO39100M39100,"Poughkeepsie-Newburgh-Middletown, NY MSA","$1,340","$1,206","$1,474","$1,470","$1,323","$1,617","$1,890","$1,701","$2,079","$2,410","$2,169","$2,651","$2,670","$2,403","$2,937"
10922,METRO39100M39100,"Poughkeepsie-Newburgh-Middletown, NY MSA","$1,680","$1,512","$1,848","$1,840","$1,656","$2,024","$2,360","$2,124","$2,596","$3,010","$2,709","$3,311","$3,340","$3,006","$3,674"
10924,METRO39100M39100,"Poughkeepsie-Newburgh-Middletown, NY MSA","$1,100",$990,"$1,210","$1,210","$1,089","$1,331","$1,550","$1,395","$1,705","$1,970","$1,773","$2,167","$2,190","$1,971","$2,409"
10925,METRO39100M39100,"Poughkeepsie-Newburgh-Middletown, NY MSA","$1,030",$927,"$1,133","$1,130","$1,017","$1,243","$1,450","$1,305","$1,595","$1,850","$1,665","$2,035","$2,050","$1,845","$2,255"
10926,METRO39100M39100,"Poughkeepsie-Newburgh-Middletown, NY MSA","$1,420","$1,278","$1,562","$1,560","$1,404","$1,716","$2,000","$1,800","$2,200","$2,550","$2,295","$2,805","$2,830","$2,547","$3,113"
10928,METRO39100M39100,"Poughkeepsie-Newburgh-Middletown, NY MSA","$1,160","$1,044","$1,276","$1,270","$1,143","$1,397","$1,630","$1,467","$1,793","$2,080","$1,872","$2,288","$2,300","$2,070","$2,530"
10930,METRO39100M39100,"Poughkeepsie-Newburgh-Middletown, NY MSA","$1,310","$1,179","$1,441","$1,430","$1,287","$1,573","$1,840","$1,656","$2,024","$2,340","$2,106","$2,574","$2,600","$2,340","$2,860"
10932,METRO39100M39100,"Poughkeepsie-Newburgh-Middletown, NY MSA","$1,160","$1,044","$1,276","$1,270","$1,143","$1,397","$1,630","$1,467","$1,793","$2,080","$1,872","$2,288","$2,300","$2,070","$2,530"
10933,METRO39100M39100,"Poughkeepsie-Newburgh-Middletown, NY MSA","$1,190","$1,071","$1,309","$1,310","$1,179","$1,441","$1,680","$1,512","$1,848","$2,140","$1,926","$2,354","$2,370","$2,133","$2,607"
10940,METRO39100M39100,"Poughkeepsie-Newburgh-Middletown, NY MSA","$1,160","$1,044","$1,276","$1,270","$1,143","$1,397","$1,630","$1,467","$1,793","$2,080","$1,872","$2,288","$2,300","$2,070","$2,530"
10941,METRO39100M39100,"Poughkeepsie-Newburgh-Middletown, NY MSA","$1,160","$1,044","$1,276","$1,270","$1,143","$1,397","$1,630","$1,467","$1,793","$2,080","$1,872","$2,288","$2,300","$2,070","$2,530"
10949,METRO39100M39100,"Poughkeepsie-Newburgh-Middletown, NY MSA","$1,150","$1,035","$1,265","$1,250","$1,125","$1,375","$1,610","$1,449","$1,771","$2,050","$1,845","$2,255","$2,280","$2,052","$2,508"
10950,METRO39100M39100,"Poughkeepsie-Newburgh-Middletown, NY MSA","$1,270","$1,143","$1,397","$1,390","$1,251","$1,529","$1,790","$1,611","$1,969","$2,280","$2,052","$2,508","$2,530","$2,277","$2,783"
10953,METRO39100M39100,"Poughkeepsie-Newburgh-Middletown, NY MSA","$1,220","$1,098","$1,342","$1,340","$1,206","$1,474","$1,720","$1,548","$1,892","$2,180","$1,962","$2,398","$2,420","$2,178","$2,662"
10958,METRO39100M39100,"Poughkeepsie-Newburgh-Middletown, NY MSA","$1,170","$1,053","$1,287","$1,280","$1,152","$1,408","$1,640","$1,476","$1,804","$2,090","$1,881","$2,299","$2,320","$2,088","$2,552"
10959,METRO39100M39100,"Poughkeepsie-Newburgh-Middletown, NY MSA","$1,150","$1,035","$1,265","$1,250","$1,125","$1,375","$1,610","$1,449","$1,771","$2,050","$1,845","$2,255","$2,280","$2,052","$2,508"
10963,METRO39100M39100,"Poughkeepsie-Newburgh-Middletown, NY MSA","$1,120","$1,008","$1,232","$1,210","$1,089","$1,331","$1,550","$1,395","$1,705","$1,970","$1,773","$2,167","$2,190","$1,971","$2,409"
10969,METRO39100M39100,"Poughkeepsie-Newburgh-Middletown, NY MSA","$1,060",$954,"$1,166","$1,180","$1,062","$1,298","$1,500","$1,350","$1,650","$1,910","$1,719","$2,101","$2,130","$1,917","$2,343"
10973,METRO39100M39100,"Poughkeepsie-Newburgh-Middletown, NY MSA","$1,390","$1,251","$1,529","$1,530","$1,377","$1,683","$1,960","$1,764","$2,156","$2,500","$2,250","$2,750","$2,770","$2,493","$3,047"
10975,METRO39100M39100,"Poughkeepsie-Newburgh-Middletown, NY MSA","$1,240","$1,116","$1,364","$1,360","$1,224","$1,496","$1,750","$1,575","$1,925","$2,230","$2,007","$2,453","$2,470","$2,223","$2,717"
10979,METRO39100M39100,"Poughkeepsie-Newburgh-Middletown, NY MSA","$1,220","$1,098","$1,342","$1,360","$1,224","$1,496","$1,700","$1,530","$1,870","$2,160","$1,944","$2,376","$2,470","$2,223","$2,717"
10981,METRO39100M39100,"Poughkeepsie-Newburgh-Middletown, NY MSA","$1,150","$1,035","$1,265","$1,250","$1,125","$1,375","$1,610","$1,449","$1,771","$2,050","$1,845","$2,255","$2,280","$2,052","$2,508"
10985,METRO39100M39100,"Poughkeepsie-Newburgh-Middletown, NY MSA","$1,110",$999,"$1,221","$1,200","$1,080","$1,320","$1,540","$1,386","$1,694","$1,980","$1,782","$2,178","$2,200","$1,980","$2,420"
10987,METRO39100M39100,"Poughkeepsie-Newburgh-Middletown, NY MSA","$1,820","$1,638","$2,002","$1,850","$1,665","$2,035","$2,110","$1,899","$2,321","$2,660","$2,394","$2,926","$2,860","$2,574","$3,146"
10988,METRO39100M39100,"Poughkeepsie-Newburgh-Middletown, NY MSA","$1,120","$1,008","$1,232","$1,220","$1,098","$1,342","$1,570","$1,413","$1,727","$2,000","$1,800","$2,200","$2,220","$1,998","$2,442"
10990,METRO39100M39100,"Poughkeepsie-Newburgh-Middletown, NY MSA",$990,$891,"$1,089","$1,080",$972,"$1,188","$1,390","$1,251","$1,529","$1,770","$1,593","$1,947","$1,970","$1,773","$2,167"
10992,METRO39100M39100,"Poughkeepsie-Newburgh-Middletown, NY MSA",$930,$837,"$1,023","$1,000",$900,"$1,100","$1,290","$1,161","$1,419","$1,640","$1,476","$1,804","$1,820","$1,638","$2,002"
10996,METRO39100M39100,"Poughkeepsie-Newburgh-Middletown, NY MSA","$1,690","$1,521","$1,859","$1,850","$1,665","$2,035","$2,370","$2,133","$2,607","$3,020","$2,718","$3,322","$3,350","$3,015","$3,685"
10998,METRO39100M39100,"Poughkeepsie-Newburgh-Middletown, NY MSA","$1,110",$999,"$1,221","$1,220","$1,098","$1,342","$1,560","$1,404","$1,716","$1,990","$1,791","$2,189","$2,210","$1,989","$2,431"
12501,METRO39100M39100,"Poughkeepsie-Newburgh-Middletown, NY MSA",$980,$882,"$1,078","$1,070",$963,"$1,177","$1,380","$1,242","$1,518","$1,760","$1,584","$1,936","$1,950","$1,755","$2,145"
12504,METRO39100M39100,"Poughkeepsie-Newburgh-Middletown, NY MSA","$1,230","$1,107","$1,353","$1,350","$1,215","$1,485","$1,730","$1,557","$1,903","$2,200","$1,980","$2,420","$2,450","$2,205","$2,695"
12506,METRO39100M39100,"Poughkeepsie-Newburgh-Middletown, NY MSA","$1,100",$990,"$1,210","$1,210","$1,089","$1,331","$1,550","$1,395","$1,705","$1,970","$1,773","$2,167","$2,190","$1,971","$2,409"
12507,METRO39100M39100,"Poughkeepsie-Newburgh-Middletown, NY MSA","$1,280","$1,152","$1,408","$1,400","$1,260","$1,540","$1,800","$1,620","$1,980","$2,290","$2,061","$2,519","$2,540","$2,286","$2,794"
12508,METRO39100M39100,"Poughkeepsie-Newburgh-Middletown, NY MSA","$1,270","$1,143","$1,397","$1,390","$1,251","$1,529","$1,780","$1,602","$1,958","$2,270","$2,043","$2,497","$2,520","$2,268","$2,772"
12510,METRO39100M39100,"Poughkeepsie-Newburgh-Middletown, NY MSA","$1,100",$990,"$1,210","$1,210","$1,089","$1,331","$1,550","$1,395","$1,705","$1,970","$1,773","$2,167","$2,190","$1,971","$2,409"
12511,METRO39100M39100,"Poughkeepsie-Newburgh-Middletown, NY MSA","$1,100",$990,"$1,210","$1,210","$1,089","$1,331","$1,550","$1,395","$1,705","$1,970","$1,773","$2,167","$2,190","$1,971","$2,409"
12512,METRO39100M39100,"Poughkeepsie-Newburgh-Middletown, NY MSA","$1,220","$1,098","$1,342","$1,330","$1,197","$1,463","$1,710","$1,539","$1,881","$2,180","$1,962","$2,398","$2,420","$2,178","$2,662"
12514,METRO39100M39100,"Poughkeepsie-Newburgh-Middletown, NY MSA","$1,170","$1,053","$1,287","$1,280","$1,152","$1,408","$1,640","$1,476","$1,804","$2,090","$1,881","$2,299","$2,320","$2,088","$2,552"
12518,METRO39100M39100,"Poughkeepsie-Newburgh-Middletown, NY MSA","$1,260","$1,134","$1,386","$1,380","$1,242","$1,518","$1,770","$1,593","$1,947","$2,250","$2,025","$2,475","$2,500","$2,250","$2,750"
12520,METRO39100M39100,"Poughkeepsie-Newburgh-Middletown, NY MSA","$1,220","$1,098","$1,342","$1,330","$1,197","$1,463","$1,710","$1,539","$1,881","$2,180","$1,962","$2,398","$2,420","$2,178","$2,662"
12522,METRO39100M39100,"Poughkeepsie-Newburgh-Middletown, NY MSA",$930,$837,"$1,023","$1,000",$900,"$1,100","$1,280","$1,152","$1,408","$1,620","$1,458","$1,782","$1,820","$1,638","$2,002"
12524,METRO39100M39100,"Poughkeepsie-Newburgh-Middletown, NY MSA","$1,820","$1,638","$2,002","$1,850","$1,665","$2,035","$2,110","$1,899","$2,321","$2,660","$2,394","$2,926","$2,860","$2,574","$3,146"
12527,METRO39100M39100,"Poughkeepsie-Newburgh-Middletown, NY MSA","$1,100",$990,"$1,210","$1,210","$1,089","$1,331","$1,550","$1,395","$1,705","$1,970","$1,773","$2,167","$2,190","$1,971","$2,409"
12531,METRO39100M39100,"Poughkeepsie-Newburgh-Middletown, NY MSA","$1,820","$1,638","$2,002","$1,850","$1,665","$2,035","$2,110","$1,899","$2,321","$2,660","$2,394","$2,926","$2,860","$2,574","$3,146"
12533,METRO39100M39100,"Poughkeepsie-Newburgh-Middletown, NY MSA","$1,820","$1,638","$2,002","$1,850","$1,665","$2,035","$2,110","$1,899","$2,321","$2,660","$2,394","$2,926","$2,860","$2,574","$3,146"
12537,METRO39100M39100,"Poughkeepsie-Newburgh-Middletown, NY MSA","$1,100",$990,"$1,210","$1,210","$1,089","$1,331","$1,550","$1,395","$1,705","$1,970","$1,773","$2,167","$2,190","$1,971","$2,409"
12538,METRO39100M39100,"Poughkeepsie-Newburgh-Middletown, NY MSA",$950,$855,"$1,045","$1,040",$936,"$1,144","$1,330","$1,197","$1,463","$1,690","$1,521","$1,859","$1,880","$1,692","$2,068"
12540,METRO39100M39100,"Poughkeepsie-Newburgh-Middletown, NY MSA","$1,490","$1,341","$1,639","$1,640","$1,476","$1,804","$2,100","$1,890","$2,310","$2,670","$2,403","$2,937","$2,970","$2,673","$3,267"
12542,METRO39100M39100,"Poughkeepsie-Newburgh-Middletown, NY MSA",$950,$855,"$1,045","$1,010",$909,"$1,111","$1,310","$1,179","$1,441","$1,710","$1,539","$1,881","$1,910","$1,719","$2,101"
12543,METRO39100M39100,"Poughkeepsie-Newburgh-Middletown, NY MSA",$990,$891,"$1,089","$1,080",$972,"$1,188","$1,390","$1,251","$1,529","$1,770","$1,593","$1,947","$1,970","$1,773","$2,167"
12545,METRO39100M39100,"Poughkeepsie-Newburgh-Middletown, NY MSA","$1,070",$963,"$1,177","$1,180","$1,062","$1,298","$1,510","$1,359","$1,661","$1,920","$1,728","$2,112","$2,130","$1,917","$2,343"
12546,METRO39100M39100,"Poughkeepsie-Newburgh-Middletown, NY MSA","$1,000",$900,"$1,100","$1,100",$990,"$1,210","$1,410","$1,269","$1,551","$1,800","$1,620","$1,980","$1,990","$1,791","$2,189"
12549,METRO39100M39100,"Poughkeepsie-Newburgh-Middletown, NY MSA","$1,200","$1,080","$1,320","$1,310","$1,179","$1,441","$1,680","$1,512","$1,848","$2,140","$1,926","$2,354","$2,380","$2,142","$2,618"
12550,METRO39100M39100,"Poughkeepsie-Newburgh-Middletown, NY MSA","$1,050",$945,"$1,155","$1,150","$1,035","$1,265","$1,480","$1,332","$1,628","$1,880","$1,692","$2,068","$2,090","$1,881","$2,299"
12551,METRO39100M39100,"Poughkeepsie-Newburgh-Middletown, NY MSA","$1,150","$1,035","$1,265","$1,250","$1,125","$1,375","$1,610","$1,449","$1,771","$2,050","$1,845","$2,255","$2,280","$2,052","$2,508"
12552,METRO39100M39100,"Poughkeepsie-Newburgh-Middletown, NY MSA","$1,150","$1,035","$1,265","$1,250","$1,125","$1,375","$1,610","$1,449","$1,771","$2,050","$1,845","$2,255","$2,280","$2,052","$2,508"
12553,METRO39100M39100,"Poughkeepsie-Newburgh-Middletown, NY MSA","$1,140","$1,026","$1,254","$1,250","$1,125","$1,375","$1,600","$1,440","$1,760","$2,040","$1,836","$2,244","$2,260","$2,034","$2,486"
12555,METRO39100M39100,"Poughkeepsie-Newburgh-Middletown, NY MSA","$1,150","$1,035","$1,265","$1,250","$1,125","$1,375","$1,610","$1,449","$1,771","$2,050","$1,845","$2,255","$2,280","$2,052","$2,508"
12564,METRO39100M39100,"Poughkeepsie-Newburgh-Middletown, NY MSA","$1,820","$1,638","$2,002","$1,850","$1,665","$2,035","$2,110","$1,899","$2,321","$2,660","$2,394","$2,926","$2,860","$2,574","$3,146"
12566,METRO39100M39100,"Poughkeepsie-Newburgh-Middletown, NY MSA","$1,170","$1,053","$1,287","$1,260","$1,134","$1,386","$1,620","$1,458","$1,782","$2,100","$1,890","$2,310","$2,330","$2,097","$2,563"
12567,METRO39100M39100,"Poughkeepsie-Newburgh-Middletown, NY MSA","$1,100",$990,"$1,210","$1,210","$1,089","$1,331","$1,550","$1,395","$1,705","$1,970","$1,773","$2,167","$2,190","$1,971","$2,409"
12569,METRO39100M39100,"Poughkeepsie-Newburgh-Middletown, NY MSA","$1,200","$1,080","$1,320","$1,310","$1,179","$1,441","$1,680","$1,512","$1,848","$2,140","$1,926","$2,354","$2,380","$2,142","$2,618"
12570,METRO39100M39100,"Poughkeepsie-Newburgh-Middletown, NY MSA","$1,460","$1,314","$1,606","$1,600","$1,440","$1,760","$2,050","$1,845","$2,255","$2,610","$2,349","$2,871","$2,900","$2,610","$3,190"
12571,METRO39100M39100,"Poughkeepsie-Newburgh-Middletown, NY MSA","$1,060",$954,"$1,166","$1,160","$1,044","$1,276","$1,490","$1,341","$1,639","$1,900","$1,710","$2,090","$2,110","$1,899","$2,321"
12572,METRO39100M39100,"Poughkeepsie-Newburgh-Middletown, NY MSA","$1,200","$1,080","$1,320","$1,310","$1,179","$1,441","$1,680","$1,512","$1,848","$2,140","$1,926","$2,354","$2,380","$2,142","$2,618"
12574,METRO39100M39100,"Poughkeepsie-Newburgh-Middletown, NY MSA","$1,200","$1,080","$1,320","$1,310","$1,179","$1,441","$1,680","$1,512","$1,848","$2,140","$1,926","$2,354","$2,380","$2,142","$2,618"
12575,METRO39100M39100,"Poughkeepsie-Newburgh-Middletown, NY MSA","$1,030",$927,"$1,133","$1,130","$1,017","$1,243","$1,450","$1,305","$1,595","$1,840","$1,656","$2,024","$2,050","$1,845","$2,255"
12577,METRO39100M39100,"Poughkeepsie-Newburgh-Middletown, NY MSA","$1,290","$1,161","$1,419","$1,370","$1,233","$1,507","$1,730","$1,557","$1,903","$2,200","$1,980","$2,420","$2,470","$2,223","$2,717"
12578,METRO39100M39100,"Poughkeepsie-Newburgh-Middletown, NY MSA",$960,$864,"$1,056","$1,050",$945,"$1,155","$1,350","$1,215","$1,485","$1,720","$1,548","$1,892","$1,910","$1,719","$2,101"
12580,METRO39100M39100,"Poughkeepsie-Newburgh-Middletown, NY MSA",$930,$837,"$1,023","$1,000",$900,"$1,100","$1,280","$1,152","$1,408","$1,620","$1,458","$1,782","$1,820","$1,638","$2,002"
12581,METRO39100M39100,"Poughkeepsie-Newburgh-Middletown, NY MSA","$1,070",$963,"$1,177","$1,170","$1,053","$1,287","$1,500","$1,350","$1,650","$1,910","$1,719","$2,101","$2,120","$1,908","$2,332"
12582,METRO39100M39100,"Poughkeepsie-Newburgh-Middletown, NY MSA","$1,820","$1,638","$2,002","$1,850","$1,665","$2,035","$2,110","$1,899","$2,321","$2,660","$2,394","$2,926","$2,860","$2,574","$3,146"
12583,METRO39100M39100,"Poughkeepsie-Newburgh-Middletown, NY MSA","$1,270","$1,143","$1,397","$1,390","$1,251","$1,529","$1,780","$1,602","$1,958","$2,270","$2,043","$2,497","$2,520","$2,268","$2,772"
12584,METRO39100M39100,"Poughkeepsie-Newburgh-Middletown, NY MSA","$1,150","$1,035","$1,265","$1,250","$1,125","$1,375","$1,610","$1,449","$1,771","$2,050","$1,845","$2,255","$2,280","$2,052","$2,508"
12585,METRO39100M39100,"Poughkeepsie-Newburgh-Middletown, NY MSA",$930,$837,"$1,023","$1,000",$900,"$1,100","$1,280","$1,152","$1,408","$1,620","$1,458","$1,782","$1,820","$1,638","$2,002"
12586,METRO39100M39100,"Poughkeepsie-Newburgh-Middletown, NY MSA","$1,190","$1,071","$1,309","$1,300","$1,170","$1,430","$1,670","$1,503","$1,837","$2,130","$1,917","$2,343","$2,360","$2,124","$2,596"
12589,METRO39100M39100,"Poughkeepsie-Newburgh-Middletown, NY MSA","$1,040",$936,"$1,144","$1,110",$999,"$1,221","$1,440","$1,296","$1,584","$1,870","$1,683","$2,057","$2,080","$1,872","$2,288"
12590,METRO39100M39100,"Poughkeepsie-Newburgh-Middletown, NY MSA","$1,220","$1,098","$1,342","$1,330","$1,197","$1,463","$1,710","$1,539","$1,881","$2,180","$1,962","$2,398","$2,420","$2,178","$2,662"
12592,METRO39100M39100,"Poughkeepsie-Newburgh-Middletown, NY MSA",$940,$846,"$1,034","$1,030",$927,"$1,133","$1,320","$1,188","$1,452","$1,680","$1,512","$1,848","$1,870","$1,683","$2,057"
12594,METRO39100M39100,"Poughkeepsie-Newburgh-Middletown, NY MSA",$930,$837,"$1,023","$1,000",$900,"$1,100","$1,280","$1,152","$1,408","$1,620","$1,458","$1,782","$1,820","$1,638","$2,002"
12601,METRO39100M39100,"Poughkeepsie-Newburgh-Middletown, NY MSA","$1,070",$963,"$1,177","$1,170","$1,053","$1,287","$1,500","$1,350","$1,650","$1,910","$1,719","$2,101","$2,120","$1,908","$2,332"
12602,METRO39100M39100,"Poughkeepsie-Newburgh-Middletown, NY MSA","$1,100",$990,"$1,210","$1,210","$1,089","$1,331","$1,550","$1,395","$1,705","$1,970","$1,773","$2,167","$2,190","$1,971","$2,409"
12603,METRO39100M39100,"Poughkeepsie-Newburgh-Middletown, NY MSA","$1,140","$1,026","$1,254","$1,250","$1,125","$1,375","$1,600","$1,440","$1,760","$2,040","$1,836","$2,244","$2,260","$2,034","$2,486"
12604,METRO39100M39100,"Poughkeepsie-Newburgh-Middletown, NY MSA","$1,140","$1,026","$1,254","$1,250","$1,125","$1,375","$1,600","$1,440","$1,760","$2,040","$1,836","$2,244","$2,260","$2,034","$2,486"
12721,METRO39100M39100,"Poughkeepsie-Newburgh-Middletown, NY MSA","$1,040",$936,"$1,144","$1,140","$1,026","$1,254","$1,460","$1,314","$1,606","$1,860","$1,674","$2,046","$2,060","$1,854","$2,266"
12729,METRO39100M39100,"Poughkeepsie-Newburgh-Middletown, NY MSA","$1,020",$918,"$1,122","$1,120","$1,008","$1,232","$1,440","$1,296","$1,584","$1,830","$1,647","$2,013","$2,040","$1,836","$2,244"
12746,METRO39100M39100,"Poughkeepsie-Newburgh-Middletown, NY MSA",$950,$855,"$1,045","$1,040",$936,"$1,144","$1,330","$1,197","$1,463","$1,690","$1,521","$1,859","$1,880","$1,692","$2,068"
12754,METRO39100M39100,"Poughkeepsie-Newburgh-Middletown, NY MSA","$1,150","$1,035","$1,265","$1,250","$1,125","$1,375","$1,610","$1,449","$1,771","$2,050","$1,845","$2,255","$2,280","$2,052","$2,508"
12771,METRO39100M39100,"Poughkeepsie-Newburgh-Middletown, NY MSA",$930,$837,"$1,023","$1,000",$900,"$1,100","$1,290","$1,161","$1,419","$1,640","$1,476","$1,804","$1,820","$1,638","$2,002"
12780,METRO39100M39100,"Poughkeepsie-Newburgh-Middletown, NY MSA",$930,$837,"$1,023","$1,000",$900,"$1,100","$1,290","$1,161","$1,419","$1,640","$1,476","$1,804","$1,820","$1,638","$2,002"
12785,METRO39100M39100,"Poughkeepsie-Newburgh-Middletown, NY MSA","$1,060",$954,"$1,166","$1,160","$1,044","$1,276","$1,490","$1,341","$1,639","$1,900","$1,710","$2,090","$2,110","$1,899","$2,321"
13143,METRO40380M40380,"Rochester, NY HUD Metro FMR Area",$660,$594,$726,$750,$675,$825,$940,$846,"$1,034","$1,160","$1,044","$1,276","$1,270","$1,143","$1,397"
13146,METRO40380M40380,"Rochester, NY HUD Metro FMR Area",$810,$729,$891,$910,$819,"$1,001","$1,140","$1,026","$1,254","$1,390","$1,251","$1,529","$1,530","$1,377","$1,683"
13148,METRO40380M40380,"Rochester, NY HUD Metro FMR Area",$740,$666,$814,$830,$747,$913,"$1,040",$936,"$1,144","$1,270","$1,143","$1,397","$1,400","$1,260","$1,540"
13154,METRO40380M40380,"Rochester, NY HUD Metro FMR Area",$740,$666,$814,$830,$747,$913,"$1,040",$936,"$1,144","$1,270","$1,143","$1,397","$1,400","$1,260","$1,540"
13156,METRO40380M40380,"Rochester, NY HUD Metro FMR Area",$660,$594,$726,$750,$675,$825,$940,$846,"$1,034","$1,160","$1,044","$1,276","$1,270","$1,143","$1,397"
13165,METRO40380M40380,"Rochester, NY HUD Metro FMR Area",$740,$666,$814,$830,$747,$913,"$1,040",$936,"$1,144","$1,270","$1,143","$1,397","$1,400","$1,260","$1,540"
14012,METRO40380M40380,"Rochester, NY HUD Metro FMR Area",$700,$630,$770,$750,$675,$825,$940,$846,"$1,034","$1,160","$1,044","$1,276","$1,270","$1,143","$1,397"
14058,METRO40380M40380,"Rochester, NY HUD Metro FMR Area",$750,$675,$825,$850,$765,$935,"$1,060",$954,"$1,166","$1,290","$1,161","$1,419","$1,420","$1,278","$1,562"
14098,METRO40380M40380,"Rochester, NY HUD Metro FMR Area",$760,$684,$836,$860,$774,$946,"$1,070",$963,"$1,177","$1,300","$1,170","$1,430","$1,440","$1,296","$1,584"
14103,METRO40380M40380,"Rochester, NY HUD Metro FMR Area",$740,$666,$814,$840,$756,$924,"$1,050",$945,"$1,155","$1,280","$1,152","$1,408","$1,410","$1,269","$1,551"
14105,METRO40380M40380,"Rochester, NY HUD Metro FMR Area",$700,$630,$770,$750,$675,$825,$940,$846,"$1,034","$1,160","$1,044","$1,276","$1,270","$1,143","$1,397"
14125,METRO40380M40380,"Rochester, NY HUD Metro FMR Area",$690,$621,$759,$780,$702,$858,$970,$873,"$1,067","$1,180","$1,062","$1,298","$1,300","$1,170","$1,430"
14410,METRO40380M40380,"Rochester, NY HUD Metro FMR Area",$860,$774,$946,$970,$873,"$1,067","$1,210","$1,089","$1,331","$1,470","$1,323","$1,617","$1,630","$1,467","$1,793"
14411,METRO40380M40380,"Rochester, NY HUD Metro FMR Area",$690,$621,$759,$780,$702,$858,$970,$873,"$1,067","$1,180","$1,062","$1,298","$1,300","$1,170","$1,430"
14413,METRO40380M40380,"Rochester, NY HUD Metro FMR Area",$740,$666,$814,$830,$747,$913,"$1,040",$936,"$1,144","$1,270","$1,143","$1,397","$1,400","$1,260","$1,540"
14414,METRO40380M40380,"Rochester, NY HUD Metro FMR Area",$760,$684,$836,$860,$774,$946,"$1,070",$963,"$1,177","$1,300","$1,170","$1,430","$1,440","$1,296","$1,584"
14416,METRO40380M40380,"Rochester, NY HUD Metro FMR Area",$730,$657,$803,$820,$738,$902,"$1,030",$927,"$1,133","$1,250","$1,125","$1,375","$1,380","$1,242","$1,518"
14420,METRO40380M40380,"Rochester, NY HUD Metro FMR Area",$800,$720,$880,$910,$819,"$1,001","$1,130","$1,017","$1,243","$1,380","$1,242","$1,518","$1,520","$1,368","$1,672"
14422,METRO40380M40380,"Rochester, NY HUD Metro FMR Area",$690,$621,$759,$780,$702,$858,$980,$882,"$1,078","$1,190","$1,071","$1,309","$1,320","$1,188","$1,452"
14423,METRO40380M40380,"Rochester, NY HUD Metro FMR Area",$700,$630,$770,$790,$711,$869,$990,$891,"$1,089","$1,200","$1,080","$1,320","$1,330","$1,197","$1,463"
14424,METRO40380M40380,"Rochester, NY HUD Metro FMR Area",$850,$765,$935,$960,$864,"$1,056","$1,200","$1,080","$1,320","$1,460","$1,314","$1,606","$1,610","$1,449","$1,771"
14425,METRO40380M40380,"Rochester, NY HUD Metro FMR Area","$1,050",$945,"$1,155","$1,190","$1,071","$1,309","$1,480","$1,332","$1,628","$1,800","$1,620","$1,980","$1,990","$1,791","$2,189"
14428,METRO40380M40380,"Rochester, NY HUD Metro FMR Area",$930,$837,"$1,023","$1,060",$954,"$1,166","$1,320","$1,188","$1,452","$1,610","$1,449","$1,771","$1,770","$1,593","$1,947"
14429,METRO40380M40380,"Rochester, NY HUD Metro FMR Area",$690,$621,$759,$780,$702,$858,$980,$882,"$1,078","$1,190","$1,071","$1,309","$1,320","$1,188","$1,452"
14430,METRO40380M40380,"Rochester, NY HUD Metro FMR Area",$860,$774,$946,$970,$873,"$1,067","$1,210","$1,089","$1,331","$1,470","$1,323","$1,617","$1,630","$1,467","$1,793"
14432,METRO40380M40380,"Rochester, NY HUD Metro FMR Area",$660,$594,$726,$750,$675,$825,$940,$846,"$1,034","$1,160","$1,044","$1,276","$1,270","$1,143","$1,397"
14433,METRO40380M40380,"Rochester, NY HUD Metro FMR Area",$760,$684,$836,$870,$783,$957,"$1,080",$972,"$1,188","$1,310","$1,179","$1,441","$1,450","$1,305","$1,595"
14435,METRO40380M40380,"Rochester, NY HUD Metro FMR Area",$880,$792,$968,"$1,000",$900,"$1,100","$1,250","$1,125","$1,375","$1,520","$1,368","$1,672","$1,680","$1,512","$1,848"
14437,METRO40380M40380,"Rochester, NY HUD Metro FMR Area",$690,$621,$759,$780,$702,$858,$970,$873,"$1,067","$1,180","$1,062","$1,298","$1,300","$1,170","$1,430"
14445,METRO40380M40380,"Rochester, NY HUD Metro FMR Area",$850,$765,$935,$960,$864,"$1,056","$1,200","$1,080","$1,320","$1,460","$1,314","$1,606","$1,610","$1,449","$1,771"
14449,METRO40380M40380,"Rochester, NY HUD Metro FMR Area",$740,$666,$814,$830,$747,$913,"$1,040",$936,"$1,144","$1,270","$1,143","$1,397","$1,400","$1,260","$1,540"
14450,METRO40380M40380,"Rochester, NY HUD Metro FMR Area",$970,$873,"$1,067","$1,100",$990,"$1,210","$1,370","$1,233","$1,507","$1,670","$1,503","$1,837","$1,840","$1,656","$2,024"
14452,METRO40380M40380,"Rochester, NY HUD Metro FMR Area",$690,$621,$759,$780,$702,$858,$980,$882,"$1,078","$1,190","$1,071","$1,309","$1,320","$1,188","$1,452"
14453,METRO40380M40380,"Rochester, NY HUD Metro FMR Area",$820,$738,$902,$930,$837,"$1,023","$1,160","$1,044","$1,276","$1,410","$1,269","$1,551","$1,560","$1,404","$1,716"
14454,METRO40380M40380,"Rochester, NY HUD Metro FMR Area",$880,$792,$968,"$1,000",$900,"$1,100","$1,250","$1,125","$1,375","$1,520","$1,368","$1,672","$1,680","$1,512","$1,848"
14456,METRO40380M40380,"Rochester, NY HUD Metro FMR Area",$760,$684,$836,$860,$774,$946,"$1,080",$972,"$1,188","$1,310","$1,179","$1,441","$1,450","$1,305","$1,595"
14461,METRO40380M40380,"Rochester, NY HUD Metro FMR Area",$820,$738,$902,$930,$837,"$1,023","$1,160","$1,044","$1,276","$1,410","$1,269","$1,551","$1,560","$1,404","$1,716"
14462,METRO40380M40380,"Rochester, NY HUD Metro FMR Area",$760,$684,$836,$860,$774,$946,"$1,070",$963,"$1,177","$1,300","$1,170","$1,430","$1,440","$1,296","$1,584"
14463,METRO40380M40380,"Rochester, NY HUD Metro FMR Area",$820,$738,$902,$930,$837,"$1,023","$1,160","$1,044","$1,276","$1,410","$1,269","$1,551","$1,560","$1,404","$1,716"
14464,METRO40380M40380,"Rochester, NY HUD Metro FMR Area",$720,$648,$792,$820,$738,$902,"$1,020",$918,"$1,122","$1,240","$1,116","$1,364","$1,370","$1,233","$1,507"
14466,METRO40380M40380,"Rochester, NY HUD Metro FMR Area",$660,$594,$726,$750,$675,$825,$940,$846,"$1,034","$1,160","$1,044","$1,276","$1,270","$1,143","$1,397"
14467,METRO40380M40380,"Rochester, NY HUD Metro FMR Area",$880,$792,$968,"$1,000",$900,"$1,100","$1,250","$1,125","$1,375","$1,520","$1,368","$1,672","$1,680","$1,512","$1,848"
14468,METRO40380M40380,"Rochester, NY HUD Metro FMR Area",$910,$819,"$1,001","$1,030",$927,"$1,133","$1,290","$1,161","$1,419","$1,570","$1,413","$1,727","$1,730","$1,557","$1,903"
14469,METRO40380M40380,"Rochester, NY HUD Metro FMR Area",$750,$675,$825,$850,$765,$935,"$1,060",$954,"$1,166","$1,290","$1,161","$1,419","$1,420","$1,278","$1,562"
14470,METRO40380M40380,"Rochester, NY HUD Metro FMR Area",$660,$594,$726,$750,$675,$825,$940,$846,"$1,034","$1,160","$1,044","$1,276","$1,270","$1,143","$1,397"
14471,METRO40380M40380,"Rochester, NY HUD Metro FMR Area",$890,$801,$979,"$1,010",$909,"$1,111","$1,260","$1,134","$1,386","$1,530","$1,377","$1,683","$1,690","$1,521","$1,859"
14472,METRO40380M40380,"Rochester, NY HUD Metro FMR Area",$850,$765,$935,$960,$864,"$1,056","$1,200","$1,080","$1,320","$1,460","$1,314","$1,606","$1,610","$1,449","$1,771"
14475,METRO40380M40380,"Rochester, NY HUD Metro FMR Area",$860,$774,$946,$980,$882,"$1,078","$1,220","$1,098","$1,342","$1,490","$1,341","$1,639","$1,640","$1,476","$1,804"
14476,METRO40380M40380,"Rochester, NY HUD Metro FMR Area",$890,$801,$979,"$1,010",$909,"$1,111","$1,260","$1,134","$1,386","$1,530","$1,377","$1,683","$1,690","$1,521","$1,859"
14477,METRO40380M40380,"Rochester, NY HUD Metro FMR Area",$810,$729,$891,$910,$819,"$1,001","$1,140","$1,026","$1,254","$1,390","$1,251","$1,529","$1,530","$1,377","$1,683"
14479,METRO40380M40380,"Rochester, NY HUD Metro FMR Area",$730,$657,$803,$820,$738,$902,"$1,030",$927,"$1,133","$1,250","$1,125","$1,375","$1,380","$1,242","$1,518"
14480,METRO40380M40380,"Rochester, NY HUD Metro FMR Area",$740,$666,$814,$840,$756,$924,"$1,050",$945,"$1,155","$1,280","$1,152","$1,408","$1,410","$1,269","$1,551"
14481,METRO40380M40380,"Rochester, NY HUD Metro FMR Area",$800,$720,$880,$910,$819,"$1,001","$1,130","$1,017","$1,243","$1,380","$1,242","$1,518","$1,520","$1,368","$1,672"
14482,METRO40380M40380,"Rochester, NY HUD Metro FMR Area",$710,$639,$781,$800,$720,$880,"$1,000",$900,"$1,100","$1,220","$1,098","$1,342","$1,340","$1,206","$1,474"
14485,METRO40380M40380,"Rochester, NY HUD Metro FMR Area",$660,$594,$726,$750,$675,$825,$940,$846,"$1,034","$1,160","$1,044","$1,276","$1,270","$1,143","$1,397"
14486,METRO40380M40380,"Rochester, NY HUD Metro FMR Area",$700,$630,$770,$790,$711,$869,$990,$891,"$1,089","$1,200","$1,080","$1,320","$1,330","$1,197","$1,463"
14487,METRO40380M40380,"Rochester, NY HUD Metro FMR Area",$790,$711,$869,$900,$810,$990,"$1,120","$1,008","$1,232","$1,360","$1,224","$1,496","$1,500","$1,350","$1,650"
14488,METRO40380M40380,"Rochester, NY HUD Metro FMR Area",$740,$666,$814,$840,$756,$924,"$1,050",$945,"$1,155","$1,280","$1,152","$1,408","$1,410","$1,269","$1,551"
14489,METRO40380M40380,"Rochester, NY HUD Metro FMR Area",$760,$684,$836,$870,$783,$957,"$1,080",$972,"$1,188","$1,310","$1,179","$1,441","$1,450","$1,305","$1,595"
14502,METRO40380M40380,"Rochester, NY HUD Metro FMR Area",$740,$666,$814,$840,$756,$924,"$1,050",$945,"$1,155","$1,280","$1,152","$1,408","$1,410","$1,269","$1,551"
14504,METRO40380M40380,"Rochester, NY HUD Metro FMR Area",$830,$747,$913,$940,$846,"$1,034","$1,170","$1,053","$1,287","$1,420","$1,278","$1,562","$1,570","$1,413","$1,727"
14505,METRO40380M40380,"Rochester, NY HUD Metro FMR Area",$820,$738,$902,$930,$837,"$1,023","$1,160","$1,044","$1,276","$1,410","$1,269","$1,551","$1,560","$1,404","$1,716"
14506,METRO40380M40380,"Rochester, NY HUD Metro FMR Area","$1,030",$927,"$1,133","$1,160","$1,044","$1,276","$1,450","$1,305","$1,595","$1,770","$1,593","$1,947","$1,950","$1,755","$2,145"
14508,METRO40380M40380,"Rochester, NY HUD Metro FMR Area",$860,$774,$946,$970,$873,"$1,067","$1,210","$1,089","$1,331","$1,470","$1,323","$1,617","$1,630","$1,467","$1,793"
14510,METRO40380M40380,"Rochester, NY HUD Metro FMR Area",$710,$639,$781,$810,$729,$891,"$1,010",$909,"$1,111","$1,230","$1,107","$1,353","$1,360","$1,224","$1,496"
14511,METRO40380M40380,"Rochester, NY HUD Metro FMR Area",$890,$801,$979,"$1,010",$909,"$1,111","$1,260","$1,134","$1,386","$1,530","$1,377","$1,683","$1,690","$1,521","$1,859"
14512,METRO40380M40380,"Rochester, NY HUD Metro FMR Area",$660,$594,$726,$750,$675,$825,$940,$846,"$1,034","$1,160","$1,044","$1,276","$1,270","$1,143","$1,397"
14513,METRO40380M40380,"Rochester, NY HUD Metro FMR Area",$710,$639,$781,$810,$729,$891,"$1,010",$909,"$1,111","$1,230","$1,107","$1,353","$1,360","$1,224","$1,496"
14514,METRO40380M40380,"Rochester, NY HUD Metro FMR Area","$1,060",$954,"$1,166","$1,200","$1,080","$1,320","$1,500","$1,350","$1,650","$1,830","$1,647","$2,013","$2,020","$1,818","$2,222"
14515,METRO40380M40380,"Rochester, NY HUD Metro FMR Area",$860,$774,$946,$970,$873,"$1,067","$1,210","$1,089","$1,331","$1,470","$1,323","$1,617","$1,630","$1,467","$1,793"
14516,METRO40380M40380,"Rochester, NY HUD Metro FMR Area",$860,$774,$946,$980,$882,"$1,078","$1,220","$1,098","$1,342","$1,480","$1,332","$1,628","$1,640","$1,476","$1,804"
14517,METRO40380M40380,"Rochester, NY HUD Metro FMR Area",$660,$594,$726,$750,$675,$825,$940,$846,"$1,034","$1,160","$1,044","$1,276","$1,270","$1,143","$1,397"
14518,METRO40380M40380,"Rochester, NY HUD Metro FMR Area",$820,$738,$902,$930,$837,"$1,023","$1,160","$1,044","$1,276","$1,410","$1,269","$1,551","$1,560","$1,404","$1,716"
14519,METRO40380M40380,"Rochester, NY HUD Metro FMR Area",$810,$729,$891,$920,$828,"$1,012","$1,150","$1,035","$1,265","$1,400","$1,260","$1,540","$1,540","$1,386","$1,694"
14520,METRO40380M40380,"Rochester, NY HUD Metro FMR Area",$740,$666,$814,$830,$747,$913,"$1,040",$936,"$1,144","$1,270","$1,143","$1,397","$1,400","$1,260","$1,540"
14522,METRO40380M40380,"Rochester, NY HUD Metro FMR Area",$690,$621,$759,$780,$702,$858,$970,$873,"$1,067","$1,180","$1,062","$1,298","$1,300","$1,170","$1,430"
14525,METRO40380M40380,"Rochester, NY HUD Metro FMR Area",$700,$630,$770,$790,$711,$869,$990,$891,"$1,089","$1,200","$1,080","$1,320","$1,330","$1,197","$1,463"
14526,METRO40380M40380,"Rochester, NY HUD Metro FMR Area",$830,$747,$913,$950,$855,"$1,045","$1,180","$1,062","$1,298","$1,440","$1,296","$1,584","$1,590","$1,431","$1,749"
14530,METRO40380M40380,"Rochester, NY HUD Metro FMR Area",$740,$666,$814,$840,$756,$924,"$1,050",$945,"$1,155","$1,280","$1,152","$1,408","$1,410","$1,269","$1,551"
14532,METRO40380M40380,"Rochester, NY HUD Metro FMR Area",$680,$612,$748,$770,$693,$847,$960,$864,"$1,056","$1,170","$1,053","$1,287","$1,290","$1,161","$1,419"
14533,METRO40380M40380,"Rochester, NY HUD Metro FMR Area",$700,$630,$770,$790,$711,$869,$990,$891,"$1,089","$1,200","$1,080","$1,320","$1,330","$1,197","$1,463"
14534,METRO40380M40380,"Rochester, NY HUD Metro FMR Area","$1,260","$1,134","$1,386","$1,430","$1,287","$1,573","$1,780","$1,602","$1,958","$2,170","$1,953","$2,387","$2,390","$2,151","$2,629"
14537,METRO40380M40380,"Rochester, NY HUD Metro FMR Area",$660,$594,$726,$750,$675,$825,$940,$846,"$1,034","$1,160","$1,044","$1,276","$1,270","$1,143","$1,397"
14538,METRO40380M40380,"Rochester, NY HUD Metro FMR Area",$740,$666,$814,$830,$747,$913,"$1,040",$936,"$1,144","$1,270","$1,143","$1,397","$1,400","$1,260","$1,540"
14539,METRO40380M40380,"Rochester, NY HUD Metro FMR Area",$700,$630,$770,$790,$711,$869,$990,$891,"$1,089","$1,200","$1,080","$1,320","$1,330","$1,197","$1,463"
14542,METRO40380M40380,"Rochester, NY HUD Metro FMR Area",$800,$720,$880,$920,$828,"$1,012","$1,140","$1,026","$1,254","$1,380","$1,242","$1,518","$1,530","$1,377","$1,683"
14543,METRO40380M40380,"Rochester, NY HUD Metro FMR Area",$840,$756,$924,$950,$855,"$1,045","$1,190","$1,071","$1,309","$1,450","$1,305","$1,595","$1,600","$1,440","$1,760"
14544,METRO40380M40380,"Rochester, NY HUD Metro FMR Area",$660,$594,$726,$750,$675,$825,$940,$846,"$1,034","$1,160","$1,044","$1,276","$1,270","$1,143","$1,397"
14545,METRO40380M40380,"Rochester, NY HUD Metro FMR Area",$750,$675,$825,$850,$765,$935,"$1,050",$945,"$1,155","$1,280","$1,152","$1,408","$1,410","$1,269","$1,551"
14546,METRO40380M40380,"Rochester, NY HUD Metro FMR Area","$1,010",$909,"$1,111","$1,150","$1,035","$1,265","$1,430","$1,287","$1,573","$1,740","$1,566","$1,914","$1,920","$1,728","$2,112"
14547,METRO40380M40380,"Rochester, NY HUD Metro FMR Area",$820,$738,$902,$930,$837,"$1,023","$1,160","$1,044","$1,276","$1,410","$1,269","$1,551","$1,560","$1,404","$1,716"
14548,METRO40380M40380,"Rochester, NY HUD Metro FMR Area",$830,$747,$913,$950,$855,"$1,045","$1,180","$1,062","$1,298","$1,440","$1,296","$1,584","$1,590","$1,431","$1,749"
14551,METRO40380M40380,"Rochester, NY HUD Metro FMR Area",$730,$657,$803,$820,$738,$902,"$1,030",$927,"$1,133","$1,250","$1,125","$1,375","$1,380","$1,242","$1,518"
14555,METRO40380M40380,"Rochester, NY HUD Metro FMR Area",$820,$738,$902,$930,$837,"$1,023","$1,160","$1,044","$1,276","$1,410","$1,269","$1,551","$1,560","$1,404","$1,716"
14556,METRO40380M40380,"Rochester, NY HUD Metro FMR Area",$740,$666,$814,$840,$756,$924,"$1,050",$945,"$1,155","$1,280","$1,152","$1,408","$1,410","$1,269","$1,551"
14558,METRO40380M40380,"Rochester, NY HUD Metro FMR Area",$740,$666,$814,$840,$756,$924,"$1,050",$945,"$1,155","$1,280","$1,152","$1,408","$1,410","$1,269","$1,551"
14559,METRO40380M40380,"Rochester, NY HUD Metro FMR Area",$980,$882,"$1,078","$1,110",$999,"$1,221","$1,380","$1,242","$1,518","$1,680","$1,512","$1,848","$1,850","$1,665","$2,035"
14560,METRO40380M40380,"Rochester, NY HUD Metro FMR Area",$920,$828,"$1,012","$1,040",$936,"$1,144","$1,300","$1,170","$1,430","$1,580","$1,422","$1,738","$1,750","$1,575","$1,925"
14561,METRO40380M40380,"Rochester, NY HUD Metro FMR Area",$860,$774,$946,$970,$873,"$1,067","$1,210","$1,089","$1,331","$1,470","$1,323","$1,617","$1,630","$1,467","$1,793"
14563,METRO40380M40380,"Rochester, NY HUD Metro FMR Area",$740,$666,$814,$830,$747,$913,"$1,040",$936,"$1,144","$1,270","$1,143","$1,397","$1,400","$1,260","$1,540"
14564,METRO40380M40380,"Rochester, NY HUD Metro FMR Area","$1,100",$990,"$1,210","$1,240","$1,116","$1,364","$1,550","$1,395","$1,705","$1,890","$1,701","$2,079","$2,080","$1,872","$2,288"
14568,METRO40380M40380,"Rochester, NY HUD Metro FMR Area",$720,$648,$792,$820,$738,$902,"$1,020",$918,"$1,122","$1,240","$1,116","$1,364","$1,370","$1,233","$1,507"
14571,METRO40380M40380,"Rochester, NY HUD Metro FMR Area","$1,200","$1,080","$1,320","$1,360","$1,224","$1,496","$1,700","$1,530","$1,870","$2,070","$1,863","$2,277","$2,280","$2,052","$2,508"
14572,METRO40380M40380,"Rochester, NY HUD Metro FMR Area",$660,$594,$726,$750,$675,$825,$940,$846,"$1,034","$1,160","$1,044","$1,276","$1,270","$1,143","$1,397"
14580,METRO40380M40380,"Rochester, NY HUD Metro FMR Area","$1,020",$918,"$1,122","$1,150","$1,035","$1,265","$1,440","$1,296","$1,584","$1,750","$1,575","$1,925","$1,930","$1,737","$2,123"
14585,METRO40380M40380,"Rochester, NY HUD Metro FMR Area",$710,$639,$781,$810,$729,$891,"$1,010",$909,"$1,111","$1,230","$1,107","$1,353","$1,350","$1,215","$1,485"
14586,METRO40380M40380,"Rochester, NY HUD Metro FMR Area","$1,170","$1,053","$1,287","$1,320","$1,188","$1,452","$1,650","$1,485","$1,815","$2,010","$1,809","$2,211","$2,220","$1,998","$2,442"
14589,METRO40380M40380,"Rochester, NY HUD Metro FMR Area",$780,$702,$858,$880,$792,$968,"$1,100",$990,"$1,210","$1,340","$1,206","$1,474","$1,480","$1,332","$1,628"
14590,METRO40380M40380,"Rochester, NY HUD Metro FMR Area",$670,$603,$737,$760,$684,$836,$950,$855,"$1,045","$1,160","$1,044","$1,276","$1,280","$1,152","$1,408"
14592,METRO40380M40380,"Rochester, NY HUD Metro FMR Area",$700,$630,$770,$790,$711,$869,$990,$891,"$1,089","$1,200","$1,080","$1,320","$1,330","$1,197","$1,463"
14602,METRO40380M40380,"Rochester, NY HUD Metro FMR Area",$860,$774,$946,$970,$873,"$1,067","$1,210","$1,089","$1,331","$1,470","$1,323","$1,617","$1,630","$1,467","$1,793"
14603,METRO40380M40380,"Rochester, NY HUD Metro FMR Area",$860,$774,$946,$970,$873,"$1,067","$1,210","$1,089","$1,331","$1,470","$1,323","$1,617","$1,630","$1,467","$1,793"
14604,METRO40380M40380,"Rochester, NY HUD Metro FMR Area",$950,$855,"$1,045","$1,070",$963,"$1,177","$1,340","$1,206","$1,474","$1,630","$1,467","$1,793","$1,800","$1,620","$1,980"
14605,METRO40380M40380,"Rochester, NY HUD Metro FMR Area",$660,$594,$726,$750,$675,$825,$940,$846,"$1,034","$1,160","$1,044","$1,276","$1,270","$1,143","$1,397"
14606,METRO40380M40380,"Rochester, NY HUD Metro FMR Area",$800,$720,$880,$910,$819,"$1,001","$1,130","$1,017","$1,243","$1,380","$1,242","$1,518","$1,520","$1,368","$1,672"
14607,METRO40380M40380,"Rochester, NY HUD Metro FMR Area",$950,$855,"$1,045","$1,070",$963,"$1,177","$1,340","$1,206","$1,474","$1,630","$1,467","$1,793","$1,800","$1,620","$1,980"
14608,METRO40380M40380,"Rochester, NY HUD Metro FMR Area",$770,$693,$847,$870,$783,$957,"$1,090",$981,"$1,199","$1,330","$1,197","$1,463","$1,460","$1,314","$1,606"
14609,METRO40380M40380,"Rochester, NY HUD Metro FMR Area",$790,$711,$869,$900,$810,$990,"$1,120","$1,008","$1,232","$1,360","$1,224","$1,496","$1,500","$1,350","$1,650"
14610,METRO40380M40380,"Rochester, NY HUD Metro FMR Area",$830,$747,$913,$950,$855,"$1,045","$1,180","$1,062","$1,298","$1,440","$1,296","$1,584","$1,590","$1,431","$1,749"
14611,METRO40380M40380,"Rochester, NY HUD Metro FMR Area",$830,$747,$913,$950,$855,"$1,045","$1,180","$1,062","$1,298","$1,440","$1,296","$1,584","$1,590","$1,431","$1,749"
14612,METRO40380M40380,"Rochester, NY HUD Metro FMR Area",$910,$819,"$1,001","$1,030",$927,"$1,133","$1,290","$1,161","$1,419","$1,570","$1,413","$1,727","$1,730","$1,557","$1,903"
14613,METRO40380M40380,"Rochester, NY HUD Metro FMR Area",$770,$693,$847,$870,$783,$957,"$1,090",$981,"$1,199","$1,330","$1,197","$1,463","$1,460","$1,314","$1,606"
14614,METRO40380M40380,"Rochester, NY HUD Metro FMR Area",$790,$711,$869,$890,$801,$979,"$1,110",$999,"$1,221","$1,350","$1,215","$1,485","$1,490","$1,341","$1,639"
14615,METRO40380M40380,"Rochester, NY HUD Metro FMR Area",$810,$729,$891,$920,$828,"$1,012","$1,150","$1,035","$1,265","$1,400","$1,260","$1,540","$1,540","$1,386","$1,694"
14616,METRO40380M40380,"Rochester, NY HUD Metro FMR Area",$860,$774,$946,$980,$882,"$1,078","$1,220","$1,098","$1,342","$1,480","$1,332","$1,628","$1,640","$1,476","$1,804"
14617,METRO40380M40380,"Rochester, NY HUD Metro FMR Area",$830,$747,$913,$940,$846,"$1,034","$1,170","$1,053","$1,287","$1,420","$1,278","$1,562","$1,570","$1,413","$1,727"
14618,METRO40380M40380,"Rochester, NY HUD Metro FMR Area","$1,030",$927,"$1,133","$1,170","$1,053","$1,287","$1,460","$1,314","$1,606","$1,780","$1,602","$1,958","$1,960","$1,764","$2,156"
14619,METRO40380M40380,"Rochester, NY HUD Metro FMR Area",$880,$792,$968,"$1,000",$900,"$1,100","$1,250","$1,125","$1,375","$1,520","$1,368","$1,672","$1,680","$1,512","$1,848"
14620,METRO40380M40380,"Rochester, NY HUD Metro FMR Area",$880,$792,$968,$990,$891,"$1,089","$1,240","$1,116","$1,364","$1,510","$1,359","$1,661","$1,670","$1,503","$1,837"
14621,METRO40380M40380,"Rochester, NY HUD Metro FMR Area",$740,$666,$814,$840,$756,$924,"$1,050",$945,"$1,155","$1,280","$1,152","$1,408","$1,410","$1,269","$1,551"
14622,METRO40380M40380,"Rochester, NY HUD Metro FMR Area",$830,$747,$913,$940,$846,"$1,034","$1,170","$1,053","$1,287","$1,420","$1,278","$1,562","$1,570","$1,413","$1,727"
14623,METRO40380M40380,"Rochester, NY HUD Metro FMR Area",$950,$855,"$1,045","$1,070",$963,"$1,177","$1,340","$1,206","$1,474","$1,630","$1,467","$1,793","$1,800","$1,620","$1,980"
14624,METRO40380M40380,"Rochester, NY HUD Metro FMR Area",$960,$864,"$1,056","$1,090",$981,"$1,199","$1,360","$1,224","$1,496","$1,660","$1,494","$1,826","$1,830","$1,647","$2,013"
14625,METRO40380M40380,"Rochester, NY HUD Metro FMR Area",$930,$837,"$1,023","$1,050",$945,"$1,155","$1,310","$1,179","$1,441","$1,590","$1,431","$1,749","$1,760","$1,584","$1,936"
14626,METRO40380M40380,"Rochester, NY HUD Metro FMR Area",$960,$864,"$1,056","$1,090",$981,"$1,199","$1,360","$1,224","$1,496","$1,660","$1,494","$1,826","$1,830","$1,647","$2,013"
14627,METRO40380M40380,"Rochester, NY HUD Metro FMR Area",$860,$774,$946,$970,$873,"$1,067","$1,210","$1,089","$1,331","$1,470","$1,323","$1,617","$1,630","$1,467","$1,793"
14638,METRO40380M40380,"Rochester, NY HUD Metro FMR Area",$860,$774,$946,$970,$873,"$1,067","$1,210","$1,089","$1,331","$1,470","$1,323","$1,617","$1,630","$1,467","$1,793"
14639,METRO40380M40380,"Rochester, NY HUD Metro FMR Area",$860,$774,$946,$970,$873,"$1,067","$1,210","$1,089","$1,331","$1,470","$1,323","$1,617","$1,630","$1,467","$1,793"
14642,METRO40380M40380,"Rochester, NY HUD Metro FMR Area",$860,$774,$946,$970,$873,"$1,067","$1,210","$1,089","$1,331","$1,470","$1,323","$1,617","$1,630","$1,467","$1,793"
14643,METRO40380M40380,"Rochester, NY HUD Metro FMR Area",$860,$774,$946,$970,$873,"$1,067","$1,210","$1,089","$1,331","$1,470","$1,323","$1,617","$1,630","$1,467","$1,793"
14646,METRO40380M40380,"Rochester, NY HUD Metro FMR Area",$860,$774,$946,$970,$873,"$1,067","$1,210","$1,089","$1,331","$1,470","$1,323","$1,617","$1,630","$1,467","$1,793"
14647,METRO40380M40380,"Rochester, NY HUD Metro FMR Area",$860,$774,$946,$970,$873,"$1,067","$1,210","$1,089","$1,331","$1,470","$1,323","$1,617","$1,630","$1,467","$1,793"
14649,METRO40380M40380,"Rochester, NY HUD Metro FMR Area",$860,$774,$946,$970,$873,"$1,067","$1,210","$1,089","$1,331","$1,470","$1,323","$1,617","$1,630","$1,467","$1,793"
14650,METRO40380M40380,"Rochester, NY HUD Metro FMR Area",$860,$774,$946,$970,$873,"$1,067","$1,210","$1,089","$1,331","$1,470","$1,323","$1,617","$1,630","$1,467","$1,793"
14651,METRO40380M40380,"Rochester, NY HUD Metro FMR Area",$860,$774,$946,$970,$873,"$1,067","$1,210","$1,089","$1,331","$1,470","$1,323","$1,617","$1,630","$1,467","$1,793"
14652,METRO40380M40380,"Rochester, NY HUD Metro FMR Area",$860,$774,$946,$970,$873,"$1,067","$1,210","$1,089","$1,331","$1,470","$1,323","$1,617","$1,630","$1,467","$1,793"
14653,METRO40380M40380,"Rochester, NY HUD Metro FMR Area",$860,$774,$946,$970,$873,"$1,067","$1,210","$1,089","$1,331","$1,470","$1,323","$1,617","$1,630","$1,467","$1,793"
14692,METRO40380M40380,"Rochester, NY HUD Metro FMR Area",$860,$774,$946,$970,$873,"$1,067","$1,210","$1,089","$1,331","$1,470","$1,323","$1,617","$1,630","$1,467","$1,793"
14822,METRO40380M40380,"Rochester, NY HUD Metro FMR Area",$740,$666,$814,$840,$756,$924,"$1,050",$945,"$1,155","$1,280","$1,152","$1,408","$1,410","$1,269","$1,551"
14836,METRO40380M40380,"Rochester, NY HUD Metro FMR Area",$740,$666,$814,$840,$756,$924,"$1,050",$945,"$1,155","$1,280","$1,152","$1,408","$1,410","$1,269","$1,551"
14846,METRO40380M40380,"Rochester, NY HUD Metro FMR Area",$660,$594,$726,$750,$675,$825,$940,$846,"$1,034","$1,160","$1,044","$1,276","$1,270","$1,143","$1,397"
14884,METRO40380M40380,"Rochester, NY HUD Metro FMR Area",$740,$666,$814,$840,$756,$924,"$1,050",$945,"$1,155","$1,280","$1,152","$1,408","$1,410","$1,269","$1,551"
14415,METRO40380N36123,"Yates County, NY HUD Metro FMR Area",$690,$621,$759,$780,$702,$858,"$1,020",$918,"$1,122","$1,340","$1,206","$1,474","$1,370","$1,233","$1,507"
14418,METRO40380N36123,"Yates County, NY HUD Metro FMR Area",$760,$684,$836,$910,$819,"$1,001","$1,150","$1,035","$1,265","$1,550","$1,395","$1,705","$1,550","$1,395","$1,705"
14441,METRO40380N36123,"Yates County, NY HUD Metro FMR Area",$700,$630,$770,$790,$711,$869,"$1,040",$936,"$1,144","$1,390","$1,251","$1,529","$1,400","$1,260","$1,540"
14456,METRO40380N36123,"Yates County, NY HUD Metro FMR Area",$760,$684,$836,$860,$774,$946,"$1,080",$972,"$1,188","$1,310","$1,179","$1,441","$1,450","$1,305","$1,595"
14478,METRO40380N36123,"Yates County, NY HUD Metro FMR Area",$680,$612,$748,$770,$693,$847,"$1,010",$909,"$1,111","$1,350","$1,215","$1,485","$1,360","$1,224","$1,496"
14507,METRO40380N36123,"Yates County, NY HUD Metro FMR Area",$610,$549,$671,$690,$621,$759,$910,$819,"$1,001","$1,220","$1,098","$1,342","$1,220","$1,098","$1,342"
14512,METRO40380N36123,"Yates County, NY HUD Metro FMR Area",$660,$594,$726,$750,$675,$825,$940,$846,"$1,034","$1,160","$1,044","$1,276","$1,270","$1,143","$1,397"
14527,METRO40380N36123,"Yates County, NY HUD Metro FMR Area",$680,$612,$748,$770,$693,$847,"$1,010",$909,"$1,111","$1,350","$1,215","$1,485","$1,360","$1,224","$1,496"
14544,METRO40380N36123,"Yates County, NY HUD Metro FMR Area",$660,$594,$726,$750,$675,$825,$940,$846,"$1,034","$1,160","$1,044","$1,276","$1,270","$1,143","$1,397"
14561,METRO40380N36123,"Yates County, NY HUD Metro FMR Area",$860,$774,$946,$970,$873,"$1,067","$1,210","$1,089","$1,331","$1,470","$1,323","$1,617","$1,630","$1,467","$1,793"
14837,METRO40380N36123,"Yates County, NY HUD Metro FMR Area",$610,$549,$671,$690,$621,$759,$910,$819,"$1,001","$1,220","$1,098","$1,342","$1,220","$1,098","$1,342"
14842,METRO40380N36123,"Yates County, NY HUD Metro FMR Area",$650,$585,$715,$740,$666,$814,$970,$873,"$1,067","$1,300","$1,170","$1,430","$1,300","$1,170","$1,430"
14857,METRO40380N36123,"Yates County, NY HUD Metro FMR Area",$670,$603,$737,$760,$684,$836,"$1,000",$900,"$1,100","$1,340","$1,206","$1,474","$1,340","$1,206","$1,474"
14873,METRO40380N36123,"Yates County, NY HUD Metro FMR Area",$670,$603,$737,$760,$684,$836,"$1,000",$900,"$1,100","$1,340","$1,206","$1,474","$1,340","$1,206","$1,474"
14878,METRO40380N36123,"Yates County, NY HUD Metro FMR Area",$610,$549,$671,$690,$621,$759,$910,$819,"$1,001","$1,220","$1,098","$1,342","$1,220","$1,098","$1,342"
13020,METRO45060M45060,"Syracuse, NY MSA",$860,$774,$946,$970,$873,"$1,067","$1,190","$1,071","$1,309","$1,470","$1,323","$1,617","$1,700","$1,530","$1,870"
13021,METRO45060M45060,"Syracuse, NY MSA",$740,$666,$814,$820,$738,$902,"$1,020",$918,"$1,122","$1,260","$1,134","$1,386","$1,450","$1,305","$1,595"
13027,METRO45060M45060,"Syracuse, NY MSA",$870,$783,$957,$980,$882,"$1,078","$1,210","$1,089","$1,331","$1,490","$1,341","$1,639","$1,720","$1,548","$1,892"
13028,METRO45060M45060,"Syracuse, NY MSA",$760,$684,$836,$820,$738,$902,"$1,020",$918,"$1,122","$1,250","$1,125","$1,375","$1,460","$1,314","$1,606"
13029,METRO45060M45060,"Syracuse, NY MSA",$850,$765,$935,$950,$855,"$1,045","$1,180","$1,062","$1,298","$1,450","$1,305","$1,595","$1,680","$1,512","$1,848"
13030,METRO45060M45060,"Syracuse, NY MSA",$690,$621,$759,$780,$702,$858,$960,$864,"$1,056","$1,180","$1,062","$1,298","$1,370","$1,233","$1,507"
13031,METRO45060M45060,"Syracuse, NY MSA",$870,$783,$957,$980,$882,"$1,078","$1,210","$1,089","$1,331","$1,490","$1,341","$1,639","$1,720","$1,548","$1,892"
13032,METRO45060M45060,"Syracuse, NY MSA",$770,$693,$847,$870,$783,$957,"$1,070",$963,"$1,177","$1,320","$1,188","$1,452","$1,520","$1,368","$1,672"
13033,METRO45060M45060,"Syracuse, NY MSA",$790,$711,$869,$880,$792,$968,"$1,090",$981,"$1,199","$1,350","$1,215","$1,485","$1,560","$1,404","$1,716"
13035,METRO45060M45060,"Syracuse, NY MSA",$910,$819,"$1,001","$1,020",$918,"$1,122","$1,260","$1,134","$1,386","$1,550","$1,395","$1,705","$1,790","$1,611","$1,969"
13036,METRO45060M45060,"Syracuse, NY MSA",$770,$693,$847,$870,$783,$957,"$1,070",$963,"$1,177","$1,320","$1,188","$1,452","$1,520","$1,368","$1,672"
13037,METRO45060M45060,"Syracuse, NY MSA",$740,$666,$814,$820,$738,$902,"$1,020",$918,"$1,122","$1,260","$1,134","$1,386","$1,450","$1,305","$1,595"
13039,METRO45060M45060,"Syracuse, NY MSA",$850,$765,$935,$950,$855,"$1,045","$1,180","$1,062","$1,298","$1,450","$1,305","$1,595","$1,680","$1,512","$1,848"
13041,METRO45060M45060,"Syracuse, NY MSA","$1,110",$999,"$1,221","$1,250","$1,125","$1,375","$1,540","$1,386","$1,694","$1,900","$1,710","$2,090","$2,190","$1,971","$2,409"
13042,METRO45060M45060,"Syracuse, NY MSA","$1,030",$927,"$1,133","$1,100",$990,"$1,210","$1,370","$1,233","$1,507","$1,680","$1,512","$1,848","$1,960","$1,764","$2,156"
13043,METRO45060M45060,"Syracuse, NY MSA",$740,$666,$814,$830,$747,$913,"$1,030",$927,"$1,133","$1,270","$1,143","$1,397","$1,470","$1,323","$1,617"
13044,METRO45060M45060,"Syracuse, NY MSA",$640,$576,$704,$710,$639,$781,$880,$792,$968,"$1,080",$972,"$1,188","$1,260","$1,134","$1,386"
13051,METRO45060M45060,"Syracuse, NY MSA",$840,$756,$924,$940,$846,"$1,034","$1,160","$1,044","$1,276","$1,430","$1,287","$1,573","$1,650","$1,485","$1,815"
13052,METRO45060M45060,"Syracuse, NY MSA",$780,$702,$858,$870,$783,$957,"$1,080",$972,"$1,188","$1,330","$1,197","$1,463","$1,540","$1,386","$1,694"
13057,METRO45060M45060,"Syracuse, NY MSA",$770,$693,$847,$870,$783,$957,"$1,070",$963,"$1,177","$1,320","$1,188","$1,452","$1,520","$1,368","$1,672"
13060,METRO45060M45060,"Syracuse, NY MSA",$750,$675,$825,$840,$756,$924,"$1,040",$936,"$1,144","$1,280","$1,152","$1,408","$1,480","$1,332","$1,628"
13061,METRO45060M45060,"Syracuse, NY MSA",$740,$666,$814,$830,$747,$913,"$1,030",$927,"$1,133","$1,270","$1,143","$1,397","$1,470","$1,323","$1,617"
13063,METRO45060M45060,"Syracuse, NY MSA",$870,$783,$957,$970,$873,"$1,067","$1,200","$1,080","$1,320","$1,480","$1,332","$1,628","$1,710","$1,539","$1,881"
13066,METRO45060M45060,"Syracuse, NY MSA",$950,$855,"$1,045","$1,070",$963,"$1,177","$1,320","$1,188","$1,452","$1,630","$1,467","$1,793","$1,880","$1,692","$2,068"
13069,METRO45060M45060,"Syracuse, NY MSA",$720,$648,$792,$810,$729,$891,"$1,000",$900,"$1,100","$1,230","$1,107","$1,353","$1,420","$1,278","$1,562"
13072,METRO45060M45060,"Syracuse, NY MSA",$750,$675,$825,$840,$756,$924,"$1,040",$936,"$1,144","$1,280","$1,152","$1,408","$1,480","$1,332","$1,628"
13074,METRO45060M45060,"Syracuse, NY MSA",$700,$630,$770,$780,$702,$858,$970,$873,"$1,067","$1,200","$1,080","$1,320","$1,380","$1,242","$1,518"
13076,METRO45060M45060,"Syracuse, NY MSA","$1,180","$1,062","$1,298","$1,330","$1,197","$1,463","$1,640","$1,476","$1,804","$2,020","$1,818","$2,222","$2,340","$2,106","$2,574"
13077,METRO45060M45060,"Syracuse, NY MSA",$770,$693,$847,$870,$783,$957,"$1,070",$963,"$1,177","$1,320","$1,188","$1,452","$1,520","$1,368","$1,672"
13078,METRO45060M45060,"Syracuse, NY MSA","$1,000",$900,"$1,100","$1,120","$1,008","$1,232","$1,380","$1,242","$1,518","$1,700","$1,530","$1,870","$1,960","$1,764","$2,156"
13080,METRO45060M45060,"Syracuse, NY MSA",$630,$567,$693,$710,$639,$781,$870,$783,$957,"$1,080",$972,"$1,188","$1,260","$1,134","$1,386"
13082,METRO45060M45060,"Syracuse, NY MSA",$750,$675,$825,$840,$756,$924,"$1,040",$936,"$1,144","$1,280","$1,152","$1,408","$1,480","$1,332","$1,628"
13083,METRO45060M45060,"Syracuse, NY MSA",$710,$639,$781,$810,$729,$891,"$1,070",$963,"$1,177","$1,430","$1,287","$1,573","$1,680","$1,512","$1,848"
13084,METRO45060M45060,"Syracuse, NY MSA",$730,$657,$803,$820,$738,$902,"$1,010",$909,"$1,111","$1,240","$1,116","$1,364","$1,440","$1,296","$1,584"
13088,METRO45060M45060,"Syracuse, NY MSA",$870,$783,$957,$970,$873,"$1,067","$1,200","$1,080","$1,320","$1,480","$1,332","$1,628","$1,710","$1,539","$1,881"
13089,METRO45060M45060,"Syracuse, NY MSA",$820,$738,$902,$910,$819,"$1,001","$1,130","$1,017","$1,243","$1,390","$1,251","$1,529","$1,610","$1,449","$1,771"
13090,METRO45060M45060,"Syracuse, NY MSA",$900,$810,$990,"$1,010",$909,"$1,111","$1,250","$1,125","$1,375","$1,540","$1,386","$1,694","$1,780","$1,602","$1,958"
13093,METRO45060M45060,"Syracuse, NY MSA",$740,$666,$814,$820,$738,$902,"$1,020",$918,"$1,122","$1,260","$1,134","$1,386","$1,450","$1,305","$1,595"
13103,METRO45060M45060,"Syracuse, NY MSA","$1,200","$1,080","$1,320","$1,340","$1,206","$1,474","$1,660","$1,494","$1,826","$2,050","$1,845","$2,255","$2,360","$2,124","$2,596"
13104,METRO45060M45060,"Syracuse, NY MSA",$820,$738,$902,$920,$828,"$1,012","$1,140","$1,026","$1,254","$1,400","$1,260","$1,540","$1,620","$1,458","$1,782"
13108,METRO45060M45060,"Syracuse, NY MSA",$780,$702,$858,$870,$783,$957,"$1,080",$972,"$1,188","$1,330","$1,197","$1,463","$1,540","$1,386","$1,694"
13110,METRO45060M45060,"Syracuse, NY MSA",$870,$783,$957,$970,$873,"$1,067","$1,200","$1,080","$1,320","$1,480","$1,332","$1,628","$1,710","$1,539","$1,881"
13111,METRO45060M45060,"Syracuse, NY MSA",$750,$675,$825,$840,$756,$924,"$1,040",$936,"$1,144","$1,280","$1,152","$1,408","$1,480","$1,332","$1,628"
13112,METRO45060M45060,"Syracuse, NY MSA",$900,$810,$990,"$1,000",$900,"$1,100","$1,240","$1,116","$1,364","$1,530","$1,377","$1,683","$1,770","$1,593","$1,947"
13114,METRO45060M45060,"Syracuse, NY MSA",$670,$603,$737,$750,$675,$825,$930,$837,"$1,023","$1,150","$1,035","$1,265","$1,320","$1,188","$1,452"
13115,METRO45060M45060,"Syracuse, NY MSA",$740,$666,$814,$820,$738,$902,"$1,020",$918,"$1,122","$1,260","$1,134","$1,386","$1,450","$1,305","$1,595"
13116,METRO45060M45060,"Syracuse, NY MSA",$790,$711,$869,$890,$801,$979,"$1,100",$990,"$1,210","$1,360","$1,224","$1,496","$1,570","$1,413","$1,727"
13119,METRO45060M45060,"Syracuse, NY MSA",$820,$738,$902,$910,$819,"$1,001","$1,130","$1,017","$1,243","$1,390","$1,251","$1,529","$1,610","$1,449","$1,771"
13120,METRO45060M45060,"Syracuse, NY MSA",$830,$747,$913,$930,$837,"$1,023","$1,140","$1,026","$1,254","$1,410","$1,269","$1,551","$1,630","$1,467","$1,793"
13121,METRO45060M45060,"Syracuse, NY MSA",$740,$666,$814,$820,$738,$902,"$1,020",$918,"$1,122","$1,260","$1,134","$1,386","$1,450","$1,305","$1,595"
13122,METRO45060M45060,"Syracuse, NY MSA",$770,$693,$847,$870,$783,$957,"$1,070",$963,"$1,177","$1,320","$1,188","$1,452","$1,520","$1,368","$1,672"
13126,METRO45060M45060,"Syracuse, NY MSA",$740,$666,$814,$820,$738,$902,"$1,020",$918,"$1,122","$1,260","$1,134","$1,386","$1,450","$1,305","$1,595"
13131,METRO45060M45060,"Syracuse, NY MSA",$830,$747,$913,$930,$837,"$1,023","$1,150","$1,035","$1,265","$1,420","$1,278","$1,562","$1,640","$1,476","$1,804"
13132,METRO45060M45060,"Syracuse, NY MSA",$740,$666,$814,$830,$747,$913,"$1,030",$927,"$1,133","$1,270","$1,143","$1,397","$1,470","$1,323","$1,617"
13134,METRO45060M45060,"Syracuse, NY MSA",$750,$675,$825,$850,$765,$935,"$1,040",$936,"$1,144","$1,280","$1,152","$1,408","$1,490","$1,341","$1,639"
13135,METRO45060M45060,"Syracuse, NY MSA",$730,$657,$803,$820,$738,$902,"$1,010",$909,"$1,111","$1,240","$1,116","$1,364","$1,440","$1,296","$1,584"
13137,METRO45060M45060,"Syracuse, NY MSA",$820,$738,$902,$910,$819,"$1,001","$1,130","$1,017","$1,243","$1,390","$1,251","$1,529","$1,610","$1,449","$1,771"
13138,METRO45060M45060,"Syracuse, NY MSA",$870,$783,$957,$970,$873,"$1,067","$1,200","$1,080","$1,320","$1,480","$1,332","$1,628","$1,710","$1,539","$1,881"
13141,METRO45060M45060,"Syracuse, NY MSA",$750,$675,$825,$840,$756,$924,"$1,040",$936,"$1,144","$1,280","$1,152","$1,408","$1,480","$1,332","$1,628"
13142,METRO45060M45060,"Syracuse, NY MSA",$740,$666,$814,$820,$738,$902,"$1,020",$918,"$1,122","$1,260","$1,134","$1,386","$1,450","$1,305","$1,595"
13144,METRO45060M45060,"Syracuse, NY MSA",$660,$594,$726,$740,$666,$814,$920,$828,"$1,012","$1,130","$1,017","$1,243","$1,310","$1,179","$1,441"
13145,METRO45060M45060,"Syracuse, NY MSA",$730,$657,$803,$820,$738,$902,"$1,070",$963,"$1,177","$1,430","$1,287","$1,573","$1,680","$1,512","$1,848"
13152,METRO45060M45060,"Syracuse, NY MSA","$1,030",$927,"$1,133","$1,150","$1,035","$1,265","$1,420","$1,278","$1,562","$1,750","$1,575","$1,925","$2,020","$1,818","$2,222"
13153,METRO45060M45060,"Syracuse, NY MSA",$770,$693,$847,$860,$774,$946,"$1,060",$954,"$1,166","$1,310","$1,179","$1,441","$1,510","$1,359","$1,661"
13156,METRO45060M45060,"Syracuse, NY MSA",$660,$594,$726,$750,$675,$825,$940,$846,"$1,034","$1,160","$1,044","$1,276","$1,270","$1,143","$1,397"
13158,METRO45060M45060,"Syracuse, NY MSA",$740,$666,$814,$820,$738,$902,"$1,020",$918,"$1,122","$1,260","$1,134","$1,386","$1,450","$1,305","$1,595"
13159,METRO45060M45060,"Syracuse, NY MSA",$880,$792,$968,$990,$891,"$1,089","$1,220","$1,098","$1,342","$1,500","$1,350","$1,650","$1,740","$1,566","$1,914"
13163,METRO45060M45060,"Syracuse, NY MSA",$750,$675,$825,$840,$756,$924,"$1,040",$936,"$1,144","$1,280","$1,152","$1,408","$1,480","$1,332","$1,628"
13164,METRO45060M45060,"Syracuse, NY MSA",$720,$648,$792,$810,$729,$891,"$1,000",$900,"$1,100","$1,230","$1,107","$1,353","$1,420","$1,278","$1,562"
13166,METRO45060M45060,"Syracuse, NY MSA",$790,$711,$869,$890,$801,$979,"$1,100",$990,"$1,210","$1,360","$1,224","$1,496","$1,570","$1,413","$1,727"
13167,METRO45060M45060,"Syracuse, NY MSA",$870,$783,$957,$970,$873,"$1,067","$1,200","$1,080","$1,320","$1,480","$1,332","$1,628","$1,710","$1,539","$1,881"
13201,METRO45060M45060,"Syracuse, NY MSA",$820,$738,$902,$910,$819,"$1,001","$1,130","$1,017","$1,243","$1,390","$1,251","$1,529","$1,610","$1,449","$1,771"
13202,METRO45060M45060,"Syracuse, NY MSA",$950,$855,"$1,045","$1,060",$954,"$1,166","$1,310","$1,179","$1,441","$1,610","$1,449","$1,771","$1,870","$1,683","$2,057"
13203,METRO45060M45060,"Syracuse, NY MSA",$780,$702,$858,$870,$783,$957,"$1,080",$972,"$1,188","$1,330","$1,197","$1,463","$1,540","$1,386","$1,694"
13204,METRO45060M45060,"Syracuse, NY MSA",$740,$666,$814,$820,$738,$902,"$1,020",$918,"$1,122","$1,260","$1,134","$1,386","$1,450","$1,305","$1,595"
13205,METRO45060M45060,"Syracuse, NY MSA",$730,$657,$803,$820,$738,$902,"$1,010",$909,"$1,111","$1,240","$1,116","$1,364","$1,440","$1,296","$1,584"
13206,METRO45060M45060,"Syracuse, NY MSA",$740,$666,$814,$830,$747,$913,"$1,030",$927,"$1,133","$1,270","$1,143","$1,397","$1,470","$1,323","$1,617"
13207,METRO45060M45060,"Syracuse, NY MSA",$810,$729,$891,$910,$819,"$1,001","$1,120","$1,008","$1,232","$1,380","$1,242","$1,518","$1,590","$1,431","$1,749"
13208,METRO45060M45060,"Syracuse, NY MSA",$740,$666,$814,$820,$738,$902,"$1,020",$918,"$1,122","$1,260","$1,134","$1,386","$1,450","$1,305","$1,595"
13209,METRO45060M45060,"Syracuse, NY MSA",$770,$693,$847,$870,$783,$957,"$1,070",$963,"$1,177","$1,320","$1,188","$1,452","$1,520","$1,368","$1,672"
13210,METRO45060M45060,"Syracuse, NY MSA",$840,$756,$924,$940,$846,"$1,034","$1,160","$1,044","$1,276","$1,430","$1,287","$1,573","$1,650","$1,485","$1,815"
13211,METRO45060M45060,"Syracuse, NY MSA",$910,$819,"$1,001","$1,020",$918,"$1,122","$1,260","$1,134","$1,386","$1,550","$1,395","$1,705","$1,790","$1,611","$1,969"
13212,METRO45060M45060,"Syracuse, NY MSA",$820,$738,$902,$910,$819,"$1,001","$1,130","$1,017","$1,243","$1,390","$1,251","$1,529","$1,610","$1,449","$1,771"
13214,METRO45060M45060,"Syracuse, NY MSA",$800,$720,$880,$900,$810,$990,"$1,110",$999,"$1,221","$1,370","$1,233","$1,507","$1,580","$1,422","$1,738"
13215,METRO45060M45060,"Syracuse, NY MSA",$900,$810,$990,"$1,010",$909,"$1,111","$1,250","$1,125","$1,375","$1,540","$1,386","$1,694","$1,780","$1,602","$1,958"
13217,METRO45060M45060,"Syracuse, NY MSA",$820,$738,$902,$910,$819,"$1,001","$1,130","$1,017","$1,243","$1,390","$1,251","$1,529","$1,610","$1,449","$1,771"
13218,METRO45060M45060,"Syracuse, NY MSA",$820,$738,$902,$910,$819,"$1,001","$1,130","$1,017","$1,243","$1,390","$1,251","$1,529","$1,610","$1,449","$1,771"
13219,METRO45060M45060,"Syracuse, NY MSA",$870,$783,$957,$970,$873,"$1,067","$1,200","$1,080","$1,320","$1,480","$1,332","$1,628","$1,710","$1,539","$1,881"
13220,METRO45060M45060,"Syracuse, NY MSA",$820,$738,$902,$910,$819,"$1,001","$1,130","$1,017","$1,243","$1,390","$1,251","$1,529","$1,610","$1,449","$1,771"
13224,METRO45060M45060,"Syracuse, NY MSA",$810,$729,$891,$910,$819,"$1,001","$1,120","$1,008","$1,232","$1,380","$1,242","$1,518","$1,590","$1,431","$1,749"
13225,METRO45060M45060,"Syracuse, NY MSA",$820,$738,$902,$910,$819,"$1,001","$1,130","$1,017","$1,243","$1,390","$1,251","$1,529","$1,610","$1,449","$1,771"
13235,METRO45060M45060,"Syracuse, NY MSA",$820,$738,$902,$910,$819,"$1,001","$1,130","$1,017","$1,243","$1,390","$1,251","$1,529","$1,610","$1,449","$1,771"
13244,METRO45060M45060,"Syracuse, NY MSA",$820,$738,$902,$910,$819,"$1,001","$1,130","$1,017","$1,243","$1,390","$1,251","$1,529","$1,610","$1,449","$1,771"
13261,METRO45060M45060,"Syracuse, NY MSA",$820,$738,$902,$910,$819,"$1,001","$1,130","$1,017","$1,243","$1,390","$1,251","$1,529","$1,610","$1,449","$1,771"
13290,METRO45060M45060,"Syracuse, NY MSA",$820,$738,$902,$910,$819,"$1,001","$1,130","$1,017","$1,243","$1,390","$1,251","$1,529","$1,610","$1,449","$1,771"
13302,METRO45060M45060,"Syracuse, NY MSA",$850,$765,$935,$950,$855,"$1,045","$1,170","$1,053","$1,287","$1,440","$1,296","$1,584","$1,670","$1,503","$1,837"
13310,METRO45060M45060,"Syracuse, NY MSA",$790,$711,$869,$880,$792,$968,"$1,090",$981,"$1,199","$1,340","$1,206","$1,474","$1,550","$1,395","$1,705"
13314,METRO45060M45060,"Syracuse, NY MSA",$740,$666,$814,$820,$738,$902,"$1,010",$909,"$1,111","$1,240","$1,116","$1,364","$1,440","$1,296","$1,584"
13316,METRO45060M45060,"Syracuse, NY MSA",$700,$630,$770,$710,$639,$781,$880,$792,$968,"$1,080",$972,"$1,188","$1,270","$1,143","$1,397"
13332,METRO45060M45060,"Syracuse, NY MSA",$750,$675,$825,$840,$756,$924,"$1,040",$936,"$1,144","$1,280","$1,152","$1,408","$1,480","$1,332","$1,628"
13334,METRO45060M45060,"Syracuse, NY MSA",$770,$693,$847,$870,$783,$957,"$1,070",$963,"$1,177","$1,320","$1,188","$1,452","$1,530","$1,377","$1,683"
13346,METRO45060M45060,"Syracuse, NY MSA",$870,$783,$957,$970,$873,"$1,067","$1,200","$1,080","$1,320","$1,480","$1,332","$1,628","$1,710","$1,539","$1,881"
13355,METRO45060M45060,"Syracuse, NY MSA",$670,$603,$737,$750,$675,$825,$930,$837,"$1,023","$1,150","$1,035","$1,265","$1,320","$1,188","$1,452"
13364,METRO45060M45060,"Syracuse, NY MSA",$710,$639,$781,$770,$693,$847,$960,$864,"$1,056","$1,180","$1,062","$1,298","$1,370","$1,233","$1,507"
13402,METRO45060M45060,"Syracuse, NY MSA",$750,$675,$825,$840,$756,$924,"$1,040",$936,"$1,144","$1,280","$1,152","$1,408","$1,480","$1,332","$1,628"
13408,METRO45060M45060,"Syracuse, NY MSA",$730,$657,$803,$820,$738,$902,"$1,010",$909,"$1,111","$1,240","$1,116","$1,364","$1,440","$1,296","$1,584"
13409,METRO45060M45060,"Syracuse, NY MSA",$760,$684,$836,$850,$765,$935,"$1,050",$945,"$1,155","$1,290","$1,161","$1,419","$1,500","$1,350","$1,650"
13418,METRO45060M45060,"Syracuse, NY MSA","$1,180","$1,062","$1,298","$1,320","$1,188","$1,452","$1,630","$1,467","$1,793","$2,010","$1,809","$2,211","$2,320","$2,088","$2,552"
13421,METRO45060M45060,"Syracuse, NY MSA",$720,$648,$792,$790,$711,$869,$980,$882,"$1,078","$1,210","$1,089","$1,331","$1,400","$1,260","$1,540"
13425,METRO45060M45060,"Syracuse, NY MSA",$740,$666,$814,$750,$675,$825,$940,$846,"$1,034","$1,150","$1,035","$1,265","$1,360","$1,224","$1,496"
13426,METRO45060M45060,"Syracuse, NY MSA",$740,$666,$814,$820,$738,$902,"$1,020",$918,"$1,122","$1,260","$1,134","$1,386","$1,450","$1,305","$1,595"
13437,METRO45060M45060,"Syracuse, NY MSA",$630,$567,$693,$710,$639,$781,$870,$783,$957,"$1,080",$972,"$1,188","$1,260","$1,134","$1,386"
13460,METRO45060M45060,"Syracuse, NY MSA",$660,$594,$726,$740,$666,$814,$910,$819,"$1,001","$1,120","$1,008","$1,232","$1,300","$1,170","$1,430"
13464,METRO45060M45060,"Syracuse, NY MSA",$740,$666,$814,$830,$747,$913,"$1,030",$927,"$1,133","$1,270","$1,143","$1,397","$1,470","$1,323","$1,617"
13480,METRO45060M45060,"Syracuse, NY MSA",$700,$630,$770,$710,$639,$781,$890,$801,$979,"$1,090",$981,"$1,199","$1,280","$1,152","$1,408"
13483,METRO45060M45060,"Syracuse, NY MSA","$1,130","$1,017","$1,243","$1,140","$1,026","$1,254","$1,430","$1,287","$1,573","$1,740","$1,566","$1,914","$2,060","$1,854","$2,266"
13484,METRO45060M45060,"Syracuse, NY MSA",$730,$657,$803,$820,$738,$902,"$1,010",$909,"$1,111","$1,240","$1,116","$1,364","$1,440","$1,296","$1,584"
13485,METRO45060M45060,"Syracuse, NY MSA",$720,$648,$792,$800,$720,$880,$990,$891,"$1,089","$1,220","$1,098","$1,342","$1,410","$1,269","$1,551"
13491,METRO45060M45060,"Syracuse, NY MSA",$700,$630,$770,$720,$648,$792,$900,$810,$990,"$1,090",$981,"$1,199","$1,290","$1,161","$1,419"
13493,METRO45060M45060,"Syracuse, NY MSA",$690,$621,$759,$780,$702,$858,$960,$864,"$1,056","$1,180","$1,062","$1,298","$1,370","$1,233","$1,507"
13661,METRO45060M45060,"Syracuse, NY MSA",$710,$639,$781,$810,$729,$891,"$1,070",$963,"$1,177","$1,430","$1,287","$1,573","$1,680","$1,512","$1,848"
13032,METRO46540M46540,"Utica-Rome, NY MSA",$770,$693,$847,$870,$783,$957,"$1,070",$963,"$1,177","$1,320","$1,188","$1,452","$1,520","$1,368","$1,672"
13042,METRO46540M46540,"Utica-Rome, NY MSA","$1,030",$927,"$1,133","$1,100",$990,"$1,210","$1,370","$1,233","$1,507","$1,680","$1,512","$1,848","$1,960","$1,764","$2,156"
13054,METRO46540M46540,"Utica-Rome, NY MSA",$850,$765,$935,$860,$774,$946,"$1,080",$972,"$1,188","$1,340","$1,206","$1,474","$1,550","$1,395","$1,705"
13123,METRO46540M46540,"Utica-Rome, NY MSA",$850,$765,$935,$880,$792,$968,"$1,100",$990,"$1,210","$1,340","$1,206","$1,474","$1,580","$1,422","$1,738"
13157,METRO46540M46540,"Utica-Rome, NY MSA",$900,$810,$990,$910,$819,"$1,001","$1,140","$1,026","$1,254","$1,390","$1,251","$1,529","$1,640","$1,476","$1,804"
13162,METRO46540M46540,"Utica-Rome, NY MSA",$840,$756,$924,$850,$765,$935,"$1,080",$972,"$1,188","$1,330","$1,197","$1,463","$1,540","$1,386","$1,694"
13301,METRO46540M46540,"Utica-Rome, NY MSA",$720,$648,$792,$720,$648,$792,$910,$819,"$1,001","$1,110",$999,"$1,221","$1,310","$1,179","$1,441"
13303,METRO46540M46540,"Utica-Rome, NY MSA",$760,$684,$836,$760,$684,$836,$960,$864,"$1,056","$1,170","$1,053","$1,287","$1,380","$1,242","$1,518"
13304,METRO46540M46540,"Utica-Rome, NY MSA",$910,$819,"$1,001",$910,$819,"$1,001","$1,150","$1,035","$1,265","$1,400","$1,260","$1,540","$1,660","$1,494","$1,826"
13308,METRO46540M46540,"Utica-Rome, NY MSA",$850,$765,$935,$850,$765,$935,"$1,070",$963,"$1,177","$1,300","$1,170","$1,430","$1,540","$1,386","$1,694"
13309,METRO46540M46540,"Utica-Rome, NY MSA",$700,$630,$770,$700,$630,$770,$880,$792,$968,"$1,070",$963,"$1,177","$1,270","$1,143","$1,397"
13313,METRO46540M46540,"Utica-Rome, NY MSA",$700,$630,$770,$710,$639,$781,$890,$801,$979,"$1,080",$972,"$1,188","$1,280","$1,152","$1,408"
13316,METRO46540M46540,"Utica-Rome, NY MSA",$700,$630,$770,$710,$639,$781,$880,$792,$968,"$1,080",$972,"$1,188","$1,270","$1,143","$1,397"
13318,METRO46540M46540,"Utica-Rome, NY MSA",$820,$738,$902,$830,$747,$913,"$1,040",$936,"$1,144","$1,270","$1,143","$1,397","$1,500","$1,350","$1,650"
13319,METRO46540M46540,"Utica-Rome, NY MSA",$710,$639,$781,$720,$648,$792,$900,$810,$990,"$1,100",$990,"$1,210","$1,300","$1,170","$1,430"
13321,METRO46540M46540,"Utica-Rome, NY MSA",$760,$684,$836,$760,$684,$836,$960,$864,"$1,056","$1,170","$1,053","$1,287","$1,380","$1,242","$1,518"
13322,METRO46540M46540,"Utica-Rome, NY MSA",$750,$675,$825,$760,$684,$836,$950,$855,"$1,045","$1,160","$1,044","$1,276","$1,370","$1,233","$1,507"
13323,METRO46540M46540,"Utica-Rome, NY MSA",$940,$846,"$1,034",$950,$855,"$1,045","$1,190","$1,071","$1,309","$1,450","$1,305","$1,595","$1,710","$1,539","$1,881"
13324,METRO46540M46540,"Utica-Rome, NY MSA",$700,$630,$770,$710,$639,$781,$890,$801,$979,"$1,080",$972,"$1,188","$1,280","$1,152","$1,408"
13328,METRO46540M46540,"Utica-Rome, NY MSA",$780,$702,$858,$790,$711,$869,$990,$891,"$1,089","$1,210","$1,089","$1,331","$1,430","$1,287","$1,573"
13329,METRO46540M46540,"Utica-Rome, NY MSA",$650,$585,$715,$660,$594,$726,$830,$747,$913,"$1,010",$909,"$1,111","$1,190","$1,071","$1,309"
13331,METRO46540M46540,"Utica-Rome, NY MSA",$700,$630,$770,$710,$639,$781,$890,$801,$979,"$1,080",$972,"$1,188","$1,280","$1,152","$1,408"
13338,METRO46540M46540,"Utica-Rome, NY MSA",$720,$648,$792,$720,$648,$792,$910,$819,"$1,001","$1,110",$999,"$1,221","$1,310","$1,179","$1,441"
13339,METRO46540M46540,"Utica-Rome, NY MSA",$750,$675,$825,$760,$684,$836,$950,$855,"$1,045","$1,160","$1,044","$1,276","$1,370","$1,233","$1,507"
13340,METRO46540M46540,"Utica-Rome, NY MSA",$730,$657,$803,$740,$666,$814,$930,$837,"$1,023","$1,130","$1,017","$1,243","$1,340","$1,206","$1,474"
13341,METRO46540M46540,"Utica-Rome, NY MSA",$940,$846,"$1,034",$950,$855,"$1,045","$1,190","$1,071","$1,309","$1,450","$1,305","$1,595","$1,710","$1,539","$1,881"
13350,METRO46540M46540,"Utica-Rome, NY MSA",$810,$729,$891,$820,$738,$902,"$1,030",$927,"$1,133","$1,250","$1,125","$1,375","$1,480","$1,332","$1,628"
13352,METRO46540M46540,"Utica-Rome, NY MSA",$730,$657,$803,$740,$666,$814,$920,$828,"$1,012","$1,120","$1,008","$1,232","$1,330","$1,197","$1,463"
13354,METRO46540M46540,"Utica-Rome, NY MSA",$660,$594,$726,$660,$594,$726,$830,$747,$913,"$1,010",$909,"$1,111","$1,200","$1,080","$1,320"
13357,METRO46540M46540,"Utica-Rome, NY MSA",$660,$594,$726,$670,$603,$737,$840,$756,$924,"$1,020",$918,"$1,122","$1,210","$1,089","$1,331"
13360,METRO46540M46540,"Utica-Rome, NY MSA",$700,$630,$770,$710,$639,$781,$890,$801,$979,"$1,080",$972,"$1,188","$1,280","$1,152","$1,408"
13361,METRO46540M46540,"Utica-Rome, NY MSA",$700,$630,$770,$710,$639,$781,$890,$801,$979,"$1,080",$972,"$1,188","$1,280","$1,152","$1,408"
13362,METRO46540M46540,"Utica-Rome, NY MSA",$740,$666,$814,$750,$675,$825,$940,$846,"$1,034","$1,150","$1,035","$1,265","$1,360","$1,224","$1,496"
13363,METRO46540M46540,"Utica-Rome, NY MSA","$1,070",$963,"$1,177","$1,080",$972,"$1,188","$1,360","$1,224","$1,496","$1,660","$1,494","$1,826","$1,960","$1,764","$2,156"
13365,METRO46540M46540,"Utica-Rome, NY MSA",$650,$585,$715,$660,$594,$726,$830,$747,$913,"$1,010",$909,"$1,111","$1,190","$1,071","$1,309"
13367,METRO46540M46540,"Utica-Rome, NY MSA",$730,$657,$803,$740,$666,$814,$930,$837,"$1,023","$1,130","$1,017","$1,243","$1,340","$1,206","$1,474"
13401,METRO46540M46540,"Utica-Rome, NY MSA",$770,$693,$847,$770,$693,$847,$970,$873,"$1,067","$1,180","$1,062","$1,298","$1,400","$1,260","$1,540"
13402,METRO46540M46540,"Utica-Rome, NY MSA",$750,$675,$825,$840,$756,$924,"$1,040",$936,"$1,144","$1,280","$1,152","$1,408","$1,480","$1,332","$1,628"
13403,METRO46540M46540,"Utica-Rome, NY MSA",$710,$639,$781,$720,$648,$792,$900,$810,$990,"$1,100",$990,"$1,210","$1,300","$1,170","$1,430"
13406,METRO46540M46540,"Utica-Rome, NY MSA",$850,$765,$935,$860,$774,$946,"$1,080",$972,"$1,188","$1,310","$1,179","$1,441","$1,560","$1,404","$1,716"
13407,METRO46540M46540,"Utica-Rome, NY MSA",$690,$621,$759,$690,$621,$759,$870,$783,$957,"$1,060",$954,"$1,166","$1,250","$1,125","$1,375"
13409,METRO46540M46540,"Utica-Rome, NY MSA",$760,$684,$836,$850,$765,$935,"$1,050",$945,"$1,155","$1,290","$1,161","$1,419","$1,500","$1,350","$1,650"
13413,METRO46540M46540,"Utica-Rome, NY MSA",$960,$864,"$1,056",$960,$864,"$1,056","$1,210","$1,089","$1,331","$1,470","$1,323","$1,617","$1,740","$1,566","$1,914"
13416,METRO46540M46540,"Utica-Rome, NY MSA",$650,$585,$715,$660,$594,$726,$830,$747,$913,"$1,010",$909,"$1,111","$1,190","$1,071","$1,309"
13417,METRO46540M46540,"Utica-Rome, NY MSA",$760,$684,$836,$760,$684,$836,$960,$864,"$1,056","$1,170","$1,053","$1,287","$1,380","$1,242","$1,518"
13420,METRO46540M46540,"Utica-Rome, NY MSA",$700,$630,$770,$710,$639,$781,$890,$801,$979,"$1,080",$972,"$1,188","$1,280","$1,152","$1,408"
13421,METRO46540M46540,"Utica-Rome, NY MSA",$720,$648,$792,$790,$711,$869,$980,$882,"$1,078","$1,210","$1,089","$1,331","$1,400","$1,260","$1,540"
13424,METRO46540M46540,"Utica-Rome, NY MSA",$730,$657,$803,$740,$666,$814,$930,$837,"$1,023","$1,130","$1,017","$1,243","$1,340","$1,206","$1,474"
13425,METRO46540M46540,"Utica-Rome, NY MSA",$740,$666,$814,$750,$675,$825,$940,$846,"$1,034","$1,150","$1,035","$1,265","$1,360","$1,224","$1,496"
13431,METRO46540M46540,"Utica-Rome, NY MSA",$750,$675,$825,$760,$684,$836,$950,$855,"$1,045","$1,160","$1,044","$1,276","$1,370","$1,233","$1,507"
13435,METRO46540M46540,"Utica-Rome, NY MSA",$730,$657,$803,$740,$666,$814,$930,$837,"$1,023","$1,130","$1,017","$1,243","$1,340","$1,206","$1,474"
13438,METRO46540M46540,"Utica-Rome, NY MSA",$730,$657,$803,$740,$666,$814,$930,$837,"$1,023","$1,130","$1,017","$1,243","$1,340","$1,206","$1,474"
13439,METRO46540M46540,"Utica-Rome, NY MSA",$730,$657,$803,$730,$657,$803,$920,$828,"$1,012","$1,120","$1,008","$1,232","$1,330","$1,197","$1,463"
13440,METRO46540M46540,"Utica-Rome, NY MSA",$770,$693,$847,$780,$702,$858,$980,$882,"$1,078","$1,190","$1,071","$1,309","$1,410","$1,269","$1,551"
13441,METRO46540M46540,"Utica-Rome, NY MSA",$730,$657,$803,$740,$666,$814,$930,$837,"$1,023","$1,130","$1,017","$1,243","$1,340","$1,206","$1,474"
13442,METRO46540M46540,"Utica-Rome, NY MSA",$770,$693,$847,$770,$693,$847,$970,$873,"$1,067","$1,180","$1,062","$1,298","$1,400","$1,260","$1,540"
13454,METRO46540M46540,"Utica-Rome, NY MSA",$690,$621,$759,$690,$621,$759,$870,$783,$957,"$1,060",$954,"$1,166","$1,250","$1,125","$1,375"
13455,METRO46540M46540,"Utica-Rome, NY MSA",$770,$693,$847,$770,$693,$847,$970,$873,"$1,067","$1,180","$1,062","$1,298","$1,400","$1,260","$1,540"
13456,METRO46540M46540,"Utica-Rome, NY MSA",$850,$765,$935,$850,$765,$935,"$1,070",$963,"$1,177","$1,300","$1,170","$1,430","$1,540","$1,386","$1,694"
13461,METRO46540M46540,"Utica-Rome, NY MSA",$810,$729,$891,$820,$738,$902,"$1,030",$927,"$1,133","$1,250","$1,125","$1,375","$1,480","$1,332","$1,628"
13469,METRO46540M46540,"Utica-Rome, NY MSA",$710,$639,$781,$720,$648,$792,$900,$810,$990,"$1,100",$990,"$1,210","$1,300","$1,170","$1,430"
13470,METRO46540M46540,"Utica-Rome, NY MSA",$650,$585,$715,$660,$594,$726,$830,$747,$913,"$1,010",$909,"$1,111","$1,190","$1,071","$1,309"
13471,METRO46540M46540,"Utica-Rome, NY MSA",$800,$720,$880,$800,$720,$880,"$1,010",$909,"$1,111","$1,230","$1,107","$1,353","$1,460","$1,314","$1,606"
13472,METRO46540M46540,"Utica-Rome, NY MSA",$700,$630,$770,$710,$639,$781,$890,$801,$979,"$1,080",$972,"$1,188","$1,280","$1,152","$1,408"
13475,METRO46540M46540,"Utica-Rome, NY MSA",$750,$675,$825,$760,$684,$836,$950,$855,"$1,045","$1,160","$1,044","$1,276","$1,370","$1,233","$1,507"
13476,METRO46540M46540,"Utica-Rome, NY MSA",$770,$693,$847,$780,$702,$858,$980,$882,"$1,078","$1,190","$1,071","$1,309","$1,410","$1,269","$1,551"
13477,METRO46540M46540,"Utica-Rome, NY MSA",$770,$693,$847,$800,$720,$880,"$1,000",$900,"$1,100","$1,220","$1,098","$1,342","$1,440","$1,296","$1,584"
13478,METRO46540M46540,"Utica-Rome, NY MSA",$730,$657,$803,$740,$666,$814,$930,$837,"$1,023","$1,130","$1,017","$1,243","$1,340","$1,206","$1,474"
13479,METRO46540M46540,"Utica-Rome, NY MSA",$770,$693,$847,$770,$693,$847,$970,$873,"$1,067","$1,180","$1,062","$1,298","$1,400","$1,260","$1,540"
13480,METRO46540M46540,"Utica-Rome, NY MSA",$700,$630,$770,$710,$639,$781,$890,$801,$979,"$1,090",$981,"$1,199","$1,280","$1,152","$1,408"
13483,METRO46540M46540,"Utica-Rome, NY MSA","$1,130","$1,017","$1,243","$1,140","$1,026","$1,254","$1,430","$1,287","$1,573","$1,740","$1,566","$1,914","$2,060","$1,854","$2,266"
13486,METRO46540M46540,"Utica-Rome, NY MSA",$860,$774,$946,$870,$783,$957,"$1,090",$981,"$1,199","$1,330","$1,197","$1,463","$1,570","$1,413","$1,727"
13489,METRO46540M46540,"Utica-Rome, NY MSA",$750,$675,$825,$750,$675,$825,$950,$855,"$1,045","$1,160","$1,044","$1,276","$1,370","$1,233","$1,507"
13490,METRO46540M46540,"Utica-Rome, NY MSA",$790,$711,$869,$800,$720,$880,"$1,000",$900,"$1,100","$1,210","$1,089","$1,331","$1,440","$1,296","$1,584"
13491,METRO46540M46540,"Utica-Rome, NY MSA",$700,$630,$770,$720,$648,$792,$900,$810,$990,"$1,090",$981,"$1,199","$1,290","$1,161","$1,419"
13492,METRO46540M46540,"Utica-Rome, NY MSA",$770,$693,$847,$770,$693,$847,$970,$873,"$1,067","$1,180","$1,062","$1,298","$1,400","$1,260","$1,540"
13494,METRO46540M46540,"Utica-Rome, NY MSA",$710,$639,$781,$710,$639,$781,$900,$810,$990,"$1,100",$990,"$1,210","$1,300","$1,170","$1,430"
13495,METRO46540M46540,"Utica-Rome, NY MSA",$690,$621,$759,$690,$621,$759,$870,$783,$957,"$1,060",$954,"$1,166","$1,250","$1,125","$1,375"
13501,METRO46540M46540,"Utica-Rome, NY MSA",$690,$621,$759,$690,$621,$759,$870,$783,$957,"$1,060",$954,"$1,166","$1,250","$1,125","$1,375"
13502,METRO46540M46540,"Utica-Rome, NY MSA",$780,$702,$858,$790,$711,$869,$990,$891,"$1,089","$1,200","$1,080","$1,320","$1,430","$1,287","$1,573"
13503,METRO46540M46540,"Utica-Rome, NY MSA",$770,$693,$847,$770,$693,$847,$970,$873,"$1,067","$1,180","$1,062","$1,298","$1,400","$1,260","$1,540"
13504,METRO46540M46540,"Utica-Rome, NY MSA",$770,$693,$847,$770,$693,$847,$970,$873,"$1,067","$1,180","$1,062","$1,298","$1,400","$1,260","$1,540"
13505,METRO46540M46540,"Utica-Rome, NY MSA",$770,$693,$847,$770,$693,$847,$970,$873,"$1,067","$1,180","$1,062","$1,298","$1,400","$1,260","$1,540"
13083,METRO48060M48060,"Watertown-Fort Drum, NY MSA",$710,$639,$781,$810,$729,$891,"$1,070",$963,"$1,177","$1,430","$1,287","$1,573","$1,680","$1,512","$1,848"
13145,METRO48060M48060,"Watertown-Fort Drum, NY MSA",$730,$657,$803,$820,$738,$902,"$1,070",$963,"$1,177","$1,430","$1,287","$1,573","$1,680","$1,512","$1,848"
13601,METRO48060M48060,"Watertown-Fort Drum, NY MSA",$800,$720,$880,$900,$810,$990,"$1,190","$1,071","$1,309","$1,610","$1,449","$1,771","$1,900","$1,710","$2,090"
13602,METRO48060M48060,"Watertown-Fort Drum, NY MSA","$1,220","$1,098","$1,342","$1,390","$1,251","$1,529","$1,830","$1,647","$2,013","$2,470","$2,223","$2,717","$2,920","$2,628","$3,212"
13603,METRO48060M48060,"Watertown-Fort Drum, NY MSA","$1,070",$963,"$1,177","$1,220","$1,098","$1,342","$1,600","$1,440","$1,760","$2,160","$1,944","$2,376","$2,560","$2,304","$2,816"
13605,METRO48060M48060,"Watertown-Fort Drum, NY MSA",$710,$639,$781,$810,$729,$891,"$1,070",$963,"$1,177","$1,430","$1,287","$1,573","$1,680","$1,512","$1,848"
13606,METRO48060M48060,"Watertown-Fort Drum, NY MSA",$760,$684,$836,$870,$783,$957,"$1,140","$1,026","$1,254","$1,540","$1,386","$1,694","$1,820","$1,638","$2,002"
13607,METRO48060M48060,"Watertown-Fort Drum, NY MSA",$710,$639,$781,$810,$729,$891,"$1,070",$963,"$1,177","$1,430","$1,287","$1,573","$1,680","$1,512","$1,848"
13608,METRO48060M48060,"Watertown-Fort Drum, NY MSA",$710,$639,$781,$810,$729,$891,"$1,070",$963,"$1,177","$1,430","$1,287","$1,573","$1,680","$1,512","$1,848"
13611,METRO48060M48060,"Watertown-Fort Drum, NY MSA",$820,$738,$902,$930,$837,"$1,023","$1,220","$1,098","$1,342","$1,650","$1,485","$1,815","$1,950","$1,755","$2,145"
13612,METRO48060M48060,"Watertown-Fort Drum, NY MSA",$710,$639,$781,$810,$729,$891,"$1,070",$963,"$1,177","$1,430","$1,287","$1,573","$1,680","$1,512","$1,848"
13615,METRO48060M48060,"Watertown-Fort Drum, NY MSA",$710,$639,$781,$810,$729,$891,"$1,070",$963,"$1,177","$1,430","$1,287","$1,573","$1,680","$1,512","$1,848"
13616,METRO48060M48060,"Watertown-Fort Drum, NY MSA",$840,$756,$924,$960,$864,"$1,056","$1,260","$1,134","$1,386","$1,700","$1,530","$1,870","$2,010","$1,809","$2,211"
13618,METRO48060M48060,"Watertown-Fort Drum, NY MSA",$710,$639,$781,$810,$729,$891,"$1,070",$963,"$1,177","$1,430","$1,287","$1,573","$1,680","$1,512","$1,848"
13619,METRO48060M48060,"Watertown-Fort Drum, NY MSA",$710,$639,$781,$810,$729,$891,"$1,070",$963,"$1,177","$1,430","$1,287","$1,573","$1,680","$1,512","$1,848"
13622,METRO48060M48060,"Watertown-Fort Drum, NY MSA",$820,$738,$902,$930,$837,"$1,023","$1,220","$1,098","$1,342","$1,650","$1,485","$1,815","$1,950","$1,755","$2,145"
13624,METRO48060M48060,"Watertown-Fort Drum, NY MSA",$720,$648,$792,$810,$729,$891,"$1,070",$963,"$1,177","$1,450","$1,305","$1,595","$1,710","$1,539","$1,881"
13626,METRO48060M48060,"Watertown-Fort Drum, NY MSA",$730,$657,$803,$830,$747,$913,"$1,090",$981,"$1,199","$1,470","$1,323","$1,617","$1,740","$1,566","$1,914"
13628,METRO48060M48060,"Watertown-Fort Drum, NY MSA",$860,$774,$946,$970,$873,"$1,067","$1,280","$1,152","$1,408","$1,730","$1,557","$1,903","$2,040","$1,836","$2,244"
13631,METRO48060M48060,"Watertown-Fort Drum, NY MSA",$820,$738,$902,$930,$837,"$1,023","$1,220","$1,098","$1,342","$1,650","$1,485","$1,815","$1,950","$1,755","$2,145"
13632,METRO48060M48060,"Watertown-Fort Drum, NY MSA",$820,$738,$902,$930,$837,"$1,023","$1,220","$1,098","$1,342","$1,650","$1,485","$1,815","$1,950","$1,755","$2,145"
13634,METRO48060M48060,"Watertown-Fort Drum, NY MSA",$710,$639,$781,$810,$729,$891,"$1,070",$963,"$1,177","$1,430","$1,287","$1,573","$1,680","$1,512","$1,848"
13636,METRO48060M48060,"Watertown-Fort Drum, NY MSA",$710,$639,$781,$810,$729,$891,"$1,070",$963,"$1,177","$1,430","$1,287","$1,573","$1,680","$1,512","$1,848"
13637,METRO48060M48060,"Watertown-Fort Drum, NY MSA",$930,$837,"$1,023","$1,060",$954,"$1,166","$1,390","$1,251","$1,529","$1,880","$1,692","$2,068","$2,220","$1,998","$2,442"
13638,METRO48060M48060,"Watertown-Fort Drum, NY MSA",$820,$738,$902,$940,$846,"$1,034","$1,240","$1,116","$1,364","$1,660","$1,494","$1,826","$1,950","$1,755","$2,145"
13640,METRO48060M48060,"Watertown-Fort Drum, NY MSA",$710,$639,$781,$810,$729,$891,"$1,070",$963,"$1,177","$1,430","$1,287","$1,573","$1,680","$1,512","$1,848"
13641,METRO48060M48060,"Watertown-Fort Drum, NY MSA",$710,$639,$781,$810,$729,$891,"$1,070",$963,"$1,177","$1,430","$1,287","$1,573","$1,680","$1,512","$1,848"
13642,METRO48060M48060,"Watertown-Fort Drum, NY MSA",$710,$639,$781,$810,$729,$891,"$1,070",$963,"$1,177","$1,430","$1,287","$1,573","$1,680","$1,512","$1,848"
13643,METRO48060M48060,"Watertown-Fort Drum, NY MSA",$710,$639,$781,$810,$729,$891,"$1,070",$963,"$1,177","$1,430","$1,287","$1,573","$1,680","$1,512","$1,848"
13646,METRO48060M48060,"Watertown-Fort Drum, NY MSA",$820,$738,$902,$930,$837,"$1,023","$1,220","$1,098","$1,342","$1,650","$1,485","$1,815","$1,950","$1,755","$2,145"
13650,METRO48060M48060,"Watertown-Fort Drum, NY MSA",$710,$639,$781,$810,$729,$891,"$1,070",$963,"$1,177","$1,430","$1,287","$1,573","$1,680","$1,512","$1,848"
13651,METRO48060M48060,"Watertown-Fort Drum, NY MSA",$710,$639,$781,$810,$729,$891,"$1,070",$963,"$1,177","$1,430","$1,287","$1,573","$1,680","$1,512","$1,848"
13656,METRO48060M48060,"Watertown-Fort Drum, NY MSA",$710,$639,$781,$810,$729,$891,"$1,070",$963,"$1,177","$1,430","$1,287","$1,573","$1,680","$1,512","$1,848"
13659,METRO48060M48060,"Watertown-Fort Drum, NY MSA",$710,$639,$781,$810,$729,$891,"$1,070",$963,"$1,177","$1,430","$1,287","$1,573","$1,680","$1,512","$1,848"
13661,METRO48060M48060,"Watertown-Fort Drum, NY MSA",$710,$639,$781,$810,$729,$891,"$1,070",$963,"$1,177","$1,430","$1,287","$1,573","$1,680","$1,512","$1,848"
13665,METRO48060M48060,"Watertown-Fort Drum, NY MSA",$710,$639,$781,$810,$729,$891,"$1,070",$963,"$1,177","$1,430","$1,287","$1,573","$1,680","$1,512","$1,848"
13671,METRO48060M48060,"Watertown-Fort Drum, NY MSA",$820,$738,$902,$930,$837,"$1,023","$1,220","$1,098","$1,342","$1,650","$1,485","$1,815","$1,950","$1,755","$2,145"
13673,METRO48060M48060,"Watertown-Fort Drum, NY MSA",$710,$639,$781,$810,$729,$891,"$1,070",$963,"$1,177","$1,430","$1,287","$1,573","$1,680","$1,512","$1,848"
13674,METRO48060M48060,"Watertown-Fort Drum, NY MSA",$710,$639,$781,$810,$729,$891,"$1,070",$963,"$1,177","$1,430","$1,287","$1,573","$1,680","$1,512","$1,848"
13675,METRO48060M48060,"Watertown-Fort Drum, NY MSA",$740,$666,$814,$840,$756,$924,"$1,100",$990,"$1,210","$1,490","$1,341","$1,639","$1,760","$1,584","$1,936"
13679,METRO48060M48060,"Watertown-Fort Drum, NY MSA",$760,$684,$836,$860,$774,$946,"$1,130","$1,017","$1,243","$1,530","$1,377","$1,683","$1,810","$1,629","$1,991"
13682,METRO48060M48060,"Watertown-Fort Drum, NY MSA","$1,070",$963,"$1,177","$1,220","$1,098","$1,342","$1,600","$1,440","$1,760","$2,140","$1,926","$2,354","$2,520","$2,268","$2,772"
13685,METRO48060M48060,"Watertown-Fort Drum, NY MSA",$960,$864,"$1,056","$1,090",$981,"$1,199","$1,430","$1,287","$1,573","$1,930","$1,737","$2,123","$2,280","$2,052","$2,508"
13691,METRO48060M48060,"Watertown-Fort Drum, NY MSA",$750,$675,$825,$850,$765,$935,"$1,120","$1,008","$1,232","$1,510","$1,359","$1,661","$1,790","$1,611","$1,969"
13692,METRO48060M48060,"Watertown-Fort Drum, NY MSA",$820,$738,$902,$930,$837,"$1,023","$1,220","$1,098","$1,342","$1,650","$1,485","$1,815","$1,950","$1,755","$2,145"
13693,METRO48060M48060,"Watertown-Fort Drum, NY MSA",$810,$729,$891,$920,$828,"$1,012","$1,220","$1,098","$1,342","$1,580","$1,422","$1,738","$1,800","$1,620","$1,980"
10466,METRO48325M48325,"Westchester County, NY Statutory Exception Area","$2,060","$1,854","$2,266","$2,110","$1,899","$2,321","$2,380","$2,142","$2,618","$2,990","$2,691","$3,289","$3,220","$2,898","$3,542"
10470,METRO48325M48325,"Westchester County, NY Statutory Exception Area","$2,100","$1,890","$2,310","$2,140","$1,926","$2,354","$2,420","$2,178","$2,662","$3,040","$2,736","$3,344","$3,270","$2,943","$3,597"
10471,METRO48325M48325,"Westchester County, NY Statutory Exception Area","$2,350","$2,115","$2,585","$2,400","$2,160","$2,640","$2,710","$2,439","$2,981","$3,400","$3,060","$3,740","$3,670","$3,303","$4,037"
10501,METRO48325M48325,"Westchester County, NY Statutory Exception Area","$1,530","$1,377","$1,683","$1,770","$1,593","$1,947","$2,160","$1,944","$2,376","$2,670","$2,403","$2,937","$2,960","$2,664","$3,256"
10502,METRO48325M48325,"Westchester County, NY Statutory Exception Area","$1,700","$1,530","$1,870","$1,970","$1,773","$2,167","$2,400","$2,160","$2,640","$2,970","$2,673","$3,267","$3,290","$2,961","$3,619"
10503,METRO48325M48325,"Westchester County, NY Statutory Exception Area","$1,380","$1,242","$1,518","$1,600","$1,440","$1,760","$1,950","$1,755","$2,145","$2,420","$2,178","$2,662","$2,670","$2,403","$2,937"
10504,METRO48325M48325,"Westchester County, NY Statutory Exception Area","$2,150","$1,935","$2,365","$2,500","$2,250","$2,750","$3,040","$2,736","$3,344","$3,770","$3,393","$4,147","$4,170","$3,753","$4,587"
10505,METRO48325M48325,"Westchester County, NY Statutory Exception Area","$1,820","$1,638","$2,002","$1,980","$1,782","$2,178","$2,410","$2,169","$2,651","$2,990","$2,691","$3,289","$3,300","$2,970","$3,630"
10506,METRO48325M48325,"Westchester County, NY Statutory Exception Area","$2,150","$1,935","$2,365","$2,500","$2,250","$2,750","$3,040","$2,736","$3,344","$3,770","$3,393","$4,147","$4,170","$3,753","$4,587"
10507,METRO48325M48325,"Westchester County, NY Statutory Exception Area","$1,490","$1,341","$1,639","$1,730","$1,557","$1,903","$2,100","$1,890","$2,310","$2,600","$2,340","$2,860","$2,880","$2,592","$3,168"
10509,METRO48325M48325,"Westchester County, NY Statutory Exception Area","$2,050","$1,845","$2,255","$2,100","$1,890","$2,310","$2,370","$2,133","$2,607","$2,980","$2,682","$3,278","$3,210","$2,889","$3,531"
10510,METRO48325M48325,"Westchester County, NY Statutory Exception Area","$1,660","$1,494","$1,826","$1,930","$1,737","$2,123","$2,350","$2,115","$2,585","$2,910","$2,619","$3,201","$3,220","$2,898","$3,542"
10511,METRO48325M48325,"Westchester County, NY Statutory Exception Area","$1,330","$1,197","$1,463","$1,550","$1,395","$1,705","$1,880","$1,692","$2,068","$2,330","$2,097","$2,563","$2,580","$2,322","$2,838"
10514,METRO48325M48325,"Westchester County, NY Statutory Exception Area","$2,150","$1,935","$2,365","$2,500","$2,250","$2,750","$3,040","$2,736","$3,344","$3,770","$3,393","$4,147","$4,170","$3,753","$4,587"
10517,METRO48325M48325,"Westchester County, NY Statutory Exception Area","$1,610","$1,449","$1,771","$1,870","$1,683","$2,057","$2,270","$2,043","$2,497","$2,820","$2,538","$3,102","$3,110","$2,799","$3,421"
10518,METRO48325M48325,"Westchester County, NY Statutory Exception Area","$1,880","$1,692","$2,068","$2,180","$1,962","$2,398","$2,650","$2,385","$2,915","$3,290","$2,961","$3,619","$3,640","$3,276","$4,004"
10519,METRO48325M48325,"Westchester County, NY Statutory Exception Area","$1,830","$1,647","$2,013","$2,060","$1,854","$2,266","$2,450","$2,205","$2,695","$3,050","$2,745","$3,355","$3,350","$3,015","$3,685"
10520,METRO48325M48325,"Westchester County, NY Statutory Exception Area","$1,300","$1,170","$1,430","$1,510","$1,359","$1,661","$1,840","$1,656","$2,024","$2,280","$2,052","$2,508","$2,520","$2,268","$2,772"
10522,METRO48325M48325,"Westchester County, NY Statutory Exception Area","$1,690","$1,521","$1,859","$1,970","$1,773","$2,167","$2,390","$2,151","$2,629","$2,960","$2,664","$3,256","$3,280","$2,952","$3,608"
10523,METRO48325M48325,"Westchester County, NY Statutory Exception Area","$2,100","$1,890","$2,310","$2,440","$2,196","$2,684","$2,970","$2,673","$3,267","$3,680","$3,312","$4,048","$4,070","$3,663","$4,477"
10526,METRO48325M48325,"Westchester County, NY Statutory Exception Area","$1,830","$1,647","$2,013","$2,120","$1,908","$2,332","$2,590","$2,331","$2,849","$3,210","$2,889","$3,531","$3,550","$3,195","$3,905"
10527,METRO48325M48325,"Westchester County, NY Statutory Exception Area","$1,360","$1,224","$1,496","$1,580","$1,422","$1,738","$1,920","$1,728","$2,112","$2,380","$2,142","$2,618","$2,630","$2,367","$2,893"
10528,METRO48325M48325,"Westchester County, NY Statutory Exception Area","$1,950","$1,755","$2,145","$2,270","$2,043","$2,497","$2,760","$2,484","$3,036","$3,420","$3,078","$3,762","$3,780","$3,402","$4,158"
10530,METRO48325M48325,"Westchester County, NY Statutory Exception Area","$1,750","$1,575","$1,925","$2,030","$1,827","$2,233","$2,470","$2,223","$2,717","$3,060","$2,754","$3,366","$3,390","$3,051","$3,729"
10532,METRO48325M48325,"Westchester County, NY Statutory Exception Area","$1,660","$1,494","$1,826","$1,920","$1,728","$2,112","$2,340","$2,106","$2,574","$2,900","$2,610","$3,190","$3,210","$2,889","$3,531"
10533,METRO48325M48325,"Westchester County, NY Statutory Exception Area","$1,380","$1,242","$1,518","$1,600","$1,440","$1,760","$1,950","$1,755","$2,145","$2,420","$2,178","$2,662","$2,670","$2,403","$2,937"
10535,METRO48325M48325,"Westchester County, NY Statutory Exception Area","$1,510","$1,359","$1,661","$1,720","$1,548","$1,892","$2,060","$1,854","$2,266","$2,560","$2,304","$2,816","$2,820","$2,538","$3,102"
10536,METRO48325M48325,"Westchester County, NY Statutory Exception Area","$1,940","$1,746","$2,134","$2,250","$2,025","$2,475","$2,740","$2,466","$3,014","$3,400","$3,060","$3,740","$3,760","$3,384","$4,136"
10537,METRO48325M48325,"Westchester County, NY Statutory Exception Area","$2,660","$2,394","$2,926","$2,750","$2,475","$3,025","$3,130","$2,817","$3,443","$3,930","$3,537","$4,323","$4,240","$3,816","$4,664"
10538,METRO48325M48325,"Westchester County, NY Statutory Exception Area","$1,700","$1,530","$1,870","$1,970","$1,773","$2,167","$2,400","$2,160","$2,640","$2,980","$2,682","$3,278","$3,290","$2,961","$3,619"
10540,METRO48325M48325,"Westchester County, NY Statutory Exception Area","$1,440","$1,296","$1,584","$1,670","$1,503","$1,837","$2,030","$1,827","$2,233","$2,520","$2,268","$2,772","$2,780","$2,502","$3,058"
10541,METRO48325M48325,"Westchester County, NY Statutory Exception Area","$2,050","$1,845","$2,255","$2,110","$1,899","$2,321","$2,390","$2,151","$2,629","$3,000","$2,700","$3,300","$3,230","$2,907","$3,553"
10543,METRO48325M48325,"Westchester County, NY Statutory Exception Area","$1,730","$1,557","$1,903","$2,010","$1,809","$2,211","$2,440","$2,196","$2,684","$3,020","$2,718","$3,322","$3,350","$3,015","$3,685"
10545,METRO48325M48325,"Westchester County, NY Statutory Exception Area","$1,440","$1,296","$1,584","$1,670","$1,503","$1,837","$2,030","$1,827","$2,233","$2,520","$2,268","$2,772","$2,780","$2,502","$3,058"
10546,METRO48325M48325,"Westchester County, NY Statutory Exception Area","$2,150","$1,935","$2,365","$2,500","$2,250","$2,750","$3,040","$2,736","$3,344","$3,770","$3,393","$4,147","$4,170","$3,753","$4,587"
10547,METRO48325M48325,"Westchester County, NY Statutory Exception Area","$1,590","$1,431","$1,749","$1,840","$1,656","$2,024","$2,240","$2,016","$2,464","$2,780","$2,502","$3,058","$3,070","$2,763","$3,377"
10548,METRO48325M48325,"Westchester County, NY Statutory Exception Area","$1,220","$1,098","$1,342","$1,410","$1,269","$1,551","$1,700","$1,530","$1,870","$2,140","$1,926","$2,354","$2,420","$2,178","$2,662"
10549,METRO48325M48325,"Westchester County, NY Statutory Exception Area","$1,470","$1,323","$1,617","$1,700","$1,530","$1,870","$2,070","$1,863","$2,277","$2,570","$2,313","$2,827","$2,840","$2,556","$3,124"
10550,METRO48325M48325,"Westchester County, NY Statutory Exception Area","$1,820","$1,638","$2,002","$1,850","$1,665","$2,035","$2,110","$1,899","$2,321","$2,660","$2,394","$2,926","$2,860","$2,574","$3,146"
10551,METRO48325M48325,"Westchester County, NY Statutory Exception Area","$1,440","$1,296","$1,584","$1,670","$1,503","$1,837","$2,030","$1,827","$2,233","$2,520","$2,268","$2,772","$2,780","$2,502","$3,058"
10552,METRO48325M48325,"Westchester County, NY Statutory Exception Area","$1,340","$1,206","$1,474","$1,550","$1,395","$1,705","$1,890","$1,701","$2,079","$2,340","$2,106","$2,574","$2,590","$2,331","$2,849"
10553,METRO48325M48325,"Westchester County, NY Statutory Exception Area","$1,310","$1,179","$1,441","$1,520","$1,368","$1,672","$1,850","$1,665","$2,035","$2,290","$2,061","$2,519","$2,540","$2,286","$2,794"
10560,METRO48325M48325,"Westchester County, NY Statutory Exception Area","$1,520","$1,368","$1,672","$1,770","$1,593","$1,947","$2,150","$1,935","$2,365","$2,670","$2,403","$2,937","$2,950","$2,655","$3,245"
10562,METRO48325M48325,"Westchester County, NY Statutory Exception Area","$1,490","$1,341","$1,639","$1,730","$1,557","$1,903","$2,100","$1,890","$2,310","$2,600","$2,340","$2,860","$2,880","$2,592","$3,168"
10566,METRO48325M48325,"Westchester County, NY Statutory Exception Area","$1,360","$1,224","$1,496","$1,580","$1,422","$1,738","$1,920","$1,728","$2,112","$2,380","$2,142","$2,618","$2,630","$2,367","$2,893"
10567,METRO48325M48325,"Westchester County, NY Statutory Exception Area","$1,820","$1,638","$2,002","$1,890","$1,701","$2,079","$2,300","$2,070","$2,530","$2,850","$2,565","$3,135","$3,150","$2,835","$3,465"
10570,METRO48325M48325,"Westchester County, NY Statutory Exception Area","$1,510","$1,359","$1,661","$1,760","$1,584","$1,936","$2,140","$1,926","$2,354","$2,650","$2,385","$2,915","$2,930","$2,637","$3,223"
10573,METRO48325M48325,"Westchester County, NY Statutory Exception Area","$1,330","$1,197","$1,463","$1,550","$1,395","$1,705","$1,880","$1,692","$2,068","$2,330","$2,097","$2,563","$2,580","$2,322","$2,838"
10576,METRO48325M48325,"Westchester County, NY Statutory Exception Area","$2,080","$1,872","$2,288","$2,450","$2,205","$2,695","$2,980","$2,682","$3,278","$3,680","$3,312","$4,048","$4,060","$3,654","$4,466"
10577,METRO48325M48325,"Westchester County, NY Statutory Exception Area","$1,660","$1,494","$1,826","$1,930","$1,737","$2,123","$2,350","$2,115","$2,585","$2,910","$2,619","$3,201","$3,220","$2,898","$3,542"
10578,METRO48325M48325,"Westchester County, NY Statutory Exception Area","$1,990","$1,791","$2,189","$2,320","$2,088","$2,552","$2,820","$2,538","$3,102","$3,500","$3,150","$3,850","$3,870","$3,483","$4,257"
10580,METRO48325M48325,"Westchester County, NY Statutory Exception Area","$2,150","$1,935","$2,365","$2,500","$2,250","$2,750","$3,040","$2,736","$3,344","$3,770","$3,393","$4,147","$4,170","$3,753","$4,587"
10583,METRO48325M48325,"Westchester County, NY Statutory Exception Area","$1,770","$1,593","$1,947","$2,060","$1,854","$2,266","$2,500","$2,250","$2,750","$3,100","$2,790","$3,410","$3,430","$3,087","$3,773"
10587,METRO48325M48325,"Westchester County, NY Statutory Exception Area","$1,440","$1,296","$1,584","$1,670","$1,503","$1,837","$2,030","$1,827","$2,233","$2,520","$2,268","$2,772","$2,780","$2,502","$3,058"
10588,METRO48325M48325,"Westchester County, NY Statutory Exception Area","$1,820","$1,638","$2,002","$1,850","$1,665","$2,035","$2,230","$2,007","$2,453","$2,770","$2,493","$3,047","$3,060","$2,754","$3,366"
10589,METRO48325M48325,"Westchester County, NY Statutory Exception Area","$2,150","$1,935","$2,365","$2,500","$2,250","$2,750","$3,040","$2,736","$3,344","$3,770","$3,393","$4,147","$4,170","$3,753","$4,587"
10590,METRO48325M48325,"Westchester County, NY Statutory Exception Area","$1,780","$1,602","$1,958","$2,060","$1,854","$2,266","$2,510","$2,259","$2,761","$3,110","$2,799","$3,421","$3,440","$3,096","$3,784"
10591,METRO48325M48325,"Westchester County, NY Statutory Exception Area","$1,490","$1,341","$1,639","$1,740","$1,566","$1,914","$2,110","$1,899","$2,321","$2,620","$2,358","$2,882","$2,890","$2,601","$3,179"
10594,METRO48325M48325,"Westchester County, NY Statutory Exception Area","$1,780","$1,602","$1,958","$2,060","$1,854","$2,266","$2,510","$2,259","$2,761","$3,110","$2,799","$3,421","$3,440","$3,096","$3,784"
10595,METRO48325M48325,"Westchester County, NY Statutory Exception Area","$1,740","$1,566","$1,914","$2,020","$1,818","$2,222","$2,460","$2,214","$2,706","$3,050","$2,745","$3,355","$3,370","$3,033","$3,707"
10596,METRO48325M48325,"Westchester County, NY Statutory Exception Area","$1,530","$1,377","$1,683","$1,780","$1,602","$1,958","$2,160","$1,944","$2,376","$2,680","$2,412","$2,948","$2,960","$2,664","$3,256"
10597,METRO48325M48325,"Westchester County, NY Statutory Exception Area","$1,720","$1,548","$1,892","$2,000","$1,800","$2,200","$2,430","$2,187","$2,673","$3,020","$2,718","$3,322","$3,340","$3,006","$3,674"
10598,METRO48325M48325,"Westchester County, NY Statutory Exception Area","$1,360","$1,224","$1,496","$1,580","$1,422","$1,738","$1,920","$1,728","$2,112","$2,380","$2,142","$2,618","$2,630","$2,367","$2,893"
10601,METRO48325M48325,"Westchester County, NY Statutory Exception Area","$1,710","$1,539","$1,881","$1,980","$1,782","$2,178","$2,410","$2,169","$2,651","$2,990","$2,691","$3,289","$3,300","$2,970","$3,630"
10602,METRO48325M48325,"Westchester County, NY Statutory Exception Area","$1,440","$1,296","$1,584","$1,670","$1,503","$1,837","$2,030","$1,827","$2,233","$2,520","$2,268","$2,772","$2,780","$2,502","$3,058"
10603,METRO48325M48325,"Westchester County, NY Statutory Exception Area","$1,560","$1,404","$1,716","$1,810","$1,629","$1,991","$2,200","$1,980","$2,420","$2,730","$2,457","$3,003","$3,020","$2,718","$3,322"
10604,METRO48325M48325,"Westchester County, NY Statutory Exception Area","$1,710","$1,539","$1,881","$1,990","$1,791","$2,189","$2,420","$2,178","$2,662","$3,000","$2,700","$3,300","$3,320","$2,988","$3,652"
10605,METRO48325M48325,"Westchester County, NY Statutory Exception Area","$1,540","$1,386","$1,694","$1,790","$1,611","$1,969","$2,170","$1,953","$2,387","$2,690","$2,421","$2,959","$2,980","$2,682","$3,278"
10606,METRO48325M48325,"Westchester County, NY Statutory Exception Area","$1,680","$1,512","$1,848","$1,960","$1,764","$2,156","$2,380","$2,142","$2,618","$2,950","$2,655","$3,245","$3,260","$2,934","$3,586"
10607,METRO48325M48325,"Westchester County, NY Statutory Exception Area","$1,570","$1,413","$1,727","$1,830","$1,647","$2,013","$2,220","$1,998","$2,442","$2,750","$2,475","$3,025","$3,040","$2,736","$3,344"
10701,METRO48325M48325,"Westchester County, NY Statutory Exception Area","$1,240","$1,116","$1,364","$1,440","$1,296","$1,584","$1,750","$1,575","$1,925","$2,170","$1,953","$2,387","$2,420","$2,178","$2,662"
10702,METRO48325M48325,"Westchester County, NY Statutory Exception Area","$1,440","$1,296","$1,584","$1,670","$1,503","$1,837","$2,030","$1,827","$2,233","$2,520","$2,268","$2,772","$2,780","$2,502","$3,058"
10703,METRO48325M48325,"Westchester County, NY Statutory Exception Area","$1,230","$1,107","$1,353","$1,430","$1,287","$1,573","$1,740","$1,566","$1,914","$2,160","$1,944","$2,376","$2,420","$2,178","$2,662"
10704,METRO48325M48325,"Westchester County, NY Statutory Exception Area","$1,390","$1,251","$1,529","$1,610","$1,449","$1,771","$1,960","$1,764","$2,156","$2,430","$2,187","$2,673","$2,690","$2,421","$2,959"
10705,METRO48325M48325,"Westchester County, NY Statutory Exception Area","$1,310","$1,179","$1,441","$1,520","$1,368","$1,672","$1,850","$1,665","$2,035","$2,290","$2,061","$2,519","$2,540","$2,286","$2,794"
10706,METRO48325M48325,"Westchester County, NY Statutory Exception Area","$1,660","$1,494","$1,826","$1,920","$1,728","$2,112","$2,340","$2,106","$2,574","$2,900","$2,610","$3,190","$3,210","$2,889","$3,531"
10707,METRO48325M48325,"Westchester County, NY Statutory Exception Area","$1,780","$1,602","$1,958","$2,070","$1,863","$2,277","$2,520","$2,268","$2,772","$3,120","$2,808","$3,432","$3,460","$3,114","$3,806"
10708,METRO48325M48325,"Westchester County, NY Statutory Exception Area","$1,540","$1,386","$1,694","$1,790","$1,611","$1,969","$2,170","$1,953","$2,387","$2,690","$2,421","$2,959","$2,980","$2,682","$3,278"
10709,METRO48325M48325,"Westchester County, NY Statutory Exception Area","$1,570","$1,413","$1,727","$1,830","$1,647","$2,013","$2,220","$1,998","$2,442","$2,750","$2,475","$3,025","$3,040","$2,736","$3,344"
10710,METRO48325M48325,"Westchester County, NY Statutory Exception Area","$1,320","$1,188","$1,452","$1,540","$1,386","$1,694","$1,870","$1,683","$2,057","$2,320","$2,088","$2,552","$2,560","$2,304","$2,816"
10801,METRO48325M48325,"Westchester County, NY Statutory Exception Area","$1,400","$1,260","$1,540","$1,630","$1,467","$1,793","$1,980","$1,782","$2,178","$2,450","$2,205","$2,695","$2,720","$2,448","$2,992"
10802,METRO48325M48325,"Westchester County, NY Statutory Exception Area","$1,440","$1,296","$1,584","$1,670","$1,503","$1,837","$2,030","$1,827","$2,233","$2,520","$2,268","$2,772","$2,780","$2,502","$3,058"
10803,METRO48325M48325,"Westchester County, NY Statutory Exception Area","$1,820","$1,638","$2,002","$1,900","$1,710","$2,090","$2,310","$2,079","$2,541","$2,860","$2,574","$3,146","$3,170","$2,853","$3,487"
10804,METRO48325M48325,"Westchester County, NY Statutory Exception Area","$2,040","$1,836","$2,244","$2,370","$2,133","$2,607","$2,880","$2,592","$3,168","$3,570","$3,213","$3,927","$3,950","$3,555","$4,345"
10805,METRO48325M48325,"Westchester County, NY Statutory Exception Area","$1,420","$1,278","$1,562","$1,650","$1,485","$1,815","$2,010","$1,809","$2,211","$2,490","$2,241","$2,739","$2,760","$2,484","$3,036"
