"GEO_ID","NAME","P8_001N","P8_002N","P8_003N","P8_004N","P8_005N","P8_006N","P8_007N","P8_008N","P8_009N","P8_010N","P8_011N","P8_012N","P8_013N","P8_014N","P8_015N","P8_016N","P8_017N","P8_018N","P8_019N","P8_020N","P8_021N","P8_022N","P8_023N","P8_024N","P8_025N","P8_026N","P8_027N","P8_028N","P8_029N","P8_030N","P8_031N","P8_032N","P8_033N","P8_034N","P8_035N","P8_036N","P8_037N","P8_038N","P8_039N","P8_040N","P8_041N","P8_042N","P8_043N","P8_044N","P8_045N","P8_046N","P8_047N","P8_048N","P8_049N","P8_050N","P8_051N","P8_052N","P8_053N","P8_054N","P8_055N","P8_056N","P8_057N","P8_058N","P8_059N","P8_060N","P8_061N","P8_062N","P8_063N","P8_064N","P8_065N","P8_066N","P8_067N","P8_068N","P8_069N","P8_070N","P8_071N",
"860Z200US06390","ZCTA5 06390","422","385","359","3","2","11","2","8","37","32","4","3","2","0","21","0","0","0","2","0","0","0","0","0","0","5","2","0","0","0","0","0","1","0","1","0","1","0","0","0","0","0","0","0","0","0","0","0","0","0","0","0","0","0","0","0","0","0","0","0","0","0","0","0","0","0","0","0","0","0","0",
"860Z200US10001","ZCTA5 10001","32612","29742","17409","3691","131","6403","57","2051","2870","2620","247","70","441","7","1493","43","24","1","189","7","0","18","57","19","4","215","27","20","1","81","9","1","39","7","16","1","0","0","10","0","0","0","0","2","0","1","35","2","1","28","0","4","0","0","0","0","0","0","0","0","0","0","0","0","0","0","0","0","0","0","0",
"860Z200US10002","ZCTA5 10002","82155","74781","22907","8260","440","33523","75","9576","7374","6710","539","167","913","27","3651","117","100","7","870","37","2","80","35","100","65","529","103","41","0","195","13","0","68","6","49","6","7","1","15","0","17","1","2","2","1","2","120","17","0","91","3","5","0","1","2","0","1","0","0","0","0","0","14","3","4","6","0","0","1","1","1",
"860Z200US10003","ZCTA5 10003","57076","52474","39636","2369","105","8189","34","2141","4602","4308","393","126","1122","21","1924","41","56","2","109","0","2","17","444","48","3","238","44","23","0","68","7","0","31","15","27","0","1","2","4","1","12","0","0","0","1","2","47","6","0","28","0","9","0","0","4","0","0","0","0","0","0","0","9","3","6","0","0","0","0","0","0",
"860Z200US10004","ZCTA5 10004","4287","3825","2549","209","8","937","6","116","462","421","34","18","143","2","186","1","8","0","17","0","0","4","5","3","0","40","6","5","0","8","1","0","8","5","5","1","1","0","0","0","0","0","0","0","0","0","1","0","0","0","0","1","0","0","0","0","0","0","0","0","0","0","0","0","0","0","0","0","0","0","0",
"860Z200US10005","ZCTA5 10005","10639","9712","7008","431","16","1965","12","280","927","878","77","37","232","6","460","8","19","0","25","1","0","0","3","10","0","46","5","3","0","10","1","0","10","0","15","0","0","0","2","0","0","0","0","0","0","0","3","2","0","0","0","0","0","0","1","0","0","0","0","0","0","0","0","0","0","0","0","0","0","0","0",
"860Z200US10006","ZCTA5 10006","4282","3846","2747","139","6","842","0","112","436","397","19","17","101","2","237","1","7","2","6","0","0","0","2","3","0","34","11","0","0","9","1","0","4","6","1","0","0","0","1","0","0","0","0","1","0","0","5","0","0","5","0","0","0","0","0","0","0","0","0","0","0","0","0","0","0","0","0","0","0","0","0",
"860Z200US10007","ZCTA5 10007","8421","7636","5660","526","8","1306","10","126","785","737","43","17","284","0","350","3","5","0","5","0","0","2","8","19","1","42","7","4","0","7","1","0","3","3","14","0","1","0","1","0","1","0","0","0","0","0","5","1","0","1","1","1","0","0","0","0","0","0","0","0","0","1","1","0","0","1","0","0","0","0","0",
"860Z200US10009","ZCTA5 10009","61716","54886","32561","5654","431","9421","58","6761","6830","6262","607","219","920","16","3551","73","64","4","619","5","0","59","33","56","36","479","120","42","2","133","4","1","74","8","48","2","8","0","20","0","9","4","0","4","0","0","79","8","0","66","0","2","0","0","3","0","0","0","0","0","0","0","10","3","3","4","0","0","0","0","0",
"860Z200US10010","ZCTA5 10010","33991","31010","22084","1876","58","5378","239","1375","2981","2835","237","74","668","1","1510","34","34","0","93","2","0","18","129","31","4","130","18","12","0","30","5","0","22","5","23","0","2","1","6","0","4","1","1","0","0","0","13","1","0","9","0","2","0","0","1","0","0","0","0","0","0","0","3","0","3","0","0","0","0","0","0",
"860Z200US10011","ZCTA5 10011","53318","48647","38456","2407","145","5452","54","2133","4671","4379","350","172","981","10","2514","30","41","2","168","3","1","12","62","25","8","258","53","30","0","64","7","0","43","8","33","1","7","1","6","0","1","1","1","1","0","1","33","6","0","22","0","3","0","0","2","0","0","0","0","0","0","0","1","1","0","0","0","0","0","0","0",
"860Z200US10012","ZCTA5 10012","23125","21033","16362","609","24","3321","16","701","2092","1962","206","87","607","8","939","5","22","2","45","7","0","6","12","15","1","106","10","18","0","17","5","1","14","10","24","0","0","0","5","0","1","0","0","0","0","1","22","6","1","10","0","1","0","0","4","0","0","0","0","0","0","0","2","0","2","0","0","0","0","0","0",
"860Z200US10013","ZCTA5 10013","31042","28585","17232","1133","42","9166","28","984","2457","2351","189","63","730","16","1032","23","19","1","39","1","1","12","198","26","1","81","20","12","0","6","8","0","9","6","13","1","1","1","3","0","1","0","0","0","0","0","23","6","0","16","0","1","0","0","0","0","0","0","0","0","0","0","2","0","1","0","0","1","0","0","0",
"860Z200US10014","ZCTA5 10014","32590","29959","26296","657","39","2167","13","787","2631","2480","234","115","609","12","1328","14","6","0","52","7","1","10","60","24","8","133","27","11","0","37","6","0","20","5","15","1","1","0","4","1","2","0","2","1","0","0","16","1","0","14","0","1","0","0","0","0","0","0","0","0","0","0","2","0","2","0","0","0","0","0","0",
"860Z200US10016","ZCTA5 10016","62336","57743","39879","3304","105","12457","104","1894","4593","4302","343","126","1043","4","2339","31","58","3","213","8","0","23","54","44","13","270","60","18","0","69","6","0","35","25","31","2","4","0","9","0","8","2","0","0","1","0","14","3","0","10","0","0","0","0","0","0","0","0","0","1","0","0","6","1","4","0","0","0","1","1","1",
"860Z200US10017","ZCTA5 10017","17401","15974","10881","597","18","4029","21","428","1427","1379","98","27","338","6","822","6","9","1","38","3","0","1","13","16","1","43","7","3","0","10","1","0","7","5","5","0","1","0","4","0","0","0","0","0","0","0","4","2","0","2","0","0","0","0","0","0","0","0","0","0","0","0","1","0","1","0","0","0","0","0","0",
"860Z200US10018","ZCTA5 10018","11145","10232","4806","1446","43","3113","34","790","913","831","43","22","153","1","446","6","21","1","82","8","0","2","26","15","5","70","17","3","0","17","4","0","12","3","7","0","2","0","1","0","2","0","0","2","0","0","12","3","0","6","0","1","0","0","2","0","0","0","0","0","0","0","0","0","0","0","0","0","0","0","0",
"860Z200US10019","ZCTA5 10019","49029","44166","27551","3307","182","9904","22","3200","4863","4531","332","136","720","7","2837","37","51","8","270","2","3","38","39","46","5","284","58","10","0","69","10","0","50","17","42","2","3","0","13","0","9","0","0","0","0","1","43","7","0","27","1","7","0","0","1","0","0","0","0","0","0","0","5","4","1","0","0","0","0","0","0",
"860Z200US10020","ZCTA5 10020","0","0","0","0","0","0","0","0","0","0","0","0","0","0","0","0","0","0","0","0","0","0","0","0","0","0","0","0","0","0","0","0","0","0","0","0","0","0","0","0","0","0","0","0","0","0","0","0","0","0","0","0","0","0","0","0","0","0","0","0","0","0","0","0","0","0","0","0","0","0","0",
"860Z200US10021","ZCTA5 10021","45691","42829","36788","651","43","4541","5","801","2862","2718","169","54","659","11","1687","10","26","7","56","2","0","6","12","14","5","127","7","9","0","29","5","0","25","15","26","1","1","0","2","1","4","2","0","0","0","0","12","4","0","5","0","0","0","0","3","0","0","0","0","0","0","0","5","1","4","0","0","0","0","0","0",
"860Z200US10022","ZCTA5 10022","36708","34234","27511","899","34","4993","31","766","2474","2330","172","56","468","5","1494","12","18","2","41","16","0","10","14","16","6","115","11","11","2","23","7","0","26","13","12","2","2","0","2","0","2","0","0","1","0","1","25","7","0","14","1","1","0","0","2","0","0","0","0","0","0","0","2","1","1","0","0","0","0","2","2",
"860Z200US10023","ZCTA5 10023","71164","65044","50346","3080","157","8904","33","2524","6120","5755","445","184","1340","9","3236","54","51","5","330","8","2","23","24","38","6","303","48","15","1","82","9","0","45","12","63","1","5","0","13","2","6","1","0","0","0","0","58","6","1","33","1","10","3","0","1","0","1","0","1","0","0","1","3","1","1","1","0","0","0","1","1",
"860Z200US10024","ZCTA5 10024","62250","56492","46065","3342","116","4285","39","2645","5758","5395","457","189","1154","14","3077","36","47","3","308","3","0","36","23","36","12","301","71","28","2","77","12","0","40","3","41","4","4","0","12","3","1","0","0","0","0","3","57","5","0","43","0","6","0","0","1","0","2","0","0","0","0","0","5","1","3","1","0","0","0","0","0",
"860Z200US10025","ZCTA5 10025","95424","85034","52488","11666","477","11075","44","9284","10390","9525","979","266","1535","24","4873","167","112","14","1269","14","3","88","32","107","42","710","176","46","2","224","9","0","121","7","68","2","6","1","23","0","18","5","0","2","0","0","143","10","2","117","0","13","0","1","0","0","0","0","0","0","0","0","10","1","7","2","0","0","0","2","2",
"860Z200US10026","ZCTA5 10026","35644","31558","8932","16245","161","2176","18","4026","4086","3705","621","87","377","8","1233","166","91","8","995","5","0","54","16","28","16","319","112","37","1","97","6","0","36","4","14","0","8","0","3","0","1","0","0","0","0","0","45","0","0","42","0","3","0","0","0","0","0","0","0","0","0","0","16","1","13","1","0","0","1","1","1",
"860Z200US10027","ZCTA5 10027","64037","57064","17307","23606","515","6777","48","8811","6973","6342","852","151","778","14","2405","307","104","7","1550","8","1","37","23","74","31","527","112","30","1","226","15","3","68","4","22","1","6","1","20","3","11","0","0","2","0","2","99","17","0","75","0","3","0","0","2","0","1","0","0","1","0","0","5","3","2","0","0","0","0","0","0",
"860Z200US10028","ZCTA5 10028","48116","44656","38482","742","51","4456","2","923","3460","3248","280","118","758","11","1941","13","24","3","55","3","0","17","7","13","5","173","32","24","2","28","6","0","24","7","34","1","2","1","0","0","5","3","1","1","0","2","30","2","0","23","0","4","0","0","0","0","0","0","1","0","0","0","9","6","3","0","0","0","0","0","0",
"860Z200US10029","ZCTA5 10029","78141","68142","16776","21913","1349","7511","83","20510","9999","9033","852","139","475","10","4676","322","104","10","2024","16","2","207","29","100","67","818","235","52","1","252","11","1","133","7","41","1","5","0","44","3","20","5","0","4","1","2","126","13","0","106","0","5","0","0","1","0","0","1","0","0","0","0","22","3","16","0","0","0","3","0","0",
"860Z200US10030","ZCTA5 10030","29686","26769","4082","17631","211","793","44","4008","2917","2596","452","42","167","8","725","187","60","15","866","1","1","28","12","22","10","287","83","18","0","109","6","0","30","4","6","4","3","0","17","2","1","4","0","0","0","0","29","6","0","21","0","1","0","0","0","0","0","0","1","0","0","0","5","1","4","0","0","0","0","0","0",
"860Z200US10031","ZCTA5 10031","56363","47962","12338","14402","945","2252","59","17966","8401","7603","711","147","427","16","3033","190","128","9","2484","16","0","271","23","88","60","650","151","28","0","275","4","0","96","6","29","0","4","4","31","5","11","1","1","3","0","1","138","9","0","119","0","6","0","0","1","0","1","0","2","0","0","0","9","2","7","0","0","0","0","1","1",
"860Z200US10032","ZCTA5 10032","55170","45903","11724","8946","819","2677","49","21688","9267","8325","584","131","342","18","3874","137","70","12","2683","5","4","281","20","109","55","779","130","16","3","433","8","2","88","6","27","0","8","0","44","0","9","2","0","0","0","3","159","4","0","136","2","4","0","1","1","0","7","1","3","0","0","0","4","2","1","1","0","0","0","0","0",
"860Z200US10033","ZCTA5 10033","50085","41290","15205","3934","653","1467","38","19993","8795","7757","463","111","354","11","4088","46","61","6","2305","8","0","203","18","55","28","884","132","16","0","553","6","0","98","7","41","0","2","0","24","0","3","1","0","1","0","0","148","5","2","132","1","3","1","0","3","0","0","0","1","0","0","0","6","3","2","0","0","0","1","0","0",
"860Z200US10034","ZCTA5 10034","36778","30224","9056","3783","462","855","44","16024","6554","5804","442","101","211","18","2906","59","49","0","1678","7","1","168","9","80","75","597","67","18","1","376","3","0","57","1","20","5","5","0","26","1","11","2","0","0","2","2","140","3","0","130","0","6","0","0","1","0","0","0","0","0","0","0","13","1","9","2","0","0","1","0","0",
"860Z200US10035","ZCTA5 10035","35980","31306","6499","13419","624","1861","47","8856","4674","4187","424","91","259","9","1763","181","53","3","1134","7","1","143","23","49","47","393","92","33","1","127","3","0","54","11","19","3","10","0","30","0","5","3","0","2","0","0","78","4","0","62","0","5","1","0","2","0","3","1","0","0","0","0","16","0","16","0","0","0","0","0","0",
"860Z200US10036","ZCTA5 10036","33868","30581","16504","3971","179","7338","155","2434","3287","3009","257","133","385","10","1780","54","22","0","232","6","2","34","46","39","9","244","58","21","0","66","6","0","50","5","19","0","0","0","9","1","5","0","0","0","1","3","31","3","0","15","0","8","0","3","2","0","0","0","0","0","0","0","2","0","2","0","0","0","0","1","1",
"860Z200US10037","ZCTA5 10037","19670","17678","2097","12644","140","623","18","2156","1992","1788","314","28","92","3","476","139","56","2","616","7","0","15","5","16","19","172","67","19","0","44","4","0","13","4","5","1","7","0","2","0","6","0","0","0","0","0","29","3","0","16","1","9","0","0","0","0","0","0","0","0","0","0","0","0","0","0","0","0","0","3","3",
"860Z200US10038","ZCTA5 10038","25332","23199","12479","2000","67","7205","22","1426","2133","2008","193","68","453","14","997","32","40","0","124","3","1","20","21","33","9","108","20","14","0","15","2","0","17","7","20","0","3","0","6","1","0","0","0","1","0","2","17","3","0","7","0","1","1","0","3","0","1","0","1","0","0","0","0","0","0","0","0","0","0","0","0",
"860Z200US10039","ZCTA5 10039","29239","26363","2809","18417","222","774","30","4111","2876","2553","389","53","92","3","713","237","45","8","888","2","0","70","9","14","30","260","86","14","0","69","0","0","35","7","14","1","0","0","15","0","12","1","0","1","0","5","57","6","2","42","0","2","0","1","3","0","1","0","0","0","0","0","6","1","5","0","0","0","0","0","0",
"860Z200US10040","ZCTA5 10040","40405","33468","10876","3341","451","1135","23","17642","6937","6241","421","104","237","12","3143","72","50","11","1943","5","0","120","8","62","53","575","79","17","0","346","4","0","52","3","36","1","0","0","31","1","2","0","0","1","0","2","114","3","0","104","0","5","0","0","1","0","1","0","0","0","0","0","5","4","0","1","0","0","0","2","2",
"860Z200US10044","ZCTA5 10044","11722","10600","4513","1331","188","3903","98","567","1122","1067","124","26","165","5","596","11","18","1","79","1","0","7","9","21","4","46","7","5","0","8","0","0","16","1","5","0","0","0","2","0","1","1","0","0","0","0","8","3","0","0","0","5","0","0","0","0","0","0","0","0","0","0","1","0","1","0","0","0","0","0","0",
"860Z200US10065","ZCTA5 10065","32891","30482","25583","545","28","3740","22","564","2409","2272","151","80","556","7","1385","8","11","2","32","2","0","11","9","15","3","112","32","8","1","17","2","0","23","3","15","0","1","1","7","0","0","1","1","0","0","0","24","6","0","16","0","2","0","0","0","0","0","0","0","0","0","0","1","0","1","0","0","0","0","0","0",
"860Z200US10069","ZCTA5 10069","6671","6057","4115","187","13","1593","4","145","614","557","44","4","155","0","306","11","2","1","12","1","0","6","1","14","0","45","3","5","0","15","0","0","5","4","7","2","3","0","0","0","0","0","0","0","1","0","12","0","0","12","0","0","0","0","0","0","0","0","0","0","0","0","0","0","0","0","0","0","0","0","0",
"860Z200US10075","ZCTA5 10075","27796","25894","22122","517","28","2689","12","526","1902","1780","123","68","472","2","1056","6","10","0","28","2","1","0","5","7","0","106","24","7","0","21","3","2","22","5","20","0","1","0","0","0","0","0","0","0","0","1","15","2","0","8","0","1","0","1","3","0","0","0","0","0","0","0","1","1","0","0","0","0","0","0","0",
"860Z200US10103","ZCTA5 10103","10","9","8","0","0","1","0","0","1","1","0","0","1","0","0","0","0","0","0","0","0","0","0","0","0","0","0","0","0","0","0","0","0","0","0","0","0","0","0","0","0","0","0","0","0","0","0","0","0","0","0","0","0","0","0","0","0","0","0","0","0","0","0","0","0","0","0","0","0","0","0",
"860Z200US10110","ZCTA5 10110","14","10","6","2","0","2","0","0","4","3","0","0","0","0","2","0","1","0","0","0","0","0","0","0","0","0","0","0","0","0","0","0","0","0","0","0","0","0","0","0","0","0","0","0","0","0","0","0","0","0","0","0","0","0","0","0","0","0","0","0","0","0","1","0","1","0","0","0","0","0","0",
"860Z200US10111","ZCTA5 10111","6","6","1","0","0","2","0","3","0","0","0","0","0","0","0","0","0","0","0","0","0","0","0","0","0","0","0","0","0","0","0","0","0","0","0","0","0","0","0","0","0","0","0","0","0","0","0","0","0","0","0","0","0","0","0","0","0","0","0","0","0","0","0","0","0","0","0","0","0","0","0",
"860Z200US10112","ZCTA5 10112","5","3","3","0","0","0","0","0","2","2","0","0","2","0","0","0","0","0","0","0","0","0","0","0","0","0","0","0","0","0","0","0","0","0","0","0","0","0","0","0","0","0","0","0","0","0","0","0","0","0","0","0","0","0","0","0","0","0","0","0","0","0","0","0","0","0","0","0","0","0","0",
"860Z200US10115","ZCTA5 10115","0","0","0","0","0","0","0","0","0","0","0","0","0","0","0","0","0","0","0","0","0","0","0","0","0","0","0","0","0","0","0","0","0","0","0","0","0","0","0","0","0","0","0","0","0","0","0","0","0","0","0","0","0","0","0","0","0","0","0","0","0","0","0","0","0","0","0","0","0","0","0",
"860Z200US10119","ZCTA5 10119","154","140","47","57","7","0","7","22","14","10","0","2","0","0","3","0","0","0","3","0","0","0","2","0","0","3","0","0","0","2","0","0","0","0","1","0","0","0","0","0","0","0","0","0","0","0","1","0","0","1","0","0","0","0","0","0","0","0","0","0","0","0","0","0","0","0","0","0","0","0","0",
"860Z200US10128","ZCTA5 10128","64249","58899","46313","2871","97","7365","18","2235","5350","5025","421","148","1113","9","2805","46","59","5","249","13","2","43","31","74","7","295","39","20","2","70","11","0","48","9","60","0","0","0","25","1","6","0","0","1","0","3","28","1","1","23","0","2","0","0","0","0","0","0","1","0","0","0","1","1","0","0","0","0","0","1","1",
"860Z200US10152","ZCTA5 10152","48","37","26","1","2","7","0","1","11","9","4","0","5","0","0","0","0","0","0","0","0","0","0","0","0","2","0","0","0","0","0","0","0","0","2","0","0","0","0","0","0","0","0","0","0","0","0","0","0","0","0","0","0","0","0","0","0","0","0","0","0","0","0","0","0","0","0","0","0","0","0",
"860Z200US10153","ZCTA5 10153","0","0","0","0","0","0","0","0","0","0","0","0","0","0","0","0","0","0","0","0","0","0","0","0","0","0","0","0","0","0","0","0","0","0","0","0","0","0","0","0","0","0","0","0","0","0","0","0","0","0","0","0","0","0","0","0","0","0","0","0","0","0","0","0","0","0","0","0","0","0","0",
"860Z200US10154","ZCTA5 10154","0","0","0","0","0","0","0","0","0","0","0","0","0","0","0","0","0","0","0","0","0","0","0","0","0","0","0","0","0","0","0","0","0","0","0","0","0","0","0","0","0","0","0","0","0","0","0","0","0","0","0","0","0","0","0","0","0","0","0","0","0","0","0","0","0","0","0","0","0","0","0",
"860Z200US10162","ZCTA5 10162","1814","1647","1409","20","3","194","3","18","167","163","8","1","40","0","106","0","0","0","4","0","0","2","2","0","0","3","1","0","0","1","0","0","1","0","0","0","0","0","0","0","0","0","0","0","0","0","0","0","0","0","0","0","0","0","0","0","0","0","0","0","0","0","0","0","0","0","0","0","0","1","1",
"860Z200US10165","ZCTA5 10165","20","19","7","11","1","0","0","0","1","1","0","0","0","0","1","0","0","0","0","0","0","0","0","0","0","0","0","0","0","0","0","0","0","0","0","0","0","0","0","0","0","0","0","0","0","0","0","0","0","0","0","0","0","0","0","0","0","0","0","0","0","0","0","0","0","0","0","0","0","0","0",
"860Z200US10167","ZCTA5 10167","0","0","0","0","0","0","0","0","0","0","0","0","0","0","0","0","0","0","0","0","0","0","0","0","0","0","0","0","0","0","0","0","0","0","0","0","0","0","0","0","0","0","0","0","0","0","0","0","0","0","0","0","0","0","0","0","0","0","0","0","0","0","0","0","0","0","0","0","0","0","0",
"860Z200US10168","ZCTA5 10168","0","0","0","0","0","0","0","0","0","0","0","0","0","0","0","0","0","0","0","0","0","0","0","0","0","0","0","0","0","0","0","0","0","0","0","0","0","0","0","0","0","0","0","0","0","0","0","0","0","0","0","0","0","0","0","0","0","0","0","0","0","0","0","0","0","0","0","0","0","0","0",
"860Z200US10169","ZCTA5 10169","0","0","0","0","0","0","0","0","0","0","0","0","0","0","0","0","0","0","0","0","0","0","0","0","0","0","0","0","0","0","0","0","0","0","0","0","0","0","0","0","0","0","0","0","0","0","0","0","0","0","0","0","0","0","0","0","0","0","0","0","0","0","0","0","0","0","0","0","0","0","0",
"860Z200US10170","ZCTA5 10170","40","26","9","13","0","0","0","4","14","12","1","0","1","1","4","1","0","0","2","0","0","0","0","2","0","1","0","0","0","0","0","0","0","0","1","0","0","0","0","0","0","0","0","0","0","0","1","1","0","0","0","0","0","0","0","0","0","0","0","0","0","0","0","0","0","0","0","0","0","0","0",
"860Z200US10171","ZCTA5 10171","17","10","0","9","0","1","0","0","7","6","0","1","2","0","3","0","0","0","0","0","0","0","0","0","0","1","0","0","0","0","0","0","0","0","1","0","0","0","0","0","0","0","0","0","0","0","0","0","0","0","0","0","0","0","0","0","0","0","0","0","0","0","0","0","0","0","0","0","0","0","0",
"860Z200US10172","ZCTA5 10172","0","0","0","0","0","0","0","0","0","0","0","0","0","0","0","0","0","0","0","0","0","0","0","0","0","0","0","0","0","0","0","0","0","0","0","0","0","0","0","0","0","0","0","0","0","0","0","0","0","0","0","0","0","0","0","0","0","0","0","0","0","0","0","0","0","0","0","0","0","0","0",
"860Z200US10173","ZCTA5 10173","2","2","1","1","0","0","0","0","0","0","0","0","0","0","0","0","0","0","0","0","0","0","0","0","0","0","0","0","0","0","0","0","0","0","0","0","0","0","0","0","0","0","0","0","0","0","0","0","0","0","0","0","0","0","0","0","0","0","0","0","0","0","0","0","0","0","0","0","0","0","0",
"860Z200US10174","ZCTA5 10174","17","10","7","3","0","0","0","0","7","6","1","0","0","0","3","1","0","0","0","0","0","0","0","1","0","0","0","0","0","0","0","0","0","0","0","0","0","0","0","0","0","0","0","0","0","0","1","1","0","0","0","0","0","0","0","0","0","0","0","0","0","0","0","0","0","0","0","0","0","0","0",
"860Z200US10177","ZCTA5 10177","0","0","0","0","0","0","0","0","0","0","0","0","0","0","0","0","0","0","0","0","0","0","0","0","0","0","0","0","0","0","0","0","0","0","0","0","0","0","0","0","0","0","0","0","0","0","0","0","0","0","0","0","0","0","0","0","0","0","0","0","0","0","0","0","0","0","0","0","0","0","0",
"860Z200US10199","ZCTA5 10199","71","58","13","35","1","2","2","5","13","11","3","1","0","0","1","0","0","0","6","0","0","0","0","0","0","2","0","0","0","2","0","0","0","0","0","0","0","0","0","0","0","0","0","0","0","0","0","0","0","0","0","0","0","0","0","0","0","0","0","0","0","0","0","0","0","0","0","0","0","0","0",
"860Z200US10271","ZCTA5 10271","0","0","0","0","0","0","0","0","0","0","0","0","0","0","0","0","0","0","0","0","0","0","0","0","0","0","0","0","0","0","0","0","0","0","0","0","0","0","0","0","0","0","0","0","0","0","0","0","0","0","0","0","0","0","0","0","0","0","0","0","0","0","0","0","0","0","0","0","0","0","0",
"860Z200US10278","ZCTA5 10278","6","5","2","0","1","2","0","0","1","0","0","0","0","0","0","0","0","0","0","0","0","0","0","0","0","1","0","0","0","0","0","0","1","0","0","0","0","0","0","0","0","0","0","0","0","0","0","0","0","0","0","0","0","0","0","0","0","0","0","0","0","0","0","0","0","0","0","0","0","0","0",
"860Z200US10279","ZCTA5 10279","236","198","134","6","1","57","0","0","38","35","4","3","24","0","4","0","0","0","0","0","0","0","0","0","0","0","0","0","0","0","0","0","0","0","0","0","0","0","0","0","0","0","0","0","0","0","3","0","0","2","1","0","0","0","0","0","0","0","0","0","0","0","0","0","0","0","0","0","0","0","0",
"860Z200US10280","ZCTA5 10280","8993","8180","5801","156","9","1979","8","227","813","772","69","9","215","0","421","1","7","0","30","0","0","2","1","17","0","36","4","5","0","10","0","0","2","5","8","0","1","0","0","0","1","0","0","0","0","0","5","0","0","5","0","0","0","0","0","0","0","0","0","0","0","0","0","0","0","0","0","0","0","0","0",
"860Z200US10282","ZCTA5 10282","5847","5243","3963","128","0","1035","2","115","604","562","40","21","221","1","257","1","4","0","7","2","2","0","0","6","0","35","0","3","0","9","10","0","8","3","1","0","0","0","0","0","1","0","0","0","0","0","7","1","0","3","0","2","0","0","1","0","0","0","0","0","0","0","0","0","0","0","0","0","0","0","0",
"860Z200US10301","ZCTA5 10301","41474","36950","17246","9839","418","3707","20","5720","4524","4118","501","133","335","19","2075","167","62","9","606","4","1","128","7","59","12","325","64","18","0","122","7","1","48","7","16","2","9","2","23","1","3","0","0","0","1","1","75","9","0","60","1","3","1","0","0","0","1","0","0","0","0","0","6","0","4","1","0","0","1","0","0",
"860Z200US10302","ZCTA5 10302","20931","18511","6480","4385","637","1447","4","5558","2420","2253","247","44","117","2","1208","73","38","5","290","0","0","210","4","7","8","142","27","4","0","39","2","0","49","0","5","2","3","0","8","0","2","0","0","0","0","1","23","0","0","22","0","1","0","0","0","0","0","0","0","0","0","0","1","1","0","0","0","0","0","1","1",
"860Z200US10303","ZCTA5 10303","28155","25087","5866","10127","509","2837","32","5716","3068","2807","422","54","111","4","1361","102","50","4","533","17","5","102","7","23","12","220","68","16","3","46","3","1","21","0","24","0","13","2","12","2","5","0","1","0","3","0","40","6","0","28","0","4","0","0","2","0","0","0","0","0","0","0","1","0","0","0","1","0","0","0","0",
"860Z200US10304","ZCTA5 10304","46944","43038","16239","12791","440","6986","35","6547","3906","3578","494","136","199","6","1713","148","79","10","630","13","2","70","25","32","21","284","71","14","0","77","1","0","61","3","23","0","3","0","22","1","4","1","0","0","0","3","41","2","1","32","1","0","0","1","3","0","1","0","0","0","0","0","3","2","0","0","1","0","0","0","0",
"860Z200US10305","ZCTA5 10305","44008","40807","25238","2202","313","8549","25","4480","3201","2993","242","103","339","16","1847","48","47","5","191","5","3","69","23","43","12","176","39","11","0","57","5","1","17","7","17","0","2","1","13","0","2","2","0","2","0","0","30","15","0","11","0","3","0","0","0","0","0","1","0","0","0","0","2","0","2","0","0","0","0","0","0",
"860Z200US10306","ZCTA5 10306","57919","54003","42191","1724","180","6873","13","3022","3916","3650","281","143","459","7","2478","34","13","5","138","3","0","31","17","31","10","235","35","15","0","80","9","1","36","12","30","3","0","0","9","0","0","1","2","0","0","2","28","2","0","21","2","3","0","0","0","0","0","0","0","0","0","0","3","0","3","0","0","0","0","0","0",
"860Z200US10307","ZCTA5 10307","14129","13226","12131","122","37","359","11","566","903","872","60","46","109","2","603","7","1","0","38","1","0","0","3","2","0","23","0","2","0","6","0","0","1","5","4","0","0","0","1","0","2","0","0","1","0","1","8","0","0","6","0","2","0","0","0","0","0","0","0","0","0","0","0","0","0","0","0","0","0","0","0",
"860Z200US10308","ZCTA5 10308","28198","26489","23195","213","62","2093","2","924","1709","1633","80","49","208","3","1214","5","8","0","40","0","0","12","4","9","1","71","14","3","4","17","1","0","7","2","17","2","2","0","1","0","0","0","0","0","0","1","3","1","0","2","0","0","0","0","0","0","0","0","0","0","0","0","1","0","1","0","0","0","0","1","1",
"860Z200US10309","ZCTA5 10309","33523","31457","28210","379","66","1894","8","900","2066","2001","126","84","218","6","1468","3","24","1","29","2","1","15","4","18","2","60","12","8","0","11","2","0","9","0","15","0","0","0","2","0","1","0","0","0","0","0","5","0","0","4","0","0","0","0","0","0","0","0","1","0","0","0","0","0","0","0","0","0","0","0","0",
"860Z200US10310","ZCTA5 10310","26667","23668","11083","5437","391","2149","14","4594","2999","2814","328","80","169","9","1601","65","24","5","384","4","0","94","10","28","13","169","49","4","0","65","10","1","28","3","4","0","0","0","2","0","1","2","0","0","0","0","16","0","0","11","0","5","0","0","0","0","0","0","0","0","0","0","0","0","0","0","0","0","0","0","0",
"860Z200US10311","ZCTA5 10311","0","0","0","0","0","0","0","0","0","0","0","0","0","0","0","0","0","0","0","0","0","0","0","0","0","0","0","0","0","0","0","0","0","0","0","0","0","0","0","0","0","0","0","0","0","0","0","0","0","0","0","0","0","0","0","0","0","0","0","0","0","0","0","0","0","0","0","0","0","0","0",
"860Z200US10312","ZCTA5 10312","61642","57726","49832","663","128","5270","17","1816","3916","3764","212","174","424","7","2735","14","28","7","93","1","0","26","12","22","9","132","21","13","3","28","2","0","35","0","14","0","1","0","5","1","6","1","0","0","0","2","16","2","0","12","0","2","0","0","0","0","0","0","0","0","0","0","4","1","3","0","0","0","0","0","0",
"860Z200US10314","ZCTA5 10314","92157","85965","57808","4157","418","17115","53","6414","6192","5815","471","256","653","17","3802","60","79","8","263","13","0","70","49","56","18","324","52","23","0","93","11","1","48","14","45","1","4","2","12","5","6","6","0","1","0","0","48","7","0","27","1","8","1","1","2","0","1","0","0","0","0","0","5","3","2","0","0","0","0","0","0",
"860Z200US10451","ZCTA5 10451","51536","44618","4436","21299","816","839","60","17168","6918","6307","518","51","82","1","2564","193","51","15","2446","13","7","226","22","54","64","489","100","21","4","215","0","2","42","4","13","4","3","0","45","2","17","7","2","5","0","3","108","3","0","89","0","8","1","0","1","0","0","0","3","0","3","0","13","1","12","0","0","0","0","1","1",
"860Z200US10452","ZCTA5 10452","77564","66775","5109","23794","1185","1236","115","35336","10789","9825","603","65","67","1","3952","199","58","12","4116","22","4","412","12","157","145","777","132","28","1","410","5","0","50","3","20","7","1","1","65","10","19","5","0","9","3","8","171","9","0","133","0","13","0","0","5","0","6","0","2","0","1","2","15","7","5","2","0","1","0","1","1",
"860Z200US10453","ZCTA5 10453","81951","70113","5154","26836","1250","1231","83","35559","11838","10849","700","85","71","2","3890","333","76","19","4616","11","3","706","14","128","195","788","118","18","0","460","0","1","46","2","23","6","7","0","82","1","9","4","0","3","4","4","186","21","1","158","0","4","0","0","1","0","0","0","0","0","1","0","14","8","5","0","1","0","0","1","1",
"860Z200US10454","ZCTA5 10454","40232","34573","4163","12949","1119","365","46","15931","5659","5174","374","69","40","3","2315","150","37","8","1780","9","3","259","14","58","55","387","89","4","1","157","0","0","29","0","14","0","12","3","66","1","4","1","0","3","0","3","91","6","2","72","1","6","0","0","1","1","1","0","0","0","0","1","6","2","3","1","0","0","0","1","1",
"860Z200US10455","ZCTA5 10455","43804","37308","3940","13583","932","456","43","18354","6496","5976","396","66","63","5","2698","167","35","15","2081","9","6","311","8","41","75","425","101","4","1","199","3","1","38","2","11","0","4","0","44","4","8","0","0","1","1","3","90","2","0","77","0","8","0","0","1","0","0","0","0","0","2","0","4","1","3","0","0","0","0","1","1",
"860Z200US10456","ZCTA5 10456","93412","81108","6040","40338","1188","997","136","32409","12304","11408","748","68","100","7","4206","406","110","33","5074","13","9","364","16","112","142","740","145","10","0","392","0","0","45","5","10","2","5","1","77","3","19","12","0","6","3","5","137","15","1","113","0","5","1","0","0","1","1","0","0","0","0","0","18","2","14","2","0","0","0","1","1",
"860Z200US10457","ZCTA5 10457","77488","67397","5714","27323","1235","973","122","32030","10091","9289","558","74","51","0","3783","305","64","27","3645","19","5","423","12","145","178","684","135","22","0","355","2","0","36","1","21","7","5","0","74","1","5","9","0","9","0","2","107","5","0","82","0","14","1","0","0","0","1","0","0","0","4","0","11","0","9","2","0","0","0","0","0",
"860Z200US10458","ZCTA5 10458","81299","69673","11576","18457","1721","2849","103","34967","11626","10659","618","145","231","7","5190","227","93","22","3221","38","9","475","33","200","150","821","139","20","3","423","2","2","104","1","23","6","6","0","46","2","18","8","0","7","6","5","136","8","3","106","0","7","1","1","2","0","0","1","5","0","1","1","10","4","6","0","0","0","0","0","0",
"860Z200US10459","ZCTA5 10459","50984","43312","3896","17572","1018","443","45","20338","7672","7071","405","43","49","3","3128","177","53","8","2781","6","4","251","13","68","82","499","82","10","1","240","6","2","39","0","10","1","2","0","72","0","17","10","0","1","4","2","83","9","2","58","1","8","0","0","3","0","0","0","1","0","1","0","19","4","15","0","0","0","0","0","0",
"860Z200US10460","ZCTA5 10460","62625","53848","5624","21027","1011","1288","86","24812","8777","8036","549","69","117","5","3504","217","52","19","3024","13","3","204","12","109","139","594","123","15","0","279","2","0","76","1","23","6","3","2","32","4","20","3","0","1","1","3","132","6","1","110","0","10","0","0","0","0","0","0","1","0","3","1","13","7","3","3","0","0","0","2","2",
"860Z200US10461","ZCTA5 10461","54901","48359","20206","5694","604","7784","62","14009","6542","5862","415","101","272","3","3459","99","68","15","1001","27","4","150","33","149","66","553","128","10","0","273","1","0","53","5","19","1","8","0","37","1","5","2","0","3","1","6","114","2","1","98","0","6","0","0","0","0","3","0","2","0","1","1","11","1","9","1","0","0","0","2","2",
"860Z200US10462","ZCTA5 10462","84655","73619","14645","20888","1216","15706","67","21097","11036","9894","657","84","671","9","4794","293","145","19","2414","61","2","275","21","334","115","866","165","29","1","342","4","2","193","11","31","3","9","6","35","1","18","7","0","6","1","2","255","16","2","207","0","15","1","0","4","0","2","1","6","0","0","1","21","3","14","2","0","2","0","0","0",
"860Z200US10463","ZCTA5 10463","71301","60297","24432","10183","716","3130","64","21772","11004","9802","754","120","378","8","5029","149","95","33","2734","10","4","229","19","128","112","949","161","26","5","517","4","0","118","5","25","7","6","0","47","3","13","6","0","0","2","4","249","15","0","217","0","8","0","0","3","0","4","1","1","0","0","0","4","1","2","1","0","0","0","0","0",
"860Z200US10464","ZCTA5 10464","4592","4057","3028","289","24","211","3","502","535","497","57","25","26","1","293","12","8","0","54","1","0","5","2","10","3","29","4","1","0","14","0","0","2","0","2","2","0","0","2","0","1","0","0","0","0","1","8","0","0","3","0","2","2","0","0","0","0","0","0","0","1","0","1","0","1","0","0","0","0","0","0",
"860Z200US10465","ZCTA5 10465","45799","39934","20782","5450","300","1996","35","11371","5865","5286","335","70","154","7","3431","83","31","4","942","9","4","91","11","89","25","450","99","18","0","203","5","0","67","1","9","1","4","2","22","2","7","3","1","3","1","2","122","3","1","110","0","5","0","1","0","0","1","0","0","0","0","1","7","0","6","1","0","0","0","0","0",
"860Z200US10466","ZCTA5 10466","70420","63941","3320","47270","482","1541","58","11270","6479","5967","567","54","69","5","1860","276","210","60","2388","46","2","162","13","187","68","424","110","31","3","140","1","0","35","4","16","4","3","0","37","3","22","4","0","6","1","4","65","4","0","39","1","13","0","0","1","2","2","0","2","0","1","0","15","4","10","0","1","0","0","8","8",
"860Z200US10467","ZCTA5 10467","103660","90925","12878","35831","1653","8209","95","32259","12735","11507","824","89","332","12","5019","368","118","40","3756","45","9","492","20","195","188","955","198","29","2","434","8","1","128","7","23","6","5","2","51","7","15","19","0","7","3","10","264","17","1","211","1","16","0","0","2","0","5","0","3","0","7","1","8","2","4","1","1","0","0","1","1",
"860Z200US10468","ZCTA5 10468","78238","66293","7414","16887","1416","2961","81","37534","11945","10982","568","76","125","13","5004","138","55","15","4227","13","2","442","28","139","137","800","108","22","3","475","0","0","67","2","16","1","8","0","65","3","8","11","1","6","3","1","156","11","2","124","0","13","0","0","0","1","2","0","1","1","1","0","7","2","5","0","0","0","0","0","0",
"860Z200US10469","ZCTA5 10469","71571","64445","8844","39346","435","4363","70","11387","7126","6501","637","51","274","2","2524","241","188","41","2238","16","3","81","17","138","50","500","100","26","2","191","4","3","54","2","23","3","6","1","55","1","21","4","0","3","1","0","113","17","1","79","0","10","1","0","0","0","1","0","1","0","3","0","10","7","3","0","0","0","0","2","2",
"860Z200US10470","ZCTA5 10470","16686","15049","6304","5777","125","536","15","2292","1637","1485","164","35","66","3","596","24","29","6","378","17","0","55","13","86","13","133","25","4","2","61","3","0","11","1","3","1","0","0","12","1","5","1","0","3","0","0","16","2","0","13","0","0","0","0","0","0","0","0","1","0","0","0","3","2","1","0","0","0","0","0","0",
"860Z200US10471","ZCTA5 10471","25121","22209","13978","2899","114","1743","16","3459","2912","2567","278","61","320","0","1262","51","18","12","481","6","1","21","8","35","13","259","61","6","0","111","8","1","24","1","14","1","0","0","20","0","5","1","4","2","0","0","80","0","2","69","0","9","0","0","0","0","0","0","0","0","0","0","6","0","6","0","0","0","0","0","0",
"860Z200US10472","ZCTA5 10472","72245","63215","5829","17314","1876","8198","85","29913","9030","8249","449","84","179","6","4003","188","90","25","2271","55","6","452","31","291","119","614","104","14","2","266","9","0","98","2","19","5","10","2","46","4","17","7","0","5","0","4","148","26","1","108","0","8","0","0","3","0","0","0","0","0","2","0","18","3","15","0","0","0","0","1","1",
"860Z200US10473","ZCTA5 10473","62692","54136","5772","24136","710","1907","78","21533","8556","7872","636","54","78","5","3666","260","65","22","2541","31","2","207","8","205","92","541","151","35","3","217","1","0","30","1","18","2","6","3","46","0","24","1","0","3","0","0","134","8","0","120","0","2","2","0","0","0","0","0","1","0","1","0","9","1","8","0","0","0","0","0","0",
"860Z200US10474","ZCTA5 10474","12013","10495","1030","3967","212","100","30","5156","1518","1406","81","12","28","0","680","39","5","8","467","3","1","44","1","8","29","86","12","5","0","47","0","0","14","0","2","0","0","0","4","0","2","0","0","0","0","0","26","1","4","16","0","5","0","0","0","0","0","0","0","0","0","0","0","0","0","0","0","0","0","0","0",
"860Z200US10475","ZCTA5 10475","42609","38138","3919","27822","277","581","43","5496","4471","4068","487","33","53","3","1748","194","51","2","1399","5","8","37","1","25","22","335","114","13","2","140","0","0","18","5","12","0","9","0","11","4","4","0","0","2","0","1","64","12","1","46","0","1","0","0","0","0","1","0","0","0","3","0","3","1","1","0","1","0","0","1","1",
"860Z200US10501","ZCTA5 10501","1486","1394","1272","10","0","74","0","38","92","90","6","6","15","0","60","0","0","0","1","0","0","0","0","1","1","2","0","0","0","0","0","0","1","0","0","0","0","0","1","0","0","0","0","0","0","0","0","0","0","0","0","0","0","0","0","0","0","0","0","0","0","0","0","0","0","0","0","0","0","0","0",
"860Z200US10502","ZCTA5 10502","6261","5646","4099","285","12","1073","5","172","615","585","39","13","119","0","357","3","5","1","17","18","0","5","0","7","1","28","4","0","0","4","0","0","10","0","9","0","0","0","0","0","1","0","0","0","0","0","2","0","0","2","0","0","0","0","0","0","0","0","0","0","0","0","0","0","0","0","0","0","0","0","0",
"860Z200US10503","ZCTA5 10503","121","119","107","3","0","9","0","0","2","2","2","0","0","0","0","0","0","0","0","0","0","0","0","0","0","0","0","0","0","0","0","0","0","0","0","0","0","0","0","0","0","0","0","0","0","0","0","0","0","0","0","0","0","0","0","0","0","0","0","0","0","0","0","0","0","0","0","0","0","0","0",
"860Z200US10504","ZCTA5 10504","8258","7730","6972","64","5","564","2","123","528","499","21","17","119","0","335","3","1","0","1","2","0","0","0","0","0","22","1","2","0","4","2","0","9","0","3","0","0","0","1","0","0","0","0","0","0","0","7","0","1","3","0","3","0","0","0","0","0","0","0","0","0","0","0","0","0","0","0","0","0","0","0",
"860Z200US10505","ZCTA5 10505","1431","1331","1148","50","1","78","0","54","100","93","7","4","6","0","63","3","0","0","5","1","0","4","0","0","0","7","0","0","0","6","0","0","0","0","1","0","0","0","0","0","0","0","0","0","0","0","0","0","0","0","0","0","0","0","0","0","0","0","0","0","0","0","0","0","0","0","0","0","0","0","0",
"860Z200US10506","ZCTA5 10506","5762","5375","4974","62","5","211","0","123","387","374","21","14","72","1","257","2","0","0","6","0","0","1","0","0","0","12","0","2","0","2","2","0","3","0","2","0","0","0","0","0","0","0","0","1","0","0","1","0","0","1","0","0","0","0","0","0","0","0","0","0","0","0","0","0","0","0","0","0","0","0","0",
"860Z200US10507","ZCTA5 10507","6521","5809","3888","631","51","244","1","994","712","670","27","18","40","1","530","4","1","4","14","1","1","24","0","3","2","39","4","9","0","9","0","0","13","0","2","0","0","0","0","0","2","0","0","0","0","0","2","0","0","1","0","1","0","0","0","0","0","0","0","0","0","0","1","0","1","0","0","0","0","0","0",
"860Z200US10509","ZCTA5 10509","19501","17166","13875","574","131","525","9","2052","2335","2234","86","119","93","6","1782","9","2","2","85","5","2","26","4","10","3","84","17","3","0","22","2","1","19","7","5","2","1","1","4","0","0","0","0","0","0","0","16","3","0","12","1","0","0","0","0","0","0","0","0","0","0","0","1","0","0","0","1","0","0","0","0",
"860Z200US10510","ZCTA5 10510","10010","9233","7709","245","18","1048","2","211","777","722","53","18","172","4","438","3","3","0","21","0","0","6","0","3","1","46","12","5","0","14","1","0","8","3","1","0","0","0","1","0","0","1","0","0","0","0","9","2","0","7","0","0","0","0","0","0","0","0","0","0","0","0","0","0","0","0","0","0","0","0","0",
"860Z200US10511","ZCTA5 10511","2369","2064","1629","84","16","71","0","264","305","297","27","29","33","0","165","4","2","2","23","4","0","4","0","3","1","5","1","0","0","1","1","0","1","0","0","0","0","0","1","0","0","0","0","0","0","0","3","0","0","2","0","0","0","0","0","0","0","1","0","0","0","0","0","0","0","0","0","0","0","0","0",
"860Z200US10512","ZCTA5 10512","24664","22241","18871","777","117","560","3","1913","2423","2268","124","139","145","3","1734","5","13","0","70","1","0","17","4","3","10","134","34","4","1","42","6","4","26","3","8","1","1","0","4","0","0","0","0","0","0","0","19","2","0","15","1","1","0","0","0","0","0","0","0","0","0","0","0","0","0","0","0","0","0","2","2",
"860Z200US10514","ZCTA5 10514","12568","11711","9615","132","6","1707","2","249","857","821","76","13","239","1","462","1","5","0","4","1","0","0","1","15","3","30","4","5","0","8","0","0","5","0","8","0","0","0","0","0","0","0","0","0","0","0","6","0","0","6","0","0","0","0","0","0","0","0","0","0","0","0","0","0","0","0","0","0","0","0","0",
"860Z200US10516","ZCTA5 10516","5462","5040","4721","50","14","110","0","145","422","393","43","46","82","0","216","1","0","0","3","0","0","2","0","0","0","23","8","0","1","6","0","0","5","2","0","0","0","0","1","0","0","0","0","0","0","0","3","0","0","3","0","0","0","0","0","0","0","0","0","0","0","0","2","0","0","0","2","0","0","1","1",
"860Z200US10517","ZCTA5 10517","549","500","362","27","2","21","0","88","49","46","0","1","3","0","36","3","0","0","3","0","0","0","0","0","0","3","1","0","0","2","0","0","0","0","0","0","0","0","0","0","0","0","0","0","0","0","0","0","0","0","0","0","0","0","0","0","0","0","0","0","0","0","0","0","0","0","0","0","0","0","0",
"860Z200US10518","ZCTA5 10518","1327","1233","1079","21","1","97","1","34","94","94","5","5","24","0","57","1","2","0","0","0","0","0","0","0","0","0","0","0","0","0","0","0","0","0","0","0","0","0","0","0","0","0","0","0","0","0","0","0","0","0","0","0","0","0","0","0","0","0","0","0","0","0","0","0","0","0","0","0","0","0","0",
"860Z200US10519","ZCTA5 10519","278","230","145","10","5","12","0","58","48","46","3","2","3","0","33","0","0","0","1","0","0","2","0","2","0","2","0","0","0","2","0","0","0","0","0","0","0","0","0","0","0","0","0","0","0","0","0","0","0","0","0","0","0","0","0","0","0","0","0","0","0","0","0","0","0","0","0","0","0","0","0",
"860Z200US10520","ZCTA5 10520","13226","11925","9875","623","48","570","2","807","1301","1202","91","71","182","1","759","11","10","0","38","2","2","20","1","13","1","78","16","12","0","15","3","0","17","2","8","0","0","0","0","0","4","0","0","1","0","0","21","2","0","13","0","0","0","0","2","0","0","0","2","0","1","1","0","0","0","0","0","0","0","0","0",
"860Z200US10522","ZCTA5 10522","11587","10422","8059","539","36","1062","2","724","1165","1085","119","56","195","0","607","5","13","0","72","0","0","4","3","8","3","71","12","12","1","11","0","0","21","0","14","0","0","0","0","0","0","0","0","0","0","0","9","0","0","7","0","0","0","0","2","0","0","0","0","0","0","0","0","0","0","0","0","0","0","0","0",
"860Z200US10523","ZCTA5 10523","9489","8285","2934","2149","136","1176","1","1889","1204","1139","63","14","54","3","820","14","33","0","97","3","0","25","0","10","3","59","16","1","0","16","0","0","16","0","4","0","0","1","3","0","2","0","0","0","0","0","4","2","0","1","0","1","0","0","0","0","0","0","0","0","0","0","2","1","1","0","0","0","0","0","0",
"860Z200US10524","ZCTA5 10524","4447","4023","3597","125","23","102","1","175","424","396","24","41","63","1","241","6","1","0","14","1","0","3","0","1","0","20","3","1","0","13","0","0","1","2","0","0","0","0","0","0","0","0","0","0","0","0","6","2","0","4","0","0","0","0","0","0","0","0","0","0","0","0","0","0","0","0","0","0","0","2","2",
"860Z200US10526","ZCTA5 10526","1865","1718","1512","59","12","75","0","60","147","141","12","7","28","0","91","0","3","0","0","0","0","0","0","0","0","6","4","2","0","0","0","0","0","0","0","0","0","0","0","0","0","0","0","0","0","0","0","0","0","0","0","0","0","0","0","0","0","0","0","0","0","0","0","0","0","0","0","0","0","0","0",
"860Z200US10527","ZCTA5 10527","785","705","653","11","1","19","0","21","80","74","7","2","7","0","48","0","0","0","3","1","0","3","0","3","0","4","1","0","0","2","0","0","1","0","0","0","0","0","0","0","0","0","0","0","0","0","2","0","0","2","0","0","0","0","0","0","0","0","0","0","0","0","0","0","0","0","0","0","0","0","0",
"860Z200US10528","ZCTA5 10528","13108","12020","9457","290","22","1487","5","759","1088","1028","50","37","128","0","736","1","5","2","45","0","0","13","3","8","0","55","7","6","0","23","0","0","6","0","8","0","0","3","0","0","1","0","0","0","0","1","5","0","0","4","0","0","0","1","0","0","0","0","0","0","0","0","0","0","0","0","0","0","0","0","0",
"860Z200US10530","ZCTA5 10530","13037","11762","8059","1144","37","1771","1","750","1275","1184","118","25","145","0","750","7","22","0","93","0","0","13","2","8","1","79","16","4","0","24","0","1","16","0","9","1","0","0","5","0","3","0","0","0","0","0","12","4","0","6","0","0","0","0","0","0","1","0","1","0","0","0","0","0","0","0","0","0","0","0","0",
"860Z200US10532","ZCTA5 10532","5115","4809","4263","72","3","225","1","245","306","280","15","5","34","0","213","4","1","0","6","1","0","0","1","0","0","23","3","3","0","12","0","0","4","0","1","0","0","0","0","0","0","0","0","0","0","0","3","0","0","3","0","0","0","0","0","0","0","0","0","0","0","0","0","0","0","0","0","0","0","0","0",
"860Z200US10533","ZCTA5 10533","7705","7090","6046","126","14","706","0","198","615","591","52","31","178","0","293","2","8","0","12","1","0","1","0","13","0","19","1","1","0","5","1","0","0","0","8","0","0","0","2","0","1","0","0","0","0","0","5","0","0","3","0","2","0","0","0","0","0","0","0","0","0","0","0","0","0","0","0","0","0","0","0",
"860Z200US10535","ZCTA5 10535","531","470","331","24","5","39","0","71","61","56","4","2","6","0","38","3","0","0","2","0","0","0","0","1","0","4","3","0","0","1","0","0","0","0","0","0","0","0","0","0","0","0","0","0","0","0","1","0","0","1","0","0","0","0","0","0","0","0","0","0","0","0","0","0","0","0","0","0","0","0","0",
"860Z200US10536","ZCTA5 10536","10792","10041","9268","158","10","311","5","289","751","718","53","25","137","4","471","9","2","0","1","0","1","8","6","1","0","33","6","6","0","4","0","0","5","0","10","0","1","0","0","0","1","0","0","0","0","0","0","0","0","0","0","0","0","0","0","0","0","0","0","0","0","0","0","0","0","0","0","0","0","0","0",
"860Z200US10537","ZCTA5 10537","2527","2198","1687","130","17","72","0","292","329","320","39","31","17","0","196","7","0","4","17","0","0","9","0","0","0","9","2","4","0","0","0","0","0","2","0","0","0","0","1","0","0","0","0","0","0","0","0","0","0","0","0","0","0","0","0","0","0","0","0","0","0","0","0","0","0","0","0","0","0","0","0",
"860Z200US10538","ZCTA5 10538","18318","16603","14745","409","30","908","7","504","1715","1615","115","59","342","3","999","5","17","0","47","0","0","9","2","17","0","89","12","5","1","20","0","0","21","5","23","0","0","0","0","0","2","0","0","0","0","0","11","0","0","7","0","2","0","0","0","0","0","0","0","0","2","0","0","0","0","0","0","0","0","0","0",
"860Z200US10540","ZCTA5 10540","19","17","4","8","0","0","0","5","2","2","2","0","0","0","0","0","0","0","0","0","0","0","0","0","0","0","0","0","0","0","0","0","0","0","0","0","0","0","0","0","0","0","0","0","0","0","0","0","0","0","0","0","0","0","0","0","0","0","0","0","0","0","0","0","0","0","0","0","0","0","0",
"860Z200US10541","ZCTA5 10541","25651","23417","20755","572","70","512","2","1506","2234","2110","145","121","144","4","1607","3","2","5","50","1","1","10","7","8","2","103","14","7","0","38","0","2","27","2","5","2","0","0","5","0","1","0","0","0","0","0","18","1","0","13","2","1","0","0","0","0","1","0","0","0","0","0","3","0","3","0","0","0","0","0","0",
"860Z200US10542","ZCTA5 10542","85","67","38","7","0","9","0","13","18","18","0","0","4","0","14","0","0","0","0","0","0","0","0","0","0","0","0","0","0","0","0","0","0","0","0","0","0","0","0","0","0","0","0","0","0","0","0","0","0","0","0","0","0","0","0","0","0","0","0","0","0","0","0","0","0","0","0","0","0","0","0",
"860Z200US10543","ZCTA5 10543","21296","18666","13627","901","198","1116","5","2819","2630","2521","181","56","275","6","1846","17","8","3","62","1","1","47","1","16","1","99","14","26","1","14","0","0","18","4","15","0","0","0","2","1","4","0","0","0","0","0","10","0","0","8","1","0","0","0","0","0","0","0","0","1","0","0","0","0","0","0","0","0","0","0","0",
"860Z200US10545","ZCTA5 10545","160","151","137","1","1","8","0","4","9","6","0","0","2","0","2","1","0","0","1","0","0","0","0","0","0","3","0","0","0","3","0","0","0","0","0","0","0","0","0","0","0","0","0","0","0","0","0","0","0","0","0","0","0","0","0","0","0","0","0","0","0","0","0","0","0","0","0","0","0","0","0",
"860Z200US10546","ZCTA5 10546","1426","1302","978","55","1","229","0","39","124","119","7","6","30","0","62","1","6","0","5","0","0","0","0","1","1","4","0","2","0","2","0","0","0","0","0","0","0","0","0","0","0","0","0","0","0","0","1","0","0","1","0","0","0","0","0","0","0","0","0","0","0","0","0","0","0","0","0","0","0","0","0",
"860Z200US10547","ZCTA5 10547","7293","6452","4844","523","33","369","1","682","841","772","60","54","31","3","526","6","2","0","66","1","0","12","1","7","3","57","19","1","0","14","0","0","17","3","3","0","0","0","0","0","0","0","0","0","0","0","12","0","0","8","0","0","0","0","4","0","0","0","0","0","0","0","0","0","0","0","0","0","0","0","0",
"860Z200US10548","ZCTA5 10548","3743","3386","2733","280","10","93","1","269","357","341","33","17","27","1","234","0","0","2","13","0","0","3","0","6","5","15","1","3","0","4","0","0","5","2","0","0","0","0","0","0","0","0","0","0","0","0","1","0","0","1","0","0","0","0","0","0","0","0","0","0","0","0","0","0","0","0","0","0","0","0","0",
"860Z200US10549","ZCTA5 10549","16837","14779","10473","558","141","874","5","2728","2058","1987","103","39","187","4","1582","2","5","1","27","1","1","26","0","6","3","67","14","1","0","13","0","0","25","0","8","1","0","0","2","0","1","2","0","0","0","0","4","1","0","3","0","0","0","0","0","0","0","0","0","0","0","0","0","0","0","0","0","0","0","0","0",
"860Z200US10550","ZCTA5 10550","41137","37470","2562","28508","290","644","24","5442","3667","3417","386","42","54","6","1569","207","73","24","886","12","0","58","8","57","35","218","44","16","3","100","1","0","31","3","10","0","0","1","5","1","2","0","0","1","0","0","31","0","1","24","0","2","1","0","1","0","1","0","0","0","0","1","1","0","1","0","0","0","0","0","0",
"860Z200US10552","ZCTA5 10552","21296","18670","7169","8618","121","674","8","2080","2626","2431","258","48","98","1","1302","49","67","5","535","1","0","21","3","42","1","169","31","10","0","97","0","0","6","3","9","1","4","0","5","1","2","0","0","0","0","0","26","4","0","21","0","1","0","0","0","0","0","0","0","0","0","0","0","0","0","0","0","0","0","0","0",
"860Z200US10553","ZCTA5 10553","11281","10472","456","9021","39","115","4","837","809","732","159","15","22","1","169","59","31","5","248","0","0","6","1","12","4","59","19","5","0","14","1","0","4","0","6","0","0","0","7","0","3","0","0","0","0","0","12","1","0","8","0","2","0","0","0","0","1","0","0","0","0","0","6","5","1","0","0","0","0","0","0",
"860Z200US10560","ZCTA5 10560","4854","4503","4154","88","4","112","1","144","351","322","32","20","33","0","210","1","1","0","8","1","0","12","0","4","0","28","0","2","0","8","0","0","14","0","4","0","0","0","0","0","0","0","0","0","0","0","1","0","1","0","0","0","0","0","0","0","0","0","0","0","0","0","0","0","0","0","0","0","0","0","0",
"860Z200US10562","ZCTA5 10562","34252","29581","15317","4347","337","1562","7","8011","4671","4404","306","109","186","6","3314","13","31","0","176","9","1","180","21","37","15","235","23","16","3","74","4","0","86","2","12","1","1","0","5","0","5","1","1","0","1","0","32","0","1","28","1","1","0","0","0","0","0","1","0","0","0","0","0","0","0","0","0","0","0","0","0",
"860Z200US10566","ZCTA5 10566","25384","22221","9114","5096","233","737","6","7035","3163","2984","408","89","140","0","1823","70","29","3","261","0","0","124","5","24","8","152","35","9","2","48","2","0","28","2","16","0","0","0","6","0","3","0","0","1","0","0","27","3","0","18","0","4","0","0","2","0","0","0","0","0","0","0","0","0","0","0","0","0","0","0","0",
"860Z200US10567","ZCTA5 10567","20400","17992","13708","1507","70","932","1","1774","2408","2236","175","105","174","1","1516","28","19","2","167","0","0","34","5","7","3","143","32","14","0","61","2","0","25","0","4","0","0","0","2","0","3","0","0","0","0","0","29","2","0","26","0","0","0","0","0","0","0","0","1","0","0","0","0","0","0","0","0","0","0","0","0",
"860Z200US10570","ZCTA5 10570","13986","12921","10750","543","33","926","0","669","1065","999","56","32","224","5","629","4","9","2","25","0","0","9","1","2","1","54","10","3","2","12","0","0","17","0","8","0","0","0","1","0","0","0","0","1","0","0","12","0","0","11","0","1","0","0","0","0","0","0","0","0","0","0","0","0","0","0","0","0","0","0","0",
"860Z200US10573","ZCTA5 10573","41758","35143","17574","1679","662","1488","7","13733","6615","6345","178","138","190","2","5420","18","19","0","164","4","2","162","4","43","1","246","23","11","1","58","7","0","124","2","16","0","0","0","3","0","1","0","0","0","0","0","23","3","0","19","0","0","0","0","1","0","0","0","0","0","0","0","1","0","1","0","0","0","0","0","0",
"860Z200US10576","ZCTA5 10576","5099","4668","4326","72","5","168","0","97","431","419","35","39","96","3","237","2","0","0","3","1","0","0","0","3","0","10","2","0","0","5","3","0","0","0","0","0","0","0","0","0","0","0","0","0","0","0","2","0","0","1","0","0","0","0","1","0","0","0","0","0","0","0","0","0","0","0","0","0","0","0","0",
"860Z200US10577","ZCTA5 10577","6008","5651","3642","491","21","1283","15","199","357","328","78","15","83","3","114","14","10","0","3","0","0","5","2","0","1","26","8","3","0","6","1","0","2","0","0","0","2","0","2","0","0","1","0","1","0","0","3","0","0","0","0","0","0","0","0","0","1","2","0","0","0","0","0","0","0","0","0","0","0","0","0",
"860Z200US10578","ZCTA5 10578","721","628","564","15","1","24","0","24","93","85","2","8","15","1","56","0","0","0","3","0","0","0","0","0","0","8","0","0","0","5","0","0","1","0","0","0","0","0","0","0","2","0","0","0","0","0","0","0","0","0","0","0","0","0","0","0","0","0","0","0","0","0","0","0","0","0","0","0","0","0","0",
"860Z200US10579","ZCTA5 10579","8633","7870","7000","228","20","180","6","436","763","722","64","80","67","1","450","4","9","0","38","2","0","4","0","3","0","33","2","5","0","10","0","0","9","1","1","0","2","1","2","0","0","0","0","0","0","0","8","0","0","8","0","0","0","0","0","0","0","0","0","0","0","0","0","0","0","0","0","0","0","0","0",
"860Z200US10580","ZCTA5 10580","18268","16735","14737","209","41","1294","5","449","1533","1463","98","51","357","11","895","6","7","3","19","0","1","4","4","7","0","60","5","2","0","32","0","0","7","0","13","0","0","0","1","0","0","0","0","0","0","0","10","0","0","4","0","6","0","0","0","0","0","0","0","0","0","0","0","0","0","0","0","0","0","0","0",
"860Z200US10583","ZCTA5 10583","41589","38412","28236","995","48","8192","4","937","3177","3023","213","51","890","5","1712","10","16","2","64","9","0","5","11","26","9","120","24","7","2","20","0","0","17","7","34","0","4","1","2","0","2","0","0","0","0","0","32","3","0","27","0","0","0","0","2","0","0","0","0","0","0","0","2","1","1","0","0","0","0","0","0",
"860Z200US10588","ZCTA5 10588","2430","2186","1801","92","14","119","1","159","244","235","20","14","15","2","176","1","0","0","4","0","0","2","0","1","0","8","1","3","0","1","0","0","2","0","1","0","0","0","0","0","0","0","0","0","0","0","1","1","0","0","0","0","0","0","0","0","0","0","0","0","0","0","0","0","0","0","0","0","0","0","0",
"860Z200US10589","ZCTA5 10589","8510","8059","7543","101","2","286","0","127","451","414","26","25","43","2","303","0","1","0","7","0","0","2","1","4","0","35","7","2","0","21","0","0","0","0","1","0","1","0","0","0","3","0","0","0","0","0","2","2","0","0","0","0","0","0","0","0","0","0","0","0","0","0","0","0","0","0","0","0","0","0","0",
"860Z200US10590","ZCTA5 10590","6556","6019","5530","99","29","209","0","152","537","512","40","33","108","0","313","5","0","0","5","0","0","3","0","5","0","22","5","1","0","6","1","0","8","0","0","0","0","0","1","0","0","0","0","0","0","0","3","0","0","2","0","1","0","0","0","0","0","0","0","0","0","0","0","0","0","0","0","0","0","0","0",
"860Z200US10591","ZCTA5 10591","23301","19964","12802","1278","96","1268","3","4517","3337","3173","127","57","277","0","2336","13","13","4","222","5","0","78","3","20","18","140","25","8","3","56","0","0","17","4","15","1","0","1","2","0","7","0","0","1","0","0","22","2","0","9","0","9","0","1","0","0","0","0","1","0","0","0","2","0","2","0","0","0","0","0","0",
"860Z200US10594","ZCTA5 10594","5028","4684","4132","44","11","240","1","256","344","324","15","8","41","0","250","0","2","0","5","0","0","0","0","3","0","18","3","3","0","11","0","0","0","0","1","0","0","0","0","0","0","0","0","0","0","0","2","0","0","2","0","0","0","0","0","0","0","0","0","0","0","0","0","0","0","0","0","0","0","0","0",
"860Z200US10595","ZCTA5 10595","7264","6668","5399","444","35","407","1","382","596","582","46","31","90","0","364","10","2","1","18","1","0","11","5","3","0","12","2","3","0","0","0","0","1","0","6","0","0","0","0","0","0","0","0","0","0","0","2","0","0","1","0","0","0","0","0","0","0","1","0","0","0","0","0","0","0","0","0","0","0","0","0",
"860Z200US10596","ZCTA5 10596","1519","1350","1086","42","0","16","0","206","169","159","17","4","5","3","114","0","0","1","8","0","0","5","0","0","2","10","7","0","0","0","0","0","3","0","0","0","0","0","0","0","0","0","0","0","0","0","0","0","0","0","0","0","0","0","0","0","0","0","0","0","0","0","0","0","0","0","0","0","0","0","0",
"860Z200US10597","ZCTA5 10597","1000","956","911","7","0","28","0","10","44","42","6","2","10","0","23","0","1","0","0","0","0","0","0","0","0","2","0","0","0","1","0","0","0","0","0","0","0","0","0","0","0","0","0","1","0","0","0","0","0","0","0","0","0","0","0","0","0","0","0","0","0","0","0","0","0","0","0","0","0","0","0",
"860Z200US10598","ZCTA5 10598","29040","26737","22870","974","60","1530","4","1299","2303","2154","238","97","222","4","1426","10","9","5","102","5","0","14","4","14","4","134","16","12","1","47","4","0","28","3","17","0","1","0","5","0","0","0","0","0","0","0","15","3","1","9","0","1","0","0","1","0","0","0","0","0","0","0","0","0","0","0","0","0","0","0","0",
"860Z200US10601","ZCTA5 10601","11882","10329","4881","2011","112","1399","3","1923","1553","1453","112","24","114","0","1022","19","11","5","83","5","0","31","4","10","13","79","16","8","1","20","0","0","21","0","8","0","0","0","3","1","0","0","0","1","0","0","20","5","0","13","0","0","0","1","0","0","0","1","0","0","0","0","1","0","1","0","0","0","0","0","0",
"860Z200US10603","ZCTA5 10603","18033","15843","7155","4266","148","1549","13","2712","2190","2015","153","60","108","1","1383","29","13","3","174","4","0","58","6","18","5","158","54","7","1","38","4","0","28","0","16","0","0","0","3","0","4","0","2","1","0","0","17","0","0","12","0","3","0","0","1","0","1","0","0","0","0","0","0","0","0","0","0","0","0","0","0",
"860Z200US10604","ZCTA5 10604","11526","10189","6916","742","74","707","4","1746","1337","1261","79","35","85","0","974","1","14","0","52","0","0","13","0","7","1","59","14","5","0","14","1","0","19","0","2","0","0","0","2","1","1","0","0","0","0","0","17","0","0","12","0","1","0","1","3","0","0","0","0","0","0","0","0","0","0","0","0","0","0","0","0",
"860Z200US10605","ZCTA5 10605","19438","17325","12913","1361","124","1087","13","1827","2113","1978","153","47","194","2","1371","15","15","2","89","2","0","67","4","10","7","118","24","15","0","26","1","0","37","2","6","1","0","0","6","0","0","0","0","0","0","0","17","4","0","13","0","0","0","0","0","0","0","0","0","0","0","0","0","0","0","0","0","0","0","0","0",
"860Z200US10606","ZCTA5 10606","16929","14750","5977","2202","362","1245","7","4957","2179","2053","134","30","110","2","1524","23","22","0","98","2","0","84","6","14","4","111","25","5","0","31","1","0","34","0","11","1","0","0","3","0","0","0","0","0","0","0","15","1","0","8","3","3","0","0","0","0","0","0","0","0","0","0","0","0","0","0","0","0","0","0","0",
"860Z200US10607","ZCTA5 10607","7441","6545","2390","1961","65","978","1","1150","896","831","63","11","56","0","553","13","13","3","94","1","0","11","0","10","3","52","17","9","0","7","2","0","4","2","4","0","0","0","2","1","3","0","0","0","0","1","13","2","0","11","0","0","0","0","0","0","0","0","0","0","0","0","0","0","0","0","0","0","0","0","0",
"860Z200US10701","ZCTA5 10701","68704","59865","16850","18130","1094","2835","21","20935","8839","8177","656","106","239","12","4596","172","80","7","1844","15","3","306","13","77","51","557","155","20","3","231","8","0","65","1","30","7","7","0","16","1","8","4","0","1","0","0","102","15","0","70","0","11","1","1","2","0","0","0","1","1","0","0","3","1","2","0","0","0","0","0","0",
"860Z200US10703","ZCTA5 10703","22571","19201","7899","3964","306","1284","11","5737","3370","3130","217","59","107","3","1983","37","31","2","543","10","0","70","6","37","25","202","26","3","0","102","2","0","44","1","12","1","1","0","3","0","4","1","1","0","0","1","38","2","0","26","0","7","0","2","1","0","0","0","0","0","0","0","0","0","0","0","0","0","0","0","0",
"860Z200US10704","ZCTA5 10704","32426","28822","18140","3294","173","2267","10","4938","3604","3309","213","60","186","9","2119","31","26","8","502","5","1","56","5","64","24","224","37","11","2","110","7","1","20","3","22","0","0","0","0","0","6","4","0","0","0","1","70","6","0","48","0","11","1","0","2","0","0","1","0","0","1","0","1","0","1","0","0","0","0","0","0",
"860Z200US10705","ZCTA5 10705","41785","35463","9427","7396","842","2129","32","15637","6322","5785","419","69","137","9","3319","97","58","4","1382","5","4","190","10","47","35","444","77","20","3","194","8","0","73","1","11","2","1","1","38","1","7","2","3","2","0","0","85","4","0","69","0","4","0","1","5","0","0","0","0","0","1","1","7","1","6","0","0","0","0","1","1",
"860Z200US10706","ZCTA5 10706","9339","8362","7129","251","13","641","1","327","977","903","77","46","232","0","491","5","3","0","28","6","0","7","2","5","1","66","11","1","0","26","1","0","2","2","15","1","0","0","7","0","0","0","0","0","0","0","8","1","0","5","0","2","0","0","0","0","0","0","0","0","0","0","0","0","0","0","0","0","0","0","0",
"860Z200US10707","ZCTA5 10707","10553","9698","7653","715","20","831","2","477","855","791","57","21","119","4","504","9","3","3","45","2","0","4","1","14","5","52","7","6","2","2","0","1","6","6","12","0","0","0","4","0","1","0","0","0","0","5","10","0","0","4","0","5","0","0","0","0","0","1","0","0","0","0","2","0","2","0","0","0","0","0","0",
"860Z200US10708","ZCTA5 10708","22299","20372","16361","1306","42","1402","8","1253","1927","1762","139","55","316","2","1010","31","15","3","145","2","0","17","2","20","5","126","16","8","0","49","6","1","13","3","20","0","0","0","7","0","0","0","0","1","0","2","37","4","0","25","0","4","1","0","1","0","1","0","0","1","0","0","2","1","1","0","0","0","0","0","0",
"860Z200US10709","ZCTA5 10709","10131","9384","8035","183","0","874","1","291","747","692","38","18","103","3","479","7","10","1","19","1","0","3","0","7","3","45","4","7","0","17","3","0","6","1","2","0","2","0","0","0","2","0","1","0","0","0","9","1","0","6","0","2","0","0","0","0","0","0","0","0","0","0","1","0","1","0","0","0","0","0","0",
"860Z200US10710","ZCTA5 10710","26725","23781","12954","3814","129","3424","11","3449","2944","2727","155","47","168","9","1741","42","32","10","426","4","3","31","6","47","6","184","28","10","1","87","4","0","16","1","17","2","0","0","4","2","8","2","0","2","0","0","32","0","0","21","1","4","0","1","0","0","1","0","1","0","2","1","1","0","1","0","0","0","0","0","0",
"860Z200US10801","ZCTA5 10801","42949","37436","13468","10469","617","2018","29","10835","5513","5179","361","102","190","4","3659","101","58","3","486","4","2","165","3","32","9","303","36","34","4","86","4","0","86","3","23","1","1","0","13","0","9","2","1","0","0","0","31","8","0","18","0","4","0","0","0","0","1","0","0","0","0","0","0","0","0","0","0","0","0","0","0",
"860Z200US10803","ZCTA5 10803","13255","11810","9435","778","24","871","11","691","1445","1313","102","41","272","0","757","15","32","0","59","1","0","20","0","14","0","113","19","12","1","25","4","0","22","0","22","0","0","0","1","0","5","0","0","2","0","0","18","5","0","11","0","0","0","0","2","0","0","0","0","0","0","0","1","0","1","0","0","0","0","0","0",
"860Z200US10804","ZCTA5 10804","14455","13395","11041","1224","23","678","6","423","1060","975","131","23","132","1","560","3","17","5","82","2","0","1","7","8","3","69","8","7","0","18","1","0","20","0","7","1","1","0","5","0","1","0","0","0","0","0","15","1","0","13","0","1","0","0","0","0","0","0","0","0","0","0","1","1","0","0","0","0","0","0","0",
"860Z200US10805","ZCTA5 10805","18479","16095","7961","3177","285","929","14","3729","2384","2280","173","25","67","2","1644","17","37","1","203","8","0","67","7","20","9","96","15","1","0","26","0","0","37","1","7","1","0","0","2","0","4","0","0","2","0","0","7","3","0","4","0","0","0","0","0","0","0","0","0","0","0","0","1","0","1","0","0","0","0","0","0",
"860Z200US10901","ZCTA5 10901","25145","23059","17559","1625","159","1460","16","2240","2086","1956","135","78","156","7","1412","17","29","2","70","6","0","22","4","17","1","109","33","15","1","23","2","0","20","0","6","0","2","0","3","1","1","0","0","0","1","1","15","2","0","8","0","0","2","0","1","0","1","0","0","0","0","1","3","0","3","0","0","0","0","3","3",
"860Z200US10910","ZCTA5 10910","34","31","29","1","0","1","0","0","3","3","0","1","2","0","0","0","0","0","0","0","0","0","0","0","0","0","0","0","0","0","0","0","0","0","0","0","0","0","0","0","0","0","0","0","0","0","0","0","0","0","0","0","0","0","0","0","0","0","0","0","0","0","0","0","0","0","0","0","0","0","0",
"860Z200US10911","ZCTA5 10911","27","15","6","1","2","5","0","1","12","10","3","1","1","0","3","0","0","0","2","0","0","0","0","0","0","2","0","0","0","2","0","0","0","0","0","0","0","0","0","0","0","0","0","0","0","0","0","0","0","0","0","0","0","0","0","0","0","0","0","0","0","0","0","0","0","0","0","0","0","0","0",
"860Z200US10913","ZCTA5 10913","5647","5236","4329","232","16","368","4","287","411","392","26","15","62","1","251","5","2","2","11","1","0","9","0","7","0","15","1","5","0","4","1","0","4","0","0","0","0","0","0","0","0","0","0","0","0","0","3","0","0","3","0","0","0","0","0","0","0","0","0","0","0","0","1","0","1","0","0","0","0","0","0",
"860Z200US10914","ZCTA5 10914","605","526","449","31","2","18","0","26","79","71","7","1","1","0","59","1","0","0","0","0","0","1","1","0","0","7","0","0","0","6","0","0","0","0","1","0","0","0","0","0","0","0","0","0","0","0","1","0","0","1","0","0","0","0","0","0","0","0","0","0","0","0","0","0","0","0","0","0","0","0","0",
"860Z200US10915","ZCTA5 10915","81","81","65","2","2","0","0","12","0","0","0","0","0","0","0","0","0","0","0","0","0","0","0","0","0","0","0","0","0","0","0","0","0","0","0","0","0","0","0","0","0","0","0","0","0","0","0","0","0","0","0","0","0","0","0","0","0","0","0","0","0","0","0","0","0","0","0","0","0","0","0",
"860Z200US10916","ZCTA5 10916","4604","4118","3650","153","19","121","0","175","486","454","24","35","33","2","315","2","6","0","31","1","0","1","0","4","0","21","10","1","0","3","0","0","0","0","6","0","0","0","0","0","1","0","0","0","0","0","11","2","0","9","0","0","0","0","0","0","0","0","0","0","0","0","0","0","0","0","0","0","0","0","0",
"860Z200US10917","ZCTA5 10917","1973","1798","1252","147","17","162","4","216","175","161","15","17","14","0","103","1","1","0","6","0","0","2","0","0","2","13","3","0","0","7","0","0","3","0","0","0","0","0","0","0","0","0","0","0","0","0","1","0","0","1","0","0","0","0","0","0","0","0","0","0","0","0","0","0","0","0","0","0","0","0","0",
"860Z200US10918","ZCTA5 10918","12547","11252","8609","1125","50","513","2","953","1295","1183","103","86","104","0","736","18","11","6","93","1","0","12","2","11","0","99","29","2","0","36","7","0","5","5","6","0","2","0","5","0","2","0","0","0","0","0","13","1","1","8","0","2","0","0","1","0","0","0","0","0","0","0","0","0","0","0","0","0","0","0","0",
"860Z200US10919","ZCTA5 10919","1123","1011","809","98","9","19","0","76","112","107","8","13","4","1","70","7","0","0","2","0","1","0","0","1","0","5","1","0","0","1","0","0","3","0","0","0","0","0","0","0","0","0","0","0","0","0","0","0","0","0","0","0","0","0","0","0","0","0","0","0","0","0","0","0","0","0","0","0","0","0","0",
"860Z200US10920","ZCTA5 10920","8727","7922","5687","388","28","1243","0","576","805","766","46","24","69","1","560","7","3","0","34","0","0","10","0","10","2","35","15","2","0","2","0","0","11","0","5","0","0","0","0","0","0","0","0","0","0","0","1","1","0","0","0","0","0","0","0","0","0","0","0","0","0","0","3","0","0","3","0","0","0","0","0",
"860Z200US10921","ZCTA5 10921","4205","3767","3067","305","22","103","1","269","438","400","29","24","41","0","268","4","2","0","12","4","0","8","0","8","0","17","7","2","0","5","0","1","1","0","0","0","0","0","0","0","0","0","0","0","0","1","19","1","0","15","0","2","0","0","0","0","0","0","0","0","0","1","2","0","2","0","0","0","0","0","0",
"860Z200US10922","ZCTA5 10922","1026","928","772","49","5","46","0","56","98","90","4","14","8","0","61","1","0","0","2","0","0","0","0","0","0","8","3","0","0","0","2","0","2","0","0","0","1","0","0","0","0","0","0","0","0","0","0","0","0","0","0","0","0","0","0","0","0","0","0","0","0","0","0","0","0","0","0","0","0","0","0",
"860Z200US10923","ZCTA5 10923","9489","7985","4071","1630","77","463","3","1741","1504","1430","84","45","46","0","1093","5","9","0","114","0","0","17","3","8","6","58","14","0","0","28","3","0","5","1","4","0","0","0","3","0","0","0","0","0","0","0","12","3","0","3","0","1","1","0","0","0","0","0","4","0","0","0","4","1","3","0","0","0","0","0","0",
"860Z200US10924","ZCTA5 10924","14006","12636","10096","833","64","484","3","1156","1370","1295","76","63","72","4","958","19","13","0","73","3","0","2","3","6","3","61","33","4","0","11","0","1","4","3","3","0","0","0","0","0","2","0","0","0","0","0","13","0","0","12","0","1","0","0","0","0","0","0","0","0","0","0","1","0","1","0","0","0","0","0","0",
"860Z200US10925","ZCTA5 10925","4341","3953","3555","78","19","94","4","203","388","345","21","32","27","0","233","4","2","2","20","0","0","2","2","0","0","41","9","2","0","15","0","0","10","0","1","0","1","0","3","0","0","0","0","0","0","0","2","1","0","1","0","0","0","0","0","0","0","0","0","0","0","0","0","0","0","0","0","0","0","0","0",
"860Z200US10926","ZCTA5 10926","3645","3199","1873","555","24","335","5","407","446","405","43","11","36","1","253","9","10","0","33","0","0","3","2","3","1","37","6","2","0","17","0","0","9","0","2","0","0","0","0","0","0","0","0","0","0","1","4","0","0","4","0","0","0","0","0","0","0","0","0","0","0","0","0","0","0","0","0","0","0","0","0",
"860Z200US10927","ZCTA5 10927","12323","10109","2943","1245","205","285","12","5419","2214","2085","103","11","28","3","1565","25","7","1","258","3","1","43","0","14","23","120","28","0","0","71","0","0","11","0","7","0","0","0","2","1","0","0","0","0","0","0","8","1","0","5","0","2","0","0","0","0","0","0","0","0","0","0","1","0","1","0","0","0","0","0","0",
"860Z200US10928","ZCTA5 10928","4637","4081","2740","624","68","122","3","524","556","532","104","45","29","2","295","13","4","1","26","4","0","1","1","2","5","22","9","0","0","7","0","0","5","0","0","0","0","0","0","0","0","0","0","0","1","0","2","1","0","0","0","0","0","0","0","1","0","0","0","0","0","0","0","0","0","0","0","0","0","0","0",
"860Z200US10930","ZCTA5 10930","9331","8361","5929","800","69","540","11","1012","970","892","66","85","60","1","547","13","11","2","78","0","0","18","0","9","2","69","14","5","0","21","0","0","17","1","9","0","0","0","1","0","1","0","0","0","0","0","9","3","0","5","0","0","0","0","0","0","1","0","0","0","0","0","0","0","0","0","0","0","0","0","0",
"860Z200US10931","ZCTA5 10931","967","778","412","138","52","48","1","127","189","131","9","8","6","0","72","21","2","0","4","0","0","6","0","2","1","56","45","0","0","8","0","1","0","0","1","0","1","0","0","0","0","0","0","0","0","0","1","0","0","1","0","0","0","0","0","0","0","0","0","0","0","0","0","0","0","0","0","0","0","1","1",
"860Z200US10932","ZCTA5 10932","47","42","41","1","0","0","0","0","5","5","0","1","0","0","4","0","0","0","0","0","0","0","0","0","0","0","0","0","0","0","0","0","0","0","0","0","0","0","0","0","0","0","0","0","0","0","0","0","0","0","0","0","0","0","0","0","0","0","0","0","0","0","0","0","0","0","0","0","0","0","0",
"860Z200US10933","ZCTA5 10933","445","425","377","23","0","3","0","22","20","18","1","3","0","0","10","0","0","0","4","0","0","0","0","0","0","2","0","0","0","2","0","0","0","0","0","0","0","0","0","0","0","0","0","0","0","0","0","0","0","0","0","0","0","0","0","0","0","0","0","0","0","0","0","0","0","0","0","0","0","0","0",
"860Z200US10940","ZCTA5 10940","52803","45924","22252","10789","586","2068","29","10200","6879","6378","859","307","194","19","3777","166","45","2","794","12","1","144","11","29","18","435","166","26","0","124","4","3","54","2","10","2","9","0","24","0","8","1","0","1","0","1","57","12","0","40","1","1","0","0","1","0","0","0","2","0","0","0","9","3","3","2","0","0","1","0","0",
"860Z200US10941","ZCTA5 10941","14549","12662","7333","2963","109","659","1","1597","1887","1735","241","70","73","5","993","51","26","2","229","2","0","22","0","16","5","129","40","18","0","38","3","0","16","0","8","0","1","0","3","0","0","2","0","0","0","0","22","4","0","15","0","3","0","0","0","0","0","0","0","0","0","0","1","0","0","1","0","0","0","0","0",
"860Z200US10950","ZCTA5 10950","62741","58964","42720","2135","217","1276","23","12593","3777","3510","240","203","224","10","2441","41","44","1","226","2","0","34","16","22","6","202","67","12","1","63","3","0","20","10","13","1","0","0","5","0","3","0","0","0","0","4","59","8","0","47","0","0","0","0","2","0","1","1","0","0","0","0","6","2","4","0","0","0","0","0","0",
"860Z200US10952","ZCTA5 10952","47426","46089","41588","1881","101","753","7","1759","1337","1242","42","21","56","0","1000","18","11","2","45","0","0","12","10","21","4","71","20","5","0","13","2","0","16","3","9","1","1","0","0","0","0","0","0","0","0","1","22","4","0","11","0","2","1","0","1","0","2","0","0","0","0","1","2","1","1","0","0","0","0","0","0",
"860Z200US10953","ZCTA5 10953","57","43","26","6","0","9","0","2","14","14","3","2","0","0","8","0","1","0","0","0","0","0","0","0","0","0","0","0","0","0","0","0","0","0","0","0","0","0","0","0","0","0","0","0","0","0","0","0","0","0","0","0","0","0","0","0","0","0","0","0","0","0","0","0","0","0","0","0","0","0","0",
"860Z200US10954","ZCTA5 10954","24248","22071","12888","3126","86","3236","7","2728","2177","2039","167","47","164","2","1391","31","27","2","145","4","0","34","12","13","0","129","21","4","0","43","1","0","43","0","10","1","1","0","2","0","3","0","0","0","0","0","9","0","0","5","0","2","0","0","1","0","0","0","1","0","0","0","0","0","0","0","0","0","0","0","0",
"860Z200US10956","ZCTA5 10956","32499","29833","21182","2472","91","3866","6","2216","2666","2518","172","59","206","1","1749","30","44","8","157","16","0","34","15","25","2","118","26","5","1","26","2","0","26","6","18","0","0","0","2","1","4","0","0","0","0","1","26","2","0","22","0","1","1","0","0","0","0","0","0","0","0","0","4","1","3","0","0","0","0","0","0",
"860Z200US10958","ZCTA5 10958","3562","3215","2511","335","5","109","0","255","347","331","22","33","30","0","205","9","0","0","24","0","0","1","0","6","1","14","4","0","0","7","0","0","2","1","0","0","0","0","0","0","0","0","0","0","0","0","2","0","0","1","0","0","0","0","0","0","0","1","0","0","0","0","0","0","0","0","0","0","0","0","0",
"860Z200US10960","ZCTA5 10960","14680","13143","8681","2686","55","645","3","1073","1537","1426","160","57","151","1","863","29","16","2","102","1","0","21","7","6","10","91","26","1","0","19","2","2","20","2","10","0","0","2","2","0","3","1","0","0","0","1","15","3","0","10","0","0","0","0","1","0","1","0","0","0","0","0","4","0","4","0","0","0","0","1","1",
"860Z200US10962","ZCTA5 10962","5049","4646","3342","189","12","771","3","329","403","385","32","15","47","1","270","1","1","3","7","0","0","4","0","4","0","17","6","0","0","8","1","0","2","0","0","0","0","0","0","0","0","0","0","0","0","0","1","0","0","0","0","0","0","0","1","0","0","0","0","0","0","0","0","0","0","0","0","0","0","0","0",
"860Z200US10963","ZCTA5 10963","3663","3426","2424","618","21","161","0","202","237","222","34","20","13","0","136","4","0","0","11","1","0","1","2","0","0","13","3","0","0","10","0","0","0","0","0","0","0","0","0","0","0","0","0","0","0","0","2","0","0","2","0","0","0","0","0","0","0","0","0","0","0","0","0","0","0","0","0","0","0","0","0",
"860Z200US10964","ZCTA5 10964","1457","1351","1106","20","6","174","3","42","106","105","2","12","14","0","66","0","2","0","5","0","0","0","0","4","0","1","1","0","0","0","0","0","0","0","0","0","0","0","0","0","0","0","0","0","0","0","0","0","0","0","0","0","0","0","0","0","0","0","0","0","0","0","0","0","0","0","0","0","0","0","0",
"860Z200US10965","ZCTA5 10965","15342","14428","12875","260","28","569","2","694","914","875","70","44","105","0","608","1","1","0","22","0","0","18","0","6","0","32","8","1","0","14","1","0","4","0","1","0","0","0","0","0","3","0","0","0","0","0","4","0","0","4","0","0","0","0","0","0","0","0","0","0","0","0","3","0","1","2","0","0","0","0","0",
"860Z200US10968","ZCTA5 10968","2435","2229","1829","76","5","189","5","125","206","194","7","20","39","0","116","3","0","0","5","0","0","3","0","1","0","8","4","0","0","0","1","0","2","0","1","0","0","0","0","0","0","0","0","0","0","0","4","0","0","3","0","0","1","0","0","0","0","0","0","0","0","0","0","0","0","0","0","0","0","0","0",
"860Z200US10969","ZCTA5 10969","1282","1163","972","41","11","31","0","108","119","101","11","12","13","0","50","1","0","0","12","0","0","2","0","0","0","10","6","0","0","3","0","0","0","1","0","0","0","0","0","0","0","0","0","0","0","0","7","0","0","6","0","0","0","0","0","0","0","0","1","0","0","0","1","0","1","0","0","0","0","0","0",
"860Z200US10970","ZCTA5 10970","11211","10122","5811","1957","39","678","4","1633","1089","1039","89","34","51","0","696","23","13","2","90","5","0","14","2","14","6","40","13","2","0","14","4","0","4","0","3","0","0","0","0","0","0","0","0","0","0","0","10","0","0","10","0","0","0","0","0","0","0","0","0","0","0","0","0","0","0","0","0","0","0","0","0",
"860Z200US10973","ZCTA5 10973","2053","1865","1614","91","12","56","0","92","188","170","18","18","12","0","100","6","0","0","11","0","0","3","0","0","2","14","4","1","0","6","0","0","0","1","1","1","0","0","0","0","0","0","0","0","0","0","4","1","0","3","0","0","0","0","0","0","0","0","0","0","0","0","0","0","0","0","0","0","0","0","0",
"860Z200US10974","ZCTA5 10974","3395","3119","2457","186","16","114","1","345","276","237","32","9","21","0","160","0","3","0","11","0","0","0","0","1","0","31","13","0","0","4","1","0","11","0","2","0","0","0","0","0","0","0","0","0","0","0","7","0","0","7","0","0","0","0","0","0","0","0","0","0","0","0","1","0","1","0","0","0","0","0","0",
"860Z200US10975","ZCTA5 10975","267","240","183","22","0","2","0","33","27","27","2","2","3","0","20","0","0","0","0","0","0","0","0","0","0","0","0","0","0","0","0","0","0","0","0","0","0","0","0","0","0","0","0","0","0","0","0","0","0","0","0","0","0","0","0","0","0","0","0","0","0","0","0","0","0","0","0","0","0","0","0",
"860Z200US10976","ZCTA5 10976","2269","2120","1495","203","6","227","1","188","149","132","6","5","14","0","102","1","0","0","2","0","0","2","0","0","0","14","3","0","0","7","0","0","0","0","3","1","0","0","0","0","0","0","0","0","0","0","2","0","0","2","0","0","0","0","0","0","0","0","0","0","0","0","1","1","0","0","0","0","0","0","0",
"860Z200US10977","ZCTA5 10977","71049","66547","38067","13721","555","2057","18","12129","4502","4312","219","78","131","2","3229","61","51","11","274","21","0","165","15","27","28","142","22","19","0","26","1","0","39","4","14","0","4","0","4","0","4","1","0","0","3","1","36","6","0","22","0","5","3","0","0","0","0","0","0","0","0","0","12","5","3","4","0","0","0","0","0",
"860Z200US10979","ZCTA5 10979","115","97","90","0","0","5","0","2","18","18","0","1","0","0","15","0","0","0","2","0","0","0","0","0","0","0","0","0","0","0","0","0","0","0","0","0","0","0","0","0","0","0","0","0","0","0","0","0","0","0","0","0","0","0","0","0","0","0","0","0","0","0","0","0","0","0","0","0","0","0","0",
"860Z200US10980","ZCTA5 10980","13289","11952","9111","956","40","529","4","1312","1337","1217","115","92","44","4","816","13","12","0","92","2","0","12","1","7","7","87","16","3","2","39","2","0","17","0","4","0","0","0","2","0","1","0","0","1","0","0","25","0","0","23","0","1","0","0","0","0","0","0","0","0","0","1","8","0","8","0","0","0","0","0","0",
"860Z200US10983","ZCTA5 10983","5777","5253","4096","124","20","704","1","308","524","499","38","15","63","2","346","0","2","2","16","1","0","0","4","2","8","22","4","5","0","10","0","0","1","2","0","0","0","0","0","0","0","0","0","0","0","0","3","0","0","2","0","1","0","0","0","0","0","0","0","0","0","0","0","0","0","0","0","0","0","0","0",
"860Z200US10984","ZCTA5 10984","2680","2383","1568","308","4","147","2","354","297","277","27","5","11","0","203","0","1","0","28","1","0","0","0","1","0","11","2","0","0","3","1","0","1","0","3","0","0","0","1","0","0","0","0","0","0","0","9","0","0","9","0","0","0","0","0","0","0","0","0","0","0","0","0","0","0","0","0","0","0","0","0",
"860Z200US10985","ZCTA5 10985","147","136","110","9","1","6","0","10","11","11","3","1","0","0","3","2","0","0","1","0","0","1","0","0","0","0","0","0","0","0","0","0","0","0","0","0","0","0","0","0","0","0","0","0","0","0","0","0","0","0","0","0","0","0","0","0","0","0","0","0","0","0","0","0","0","0","0","0","0","0","0",
"860Z200US10986","ZCTA5 10986","1858","1673","1379","108","5","50","0","131","185","160","11","5","11","0","115","2","2","0","11","1","0","0","1","0","1","18","4","0","0","3","0","0","8","0","1","0","0","0","1","0","0","0","0","0","0","1","6","1","0","4","0","1","0","0","0","0","0","0","0","0","0","0","0","0","0","0","0","0","0","1","1",
"860Z200US10987","ZCTA5 10987","4454","4170","3325","266","7","263","0","309","284","272","28","27","32","0","161","8","3","0","12","0","0","0","0","1","0","8","1","0","0","1","0","0","1","0","4","0","0","1","0","0","0","0","0","0","0","0","4","0","0","0","0","2","0","0","2","0","0","0","0","0","0","0","0","0","0","0","0","0","0","0","0",
"860Z200US10988","ZCTA5 10988","603","568","511","30","0","4","0","23","35","33","9","7","4","0","13","0","0","0","0","0","0","0","0","0","0","2","0","0","0","2","0","0","0","0","0","0","0","0","0","0","0","0","0","0","0","0","0","0","0","0","0","0","0","0","0","0","0","0","0","0","0","0","0","0","0","0","0","0","0","0","0",
"860Z200US10989","ZCTA5 10989","8993","8180","5911","713","58","937","3","558","813","739","85","30","62","0","460","19","14","0","56","1","0","5","1","4","2","60","13","6","0","13","8","0","10","1","5","0","2","0","0","0","2","0","0","0","0","0","12","0","0","5","0","2","3","0","0","0","2","0","0","0","0","0","2","0","2","0","0","0","0","0","0",
"860Z200US10990","ZCTA5 10990","19877","18125","16103","819","78","330","2","793","1752","1599","157","130","134","4","1041","25","6","1","83","1","0","4","5","8","0","115","47","1","0","32","1","0","20","3","4","0","1","0","6","0","0","0","0","0","0","0","35","12","0","20","0","1","0","0","1","0","1","0","0","0","0","0","3","0","2","1","0","0","0","0","0",
"860Z200US10992","ZCTA5 10992","9301","8135","6186","886","37","191","3","832","1166","1098","75","57","48","7","749","18","12","2","101","1","0","16","1","11","0","56","22","5","0","20","3","0","4","0","2","0","0","0","0","0","0","0","0","0","0","0","12","6","0","4","0","1","0","0","0","0","0","0","1","0","0","0","0","0","0","0","0","0","0","0","0",
"860Z200US10993","ZCTA5 10993","5113","4146","1441","1022","40","272","3","1368","967","918","36","20","10","0","700","23","2","0","99","1","0","11","0","16","0","44","3","5","0","23","0","2","3","3","3","0","0","0","2","0","0","0","0","0","0","0","5","0","0","5","0","0","0","0","0","0","0","0","0","0","0","0","0","0","0","0","0","0","0","0","0",
"860Z200US10994","ZCTA5 10994","7242","6648","5064","275","10","895","1","403","594","540","37","20","74","0","347","9","7","0","30","5","0","3","3","5","0","47","12","6","0","10","3","0","7","0","6","1","0","0","0","0","2","0","0","0","0","0","5","0","0","3","0","2","0","0","0","0","0","0","0","0","0","0","2","0","2","0","0","0","0","0","0",
"860Z200US10996","ZCTA5 10996","7276","6755","5143","762","64","445","28","313","521","483","47","77","95","7","177","10","17","2","31","3","1","11","1","3","1","28","4","1","0","2","2","0","4","10","3","0","0","0","0","0","2","0","0","0","0","0","10","3","0","4","0","1","0","0","0","1","1","0","0","0","0","0","0","0","0","0","0","0","0","0","0",
"860Z200US10998","ZCTA5 10998","3588","3278","2954","133","10","40","0","141","310","298","30","38","27","0","182","1","4","0","15","0","0","1","0","0","0","10","1","0","0","4","1","0","4","0","0","0","0","0","0","0","0","0","0","0","0","0","2","0","0","2","0","0","0","0","0","0","0","0","0","0","0","0","0","0","0","0","0","0","0","0","0",
"860Z200US11001","ZCTA5 11001","27662","25430","15883","1584","108","6036","5","1814","2232","2093","98","56","239","5","1359","16","44","4","116","28","0","9","7","103","9","120","22","15","0","31","0","0","27","0","17","0","0","0","0","1","3","0","0","3","0","1","19","4","0","9","0","5","0","0","0","0","1","0","0","0","0","0","0","0","0","0","0","0","0","0","0",
"860Z200US11003","ZCTA5 11003","43979","39519","7056","19738","475","6494","17","5739","4460","4191","321","78","128","1","2097","74","181","34","950","51","1","70","16","183","6","245","48","28","0","77","0","2","33","0","23","4","1","0","0","1","27","0","0","1","0","0","19","5","0","9","0","3","0","0","1","0","0","0","0","0","0","1","5","0","5","0","0","0","0","0","0",
"860Z200US11004","ZCTA5 11004","13608","12610","4455","898","49","6350","8","850","998","938","54","16","82","1","527","7","35","4","63","15","0","1","51","80","2","57","4","3","0","22","1","0","6","0","7","0","0","0","0","1","4","0","0","0","0","9","1","0","0","1","0","0","0","0","0","0","0","0","0","0","0","0","2","1","1","0","0","0","0","0","0",
"860Z200US11005","ZCTA5 11005","1945","1897","1821","16","0","43","0","17","48","45","11","0","0","0","27","1","0","0","3","0","0","0","2","1","0","3","0","0","0","0","0","0","2","0","0","0","0","0","0","0","0","0","0","0","1","0","0","0","0","0","0","0","0","0","0","0","0","0","0","0","0","0","0","0","0","0","0","0","0","0","0",
"860Z200US11010","ZCTA5 11010","25013","22711","17542","648","99","2782","7","1633","2302","2201","90","47","128","6","1682","13","27","0","119","19","0","29","10","31","0","80","9","5","1","22","2","0","21","4","10","0","0","0","2","0","4","0","0","0","0","0","19","0","0","14","0","2","1","0","0","0","2","0","0","0","0","0","1","0","1","0","0","0","0","1","1",
"860Z200US11020","ZCTA5 11020","6363","6006","2164","419","14","3131","0","278","357","334","21","18","77","3","174","14","1","0","10","1","0","5","2","8","0","22","7","1","0","3","0","0","6","0","3","0","1","0","1","0","0","0","0","0","0","0","1","0","0","1","0","0","0","0","0","0","0","0","0","0","0","0","0","0","0","0","0","0","0","0","0",
"860Z200US11021","ZCTA5 11021","19376","18371","11491","409","44","5812","5","610","1005","960","69","10","305","1","501","4","5","0","27","4","0","18","2","14","0","41","3","6","0","12","0","1","7","0","6","0","0","0","0","1","0","0","0","2","0","3","4","0","0","4","0","0","0","0","0","0","0","0","0","0","0","0","0","0","0","0","0","0","0","0","0",
"860Z200US11023","ZCTA5 11023","10213","9611","7565","88","14","1628","11","305","602","568","24","9","224","0","284","3","3","0","8","0","0","3","2","8","0","32","3","0","0","10","0","0","9","2","4","0","0","0","1","0","1","0","0","0","0","2","2","1","0","1","0","0","0","0","0","0","0","0","0","0","0","0","0","0","0","0","0","0","0","0","0",
"860Z200US11024","ZCTA5 11024","8623","7961","6779","157","5","531","11","478","662","642","9","13","313","1","278","0","8","0","15","0","0","0","1","3","1","20","1","1","0","11","0","0","0","0","4","0","0","0","3","0","0","0","0","0","0","0","0","0","0","0","0","0","0","0","0","0","0","0","0","0","0","0","0","0","0","0","0","0","0","0","0",
"860Z200US11030","ZCTA5 11030","17898","16805","12423","176","36","3948","5","217","1093","1054","36","39","234","4","684","9","6","4","24","1","0","1","2","10","0","35","2","6","0","4","0","0","13","0","9","0","0","0","1","0","0","0","0","0","0","0","4","0","0","3","0","1","0","0","0","0","0","0","0","0","0","0","0","0","0","0","0","0","0","0","0",
"860Z200US11040","ZCTA5 11040","43075","40366","17385","689","187","20014","18","2073","2709","2493","107","62","329","8","1596","13","51","6","80","24","0","26","17","171","3","201","25","25","2","39","6","0","31","5","45","0","1","0","1","1","17","0","0","3","0","0","12","2","0","4","0","5","0","1","0","0","0","0","0","0","0","0","3","0","3","0","0","0","0","0","0",
"860Z200US11042","ZCTA5 11042","19","15","5","1","0","9","0","0","4","4","2","0","2","0","0","0","0","0","0","0","0","0","0","0","0","0","0","0","0","0","0","0","0","0","0","0","0","0","0","0","0","0","0","0","0","0","0","0","0","0","0","0","0","0","0","0","0","0","0","0","0","0","0","0","0","0","0","0","0","0","0",
"860Z200US11050","ZCTA5 11050","31512","28793","21872","534","255","3304","8","2820","2719","2612","134","66","431","13","1826","15","13","0","35","1","0","42","10","21","5","97","16","6","0","18","5","0","26","6","16","0","0","0","3","0","0","0","0","0","0","1","7","1","0","4","1","0","0","0","1","0","0","0","0","0","0","0","3","0","3","0","0","0","0","0","0",
"860Z200US11096","ZCTA5 11096","9645","8602","2487","1854","122","376","3","3760","1043","1011","31","16","13","0","795","10","8","2","85","0","0","25","3","17","6","28","9","0","0","6","0","0","11","0","2","0","0","0","0","0","0","0","0","0","0","0","4","0","0","1","0","3","0","0","0","0","0","0","0","0","0","0","0","0","0","0","0","0","0","0","0",
"860Z200US11101","ZCTA5 11101","48867","43595","16898","6824","389","13995","59","5430","5272","4883","409","121","784","3","2636","96","63","14","444","22","3","83","60","107","38","324","53","24","1","103","4","2","66","8","38","0","1","0","6","0","11","0","0","4","1","2","58","10","2","30","1","9","0","0","1","0","0","0","2","0","3","0","7","5","1","1","0","0","0","0","0",
"860Z200US11102","ZCTA5 11102","37468","32943","18047","3436","378","5310","18","5754","4525","4184","305","90","418","1","2698","45","59","6","364","19","1","97","15","41","25","291","52","18","0","100","4","0","50","5","25","0","7","0","11","1","4","5","2","4","1","2","41","5","0","28","0","5","0","0","1","0","0","1","1","0","0","0","9","3","6","0","0","0","0","0","0",
"860Z200US11103","ZCTA5 11103","37362","32976","21467","681","316","5159","17","5336","4386","4122","317","127","410","9","2829","22","33","4","144","18","2","117","9","68","13","200","24","17","1","45","4","0","43","6","19","1","1","0","8","4","15","4","2","3","2","1","58","7","2","39","1","5","0","0","2","0","0","1","1","0","0","0","6","1","5","0","0","0","0","0","0",
"860Z200US11104","ZCTA5 11104","27407","24018","12032","616","265","6736","20","4349","3389","3169","137","110","430","3","2036","16","33","1","154","16","2","129","21","69","12","175","21","9","0","58","0","0","58","4","12","0","0","0","8","0","2","0","0","2","0","1","44","3","0","33","0","4","0","0","1","0","2","0","1","0","0","0","1","1","0","0","0","0","0","0","0",
"860Z200US11105","ZCTA5 11105","38001","33850","25161","912","196","4068","9","3504","4151","3879","261","124","449","9","2646","18","34","9","154","17","2","65","12","58","21","212","26","12","1","57","6","0","45","5","29","1","1","0","3","2","14","1","1","4","1","3","59","14","0","34","0","2","0","1","2","0","2","0","0","0","3","1","1","1","0","0","0","0","0","0","0",
"860Z200US11106","ZCTA5 11106","41722","37050","19021","3195","372","8244","28","6190","4672","4339","320","121","451","7","2768","48","45","2","306","31","4","98","22","95","21","261","35","12","2","82","6","0","63","0","24","0","7","0","4","3","13","0","0","3","2","5","62","10","0","43","0","2","0","0","4","0","0","0","2","1","0","0","10","1","9","0","0","0","0","0","0",
"860Z200US11109","ZCTA5 11109","8400","7588","4860","277","4","2042","1","404","812","771","61","27","195","4","428","2","10","1","22","0","1","3","2","14","1","29","7","4","0","4","0","0","11","0","2","0","0","0","0","0","1","0","0","0","0","0","12","0","0","11","0","1","0","0","0","0","0","0","0","0","0","0","0","0","0","0","0","0","0","0","0",
"860Z200US11201","ZCTA5 11201","69703","62648","41291","7826","195","10469","25","2842","7055","6627","703","192","1757","16","2961","84","111","9","511","14","2","49","128","67","23","369","54","40","2","95","8","0","75","20","48","2","7","1","8","1","7","0","0","1","0","0","52","6","0","41","0","4","0","0","0","1","0","0","0","0","0","0","7","2","4","0","0","0","1","0","0",
"860Z200US11203","ZCTA5 11203","81824","74442","4712","64592","257","1721","40","3120","7382","7032","671","63","142","6","428","251","213","46","5055","29","4","35","10","56","23","282","72","30","4","58","11","1","30","7","12","2","9","1","19","3","18","2","0","2","0","1","61","8","0","27","2","9","1","0","4","1","1","0","5","0","3","0","6","2","3","1","0","0","0","1","1",
"860Z200US11204","ZCTA5 11204","85885","81487","44081","1010","711","27593","31","8061","4398","4163","193","74","1226","11","2129","31","45","2","160","17","3","151","15","97","9","199","46","23","1","47","5","0","27","5","7","0","4","3","10","2","12","0","1","3","2","1","32","6","0","15","1","5","0","0","3","0","1","1","0","0","0","0","4","3","1","0","0","0","0","0","0",
"860Z200US11205","ZCTA5 11205","50474","46434","25478","11518","304","4189","54","4891","4040","3734","518","78","594","19","1531","107","48","7","678","8","0","81","10","36","19","265","78","22","2","78","4","0","27","6","27","0","5","1","6","1","6","1","0","0","1","0","34","6","1","15","0","8","0","0","1","0","3","0","0","0","0","0","7","5","2","0","0","0","0","0","0",
"860Z200US11206","ZCTA5 11206","91549","81688","36213","19564","866","6527","81","18437","9861","9113","805","192","642","27","4735","231","105","14","1917","20","3","228","22","95","77","611","132","25","3","217","16","1","96","18","29","5","3","1","39","0","15","4","1","0","0","6","124","2","0","110","1","4","1","0","4","1","1","0","0","0","0","0","13","7","4","2","0","0","0","0","0",
"860Z200US11207","ZCTA5 11207","100330","87795","8048","57183","962","2150","113","19339","12535","11764","964","141","251","11","3698","419","118","34","5639","34","1","249","34","97","74","646","155","41","3","284","8","1","46","5","23","1","6","1","39","3","18","5","0","5","1","1","112","10","0","83","1","7","1","1","0","0","0","1","4","0","4","0","8","2","6","0","0","0","0","5","5",
"860Z200US11208","ZCTA5 11208","101958","88857","5570","39158","1265","12892","92","29880","13101","12228","790","69","173","14","4071","388","282","59","5102","125","20","402","42","526","165","724","139","26","3","322","8","0","64","12","38","13","13","3","31","2","34","3","0","5","1","7","130","15","3","89","1","16","0","1","2","1","1","0","1","0","0","0","12","7","4","0","0","0","1","7","7",
"860Z200US11209","ZCTA5 11209","73239","66953","47638","1868","531","10100","15","6801","6286","5786","564","179","952","24","3277","61","90","6","325","28","0","154","19","87","20","409","76","36","0","108","3","1","96","11","37","3","3","1","16","1","9","6","0","2","0","0","82","12","1","56","2","6","0","0","2","0","1","0","0","0","2","0","4","2","2","0","0","0","0","5","5",
"860Z200US11210","ZCTA5 11210","62805","57753","18823","32472","265","2975","21","3197","5052","4764","493","54","306","11","798","186","213","15","2497","26","1","54","20","65","25","231","64","38","0","61","15","0","14","3","10","0","1","0","9","0","11","1","0","3","1","0","51","7","0","25","0","5","0","1","7","0","0","0","5","0","1","0","5","1","0","1","0","0","3","1","1",
"860Z200US11211","ZCTA5 11211","68540","61792","44964","3209","396","4126","43","9054","6748","6232","423","184","1028","34","3570","66","54","9","665","17","0","106","21","39","16","424","87","21","0","138","3","0","91","16","31","1","4","0","17","2","11","0","0","0","0","2","89","6","1","78","0","2","1","0","0","0","0","0","1","0","0","0","2","1","1","0","0","0","0","1","1",
"860Z200US11212","ZCTA5 11212","91574","83348","3186","70283","520","892","78","8389","8226","7789","946","44","101","6","992","436","107","29","4832","11","2","102","59","73","49","379","111","39","3","113","6","0","17","3","25","4","0","0","23","2","27","1","2","3","0","0","55","10","1","32","0","3","0","0","2","0","0","2","2","0","3","0","3","1","2","0","0","0","0","0","0",
"860Z200US11213","ZCTA5 11213","67217","61468","16843","38136","209","1669","24","4587","5749","5430","823","75","303","18","1218","280","155","21","2384","15","1","59","16","41","21","277","67","16","1","95","7","0","32","7","15","0","7","0","18","0","9","1","0","2","0","0","42","10","0","25","0","3","1","1","0","0","0","0","2","0","0","0","0","0","0","0","0","0","0","0","0",
"860Z200US11214","ZCTA5 11214","96560","90978","39194","1536","1168","39732","28","9320","5582","5272","295","78","2016","8","2226","54","53","11","222","18","0","174","29","74","14","254","57","27","0","59","11","1","28","11","20","4","1","1","11","2","11","7","0","0","0","3","45","6","3","18","2","11","0","0","3","0","0","0","2","0","0","0","9","2","7","0","0","0","0","2","2",
"860Z200US11215","ZCTA5 11215","67493","59585","46271","3058","290","5634","36","4296","7908","7346","674","260","1968","8","3719","57","95","23","330","20","0","76","26","80","10","504","66","54","1","136","14","2","98","15","66","1","3","3","22","0","17","2","0","2","0","2","52","3","0","33","1","10","1","0","2","0","2","0","0","0","0","0","4","2","2","0","0","0","0","2","2",
"860Z200US11216","ZCTA5 11216","61251","55312","18990","28959","276","3700","37","3350","5939","5453","964","107","844","19","1546","228","181","21","1403","6","0","42","23","58","11","398","86","50","0","134","10","0","40","8","18","1","7","0","19","3","19","2","0","1","0","0","83","10","3","60","0","7","0","0","1","0","1","0","1","0","0","0","5","0","4","1","0","0","0","0","0",
"860Z200US11217","ZCTA5 11217","42417","37580","22382","7992","157","4061","28","2960","4837","4456","573","166","971","12","1858","106","108","8","543","4","0","42","16","36","13","323","51","48","0","97","6","0","40","11","37","2","10","1","8","0","7","3","0","1","0","1","52","2","0","41","0","6","0","0","2","0","0","0","1","0","0","0","4","0","3","0","0","1","0","2","2",
"860Z200US11218","ZCTA5 11218","78642","71691","38647","6109","838","17033","26","9038","6951","6470","508","172","1633","7","2993","54","127","7","515","52","1","212","24","153","12","399","65","43","1","114","8","0","74","16","27","4","7","0","11","3","22","1","0","3","0","0","76","11","1","58","0","4","0","0","0","0","0","0","2","0","0","0","5","4","1","0","0","0","0","1","1",
"860Z200US11219","ZCTA5 11219","103447","99202","58737","1215","747","26981","25","11497","4245","4060","169","81","702","23","2493","32","39","8","231","20","0","192","20","45","5","146","37","3","2","29","2","1","22","8","21","0","3","1","8","2","5","0","0","1","0","1","34","5","0","21","0","3","1","0","3","0","0","0","1","0","0","0","5","2","3","0","0","0","0","0","0",
"860Z200US11220","ZCTA5 11220","105797","97321","17195","2516","2130","49695","43","25742","8476","7843","369","183","579","11","4939","72","63","7","853","23","0","543","32","117","52","502","72","16","0","151","8","0","141","13","36","1","6","1","27","1","17","5","1","2","4","0","125","15","3","93","1","9","1","0","2","0","0","0","0","0","1","0","5","3","2","0","0","0","0","1","1",
"860Z200US11221","ZCTA5 11221","89222","78571","22293","33723","988","4315","124","17128","10651","9723","1078","254","762","31","3715","327","179","15","2850","15","4","276","54","108","55","795","154","32","1","331","10","1","113","25","43","2","21","1","29","0","27","0","0","2","2","1","116","11","0","99","0","4","0","0","0","0","2","0","0","0","0","0","14","1","11","0","0","0","2","3","3",
"860Z200US11222","ZCTA5 11222","41957","37825","30468","1521","213","2727","36","2860","4132","3839","355","216","793","21","2135","28","24","8","146","10","0","24","13","60","6","260","49","13","0","66","6","0","76","7","30","0","3","0","2","0","7","0","0","0","0","1","23","6","0","11","0","2","0","0","3","0","1","0","0","0","0","0","9","2","5","2","0","0","0","1","1",
"860Z200US11223","ZCTA5 11223","83519","78542","42056","3500","633","24592","21","7740","4977","4610","255","108","1492","8","2062","62","48","12","284","25","0","129","18","81","26","315","66","25","1","76","8","1","60","20","20","0","7","3","13","0","7","2","0","5","0","1","43","4","1","28","0","6","0","0","1","0","2","0","1","0","0","0","8","3","5","0","0","0","0","1","1",
"860Z200US11224","ZCTA5 11224","46019","43146","23321","11094","315","4103","33","4280","2873","2642","337","65","427","6","1024","113","57","11","501","6","2","48","11","14","20","193","67","7","1","68","3","0","18","2","18","1","1","0","2","1","2","0","0","2","0","0","33","6","1","20","0","3","0","0","2","1","0","0","0","0","0","0","5","1","2","0","0","0","2","0","0",
"860Z200US11225","ZCTA5 11225","58786","53351","15868","32187","229","1941","18","3108","5435","5024","744","82","517","10","1190","204","160","19","1988","11","0","39","26","29","5","329","82","28","0","90","3","1","49","10","7","1","2","0","30","1","21","0","2","1","0","1","70","13","1","46","1","6","0","0","0","0","0","2","0","0","1","0","11","3","8","0","0","0","0","1","1",
"860Z200US11226","ZCTA5 11226","101727","91910","15025","61629","743","4695","57","9761","9817","9094","1105","167","650","21","1989","293","304","29","4217","26","3","133","24","108","25","622","136","65","3","185","11","0","89","26","27","3","13","2","31","6","19","0","1","5","0","0","92","11","0","62","0","7","0","0","3","0","2","1","5","0","1","0","8","2","6","0","0","0","0","1","1",
"860Z200US11228","ZCTA5 11228","45906","43690","21842","426","287","17759","11","3365","2216","2073","152","64","342","1","1264","15","28","0","69","17","1","60","16","33","11","101","19","4","0","35","8","0","6","0","11","1","1","0","9","0","3","0","0","1","0","3","39","4","0","24","1","8","0","0","0","0","0","0","1","0","1","0","1","0","1","0","0","0","0","2","2",
"860Z200US11229","ZCTA5 11229","83669","78603","49432","4783","359","20154","30","3845","5066","4767","290","89","1934","14","1799","70","52","10","323","20","1","68","25","66","6","252","59","20","1","64","4","2","31","10","29","0","6","0","12","1","10","1","0","1","1","0","42","9","2","17","0","4","0","0","1","0","1","0","7","0","1","0","5","5","0","0","0","0","0","0","0",
"860Z200US11230","ZCTA5 11230","91391","85472","55330","6854","502","16191","25","6570","5919","5628","316","104","2298","8","2003","78","64","17","453","44","1","90","21","114","17","241","33","16","2","82","6","0","31","22","18","2","2","3","12","2","8","1","0","1","0","0","47","2","0","28","0","6","0","0","5","1","2","0","2","0","1","0","3","2","1","0","0","0","0","0","0",
"860Z200US11231","ZCTA5 11231","37240","33136","23233","4526","185","2242","25","2925","4104","3813","370","128","915","13","1853","95","44","5","289","4","0","53","9","27","8","247","45","11","0","98","1","0","32","8","26","0","0","0","14","0","9","0","0","0","0","3","41","4","0","30","1","2","0","1","3","0","0","0","0","0","0","0","3","2","0","0","0","0","1","0","0",
"860Z200US11232","ZCTA5 11232","30181","26742","8936","2420","849","5428","36","9073","3439","3162","163","76","290","8","1923","17","41","9","288","4","0","257","36","33","17","220","25","12","0","84","3","0","65","1","16","2","2","0","4","0","2","2","0","1","0","1","50","7","1","36","0","2","0","0","2","1","0","0","1","0","0","0","6","0","6","0","0","0","0","1","1",
"860Z200US11233","ZCTA5 11233","75399","68380","8884","51102","513","1715","42","6124","7019","6435","937","106","327","7","1330","439","146","13","2967","12","1","54","37","42","17","518","140","67","2","137","7","0","49","13","27","1","6","0","36","3","15","1","0","5","4","5","57","8","5","26","2","9","0","0","4","0","0","0","3","0","0","0","8","3","4","0","0","0","1","1","1",
"860Z200US11234","ZCTA5 11234","92133","85798","34775","39275","328","7370","23","4027","6335","5924","674","135","525","12","1814","187","188","11","2150","22","1","51","17","110","27","323","47","36","3","92","11","1","43","10","29","0","8","2","12","3","23","1","0","1","1","0","75","8","0","46","2","13","0","0","3","0","0","1","2","0","0","0","12","5","5","2","0","0","0","1","1",
"860Z200US11235","ZCTA5 11235","88482","83350","60100","2768","333","14563","35","5551","5132","4899","242","90","2262","10","1709","34","51","4","259","17","2","73","32","108","6","191","46","14","1","44","2","2","26","10","19","0","0","0","15","0","7","1","1","1","1","1","37","5","0","17","1","8","1","0","0","1","0","0","3","0","1","0","4","3","1","0","0","0","0","1","1",
"860Z200US11236","ZCTA5 11236","100687","92964","4259","82687","257","1987","41","3733","7723","7235","759","66","225","7","732","340","299","21","4609","19","4","47","22","67","18","411","88","37","4","124","6","0","31","12","21","4","20","0","24","9","25","3","0","1","0","2","68","17","0","34","0","9","0","0","4","0","1","0","2","0","1","0","9","2","7","0","0","0","0","0","0",
"860Z200US11237","ZCTA5 11237","49418","43017","14665","4000","1312","3723","45","19272","6401","5845","359","153","524","13","3219","72","82","9","921","12","0","386","16","55","24","435","72","25","1","154","5","2","96","13","17","3","4","0","28","2","12","0","0","1","0","0","117","2","1","106","0","5","0","1","0","0","1","0","0","0","1","0","4","1","3","0","0","0","0","0","0",
"860Z200US11238","ZCTA5 11238","60090","53692","27394","18375","195","4782","20","2926","6398","5790","843","177","1228","19","1971","178","136","18","1059","12","1","53","19","65","11","509","122","55","1","156","12","1","75","7","39","2","5","0","20","2","10","1","0","0","1","0","87","7","0","56","1","18","0","0","3","0","0","0","1","0","1","0","11","3","8","0","0","0","0","1","1",
"860Z200US11239","ZCTA5 11239","17038","15555","3008","10590","67","431","0","1459","1483","1383","200","10","65","2","382","54","47","7","573","0","0","18","6","11","8","84","27","4","0","26","2","0","4","5","2","1","2","0","2","1","4","0","2","0","0","2","14","4","0","9","0","1","0","0","0","0","0","0","0","0","0","0","2","2","0","0","0","0","0","0","0",
"860Z200US11249","ZCTA5 11249","42024","38259","29590","2361","193","2503","25","3587","3765","3497","268","116","567","10","2010","29","30","3","361","5","0","41","5","25","27","236","38","15","0","87","8","1","42","8","17","0","2","0","6","0","6","2","1","1","1","1","28","1","0","22","0","4","0","0","1","0","0","0","0","0","0","0","4","1","3","0","0","0","0","0","0",
"860Z200US11354","ZCTA5 11354","61276","58121","8722","2157","255","41169","23","5795","3155","2968","144","61","302","4","1891","41","33","10","215","11","1","94","87","58","16","149","8","3","0","48","3","0","28","4","26","0","8","0","3","0","5","1","3","4","1","4","35","11","0","21","0","3","0","0","0","0","0","0","0","0","0","0","3","1","2","0","0","0","0","0","0",
"860Z200US11355","ZCTA5 11355","89465","85312","6158","2151","359","69267","19","7358","4153","3893","123","49","374","3","2536","38","54","5","297","32","2","121","64","177","18","209","27","15","1","62","7","0","37","4","27","1","5","0","5","1","13","0","0","3","0","1","44","13","2","20","1","4","0","0","1","0","2","0","0","1","0","0","4","2","2","0","0","0","0","3","3",
"860Z200US11356","ZCTA5 11356","28310","24977","6675","550","352","9928","10","7462","3333","3143","84","19","174","1","2406","7","13","0","179","9","0","177","11","52","11","148","17","6","3","63","1","0","27","0","14","0","1","0","10","2","2","1","0","0","0","1","39","0","2","30","0","2","0","0","5","0","0","0","0","0","0","0","3","0","3","0","0","0","0","0","0",
"860Z200US11357","ZCTA5 11357","42319","39412","23913","461","85","12111","11","2831","2907","2771","91","65","226","1","2108","11","29","5","117","16","2","43","8","40","9","108","9","7","0","37","3","1","21","0","17","0","0","0","2","1","6","0","0","0","0","4","25","3","0","18","0","2","0","0","1","0","1","0","0","0","0","0","3","2","1","0","0","0","0","0","0",
"860Z200US11358","ZCTA5 11358","40435","37620","12419","535","155","20390","7","4114","2815","2670","91","53","253","9","1983","13","31","4","85","22","3","49","15","55","4","118","24","10","2","37","1","0","16","0","12","0","2","0","5","1","6","0","1","0","0","1","26","5","0","17","0","2","0","1","1","0","0","0","0","0","0","0","1","0","1","0","0","0","0","0","0",
"860Z200US11359","ZCTA5 11359","0","0","0","0","0","0","0","0","0","0","0","0","0","0","0","0","0","0","0","0","0","0","0","0","0","0","0","0","0","0","0","0","0","0","0","0","0","0","0","0","0","0","0","0","0","0","0","0","0","0","0","0","0","0","0","0","0","0","0","0","0","0","0","0","0","0","0","0","0","0","0",
"860Z200US11360","ZCTA5 11360","20039","18828","10816","419","40","6643","4","906","1211","1125","49","11","135","0","753","9","20","2","67","6","2","10","18","33","10","69","13","6","0","15","1","0","12","2","10","0","0","0","4","0","4","0","0","0","1","1","17","4","1","11","0","0","0","0","0","0","0","0","1","0","0","0","0","0","0","0","0","0","0","0","0",
"860Z200US11361","ZCTA5 11361","29116","26973","10943","879","75","13126","8","1942","2143","1992","79","49","238","0","1349","22","25","6","108","9","2","24","13","63","5","119","20","3","0","46","4","0","14","4","12","0","0","0","4","3","5","0","0","1","2","1","30","3","0","25","0","1","0","1","0","0","0","0","0","0","0","0","2","2","0","0","0","0","0","0","0",
"860Z200US11362","ZCTA5 11362","18139","17111","7474","360","32","8580","2","663","1028","974","50","14","127","0","672","9","19","1","39","1","0","6","5","28","3","36","3","4","0","13","2","0","0","1","6","0","0","0","4","0","1","0","0","1","0","1","12","1","0","7","0","2","0","0","2","0","0","0","0","0","0","0","6","0","6","0","0","0","0","0","0",
"860Z200US11363","ZCTA5 11363","7208","6628","3444","78","14","2829","1","262","580","546","11","17","133","0","343","10","0","0","22","2","0","1","0","4","3","29","1","6","0","6","0","0","11","0","3","0","0","0","0","0","1","0","0","1","0","0","3","0","0","3","0","0","0","0","0","0","0","0","0","0","0","0","2","0","2","0","0","0","0","0","0",
"860Z200US11364","ZCTA5 11364","37032","34957","11344","1110","59","20775","1","1668","2075","1968","127","39","303","0","1153","25","56","7","99","9","6","37","29","66","12","93","18","5","2","34","2","0","13","1","5","1","1","0","0","1","8","0","0","2","0","0","11","2","0","4","1","2","0","0","1","0","0","1","0","0","0","0","1","0","1","0","0","0","0","2","2",
"860Z200US11365","ZCTA5 11365","46908","43165","11327","4261","225","22798","14","4540","3743","3445","241","53","405","4","1900","65","92","8","415","17","1","73","27","113","31","248","42","18","0","79","4","0","42","1","35","0","1","0","10","3","11","0","0","2","0","0","46","6","0","34","0","1","0","0","0","0","4","0","0","0","0","1","4","1","3","0","0","0","0","0","0",
"860Z200US11366","ZCTA5 11366","14430","13373","5010","845","40","6333","6","1139","1057","999","45","7","223","0","474","8","17","5","124","6","0","16","14","55","5","53","6","5","1","13","0","0","16","0","4","0","2","0","1","2","2","1","0","0","0","0","5","1","0","3","0","0","0","0","0","0","0","1","0","0","0","0","0","0","0","0","0","0","0","0","0",
"860Z200US11367","ZCTA5 11367","43112","39728","18754","3556","203","13411","9","3795","3384","3141","237","22","517","5","1781","25","53","3","245","18","0","64","22","108","41","215","39","12","1","72","6","0","42","6","19","1","4","0","3","1","5","1","0","2","0","1","23","3","0","11","1","5","0","0","1","0","1","1","0","0","0","0","4","0","4","0","0","0","0","1","1",
"860Z200US11368","ZCTA5 11368","117110","103105","10642","9303","4852","12974","73","65261","14005","13263","347","124","392","7","8853","88","70","15","1574","52","3","1471","13","158","96","619","53","15","1","234","5","0","205","8","31","0","4","0","18","2","15","8","4","8","1","7","114","9","1","80","2","11","0","0","1","2","0","1","5","0","0","2","7","2","3","1","0","1","0","2","2",
"860Z200US11369","ZCTA5 11369","40805","34806","4414","5692","946","5764","24","17966","5999","5581","160","40","96","6","3951","44","53","6","703","18","1","320","47","113","23","342","43","4","0","130","2","0","127","3","15","1","3","0","1","2","5","2","0","3","0","1","69","5","0","44","0","6","0","0","0","0","2","2","0","0","0","10","6","1","5","0","0","0","0","1","1",
"860Z200US11370","ZCTA5 11370","34683","30722","9881","3093","417","8281","31","9019","3961","3763","86","41","174","4","3008","1","41","1","160","8","5","145","16","63","10","173","21","5","0","88","1","0","30","4","15","0","0","0","6","0","1","0","0","0","0","2","25","3","0","17","0","2","1","0","1","0","0","0","0","0","0","1","0","0","0","0","0","0","0","0","0",
"860Z200US11371","ZCTA5 11371","0","0","0","0","0","0","0","0","0","0","0","0","0","0","0","0","0","0","0","0","0","0","0","0","0","0","0","0","0","0","0","0","0","0","0","0","0","0","0","0","0","0","0","0","0","0","0","0","0","0","0","0","0","0","0","0","0","0","0","0","0","0","0","0","0","0","0","0","0","0","0",
"860Z200US11372","ZCTA5 11372","68000","58172","14436","1485","1418","17005","31","23797","9828","9268","277","132","488","7","7019","30","63","9","470","56","1","471","31","182","32","477","59","26","1","158","6","7","123","4","51","3","2","0","15","3","10","3","1","1","0","4","81","0","1","69","1","3","0","0","2","0","0","1","3","0","0","1","2","1","1","0","0","0","0","0","0",
"860Z200US11373","ZCTA5 11373","105712","96441","9196","2074","2104","54714","44","28309","9271","8817","153","130","466","5","6269","47","107","12","476","106","4","583","98","297","64","366","27","18","1","109","1","0","123","9","35","1","1","0","7","2","14","0","1","8","1","8","81","16","2","49","1","2","0","2","3","0","1","1","2","1","0","1","7","3","4","0","0","0","0","0","0",
"860Z200US11374","ZCTA5 11374","47129","41864","19764","1567","294","15378","9","4852","5265","4965","169","70","1450","12","2681","15","58","7","266","30","3","55","26","110","13","244","40","14","0","77","3","0","49","2","30","0","4","0","8","1","10","1","1","2","1","1","49","4","0","35","0","7","0","0","1","0","0","0","1","0","1","0","7","4","2","0","0","1","0","0","0",
"860Z200US11375","ZCTA5 11375","72851","65352","36216","2354","182","21682","16","4902","7499","6938","301","120","1839","12","3858","36","110","2","294","25","4","92","47","174","24","450","65","37","1","136","4","2","71","9","85","1","1","0","9","4","15","0","1","5","1","3","104","13","0","66","0","16","0","1","3","0","1","1","0","1","0","2","6","2","3","1","0","0","0","1","1",
"860Z200US11377","ZCTA5 11377","91512","82303","19813","2994","1488","37254","51","20703","9209","8590","343","139","550","11","6072","45","88","8","519","66","3","413","71","228","34","533","87","22","1","139","5","1","152","18","51","2","2","1","8","6","17","4","3","3","2","9","72","9","1","51","0","1","0","0","7","1","1","0","0","0","1","0","14","6","8","0","0","0","0","0","0",
"860Z200US11378","ZCTA5 11378","38288","34578","19733","716","313","6164","25","7627","3710","3519","103","52","155","4","2758","18","26","3","178","5","9","141","16","42","9","147","19","7","0","53","4","0","37","2","9","0","2","0","4","1","5","2","0","1","0","1","43","4","0","30","1","7","0","0","0","0","0","0","0","0","0","1","1","1","0","0","0","0","0","0","0",
"860Z200US11379","ZCTA5 11379","37906","34772","24731","541","159","5089","23","4229","3134","2904","149","67","298","8","2110","9","29","1","129","11","0","42","7","39","5","205","19","11","1","76","5","1","47","5","15","1","0","1","6","0","9","3","1","1","0","3","23","2","1","16","1","2","0","0","0","0","0","1","0","0","0","0","2","1","0","0","1","0","0","0","0",
"860Z200US11385","ZCTA5 11385","100883","88966","49380","3783","1204","7635","52","26912","11917","10768","645","234","773","14","7005","94","119","11","1093","23","10","534","28","130","55","955","339","29","4","276","5","0","162","12","52","4","11","0","19","6","15","6","3","2","1","9","173","8","1","130","3","17","0","1","5","0","1","2","2","0","1","2","17","6","8","1","1","1","0","4","4",
"860Z200US11411","ZCTA5 11411","19579","18322","344","16821","89","320","12","736","1257","1136","175","8","11","0","88","95","66","16","614","13","0","22","7","10","11","93","31","1","0","19","1","0","9","4","4","3","4","0","1","1","4","1","5","1","0","4","23","2","1","11","0","5","0","0","1","0","1","0","0","0","1","1","5","1","1","2","1","0","0","0","0",
"860Z200US11412","ZCTA5 11412","37958","34911","601","30316","211","1358","34","2391","3047","2838","294","21","29","1","388","247","132","32","1464","49","1","43","5","109","23","177","31","24","0","35","1","0","16","3","29","0","6","0","8","2","17","2","0","3","0","0","31","2","0","25","1","1","0","0","0","0","0","0","1","0","0","1","1","0","1","0","0","0","0","0","0",
"860Z200US11413","ZCTA5 11413","42978","39861","897","36135","213","601","17","1998","3117","2878","291","21","20","3","316","260","151","19","1659","10","1","38","6","63","20","195","56","20","1","45","1","1","25","0","14","0","2","0","13","0","13","1","2","0","0","1","41","15","0","20","2","3","0","0","0","0","0","0","0","1","0","0","3","0","3","0","0","0","0","0","0",
"860Z200US11414","ZCTA5 11414","27320","24717","18460","977","152","1624","13","3491","2603","2443","147","47","159","15","1730","12","47","2","184","21","0","20","9","36","14","126","11","10","0","65","3","0","21","1","8","0","0","0","1","0","5","0","0","1","0","0","34","1","0","29","0","3","0","0","1","0","0","0","0","0","0","0","0","0","0","0","0","0","0","0","0",
"860Z200US11415","ZCTA5 11415","20241","17688","8987","1737","149","3874","4","2937","2553","2343","141","46","365","2","1435","16","27","3","158","33","0","44","6","58","9","163","41","15","2","29","6","0","35","1","13","0","5","0","4","0","9","0","0","2","0","1","45","1","0","33","1","7","0","0","1","0","1","0","1","0","0","0","2","1","0","1","0","0","0","0","0",
"860Z200US11416","ZCTA5 11416","28381","24433","3588","1994","578","9450","21","8802","3948","3664","128","22","89","4","1659","76","207","44","615","95","8","144","12","463","98","235","30","5","2","100","3","0","27","3","14","0","5","0","3","4","27","1","1","2","0","8","48","4","0","39","0","2","1","0","2","0","0","0","0","0","0","0","1","0","1","0","0","0","0","0","0",
"860Z200US11417","ZCTA5 11417","31229","26782","6461","2943","639","8241","15","8483","4447","4162","153","29","136","1","1960","71","170","62","666","89","7","124","15","591","88","258","33","16","1","91","2","0","34","1","11","1","4","0","12","4","30","1","0","11","2","4","26","2","0","17","0","5","0","0","1","0","0","0","0","0","0","1","1","1","0","0","0","0","0","0","0",
"860Z200US11418","ZCTA5 11418","37596","31212","7034","3370","897","8290","63","11558","6384","5922","187","71","323","10","3269","50","215","17","967","91","5","183","27","456","51","389","47","29","2","95","4","0","88","4","14","2","2","1","18","2","60","3","0","10","3","5","66","6","0","49","0","4","0","2","1","0","1","2","1","0","0","0","6","2","4","0","0","0","0","1","1",
"860Z200US11419","ZCTA5 11419","47430","40226","2568","6355","1640","16791","92","12780","7204","6746","113","35","72","4","1199","139","688","111","1353","466","9","230","38","2141","148","390","31","19","3","87","9","2","27","9","12","0","15","1","14","4","85","11","1","40","2","18","62","8","1","26","0","19","0","2","2","0","0","0","0","0","0","4","6","2","4","0","0","0","0","0","0",
"860Z200US11420","ZCTA5 11420","47383","39401","3404","10908","1692","11431","127","11839","7982","7561","205","43","184","10","1367","134","916","120","1802","349","12","395","22","1816","186","351","39","17","2","83","8","0","27","4","13","0","6","1","35","3","78","4","3","24","1","3","62","25","0","26","2","4","0","0","0","0","1","0","1","0","3","0","7","1","6","0","0","0","0","1","1",
"860Z200US11421","ZCTA5 11421","42586","35786","7969","2332","783","7914","63","16725","6800","6350","192","79","146","6","3991","77","78","11","1077","49","4","275","18","304","43","377","64","10","1","147","0","1","89","3","19","2","4","0","12","2","16","0","0","1","4","2","61","6","1","43","1","1","0","0","2","0","1","1","0","3","1","1","12","8","3","1","0","0","0","0","0",
"860Z200US11422","ZCTA5 11422","32839","30321","1229","26169","161","738","11","2013","2518","2348","285","13","36","1","344","122","117","12","1269","17","0","40","9","75","8","151","34","12","0","39","1","0","21","1","9","1","6","0","14","0","8","1","0","3","0","1","15","1","0","9","0","4","0","0","0","0","0","0","0","0","0","1","4","0","4","0","0","0","0","0","0",
"860Z200US11423","ZCTA5 11423","31985","28672","2959","11447","420","8425","45","5376","3313","3126","135","24","118","9","763","68","257","16","731","99","1","97","32","679","97","149","17","17","0","37","1","0","13","7","5","0","1","0","6","1","35","0","0","2","1","6","31","6","1","8","3","4","0","0","3","0","1","1","0","0","2","2","7","0","7","0","0","0","0","0","0",
"860Z200US11424","ZCTA5 11424","0","0","0","0","0","0","0","0","0","0","0","0","0","0","0","0","0","0","0","0","0","0","0","0","0","0","0","0","0","0","0","0","0","0","0","0","0","0","0","0","0","0","0","0","0","0","0","0","0","0","0","0","0","0","0","0","0","0","0","0","0","0","0","0","0","0","0","0","0","0","0",
"860Z200US11426","ZCTA5 11426","19343","17779","5303","1102","132","9326","14","1902","1564","1443","81","45","126","1","851","13","35","2","96","49","0","21","13","102","8","99","11","2","0","35","0","0","24","0","20","0","0","0","0","0","7","0","0","0","0","0","19","2","0","12","0","5","0","0","0","0","0","0","0","0","0","0","3","1","2","0","0","0","0","0","0",
"860Z200US11427","ZCTA5 11427","24555","22297","4118","5253","223","9369","36","3298","2258","2098","96","23","140","3","872","36","126","15","329","48","0","51","18","312","29","126","22","9","0","30","4","0","22","5","14","0","4","0","6","0","6","1","0","0","0","3","31","6","0","21","1","3","0","0","0","0","0","0","0","0","0","0","2","1","0","0","0","1","0","1","1",
"860Z200US11428","ZCTA5 11428","19516","16753","2023","4184","339","6022","25","4160","2763","2559","128","18","65","1","827","28","191","16","403","85","1","105","6","636","49","177","16","5","2","46","7","0","29","3","22","4","1","0","6","0","26","4","0","5","0","1","20","1","0","15","2","1","0","0","1","0","0","0","0","0","0","0","7","1","6","0","0","0","0","0","0",
"860Z200US11429","ZCTA5 11429","25895","23736","844","18040","172","2007","25","2648","2159","1995","229","24","73","2","303","118","163","26","859","34","0","33","3","117","11","129","48","15","1","28","0","0","8","0","8","0","5","2","6","0","6","1","0","0","0","1","32","3","0","18","1","6","0","0","1","0","0","1","0","0","0","2","3","0","3","0","0","0","0","0","0",
"860Z200US11430","ZCTA5 11430","571","551","125","386","1","6","0","33","20","17","1","3","1","0","2","1","0","0","2","2","0","1","4","0","0","2","1","0","0","0","0","0","0","0","0","0","0","0","1","0","0","0","0","0","0","0","1","0","0","0","0","0","0","0","0","0","0","1","0","0","0","0","0","0","0","0","0","0","0","0","0",
"860Z200US11432","ZCTA5 11432","65743","60106","8261","10288","869","29420","93","11175","5637","5232","250","72","388","5","2257","82","249","49","768","114","1","245","48","620","84","335","37","21","0","70","3","0","72","3","32","0","5","0","24","2","39","5","5","4","2","11","69","21","0","30","1","11","0","1","2","0","2","0","0","0","0","1","1","0","1","0","0","0","0","0","0",
"860Z200US11433","ZCTA5 11433","39071","35453","1148","21604","464","6473","60","5704","3618","3420","243","19","39","1","717","199","110","26","1639","52","0","79","12","250","34","173","50","6","1","34","3","1","18","4","23","1","1","0","19","2","5","1","0","1","0","3","22","2","0","10","1","7","0","0","0","0","0","0","0","0","0","2","3","0","3","0","0","0","0","0","0",
"860Z200US11434","ZCTA5 11434","66964","61570","1498","52068","561","2581","80","4782","5394","5050","555","23","56","3","619","401","207","48","2621","53","5","83","22","279","75","291","87","26","1","74","9","3","14","2","14","1","9","0","9","5","23","4","1","4","0","5","49","19","1","15","2","6","1","0","1","0","0","1","2","0","0","1","4","2","2","0","0","0","0","0","0",
"860Z200US11435","ZCTA5 11435","58980","51964","7800","13522","1346","15490","59","13747","7016","6497","297","48","432","4","2826","164","291","39","1372","164","4","257","57","461","81","434","55","30","1","160","9","0","63","5","38","1","7","1","14","4","33","2","2","5","0","4","77","15","1","39","0","10","0","1","3","0","1","0","2","0","3","2","8","0","8","0","0","0","0","0","0",
"860Z200US11436","ZCTA5 11436","20620","18019","590","11087","505","2445","59","3333","2601","2430","117","13","37","2","317","139","123","34","971","85","20","115","30","388","39","132","27","8","0","14","2","0","13","2","1","1","5","0","17","2","32","0","0","7","1","0","35","19","0","12","0","4","0","0","0","0","0","0","0","0","0","0","2","1","0","1","0","0","0","2","2",
"860Z200US11439","ZCTA5 11439","2376","2061","1251","513","6","170","0","121","315","300","51","15","29","1","149","1","9","2","34","1","0","0","1","6","1","15","1","1","0","5","0","1","2","0","1","0","4","0","0","0","0","0","0","0","0","0","0","0","0","0","0","0","0","0","0","0","0","0","0","0","0","0","0","0","0","0","0","0","0","0","0",
"860Z200US11451","ZCTA5 11451","1","1","1","0","0","0","0","0","0","0","0","0","0","0","0","0","0","0","0","0","0","0","0","0","0","0","0","0","0","0","0","0","0","0","0","0","0","0","0","0","0","0","0","0","0","0","0","0","0","0","0","0","0","0","0","0","0","0","0","0","0","0","0","0","0","0","0","0","0","0","0",
"860Z200US11501","ZCTA5 11501","21189","18956","13449","554","48","2922","3","1980","2233","2154","99","40","167","4","1669","7","20","0","69","11","0","26","11","27","4","59","7","4","0","10","0","0","17","2","14","0","1","0","1","0","2","0","0","1","0","0","19","0","0","15","0","3","0","0","0","0","0","0","0","0","1","0","1","1","0","0","0","0","0","0","0",
"860Z200US11507","ZCTA5 11507","7449","7043","3606","72","6","3133","1","225","406","388","22","12","83","0","226","2","12","2","4","4","0","2","6","13","0","14","1","4","0","0","0","0","5","0","4","0","0","0","0","0","0","0","0","0","0","0","4","0","0","1","0","3","0","0","0","0","0","0","0","0","0","0","0","0","0","0","0","0","0","0","0",
"860Z200US11509","ZCTA5 11509","2433","2312","2221","5","0","44","0","42","121","116","3","17","12","0","74","0","2","0","1","0","0","2","2","3","0","4","0","1","0","0","0","0","0","0","1","1","0","0","0","0","1","0","0","0","0","0","1","0","0","1","0","0","0","0","0","0","0","0","0","0","0","0","0","0","0","0","0","0","0","0","0",
"860Z200US11510","ZCTA5 11510","34617","30937","11762","13084","169","1623","9","4290","3680","3449","381","71","142","6","1805","75","119","3","672","10","4","53","10","85","13","213","38","26","0","74","0","0","28","2","12","1","2","0","12","3","14","0","0","1","0","0","15","1","0","9","0","1","1","0","0","0","0","0","1","0","0","2","3","0","1","0","1","0","1","0","0",
"860Z200US11514","ZCTA5 11514","4635","4233","3308","155","12","442","0","316","402","374","20","9","36","0","275","6","7","0","7","1","0","6","0","7","0","21","8","0","0","4","0","0","4","0","4","0","0","0","0","1","0","0","0","0","0","0","5","0","1","4","0","0","0","0","0","0","0","0","0","0","0","0","2","0","2","0","0","0","0","0","0",
"860Z200US11516","ZCTA5 11516","8394","7998","6848","167","26","202","0","755","396","381","16","4","21","0","314","2","0","1","12","3","0","5","1","2","0","11","0","1","0","8","0","0","1","0","0","0","0","0","0","0","1","0","0","0","0","0","4","0","0","3","0","0","0","0","0","0","0","0","0","0","0","1","0","0","0","0","0","0","0","0","0",
"860Z200US11518","ZCTA5 11518","10869","10059","8853","293","41","318","3","551","810","776","71","35","56","0","571","0","6","1","16","0","0","10","0","10","0","27","1","4","0","7","2","0","10","0","3","0","0","0","0","0","0","0","0","0","0","0","7","0","0","7","0","0","0","0","0","0","0","0","0","0","0","0","0","0","0","0","0","0","0","0","0",
"860Z200US11520","ZCTA5 11520","45121","38694","9773","13732","529","849","31","13780","6427","6101","496","88","78","9","4019","131","104","13","914","7","0","122","7","83","30","268","54","17","6","107","2","0","47","4","15","0","3","0","6","1","4","1","0","0","0","1","55","4","0","45","1","4","0","0","1","0","0","0","0","0","0","0","3","3","0","0","0","0","0","0","0",
"860Z200US11530","ZCTA5 11530","28851","27071","23990","416","34","2062","7","562","1780","1709","71","43","320","5","1153","0","17","4","52","4","0","8","2","28","2","55","10","3","0","11","2","0","12","2","13","0","1","0","1","0","0","0","0","0","0","0","14","2","1","5","0","4","0","0","0","0","0","0","0","0","2","0","2","2","0","0","0","0","0","0","0",
"860Z200US11542","ZCTA5 11542","29171","25326","16856","1768","216","1544","4","4938","3845","3746","186","63","169","0","3050","26","20","5","116","11","0","72","3","19","6","86","17","4","0","30","0","0","21","0","10","0","0","0","2","0","1","0","0","1","0","0","13","3","0","8","1","1","0","0","0","0","0","0","0","0","0","0","0","0","0","0","0","0","0","0","0",
"860Z200US11545","ZCTA5 11545","12008","11262","9466","129","20","1298","2","347","746","702","43","21","117","1","462","3","1","0","30","0","0","10","1","11","2","41","7","4","1","11","3","0","2","0","7","0","0","0","0","0","6","0","0","0","0","0","2","1","0","0","0","1","0","0","0","0","0","0","0","0","0","0","1","0","1","0","0","0","0","0","0",
"860Z200US11547","ZCTA5 11547","995","939","825","8","0","82","0","24","56","52","3","2","9","0","34","0","0","0","1","0","0","1","0","2","0","4","2","0","0","2","0","0","0","0","0","0","0","0","0","0","0","0","0","0","0","0","0","0","0","0","0","0","0","0","0","0","0","0","0","0","0","0","0","0","0","0","0","0","0","0","0",
"860Z200US11548","ZCTA5 11548","2313","2151","1705","26","1","332","0","87","162","160","10","16","32","0","93","1","0","0","3","0","0","1","0","4","0","2","0","0","0","1","0","0","0","0","0","0","0","0","0","0","1","0","0","0","0","0","0","0","0","0","0","0","0","0","0","0","0","0","0","0","0","0","0","0","0","0","0","0","0","0","0",
"860Z200US11549","ZCTA5 11549","2337","2125","1531","284","9","196","8","97","212","202","20","16","63","2","82","7","4","0","5","1","0","0","1","1","0","8","2","1","0","3","0","0","0","0","2","0","0","0","0","0","0","0","0","0","0","0","2","0","0","0","0","1","0","0","0","0","0","0","0","0","1","0","0","0","0","0","0","0","0","0","0",
"860Z200US11550","ZCTA5 11550","61901","54403","6787","24229","743","1344","38","21262","7498","7127","393","109","87","8","4724","250","79","9","1092","16","0","210","26","105","19","350","121","21","0","76","3","0","82","1","22","1","2","0","12","2","5","0","2","0","0","0","20","3","0","6","0","10","0","0","0","0","0","0","1","0","0","0","1","0","1","0","0","0","0","0","0",
"860Z200US11552","ZCTA5 11552","24903","22652","12666","5493","130","1660","5","2698","2251","2080","203","28","114","0","1299","56","50","4","225","24","0","34","5","31","7","138","37","7","0","39","0","0","23","5","18","0","3","0","3","0","1","0","0","1","0","1","32","5","0","18","2","0","1","0","1","0","2","1","2","0","0","0","1","0","1","0","0","0","0","0","0",
"860Z200US11553","ZCTA5 11553","26929","23991","3065","11254","329","639","7","8697","2938","2759","183","51","35","1","1770","87","37","1","413","5","4","125","9","23","15","142","15","21","2","23","3","0","65","1","3","2","1","0","0","1","4","0","0","0","0","1","32","7","0","21","2","1","0","0","1","0","0","0","0","0","0","0","5","5","0","0","0","0","0","0","0",
"860Z200US11554","ZCTA5 11554","37796","34584","23152","1801","103","6825","14","2689","3212","3010","178","93","280","5","2137","19","52","5","135","8","0","25","10","58","5","177","32","12","0","39","3","1","41","3","17","3","5","0","2","0","14","0","0","1","0","4","24","4","0","14","1","3","0","2","0","0","0","0","0","0","0","0","1","1","0","0","0","0","0","0","0",
"860Z200US11556","ZCTA5 11556","18","11","3","2","2","0","0","4","7","7","0","0","0","0","0","2","0","0","4","0","0","1","0","0","0","0","0","0","0","0","0","0","0","0","0","0","0","0","0","0","0","0","0","0","0","0","0","0","0","0","0","0","0","0","0","0","0","0","0","0","0","0","0","0","0","0","0","0","0","0","0",
"860Z200US11557","ZCTA5 11557","8659","8096","6603","350","24","651","1","467","563","542","39","14","59","2","341","11","18","0","34","2","0","5","0","17","0","18","10","2","0","3","0","0","2","0","1","0","0","0","0","0","0","0","0","0","0","0","3","0","0","3","0","0","0","0","0","0","0","0","0","0","0","0","0","0","0","0","0","0","0","0","0",
"860Z200US11558","ZCTA5 11558","8954","8008","6089","276","59","389","8","1187","946","909","41","35","56","1","707","2","13","1","24","0","0","12","0","15","2","32","3","0","1","17","0","0","6","0","2","0","0","0","2","0","1","0","0","0","0","0","5","2","0","1","1","1","0","0","0","0","0","0","0","0","0","0","0","0","0","0","0","0","0","0","0",
"860Z200US11559","ZCTA5 11559","8709","8249","7007","260","27","172","1","782","460","433","13","5","9","0","326","6","10","1","49","2","0","5","0","7","0","23","2","2","0","11","0","0","7","0","1","0","0","0","0","0","0","0","0","0","0","0","4","0","0","3","0","1","0","0","0","0","0","0","0","0","0","0","0","0","0","0","0","0","0","0","0",
"860Z200US11560","ZCTA5 11560","6860","6249","5352","106","3","267","1","520","611","586","30","23","56","2","448","1","1","0","12","1","0","1","3","5","3","22","4","2","0","3","0","0","10","0","1","0","0","0","2","0","0","0","0","0","0","0","3","1","0","1","0","1","0","0","0","0","0","0","0","0","0","0","0","0","0","0","0","0","0","0","0",
"860Z200US11561","ZCTA5 11561","39132","36285","30412","1975","110","1179","26","2583","2847","2724","219","113","220","7","1833","26","29","2","159","8","2","52","16","36","2","99","30","13","0","23","2","1","12","2","6","0","0","0","2","0","4","0","0","3","1","0","23","3","0","15","0","1","0","1","0","0","3","0","0","0","0","0","1","0","1","0","0","0","0","0","0",
"860Z200US11563","ZCTA5 11563","23349","20968","16044","1616","69","1468","2","1769","2381","2241","151","64","164","7","1535","24","28","10","151","8","0","22","5","53","19","124","20","7","1","31","2","0","31","1","14","0","1","0","8","1","5","0","0","0","0","2","12","1","0","11","0","0","0","0","0","0","0","0","0","0","0","0","4","2","2","0","0","0","0","0","0",
"860Z200US11565","ZCTA5 11565","8845","8107","6610","518","26","528","0","425","738","706","56","8","62","3","494","4","7","1","45","5","0","7","0","13","1","31","7","0","0","10","0","0","9","0","4","0","0","0","0","0","0","1","0","0","0","0","1","0","0","0","0","0","0","0","0","0","1","0","0","0","0","0","0","0","0","0","0","0","0","0","0",
"860Z200US11566","ZCTA5 11566","35147","32896","29371","704","36","1627","6","1152","2251","2156","107","62","297","2","1541","16","14","2","51","4","0","27","1","27","5","85","21","3","0","15","0","0","17","11","13","0","0","0","1","0","0","0","0","1","0","3","10","3","0","5","0","1","0","0","0","0","0","0","0","0","0","1","0","0","0","0","0","0","0","0","0",
"860Z200US11568","ZCTA5 11568","4168","3934","2235","592","13","956","0","138","234","222","20","3","73","0","81","1","2","0","13","4","0","5","1","19","0","10","0","1","0","3","2","0","0","0","2","0","0","0","1","0","1","0","0","0","0","0","2","1","0","0","0","0","0","0","1","0","0","0","0","0","0","0","0","0","0","0","0","0","0","0","0",
"860Z200US11569","ZCTA5 11569","1527","1459","1421","8","0","18","0","12","68","64","5","4","2","0","51","0","0","0","0","1","0","0","0","1","0","4","4","0","0","0","0","0","0","0","0","0","0","0","0","0","0","0","0","0","0","0","0","0","0","0","0","0","0","0","0","0","0","0","0","0","0","0","0","0","0","0","0","0","0","0","0",
"860Z200US11570","ZCTA5 11570","29023","26814","21843","2780","56","707","1","1427","2209","2084","145","59","254","1","1388","37","17","1","121","4","1","13","6","25","12","107","15","7","0","29","1","0","23","3","23","0","0","0","3","0","2","0","0","1","0","0","16","4","0","7","0","5","0","0","0","0","0","0","0","0","0","0","2","0","2","0","0","0","0","0","0",
"860Z200US11572","ZCTA5 11572","31157","28688","25104","658","72","1151","2","1701","2469","2357","169","111","182","4","1720","13","24","2","59","6","0","6","0","48","13","104","19","9","0","35","0","2","19","1","10","0","0","0","0","0","6","0","0","1","0","2","7","4","0","3","0","0","0","0","0","0","0","0","0","0","0","0","1","0","1","0","0","0","0","0","0",
"860Z200US11575","ZCTA5 11575","18048","15991","835","8946","192","194","19","5805","2057","1930","101","23","14","0","1274","78","24","3","306","1","0","83","3","14","6","114","29","1","1","40","0","0","33","0","4","0","0","0","1","0","4","1","0","0","0","0","12","3","0","5","0","2","0","2","0","0","0","0","0","0","0","0","1","1","0","0","0","0","0","0","0",
"860Z200US11576","ZCTA5 11576","12962","12368","8994","123","11","2938","2","300","594","570","17","23","181","0","310","2","4","0","8","1","0","4","3","17","0","21","3","7","0","3","0","0","2","0","1","0","0","0","3","0","1","0","0","1","0","0","3","0","0","1","1","1","0","0","0","0","0","0","0","0","0","0","0","0","0","0","0","0","0","0","0",
"860Z200US11577","ZCTA5 11577","12695","11763","7623","461","26","3165","2","486","932","877","30","7","144","2","614","4","9","6","29","7","0","6","7","11","1","51","8","0","0","12","0","0","17","3","6","0","0","0","1","0","3","0","0","0","0","1","4","2","0","2","0","0","0","0","0","0","0","0","0","0","0","0","0","0","0","0","0","0","0","0","0",
"860Z200US11579","ZCTA5 11579","5039","4634","4285","87","9","150","1","102","405","390","28","14","62","0","278","2","0","0","6","0","0","0","0","0","0","14","3","0","0","3","0","0","3","1","3","0","0","0","0","0","1","0","0","0","0","0","1","0","0","0","0","0","0","0","0","0","0","1","0","0","0","0","0","0","0","0","0","0","0","0","0",
"860Z200US11580","ZCTA5 11580","43026","38300","10533","12961","371","8323","24","6088","4726","4434","341","80","225","8","2204","72","231","16","833","31","0","62","23","293","15","234","27","26","0","83","1","0","44","2","14","2","1","0","8","0","23","0","0","3","0","0","52","2","0","42","1","7","0","0","0","0","0","0","0","0","0","0","6","0","6","0","0","0","0","0","0",
"860Z200US11581","ZCTA5 11581","23183","21068","11108","4172","106","3232","16","2434","2115","1948","157","43","62","6","1103","25","73","4","306","11","0","32","0","111","15","120","8","3","1","41","0","1","32","0","13","0","0","0","5","1","10","0","0","4","0","1","41","1","0","28","0","10","0","0","1","0","1","0","0","0","0","0","6","5","1","0","0","0","0","0","0",
"860Z200US11590","ZCTA5 11590","47838","42294","17774","8900","369","5466","15","9770","5544","5295","253","94","304","1","3929","66","43","7","356","15","1","129","12","76","9","208","51","25","4","40","3","0","45","0","30","1","0","0","3","0","6","0","0","0","0","0","41","9","0","23","0","4","2","0","0","0","0","0","2","0","1","0","0","0","0","0","0","0","0","0","0",
"860Z200US11596","ZCTA5 11596","10849","10089","7299","101","14","2335","2","338","760","734","24","25","122","2","467","4","20","0","23","4","0","3","3","34","3","21","3","3","0","4","0","0","1","0","8","0","0","0","2","0","0","0","0","0","0","0","5","0","0","4","0","0","1","0","0","0","0","0","0","0","0","0","0","0","0","0","0","0","0","0","0",
"860Z200US11598","ZCTA5 11598","14515","14096","12628","447","18","460","4","539","419","398","30","3","40","0","274","12","1","1","19","1","0","4","0","12","1","17","0","4","0","1","0","0","3","0","4","1","1","0","0","0","3","0","0","0","0","0","3","0","0","0","0","0","0","0","2","0","0","0","0","0","0","1","1","0","0","0","1","0","0","0","0",
"860Z200US11691","ZCTA5 11691","64673","58760","15685","29387","623","1579","60","11426","5913","5532","499","71","99","7","2113","236","123","21","1947","40","11","158","13","132","62","317","84","23","2","107","6","0","39","4","13","1","4","3","4","3","15","0","0","5","2","2","49","5","0","30","0","9","1","0","2","0","0","0","1","0","1","0","15","4","11","0","0","0","0","0","0",
"860Z200US11692","ZCTA5 11692","22776","20541","3173","13121","209","1119","20","2899","2235","2068","232","16","56","0","566","136","63","4","893","1","0","43","7","36","15","132","42","6","0","54","0","0","6","0","11","1","3","0","4","1","2","0","0","2","0","0","35","7","0","22","0","2","0","0","2","0","0","0","1","0","0","1","0","0","0","0","0","0","0","0","0",
"860Z200US11693","ZCTA5 11693","12467","11369","6056","3404","118","461","5","1325","1098","1042","130","13","114","5","460","38","16","3","208","6","2","13","4","28","2","45","7","1","1","23","0","0","5","0","6","0","0","0","0","0","1","0","0","0","0","1","10","3","0","6","0","0","0","0","1","0","0","0","0","0","0","0","1","0","1","0","0","0","0","0","0",
"860Z200US11694","ZCTA5 11694","19780","18370","14583","1898","79","473","11","1326","1410","1302","109","54","69","7","830","29","18","0","138","9","0","16","3","19","1","100","22","9","0","36","2","0","11","0","7","2","2","0","6","0","2","0","0","0","1","0","8","1","0","6","0","1","0","0","0","0","0","0","0","0","0","0","0","0","0","0","0","0","0","0","0",
"860Z200US11697","ZCTA5 11697","4468","4335","4267","7","3","13","0","45","133","123","14","2","9","0","93","0","0","0","3","0","0","1","0","1","0","9","0","8","0","0","0","0","0","0","0","0","0","0","0","0","1","0","0","0","0","0","1","0","0","1","0","0","0","0","0","0","0","0","0","0","0","0","0","0","0","0","0","0","0","0","0",
"860Z200US11701","ZCTA5 11701","27831","25218","10122","9083","218","477","10","5308","2613","2429","240","75","103","1","1288","147","38","1","357","4","1","136","4","15","19","162","47","5","1","47","5","0","41","4","7","0","0","0","3","2","0","0","0","0","0","0","21","3","2","8","0","2","0","1","3","0","2","0","0","0","0","0","1","0","1","0","0","0","0","0","0",
"860Z200US11702","ZCTA5 11702","14580","13541","12428","324","16","358","6","409","1039","981","94","59","117","6","622","22","2","0","31","0","0","12","0","14","2","47","6","6","0","15","0","0","7","2","10","0","0","0","0","0","1","0","0","0","0","0","10","0","0","10","0","0","0","0","0","0","0","0","0","0","0","0","1","1","0","0","0","0","0","0","0",
"860Z200US11703","ZCTA5 11703","16635","15024","10892","1783","51","1006","2","1290","1611","1486","163","66","91","2","955","29","16","0","106","1","0","30","0","21","6","92","16","20","0","30","2","0","17","1","3","0","1","0","1","0","0","1","0","0","0","0","32","2","0","24","1","4","0","0","1","0","0","0","0","0","0","0","1","1","0","0","0","0","0","0","0",
"860Z200US11704","ZCTA5 11704","40367","36615","25530","5613","220","1385","9","3858","3752","3568","328","182","236","12","2241","87","42","2","253","0","3","126","11","36","9","171","55","7","1","44","4","2","33","3","13","0","1","0","6","1","1","0","0","0","0","0","10","2","0","6","1","0","0","0","1","0","0","0","0","0","0","0","2","1","1","0","0","0","0","1","1",
"860Z200US11705","ZCTA5 11705","7951","7436","6967","161","4","136","3","165","515","475","67","44","47","2","289","9","1","2","7","1","1","4","0","0","1","35","14","1","0","10","0","0","6","1","2","0","0","0","0","0","0","0","1","0","0","0","5","0","0","4","0","0","0","0","1","0","0","0","0","0","0","0","0","0","0","0","0","0","0","0","0",
"860Z200US11706","ZCTA5 11706","66263","56752","25968","9786","761","2857","36","17344","9511","9008","595","251","285","11","6334","186","49","24","727","6","0","443","2","80","15","459","99","32","0","175","9","0","85","9","24","0","8","0","12","1","4","0","0","0","1","0","41","6","2","28","0","4","0","1","0","0","0","0","0","0","0","0","3","0","3","0","0","0","0","0","0",
"860Z200US11709","ZCTA5 11709","6748","6231","5829","36","9","142","7","208","517","496","25","29","45","0","373","2","3","1","4","0","0","10","0","4","0","15","3","4","0","1","0","0","4","1","0","0","0","0","0","0","2","0","0","0","0","0","6","1","0","5","0","0","0","0","0","0","0","0","0","0","0","0","0","0","0","0","0","0","0","0","0",
"860Z200US11710","ZCTA5 11710","35155","32566","28269","862","59","2189","4","1183","2589","2475","117","103","357","3","1715","19","16","1","66","6","0","19","5","44","4","94","18","10","1","25","0","0","10","0","23","0","6","0","0","0","0","0","0","0","0","1","20","2","0","14","0","2","0","0","0","0","1","0","1","0","0","0","0","0","0","0","0","0","0","0","0",
"860Z200US11713","ZCTA5 11713","10970","9738","5488","2144","148","286","9","1663","1232","1165","182","43","56","2","654","103","16","3","80","0","0","16","5","3","2","63","26","3","3","15","0","0","8","1","4","0","0","0","3","0","0","0","0","0","0","0","4","1","0","3","0","0","0","0","0","0","0","0","0","0","0","0","0","0","0","0","0","0","0","0","0",
"860Z200US11714","ZCTA5 11714","22989","21412","17306","269","66","2806","10","955","1577","1512","70","68","156","2","1110","11","12","0","23","14","0","18","3","21","4","48","5","3","1","12","0","0","14","2","5","1","1","0","2","0","1","0","0","0","0","1","16","2","0","6","0","1","0","0","5","0","1","0","1","0","0","0","1","1","0","0","0","0","0","0","0",
"860Z200US11715","ZCTA5 11715","4423","4184","4030","41","3","47","0","63","239","228","15","30","23","0","151","5","1","0","0","0","0","1","0","2","0","11","4","0","0","1","0","0","6","0","0","0","0","0","0","0","0","0","0","0","0","0","0","0","0","0","0","0","0","0","0","0","0","0","0","0","0","0","0","0","0","0","0","0","0","0","0",
"860Z200US11716","ZCTA5 11716","10315","9658","8784","199","7","363","1","304","657","608","54","37","54","3","409","4","0","1","29","0","0","6","1","7","3","46","14","2","0","16","3","0","3","1","6","0","0","0","1","0","0","0","0","0","0","0","3","0","0","0","1","0","0","0","2","0","0","0","0","0","0","0","0","0","0","0","0","0","0","0","0",
"860Z200US11717","ZCTA5 11717","62193","50111","11892","7493","1190","1194","13","28329","12082","11641","317","190","69","7","9178","97","33","10","777","11","1","881","8","50","12","397","52","3","2","124","4","0","171","1","19","2","4","0","10","0","4","1","0","0","0","0","42","2","0","28","0","6","0","0","2","2","0","0","2","0","0","0","2","0","2","0","0","0","0","0","0",
"860Z200US11718","ZCTA5 11718","3181","2962","2781","84","1","49","0","47","219","206","29","3","24","0","137","1","2","0","6","0","0","2","0","0","2","11","7","0","0","4","0","0","0","0","0","0","0","0","0","0","0","0","0","0","0","0","2","0","0","2","0","0","0","0","0","0","0","0","0","0","0","0","0","0","0","0","0","0","0","0","0",
"860Z200US11719","ZCTA5 11719","3447","3201","2844","203","15","38","0","101","246","223","33","16","32","0","106","16","2","2","12","1","0","1","0","2","0","20","6","1","0","7","1","0","2","0","1","0","0","0","1","1","0","0","0","0","0","0","2","0","0","1","1","0","0","0","0","0","0","0","0","0","0","0","0","0","0","0","0","0","0","1","1",
"860Z200US11720","ZCTA5 11720","28623","26017","20475","957","91","2511","7","1976","2606","2430","176","131","194","6","1713","31","16","2","91","0","0","32","12","24","2","165","54","4","3","43","6","0","35","1","8","0","0","0","3","1","5","0","0","0","0","2","11","0","0","10","0","1","0","0","0","0","0","0","0","0","0","0","0","0","0","0","0","0","0","0","0",
"860Z200US11721","ZCTA5 11721","6318","5931","5653","40","5","129","1","103","387","375","26","34","71","3","215","4","1","0","6","0","0","5","3","7","0","12","6","0","0","3","1","0","1","0","1","0","0","0","0","0","0","0","0","0","0","0","0","0","0","0","0","0","0","0","0","0","0","0","0","0","0","0","0","0","0","0","0","0","0","0","0",
"860Z200US11722","ZCTA5 11722","37491","31378","8346","7627","610","1163","18","13614","6113","5810","319","78","88","4","4177","111","62","7","475","6","0","443","5","28","7","267","38","13","0","98","7","0","74","3","13","0","0","0","11","0","5","0","0","2","0","3","36","2","0","29","1","3","0","1","0","0","0","0","0","0","0","0","0","0","0","0","0","0","0","0","0",
"860Z200US11724","ZCTA5 11724","3268","3032","2842","15","2","128","0","45","236","223","9","10","50","0","146","0","0","0","0","0","0","7","0","0","1","12","3","1","0","2","1","0","0","0","0","0","0","0","4","1","0","0","0","0","0","0","1","0","0","0","0","1","0","0","0","0","0","0","0","0","0","0","0","0","0","0","0","0","0","0","0",
"860Z200US11725","ZCTA5 11725","28838","27132","23775","535","32","2094","11","685","1706","1612","81","60","224","3","1134","21","7","1","44","1","0","13","0","21","2","79","6","9","1","21","0","0","19","0","12","1","0","0","0","0","7","1","0","0","1","1","14","6","0","4","0","3","0","0","0","0","0","0","1","0","0","0","1","0","1","0","0","0","0","0","0",
"860Z200US11726","ZCTA5 11726","20763","17744","8180","2947","156","419","10","6032","3019","2847","151","59","42","0","2185","66","18","0","223","2","1","66","4","19","11","155","47","7","0","62","1","0","13","3","15","0","0","1","0","0","2","0","4","0","0","0","15","0","0","11","1","2","0","0","0","0","1","0","0","0","0","0","1","0","1","0","0","0","0","1","1",
"860Z200US11727","ZCTA5 11727","29716","26354","17734","4472","144","1675","11","2318","3362","3116","371","132","174","7","1937","115","27","10","261","5","0","34","5","27","11","212","82","18","1","61","1","0","20","2","15","1","1","2","1","0","3","3","0","0","0","1","30","8","0","20","0","2","0","0","0","0","0","0","0","0","0","0","3","1","2","0","0","0","0","1","1",
"860Z200US11729","ZCTA5 11729","28569","26070","15958","4188","144","3310","11","2459","2499","2356","218","88","110","5","1541","52","29","13","160","2","0","53","0","73","12","119","21","13","0","32","1","0","22","1","13","3","7","0","3","3","0","0","0","0","0","0","20","2","0","12","0","5","0","0","0","0","1","0","0","0","0","0","4","4","0","0","0","0","0","0","0",
"860Z200US11730","ZCTA5 11730","14523","13520","12512","251","31","329","0","397","1003","966","40","52","84","1","734","5","8","0","29","0","0","4","1","8","0","37","12","0","0","9","2","0","1","0","10","0","0","0","2","0","1","0","0","0","0","0","0","0","0","0","0","0","0","0","0","0","0","0","0","0","0","0","0","0","0","0","0","0","0","0","0",
"860Z200US11731","ZCTA5 11731","30353","28239","25330","463","45","1496","6","899","2114","2018","135","120","235","7","1384","12","12","0","40","5","0","45","3","18","2","83","18","3","1","15","1","0","21","2","16","0","1","0","1","0","4","0","0","0","0","0","13","2","0","9","0","1","0","1","0","0","0","0","0","0","0","0","0","0","0","0","0","0","0","0","0",
"860Z200US11732","ZCTA5 11732","3638","3392","3048","48","0","231","2","63","246","235","9","10","22","0","186","0","1","0","3","1","0","1","0","2","0","11","3","0","0","5","0","0","1","0","0","0","0","0","2","0","0","0","0","0","0","0","0","0","0","0","0","0","0","0","0","0","0","0","0","0","0","0","0","0","0","0","0","0","0","0","0",
"860Z200US11733","ZCTA5 11733","17967","16406","14015","233","43","1846","5","264","1561","1510","77","51","231","3","1077","19","8","6","23","1","0","4","0","8","2","43","13","2","0","10","1","0","5","1","7","0","0","0","1","1","2","0","0","0","0","0","7","1","0","6","0","0","0","0","0","0","0","0","0","0","0","0","1","0","1","0","0","0","0","0","0",
"860Z200US11735","ZCTA5 11735","32989","30491","24059","1534","98","2242","15","2543","2498","2351","131","113","210","6","1663","27","35","3","88","7","0","37","2","25","4","132","6","9","0","36","3","0","47","0","16","0","1","0","1","0","12","0","0","1","0","0","14","2","0","7","0","5","0","0","0","0","0","0","0","0","0","0","1","0","1","0","0","0","0","0","0",
"860Z200US11738","ZCTA5 11738","16732","14962","12419","662","55","855","5","966","1770","1675","115","91","85","0","1281","8","14","0","52","0","0","6","4","16","3","82","9","6","0","33","1","1","19","3","3","0","0","0","5","0","1","0","0","0","0","1","12","1","0","4","0","4","0","0","3","0","0","0","0","0","0","0","1","1","0","0","0","0","0","0","0",
"860Z200US11739","ZCTA5 11739","1385","1303","1252","16","1","19","0","15","82","77","0","8","14","0","46","0","3","0","5","0","0","1","0","0","0","3","0","0","0","0","0","0","0","0","2","0","0","0","0","0","1","0","0","0","0","0","2","0","0","0","0","2","0","0","0","0","0","0","0","0","0","0","0","0","0","0","0","0","0","0","0",
"860Z200US11740","ZCTA5 11740","9593","8870","7562","462","31","488","0","327","723","683","61","37","86","1","423","10","8","0","31","0","0","17","0","4","5","25","3","2","0","13","0","0","6","1","0","0","0","0","0","0","0","0","0","0","0","0","15","4","0","7","0","0","0","2","2","0","0","0","0","0","0","0","0","0","0","0","0","0","0","0","0",
"860Z200US11741","ZCTA5 11741","27046","25086","22138","738","51","1179","5","975","1960","1853","154","100","138","8","1376","6","10","0","23","0","1","18","3","15","1","90","18","3","2","23","1","0","18","6","15","0","0","0","1","0","3","0","0","0","0","0","17","0","0","13","1","3","0","0","0","0","0","0","0","0","0","0","0","0","0","0","0","0","0","0","0",
"860Z200US11742","ZCTA5 11742","12699","11683","10050","330","38","753","1","511","1016","970","82","44","82","0","690","4","4","0","42","1","0","13","1","6","1","33","6","1","0","15","0","0","11","0","0","0","0","0","0","0","0","0","0","0","0","0","13","0","0","10","0","3","0","0","0","0","0","0","0","0","0","0","0","0","0","0","0","0","0","0","0",
"860Z200US11743","ZCTA5 11743","41522","38285","32038","2304","114","1928","8","1893","3237","3066","225","131","359","4","2079","55","36","3","94","6","0","54","5","12","3","146","27","12","1","19","3","0","39","7","29","0","6","0","2","0","0","0","0","0","0","1","22","3","0","12","0","1","0","0","3","0","0","0","3","0","0","0","2","0","1","0","0","1","0","1","1",
"860Z200US11746","ZCTA5 11746","69040","61107","38582","4881","394","6791","28","10431","7933","7512","418","198","629","11","4999","88","42","5","298","7","0","744","9","54","10","391","59","14","11","71","8","0","161","11","42","0","3","0","5","1","3","2","0","0","0","0","30","7","0","12","2","8","1","0","0","0","0","0","0","0","0","0","0","0","0","0","0","0","0","0","0",
"860Z200US11747","ZCTA5 11747","20133","19034","15579","919","33","2012","3","488","1099","1038","94","32","201","7","578","20","7","3","52","12","0","15","3","10","4","50","9","1","1","14","1","0","3","2","9","1","0","1","0","0","8","0","0","0","0","0","9","3","0","1","0","3","0","1","0","0","0","0","1","0","0","0","1","1","0","0","0","0","0","1","1",
"860Z200US11749","ZCTA5 11749","3567","3123","1862","478","46","219","0","518","444","416","40","9","17","0","309","3","4","0","21","1","0","9","0","3","0","28","4","4","2","9","0","0","5","0","3","1","0","0","0","0","0","0","0","0","0","0","0","0","0","0","0","0","0","0","0","0","0","0","0","0","0","0","0","0","0","0","0","0","0","0","0",
"860Z200US11751","ZCTA5 11751","14790","13485","11576","581","36","441","2","849","1305","1239","109","81","68","3","880","13","9","1","43","2","0","14","10","5","1","59","7","4","0","16","0","0","11","5","12","0","0","0","1","0","3","0","0","0","0","0","7","1","0","6","0","0","0","0","0","0","0","0","0","0","0","0","0","0","0","0","0","0","0","0","0",
"860Z200US11752","ZCTA5 11752","9758","8919","7704","347","34","252","3","579","839","802","51","52","43","4","589","1","15","0","18","0","0","18","0","10","1","33","10","1","0","3","0","0","16","0","3","0","0","0","0","0","0","0","0","0","0","0","4","0","0","4","0","0","0","0","0","0","0","0","0","0","0","0","0","0","0","0","0","0","0","0","0",
"860Z200US11753","ZCTA5 11753","13084","12630","5769","220","14","6440","2","185","454","435","32","4","123","2","217","6","4","0","9","1","0","2","3","31","1","19","2","1","0","5","0","0","0","0","9","0","0","0","0","0","2","0","0","0","0","0","0","0","0","0","0","0","0","0","0","0","0","0","0","0","0","0","0","0","0","0","0","0","0","0","0",
"860Z200US11754","ZCTA5 11754","18472","17297","16039","218","21","636","0","383","1175","1104","58","91","117","3","794","3","11","0","14","0","0","7","1","5","0","56","11","12","0","18","0","0","8","3","2","0","0","0","2","0","0","0","0","0","0","0","14","4","0","7","0","1","0","0","2","0","0","0","0","0","0","0","1","0","1","0","0","0","0","0","0",
"860Z200US11755","ZCTA5 11755","12118","11169","9447","324","19","962","6","411","949","926","68","60","84","7","641","12","13","1","26","1","0","5","1","7","0","15","3","2","0","3","1","0","4","0","0","0","0","0","1","0","0","0","1","0","0","0","8","0","0","8","0","0","0","0","0","0","0","0","0","0","0","0","0","0","0","0","0","0","0","0","0",
"860Z200US11756","ZCTA5 11756","42501","38340","29276","682","159","5267","7","2949","4161","3960","199","141","371","6","2917","14","67","3","94","3","0","32","9","98","6","179","21","19","0","66","6","0","39","5","13","4","1","0","2","2","1","0","0","0","0","0","21","3","2","9","1","5","0","0","0","0","0","0","1","0","0","0","1","1","0","0","0","0","0","0","0",
"860Z200US11757","ZCTA5 11757","45157","41101","34013","1488","162","1390","3","4045","4056","3866","271","193","261","4","2796","35","24","5","159","5","0","48","3","42","20","167","33","10","3","56","9","2","33","0","14","0","0","0","0","0","6","0","0","0","0","1","21","1","0","17","0","0","0","2","0","0","0","0","1","0","0","0","2","2","0","0","0","0","0","0","0",
"860Z200US11758","ZCTA5 11758","54226","50640","44754","2670","118","1283","12","1803","3586","3444","231","205","312","8","2383","33","29","0","143","8","1","44","3","40","4","117","28","7","4","23","2","0","22","5","13","0","3","0","4","1","2","0","0","0","0","3","22","3","0","14","3","1","0","0","0","0","0","0","0","0","0","1","3","0","3","0","0","0","0","0","0",
"860Z200US11762","ZCTA5 11762","22439","21152","20115","172","17","451","2","395","1287","1226","63","60","168","2","879","4","6","1","17","5","0","6","2","12","1","41","4","3","0","14","2","0","5","0","4","0","0","0","2","0","3","1","0","1","0","2","20","4","0","13","0","3","0","0","0","0","0","0","0","0","0","0","0","0","0","0","0","0","0","0","0",
"860Z200US11763","ZCTA5 11763","29055","25555","18079","2849","195","866","9","3557","3500","3334","269","132","130","9","2402","96","29","8","183","5","1","44","6","17","3","138","46","2","0","33","1","0","33","3","9","0","0","1","8","0","2","0","0","0","0","0","28","2","0","16","7","3","0","0","0","0","0","0","0","0","0","0","0","0","0","0","0","0","0","0","0",
"860Z200US11764","ZCTA5 11764","12566","11789","11023","195","26","360","8","177","777","739","56","73","84","1","481","3","7","0","20","0","0","3","0","9","2","35","6","6","1","3","1","1","13","0","2","0","1","0","1","0","0","0","0","0","0","0","3","1","0","2","0","0","0","0","0","0","0","0","0","0","0","0","0","0","0","0","0","0","0","0","0",
"860Z200US11765","ZCTA5 11765","701","627","542","20","0","41","0","24","74","67","5","0","6","0","56","0","0","0","0","0","0","0","0","0","0","6","0","3","0","0","0","0","1","0","2","0","0","0","0","0","0","0","0","0","0","0","0","0","0","0","0","0","0","0","0","0","0","0","0","0","0","0","1","1","0","0","0","0","0","0","0",
"860Z200US11766","ZCTA5 11766","11888","11152","10172","165","21","600","1","193","736","698","56","38","69","4","495","1","7","1","8","0","0","8","1","6","4","34","9","4","0","8","2","0","2","0","7","0","1","0","1","0","0","0","0","0","0","0","4","1","0","3","0","0","0","0","0","0","0","0","0","0","0","0","0","0","0","0","0","0","0","0","0",
"860Z200US11767","ZCTA5 11767","14379","13421","11896","296","33","781","0","415","958","927","73","42","113","2","652","4","4","1","15","1","0","15","0","4","1","28","2","0","3","11","0","0","6","0","3","0","0","0","0","0","3","0","0","0","0","0","3","1","0","2","0","0","0","0","0","0","0","0","0","0","0","0","0","0","0","0","0","0","0","0","0",
"860Z200US11768","ZCTA5 11768","21433","20153","19224","153","31","468","1","276","1280","1214","68","74","161","8","857","8","3","1","8","0","2","9","5","9","1","59","11","6","0","21","0","0","11","0","9","0","0","0","0","0","1","0","0","0","0","0","7","0","0","3","0","2","0","0","0","0","1","1","0","0","0","0","0","0","0","0","0","0","0","0","0",
"860Z200US11769","ZCTA5 11769","9250","8739","8355","114","11","132","2","125","511","475","50","55","34","0","323","1","0","0","4","1","0","0","0","6","1","29","6","0","0","10","0","0","3","1","8","0","1","0","0","0","0","0","0","0","0","0","5","0","0","4","0","0","0","0","0","0","1","0","0","0","0","0","2","0","2","0","0","0","0","0","0",
"860Z200US11770","ZCTA5 11770","331","295","243","21","1","7","1","22","36","33","0","6","3","0","21","0","0","0","0","1","0","0","0","2","0","3","3","0","0","0","0","0","0","0","0","0","0","0","0","0","0","0","0","0","0","0","0","0","0","0","0","0","0","0","0","0","0","0","0","0","0","0","0","0","0","0","0","0","0","0","0",
"860Z200US11771","ZCTA5 11771","10322","9398","7866","279","26","538","2","687","924","897","68","35","92","4","668","6","6","0","11","0","0","0","1","5","1","26","1","0","0","5","2","0","11","2","2","0","1","0","1","0","1","0","0","0","0","0","1","0","0","0","0","1","0","0","0","0","0","0","0","0","0","0","0","0","0","0","0","0","0","0","0",
"860Z200US11772","ZCTA5 11772","44459","39868","30027","2532","253","991","14","6051","4591","4386","380","182","235","18","3238","82","22","3","145","6","0","46","4","20","5","174","51","17","3","45","3","1","24","4","12","1","1","0","4","3","2","2","0","0","0","1","29","6","0","17","0","3","0","0","3","0","0","0","0","0","0","0","2","0","2","0","0","0","0","0","0",
"860Z200US11776","ZCTA5 11776","24205","21886","17723","967","65","1037","6","2088","2319","2157","160","118","201","7","1459","16","16","9","133","7","0","17","2","6","6","155","38","10","0","51","7","0","28","2","10","0","2","0","1","2","2","0","1","1","0","0","6","2","0","3","0","1","0","0","0","0","0","0","0","0","0","0","1","1","0","0","0","0","0","0","0",
"860Z200US11777","ZCTA5 11777","9346","8670","7581","141","9","606","2","331","676","632","42","42","125","0","386","6","2","1","11","0","0","3","3","11","0","36","7","6","1","11","1","0","6","0","2","0","1","0","0","0","0","0","0","1","0","0","8","0","0","5","0","0","0","0","3","0","0","0","0","0","0","0","0","0","0","0","0","0","0","0","0",
"860Z200US11778","ZCTA5 11778","12449","11433","10497","174","19","232","3","508","1016","965","103","102","65","2","613","23","3","0","31","2","1","17","1","2","0","47","13","5","0","15","0","0","10","1","0","0","0","0","0","0","3","0","0","0","0","0","4","0","0","1","0","1","0","0","0","0","2","0","0","0","0","0","0","0","0","0","0","0","0","0","0",
"860Z200US11779","ZCTA5 11779","38250","34755","28806","1379","71","2479","16","2004","3495","3312","240","195","286","6","2342","26","40","2","100","4","0","27","8","33","3","164","46","10","0","33","3","0","38","11","14","0","1","0","4","1","1","0","0","0","1","1","15","2","0","10","0","2","0","0","0","0","0","0","1","0","0","0","4","2","2","0","0","0","0","0","0",
"860Z200US11780","ZCTA5 11780","15508","14600","13571","140","20","601","4","264","908","870","41","44","103","0","645","9","3","1","11","0","0","5","1","6","1","31","9","1","2","8","1","0","1","2","2","0","2","0","2","0","1","0","0","0","0","0","7","2","0","1","0","3","0","0","0","0","1","0","0","0","0","0","0","0","0","0","0","0","0","0","0",
"860Z200US11782","ZCTA5 11782","15682","14789","14082","195","17","291","4","200","893","853","54","82","92","3","593","2","4","0","4","0","0","7","4","8","0","33","2","0","0","11","3","0","8","0","7","0","1","0","0","0","1","0","0","0","0","0","7","3","0","0","0","2","0","0","0","0","1","1","0","0","0","0","0","0","0","0","0","0","0","0","0",
"860Z200US11783","ZCTA5 11783","21299","19870","18615","181","20","573","1","480","1429","1373","87","62","159","3","1011","1","7","4","15","5","0","5","2","9","3","45","13","8","0","14","0","0","2","0","5","0","0","0","3","0","0","0","0","0","0","0","11","3","0","8","0","0","0","0","0","0","0","0","0","0","0","0","0","0","0","0","0","0","0","0","0",
"860Z200US11784","ZCTA5 11784","24794","22291","17335","1171","81","1781","4","1919","2503","2370","241","136","148","3","1632","19","23","0","123","3","0","19","3","17","3","112","25","7","2","36","0","0","16","4","11","1","1","0","1","0","4","3","0","0","0","1","21","3","0","13","2","3","0","0","0","0","0","0","0","0","0","0","0","0","0","0","0","0","0","0","0",
"860Z200US11786","ZCTA5 11786","6287","5823","5466","84","12","162","0","99","464","435","34","35","35","2","313","1","5","1","8","0","0","1","0","0","0","26","4","3","1","10","0","0","5","0","2","0","0","0","0","1","0","0","0","0","0","0","3","0","0","3","0","0","0","0","0","0","0","0","0","0","0","0","0","0","0","0","0","0","0","0","0",
"860Z200US11787","ZCTA5 11787","35361","32568","29742","500","43","1456","0","827","2793","2658","134","90","302","12","1925","10","18","0","98","2","1","24","8","29","5","118","22","9","0","32","9","0","21","0","17","1","0","0","5","0","2","0","0","0","0","0","17","4","0","9","0","4","0","0","0","0","0","0","0","0","0","0","0","0","0","0","0","0","0","0","0",
"860Z200US11788","ZCTA5 11788","16273","15134","12635","511","29","1325","1","633","1139","1060","88","40","77","7","755","16","11","6","35","1","0","8","4","10","2","69","28","1","2","8","5","0","6","0","8","0","0","0","9","0","2","0","0","0","0","0","10","2","0","5","0","2","0","0","1","0","0","0","0","0","0","0","0","0","0","0","0","0","0","0","0",
"860Z200US11789","ZCTA5 11789","7640","7035","6588","144","15","140","5","143","605","574","54","36","63","0","398","4","8","0","6","0","0","2","0","3","0","27","8","3","0","4","0","0","10","0","0","1","0","0","0","0","1","0","0","0","0","0","4","0","0","4","0","0","0","0","0","0","0","0","0","0","0","0","0","0","0","0","0","0","0","0","0",
"860Z200US11790","ZCTA5 11790","21519","20077","12862","3371","12","3124","3","705","1442","1366","61","44","162","2","696","201","40","1","134","3","0","9","5","6","2","68","6","1","1","36","0","1","13","0","7","0","0","2","0","1","0","0","0","0","0","0","7","3","0","3","0","1","0","0","0","0","0","0","0","0","0","0","1","1","0","0","0","0","0","0","0",
"860Z200US11791","ZCTA5 11791","25879","24591","15195","196","33","8761","7","399","1288","1231","61","16","309","3","717","4","25","0","29","9","0","6","6","40","6","46","6","5","0","10","0","0","9","1","8","0","3","0","0","0","3","0","0","1","0","0","10","1","0","8","0","0","0","0","0","0","0","0","1","0","0","0","1","0","1","0","0","0","0","0","0",
"860Z200US11792","ZCTA5 11792","8528","7914","7386","155","15","144","1","213","614","587","56","45","54","3","402","4","0","1","12","0","0","5","0","5","0","25","13","0","0","5","0","0","5","0","2","0","0","0","0","0","0","0","0","0","0","0","0","0","0","0","0","0","0","0","0","0","0","0","0","0","0","0","1","1","0","0","0","0","0","1","1",
"860Z200US11793","ZCTA5 11793","32121","29876","27798","282","32","1004","0","760","2245","2115","101","115","211","1","1565","10","15","1","36","6","0","15","5","31","3","115","14","12","0","30","0","0","28","4","19","1","1","0","1","0","5","0","0","0","0","0","10","2","0","8","0","0","0","0","0","0","0","0","0","0","0","0","5","1","4","0","0","0","0","0","0",
"860Z200US11794","ZCTA5 11794","1779","1660","560","617","2","335","0","146","119","116","1","0","5","1","47","41","0","0","21","0","0","0","0","0","0","3","0","0","0","3","0","0","0","0","0","0","0","0","0","0","0","0","0","0","0","0","0","0","0","0","0","0","0","0","0","0","0","0","0","0","0","0","0","0","0","0","0","0","0","0","0",
"860Z200US11795","ZCTA5 11795","25344","23866","22572","257","26","509","5","497","1478","1411","96","115","180","0","942","11","5","1","22","3","0","19","5","10","2","61","9","12","0","16","1","0","6","0","12","0","0","0","4","0","1","0","0","0","0","0","6","1","0","4","0","1","0","0","0","0","0","0","0","0","0","0","0","0","0","0","0","0","0","0","0",
"860Z200US11796","ZCTA5 11796","3676","3470","3328","40","4","47","0","51","206","191","4","23","24","1","127","4","0","0","1","0","0","4","0","3","0","14","5","0","0","3","0","0","4","0","2","0","0","0","0","0","0","0","0","0","0","0","1","0","0","1","0","0","0","0","0","0","0","0","0","0","0","0","0","0","0","0","0","0","0","0","0",
"860Z200US11797","ZCTA5 11797","9452","9045","7092","137","5","1625","0","186","407","392","11","5","76","0","278","0","2","0","10","0","0","0","0","10","0","13","6","0","0","2","0","0","1","0","2","0","0","0","1","0","0","0","0","0","0","1","1","1","0","0","0","0","0","0","0","0","0","0","0","0","0","0","1","0","1","0","0","0","0","0","0",
"860Z200US11798","ZCTA5 11798","17215","15051","1498","8982","198","451","17","3905","2164","2023","158","36","42","4","978","165","31","0","341","1","2","250","1","10","4","131","44","3","1","37","0","1","25","2","3","1","2","1","6","0","5","0","0","0","0","0","7","0","0","5","0","1","0","0","0","0","1","0","0","0","0","0","0","0","0","0","0","0","0","3","3",
"860Z200US11801","ZCTA5 11801","41779","38169","19487","790","197","13563","9","4123","3610","3448","152","102","393","2","2390","21","41","1","109","55","0","48","5","118","11","146","16","15","2","65","1","0","13","1","21","0","0","0","5","1","5","0","0","1","0","0","15","1","0","8","0","4","1","0","1","0","0","0","0","0","0","0","1","0","1","0","0","0","0","0","0",
"860Z200US11803","ZCTA5 11803","30049","28471","21940","143","36","5847","3","502","1578","1490","47","41","236","1","1061","0","19","0","24","11","0","5","20","21","4","78","9","6","0","25","2","0","22","1","9","1","1","0","1","0","1","0","0","0","0","0","8","2","0","5","0","1","0","0","0","0","0","0","0","0","0","0","2","0","2","0","0","0","0","0","0",
"860Z200US11804","ZCTA5 11804","4972","4689","4096","17","0","531","0","45","283","261","13","19","44","0","165","2","6","0","8","0","0","3","0","1","0","18","8","0","0","2","0","0","7","1","0","0","0","0","0","0","0","0","0","0","0","0","4","1","0","3","0","0","0","0","0","0","0","0","0","0","0","0","0","0","0","0","0","0","0","0","0",
"860Z200US11901","ZCTA5 11901","30936","27510","16679","3117","503","371","10","6830","3426","3233","244","141","76","8","2454","61","19","0","95","2","0","97","11","20","5","175","41","3","1","18","1","0","91","3","8","2","0","0","5","0","1","0","1","0","0","0","18","1","0","14","1","1","1","0","0","0","0","0","0","0","0","0","0","0","0","0","0","0","0","0","0",
"860Z200US11930","ZCTA5 11930","2062","1935","1750","48","4","25","2","106","127","122","4","4","10","0","93","0","0","0","4","1","0","1","0","5","0","5","1","0","0","4","0","0","0","0","0","0","0","0","0","0","0","0","0","0","0","0","0","0","0","0","0","0","0","0","0","0","0","0","0","0","0","0","0","0","0","0","0","0","0","0","0",
"860Z200US11931","ZCTA5 11931","40","39","36","0","1","2","0","0","1","1","0","0","0","0","0","0","0","0","0","0","0","0","0","1","0","0","0","0","0","0","0","0","0","0","0","0","0","0","0","0","0","0","0","0","0","0","0","0","0","0","0","0","0","0","0","0","0","0","0","0","0","0","0","0","0","0","0","0","0","0","0",
"860Z200US11932","ZCTA5 11932","2129","1969","1558","187","17","44","0","163","160","155","28","5","14","0","97","0","1","0","4","3","0","3","0","0","0","5","0","0","0","1","0","0","4","0","0","0","0","0","0","0","0","0","0","0","0","0","0","0","0","0","0","0","0","0","0","0","0","0","0","0","0","0","0","0","0","0","0","0","0","0","0",
"860Z200US11933","ZCTA5 11933","6899","6309","5319","402","47","52","1","488","590","558","61","29","25","1","393","12","3","0","25","0","0","9","0","0","0","31","7","1","0","9","1","0","8","1","3","0","0","0","0","0","0","0","0","1","0","0","1","0","0","1","0","0","0","0","0","0","0","0","0","0","0","0","0","0","0","0","0","0","0","0","0",
"860Z200US11934","ZCTA5 11934","8364","7741","6806","242","40","109","3","541","623","595","52","60","51","5","390","12","3","0","12","1","0","3","0","6","0","20","8","1","0","0","0","0","7","0","0","0","1","0","3","0","0","0","0","0","0","0","8","0","0","6","0","0","0","2","0","0","0","0","0","0","0","0","0","0","0","0","0","0","0","0","0",
"860Z200US11935","ZCTA5 11935","3432","3185","2941","36","13","28","3","164","247","238","14","7","22","1","173","7","2","0","6","0","0","6","0","0","0","9","2","0","1","3","0","0","1","0","2","0","0","0","0","0","0","0","0","0","0","0","0","0","0","0","0","0","0","0","0","0","0","0","0","0","0","0","0","0","0","0","0","0","0","0","0",
"860Z200US11937","ZCTA5 11937","19968","17622","12955","480","177","351","9","3650","2346","2264","90","80","145","0","1785","14","5","3","50","1","0","79","4","7","1","70","4","5","0","13","4","0","36","1","1","0","2","0","3","0","1","0","0","0","0","0","9","3","0","0","1","3","0","0","1","0","1","0","0","0","0","0","3","2","1","0","0","0","0","0","0",
"860Z200US11939","ZCTA5 11939","1048","975","901","11","6","11","1","45","73","69","12","4","3","0","47","0","0","0","3","0","0","0","0","0","0","4","0","0","0","3","0","0","0","0","0","0","0","0","0","0","1","0","0","0","0","0","0","0","0","0","0","0","0","0","0","0","0","0","0","0","0","0","0","0","0","0","0","0","0","0","0",
"860Z200US11940","ZCTA5 11940","5396","5071","4664","108","15","78","0","206","325","309","16","19","42","2","206","8","6","1","4","0","0","4","0","1","0","14","3","0","0","5","0","0","3","0","0","0","0","0","0","0","3","0","0","0","0","0","2","0","0","2","0","0","0","0","0","0","0","0","0","0","0","0","0","0","0","0","0","0","0","0","0",
"860Z200US11941","ZCTA5 11941","2605","2432","2183","41","10","25","2","171","173","163","18","4","17","1","116","0","2","0","3","0","0","0","0","2","0","6","0","0","0","1","0","0","2","0","0","0","0","0","1","0","2","0","0","0","0","0","4","4","0","0","0","0","0","0","0","0","0","0","0","0","0","0","0","0","0","0","0","0","0","0","0",
"860Z200US11942","ZCTA5 11942","5571","5036","4428","42","14","78","2","472","535","518","15","11","41","5","433","3","0","0","6","0","0","4","0","0","0","16","6","2","0","3","3","0","1","0","1","0","0","0","0","0","0","0","0","0","0","0","1","0","0","1","0","0","0","0","0","0","0","0","0","0","0","0","0","0","0","0","0","0","0","0","0",
"860Z200US11944","ZCTA5 11944","4801","4298","3114","302","46","53","0","783","503","475","50","33","12","2","337","10","2","0","20","1","0","7","0","1","0","27","5","2","0","13","0","0","3","0","2","0","2","0","0","0","0","0","0","0","0","0","1","1","0","0","0","0","0","0","0","0","0","0","0","0","0","0","0","0","0","0","0","0","0","0","0",
"860Z200US11946","ZCTA5 11946","15535","13411","9581","187","119","183","1","3340","2124","2062","55","54","49","1","1819","7","1","0","35","1","0","30","1","8","1","56","11","3","0","0","2","0","33","3","4","0","0","0","0","0","0","0","0","0","0","0","6","0","0","4","0","1","0","0","1","0","0","0","0","0","0","0","0","0","0","0","0","0","0","0","0",
"860Z200US11947","ZCTA5 11947","55","54","52","0","0","2","0","0","1","0","0","0","0","0","0","0","0","0","0","0","0","0","0","0","0","1","0","1","0","0","0","0","0","0","0","0","0","0","0","0","0","0","0","0","0","0","0","0","0","0","0","0","0","0","0","0","0","0","0","0","0","0","0","0","0","0","0","0","0","0","0",
"860Z200US11948","ZCTA5 11948","1212","1148","1014","6","4","9","0","115","64","63","2","4","3","0","54","0","0","0","0","0","0","0","0","0","0","1","0","0","0","0","0","0","0","0","1","0","0","0","0","0","0","0","0","0","0","0","0","0","0","0","0","0","0","0","0","0","0","0","0","0","0","0","0","0","0","0","0","0","0","0","0",
"860Z200US11949","ZCTA5 11949","14663","13560","12504","370","41","259","0","386","1103","1057","107","71","120","1","657","38","2","1","37","0","0","15","1","7","0","39","10","10","1","7","1","0","7","1","0","0","0","0","0","0","1","0","0","0","0","1","7","0","0","5","0","2","0","0","0","0","0","0","0","0","0","0","0","0","0","0","0","0","0","0","0",
"860Z200US11950","ZCTA5 11950","16233","14180","9179","1692","339","424","10","2536","2053","1910","221","86","65","4","1258","101","9","1","107","0","0","33","4","10","11","126","48","9","0","25","3","0","20","3","7","0","2","0","8","1","0","0","0","0","0","0","16","4","2","7","0","2","0","0","1","0","0","0","0","0","0","0","1","0","1","0","0","0","0","0","0",
"860Z200US11951","ZCTA5 11951","13827","12152","8713","1833","110","217","7","1272","1675","1528","312","102","73","9","862","57","10","0","67","3","1","15","5","10","2","127","52","10","1","35","8","0","13","2","3","0","0","0","0","0","2","0","0","1","0","0","16","3","0","10","0","1","0","0","0","0","2","0","0","0","0","0","1","0","1","0","0","0","0","3","3",
"860Z200US11952","ZCTA5 11952","4701","4389","3969","70","17","47","1","285","312","297","18","28","16","4","224","1","0","0","1","0","0","1","0","4","0","13","3","1","0","3","0","0","1","0","2","0","1","0","2","0","0","0","0","0","0","0","1","0","0","1","0","0","0","0","0","0","0","0","0","0","0","0","1","1","0","0","0","0","0","0","0",
"860Z200US11953","ZCTA5 11953","13249","12170","8965","1944","98","397","7","759","1079","988","161","64","49","1","592","33","9","1","55","5","0","10","3","5","0","73","33","7","0","10","4","0","11","1","6","0","0","0","1","0","0","0","0","0","0","0","17","4","0","13","0","0","0","0","0","0","0","0","0","0","0","0","0","0","0","0","0","0","0","1","1",
"860Z200US11954","ZCTA5 11954","4318","3925","3279","88","16","62","5","475","393","377","15","24","34","2","283","5","0","0","8","0","0","0","0","3","3","12","5","0","0","0","0","0","0","3","2","0","0","0","2","0","0","0","0","0","0","0","2","0","0","2","0","0","0","0","0","0","0","0","0","0","0","0","1","0","0","0","0","1","0","1","1",
"860Z200US11955","ZCTA5 11955","3258","2971","2393","373","18","70","0","117","287","266","50","20","7","2","133","29","3","4","18","0","0","0","0","0","0","18","4","0","0","5","0","0","0","2","1","1","0","0","2","0","3","0","0","0","0","0","3","0","0","1","0","1","0","0","0","0","1","0","0","0","0","0","0","0","0","0","0","0","0","0","0",
"860Z200US11956","ZCTA5 11956","405","377","360","1","1","3","2","10","28","27","1","2","2","0","18","0","0","0","2","0","0","2","0","0","0","1","0","0","0","0","0","0","0","0","1","0","0","0","0","0","0","0","0","0","0","0","0","0","0","0","0","0","0","0","0","0","0","0","0","0","0","0","0","0","0","0","0","0","0","0","0",
"860Z200US11957","ZCTA5 11957","1004","958","930","2","4","10","0","12","46","45","3","4","8","0","25","0","0","0","3","0","0","0","2","0","0","1","0","0","0","0","0","0","1","0","0","0","0","0","0","0","0","0","0","0","0","0","0","0","0","0","0","0","0","0","0","0","0","0","0","0","0","0","0","0","0","0","0","0","0","0","0",
"860Z200US11958","ZCTA5 11958","691","622","546","13","4","6","0","53","69","68","1","1","6","0","53","0","3","0","4","0","0","0","0","0","0","1","0","0","0","0","1","0","0","0","0","0","0","0","0","0","0","0","0","0","0","0","0","0","0","0","0","0","0","0","0","0","0","0","0","0","0","0","0","0","0","0","0","0","0","0","0",
"860Z200US11959","ZCTA5 11959","1657","1576","1398","46","19","64","0","49","81","77","9","2","6","6","40","0","4","0","7","0","0","2","0","1","0","4","3","0","0","0","0","0","0","0","1","0","0","0","0","0","0","0","0","0","0","0","0","0","0","0","0","0","0","0","0","0","0","0","0","0","0","0","0","0","0","0","0","0","0","0","0",
"860Z200US11960","ZCTA5 11960","1688","1583","1485","14","3","16","0","65","105","91","7","1","6","0","74","1","1","0","1","0","0","0","0","0","0","12","12","0","0","0","0","0","0","0","0","0","0","0","0","0","0","0","0","0","0","0","2","2","0","0","0","0","0","0","0","0","0","0","0","0","0","0","0","0","0","0","0","0","0","0","0",
"860Z200US11961","ZCTA5 11961","13042","12085","10607","821","18","329","2","308","957","893","97","65","57","4","574","39","1","0","29","4","0","4","0","16","3","53","13","1","0","12","0","0","13","1","7","0","0","0","3","0","3","0","0","0","0","0","8","0","0","6","2","0","0","0","0","0","0","0","0","0","0","0","3","0","3","0","0","0","0","0","0",
"860Z200US11962","ZCTA5 11962","1099","1038","923","18","14","40","0","43","61","58","5","4","15","0","28","0","0","0","2","0","0","2","0","2","0","2","2","0","0","0","0","0","0","0","0","0","0","0","0","0","0","0","0","0","0","0","1","0","0","0","0","1","0","0","0","0","0","0","0","0","0","0","0","0","0","0","0","0","0","0","0",
"860Z200US11963","ZCTA5 11963","8384","7807","6855","287","50","133","3","479","577","541","57","40","67","2","339","8","2","0","13","3","0","7","0","3","0","35","4","0","1","7","1","0","17","0","1","0","0","0","0","0","4","0","0","0","0","0","1","1","0","0","0","0","0","0","0","0","0","0","0","0","0","0","0","0","0","0","0","0","0","0","0",
"860Z200US11964","ZCTA5 11964","2470","2280","2145","19","5","37","0","74","190","185","13","25","11","0","130","0","0","1","4","0","0","0","1","0","0","5","2","0","0","3","0","0","0","0","0","0","0","0","0","0","0","0","0","0","0","0","0","0","0","0","0","0","0","0","0","0","0","0","0","0","0","0","0","0","0","0","0","0","0","0","0",
"860Z200US11965","ZCTA5 11965","766","700","670","9","2","10","0","9","66","63","2","5","4","0","46","0","0","0","3","0","0","0","2","1","0","2","0","0","0","2","0","0","0","0","0","0","0","0","0","0","0","0","0","0","0","0","0","0","0","0","0","0","0","0","0","0","0","0","0","0","0","0","1","1","0","0","0","0","0","0","0",
"860Z200US11967","ZCTA5 11967","26213","23027","17556","2081","162","719","2","2507","3186","3008","341","202","130","5","2037","84","19","4","107","7","0","37","2","25","8","155","50","23","1","25","4","0","32","4","5","1","0","0","9","0","0","0","1","0","0","0","20","6","0","10","0","1","3","0","0","0","0","0","0","0","0","0","3","2","1","0","0","0","0","0","0",
"860Z200US11968","ZCTA5 11968","14467","13324","9891","486","872","350","8","1717","1143","1069","69","47","97","5","771","31","6","1","16","2","0","11","2","11","0","67","18","6","0","10","2","0","19","1","1","1","2","1","1","3","1","0","0","1","0","0","6","2","0","4","0","0","0","0","0","0","0","0","0","0","0","0","1","0","1","0","0","0","0","0","0",
"860Z200US11970","ZCTA5 11970","454","432","409","5","1","1","0","16","22","21","3","1","2","0","14","0","0","0","0","0","0","1","0","0","0","1","0","0","0","1","0","0","0","0","0","0","0","0","0","0","0","0","0","0","0","0","0","0","0","0","0","0","0","0","0","0","0","0","0","0","0","0","0","0","0","0","0","0","0","0","0",
"860Z200US11971","ZCTA5 11971","6105","5731","5105","70","28","83","0","445","374","360","19","36","32","1","260","4","1","0","1","0","0","3","1","2","0","12","0","0","0","5","0","0","7","0","0","0","0","0","0","0","0","0","0","0","0","0","0","0","0","0","0","0","0","0","0","0","0","0","0","0","0","0","2","2","0","0","0","0","0","0","0",
"860Z200US11972","ZCTA5 11972","1013","963","832","21","9","16","0","85","50","47","5","6","4","1","28","0","0","0","2","0","0","1","0","0","0","2","2","0","0","0","0","0","0","0","0","0","0","0","0","0","0","0","0","0","0","0","1","1","0","0","0","0","0","0","0","0","0","0","0","0","0","0","0","0","0","0","0","0","0","0","0",
"860Z200US11973","ZCTA5 11973","17","12","4","4","0","0","0","4","5","5","0","4","0","0","0","0","0","0","1","0","0","0","0","0","0","0","0","0","0","0","0","0","0","0","0","0","0","0","0","0","0","0","0","0","0","0","0","0","0","0","0","0","0","0","0","0","0","0","0","0","0","0","0","0","0","0","0","0","0","0","0",
"860Z200US11975","ZCTA5 11975","656","612","521","17","1","19","0","54","44","37","5","3","3","0","23","0","0","0","0","0","0","1","0","2","0","5","2","0","0","0","0","0","2","0","0","0","0","0","0","0","1","0","0","0","0","0","2","0","0","1","0","0","0","0","0","0","1","0","0","0","0","0","0","0","0","0","0","0","0","0","0",
"860Z200US11976","ZCTA5 11976","2764","2555","2324","21","11","105","1","93","209","197","16","2","41","1","129","1","1","0","2","1","0","0","1","2","0","11","6","1","0","0","0","0","4","0","0","0","0","0","0","0","0","0","0","0","0","0","1","1","0","0","0","0","0","0","0","0","0","0","0","0","0","0","0","0","0","0","0","0","0","0","0",
"860Z200US11977","ZCTA5 11977","2837","2646","2369","33","29","28","1","186","191","179","13","5","15","0","132","0","0","0","2","2","0","6","0","3","1","10","0","4","0","4","0","0","2","0","0","0","0","0","0","0","0","0","0","0","0","0","1","1","0","0","0","0","0","0","0","0","0","0","0","0","0","0","1","0","1","0","0","0","0","0","0",
"860Z200US11978","ZCTA5 11978","4087","3741","3002","144","66","88","0","441","346","341","28","13","35","0","230","0","3","2","7","1","2","17","0","3","0","5","0","0","0","3","2","0","0","0","0","0","0","0","0","0","0","0","0","0","0","0","0","0","0","0","0","0","0","0","0","0","0","0","0","0","0","0","0","0","0","0","0","0","0","0","0",
"860Z200US11980","ZCTA5 11980","4931","4519","3908","240","19","134","0","218","412","397","36","41","26","5","257","13","5","0","7","0","0","3","0","3","1","14","2","2","0","7","0","0","0","1","2","0","0","0","0","0","0","0","0","0","0","0","1","0","0","1","0","0","0","0","0","0","0","0","0","0","0","0","0","0","0","0","0","0","0","0","0",
"860Z200US12007","ZCTA5 12007","260","250","241","3","0","1","0","5","10","9","1","2","0","0","5","0","0","0","1","0","0","0","0","0","0","1","1","0","0","0","0","0","0","0","0","0","0","0","0","0","0","0","0","0","0","0","0","0","0","0","0","0","0","0","0","0","0","0","0","0","0","0","0","0","0","0","0","0","0","0","0",
"860Z200US12008","ZCTA5 12008","475","431","400","10","1","12","0","8","44","41","12","4","3","0","21","0","0","0","0","0","0","0","0","1","0","1","0","0","0","0","0","0","0","0","1","0","0","0","0","0","0","0","0","0","0","0","2","0","0","0","2","0","0","0","0","0","0","0","0","0","0","0","0","0","0","0","0","0","0","0","0",
"860Z200US12009","ZCTA5 12009","7874","7321","6733","133","17","339","3","96","553","515","77","142","38","1","238","5","1","0","8","0","0","0","3","2","0","32","12","2","2","5","2","0","4","3","2","0","0","0","0","0","0","0","0","0","0","0","5","0","0","5","0","0","0","0","0","0","0","0","0","0","0","0","1","1","0","0","0","0","0","0","0",
"860Z200US12010","ZCTA5 12010","28845","25556","21282","1088","115","375","12","2684","3289","3085","418","408","117","7","1940","17","2","1","143","0","0","5","0","9","18","179","62","12","0","54","5","9","25","0","4","0","0","0","0","0","1","3","1","0","0","3","24","2","0","12","0","8","0","1","0","0","0","0","1","0","0","0","0","0","0","0","0","0","0","1","1",
"860Z200US12015","ZCTA5 12015","3509","3252","3060","78","6","49","0","59","257","242","55","45","9","0","120","2","1","0","9","0","0","0","1","0","0","14","1","2","0","2","0","3","2","1","0","0","0","0","3","0","0","0","0","0","0","0","1","0","0","0","0","1","0","0","0","0","0","0","0","0","0","0","0","0","0","0","0","0","0","0","0",
"860Z200US12017","ZCTA5 12017","358","339","327","1","0","8","0","3","19","19","1","2","0","0","15","0","0","0","1","0","0","0","0","0","0","0","0","0","0","0","0","0","0","0","0","0","0","0","0","0","0","0","0","0","0","0","0","0","0","0","0","0","0","0","0","0","0","0","0","0","0","0","0","0","0","0","0","0","0","0","0",
"860Z200US12018","ZCTA5 12018","7626","7247","7104","41","10","43","1","48","379","359","25","122","32","1","163","2","1","0","8","0","0","2","0","3","0","19","5","0","0","0","0","1","9","2","1","0","0","0","1","0","0","0","0","0","0","0","1","0","0","1","0","0","0","0","0","0","0","0","0","0","0","0","0","0","0","0","0","0","0","0","0",
"860Z200US12019","ZCTA5 12019","15826","14941","14073","214","18","551","1","84","885","851","74","175","148","1","435","6","0","0","9","1","0","1","0","1","0","30","15","1","0","3","3","0","7","0","0","0","0","0","0","0","0","0","0","1","0","0","4","0","0","3","0","0","0","0","1","0","0","0","0","0","0","0","0","0","0","0","0","0","0","0","0",
"860Z200US12020","ZCTA5 12020","34667","32447","30646","582","74","753","21","371","2220","2098","258","560","236","23","963","5","9","0","28","0","0","9","1","6","0","116","34","15","0","24","11","0","17","7","6","0","0","0","2","0","0","0","0","0","0","0","5","0","0","4","1","0","0","0","0","0","0","0","0","0","0","0","1","0","1","0","0","0","0","0","0",
"860Z200US12022","ZCTA5 12022","896","855","827","20","2","0","0","6","41","40","1","18","2","0","19","0","0","0","0","0","0","0","0","0","0","1","1","0","0","0","0","0","0","0","0","0","0","0","0","0","0","0","0","0","0","0","0","0","0","0","0","0","0","0","0","0","0","0","0","0","0","0","0","0","0","0","0","0","0","0","0",
"860Z200US12023","ZCTA5 12023","2036","1880","1844","11","3","10","0","12","156","149","8","42","12","0","84","0","0","0","2","1","0","0","0","0","0","6","4","0","0","0","0","0","1","0","0","1","0","0","0","0","0","0","0","0","0","0","1","0","1","0","0","0","0","0","0","0","0","0","0","0","0","0","0","0","0","0","0","0","0","0","0",
"860Z200US12024","ZCTA5 12024","172","161","154","4","0","3","0","0","11","11","0","4","0","0","6","0","0","0","0","0","0","0","0","0","1","0","0","0","0","0","0","0","0","0","0","0","0","0","0","0","0","0","0","0","0","0","0","0","0","0","0","0","0","0","0","0","0","0","0","0","0","0","0","0","0","0","0","0","0","0","0",
"860Z200US12025","ZCTA5 12025","5356","5091","4991","33","8","26","0","33","265","250","38","85","19","1","100","1","1","0","3","0","0","0","0","1","1","10","4","0","0","0","0","0","0","0","2","0","0","0","3","0","0","1","0","0","0","0","5","0","0","3","0","1","0","1","0","0","0","0","0","0","0","0","0","0","0","0","0","0","0","0","0",
"860Z200US12027","ZCTA5 12027","3958","3758","3650","22","5","54","0","27","200","187","25","60","16","0","86","0","0","0","0","0","0","0","0","0","0","13","4","6","0","0","0","0","3","0","0","0","0","0","0","0","0","0","0","0","0","0","0","0","0","0","0","0","0","0","0","0","0","0","0","0","0","0","0","0","0","0","0","0","0","0","0",
"860Z200US12028","ZCTA5 12028","1078","1032","998","8","2","7","0","17","46","45","4","16","3","0","18","0","0","0","2","0","0","0","0","2","0","1","1","0","0","0","0","0","0","0","0","0","0","0","0","0","0","0","0","0","0","0","0","0","0","0","0","0","0","0","0","0","0","0","0","0","0","0","0","0","0","0","0","0","0","0","0",
"860Z200US12029","ZCTA5 12029","1029","951","913","11","3","14","0","10","78","73","6","21","12","0","29","0","0","0","1","2","0","0","0","2","0","5","0","0","0","0","0","0","2","0","2","0","0","0","0","0","0","1","0","0","0","0","0","0","0","0","0","0","0","0","0","0","0","0","0","0","0","0","0","0","0","0","0","0","0","0","0",
"860Z200US12031","ZCTA5 12031","118","118","114","0","0","0","0","4","0","0","0","0","0","0","0","0","0","0","0","0","0","0","0","0","0","0","0","0","0","0","0","0","0","0","0","0","0","0","0","0","0","0","0","0","0","0","0","0","0","0","0","0","0","0","0","0","0","0","0","0","0","0","0","0","0","0","0","0","0","0","0",
"860Z200US12032","ZCTA5 12032","834","797","789","0","1","3","0","4","37","35","4","6","3","0","22","0","0","0","0","0","0","0","0","0","0","2","1","1","0","0","0","0","0","0","0","0","0","0","0","0","0","0","0","0","0","0","0","0","0","0","0","0","0","0","0","0","0","0","0","0","0","0","0","0","0","0","0","0","0","0","0",
"860Z200US12033","ZCTA5 12033","8076","7583","7262","135","13","77","0","96","493","470","49","147","74","2","191","0","0","0","5","0","0","0","1","1","0","23","16","0","0","1","4","0","0","0","2","0","0","0","0","0","0","0","0","0","0","0","0","0","0","0","0","0","0","0","0","0","0","0","0","0","0","0","0","0","0","0","0","0","0","0","0",
"860Z200US12035","ZCTA5 12035","692","662","657","0","2","0","0","3","30","30","1","10","1","0","18","0","0","0","0","0","0","0","0","0","0","0","0","0","0","0","0","0","0","0","0","0","0","0","0","0","0","0","0","0","0","0","0","0","0","0","0","0","0","0","0","0","0","0","0","0","0","0","0","0","0","0","0","0","0","0","0",
"860Z200US12036","ZCTA5 12036","232","217","208","1","1","1","0","6","15","13","1","6","0","1","4","1","0","0","0","0","0","0","0","0","0","0","0","0","0","0","0","0","0","0","0","0","0","0","0","0","0","0","0","0","0","0","2","0","0","1","0","0","0","1","0","0","0","0","0","0","0","0","0","0","0","0","0","0","0","0","0",
"860Z200US12037","ZCTA5 12037","3895","3678","3464","83","7","39","0","85","217","214","44","34","13","0","121","0","0","0","1","0","0","0","1","0","0","3","2","0","0","1","0","0","0","0","0","0","0","0","0","0","0","0","0","0","0","0","0","0","0","0","0","0","0","0","0","0","0","0","0","0","0","0","0","0","0","0","0","0","0","0","0",
"860Z200US12040","ZCTA5 12040","38","33","32","0","0","0","0","1","5","5","3","0","0","0","2","0","0","0","0","0","0","0","0","0","0","0","0","0","0","0","0","0","0","0","0","0","0","0","0","0","0","0","0","0","0","0","0","0","0","0","0","0","0","0","0","0","0","0","0","0","0","0","0","0","0","0","0","0","0","0","0",
"860Z200US12041","ZCTA5 12041","425","405","392","5","0","5","0","3","20","18","4","1","0","0","13","0","0","0","0","0","0","0","0","0","0","2","1","0","0","0","1","0","0","0","0","0","0","0","0","0","0","0","0","0","0","0","0","0","0","0","0","0","0","0","0","0","0","0","0","0","0","0","0","0","0","0","0","0","0","0","0",
"860Z200US12042","ZCTA5 12042","403","375","361","5","1","5","0","3","28","26","3","6","0","0","14","1","0","1","1","0","0","0","0","0","0","1","0","1","0","0","0","0","0","0","0","0","0","0","0","0","0","0","0","0","0","0","0","0","0","0","0","0","0","0","0","0","0","0","0","0","0","0","0","0","0","0","0","0","0","1","1",
"860Z200US12043","ZCTA5 12043","7883","7497","7122","153","28","105","2","87","386","353","41","121","28","2","155","3","2","0","0","0","0","0","0","0","1","29","12","1","3","2","5","0","1","3","1","0","0","0","0","1","0","0","0","0","0","0","4","0","0","4","0","0","0","0","0","0","0","0","0","0","0","0","0","0","0","0","0","0","0","0","0",
"860Z200US12045","ZCTA5 12045","662","610","558","24","5","4","0","19","52","48","16","14","2","0","16","0","0","0","0","0","0","0","0","0","0","4","2","0","0","2","0","0","0","0","0","0","0","0","0","0","0","0","0","0","0","0","0","0","0","0","0","0","0","0","0","0","0","0","0","0","0","0","0","0","0","0","0","0","0","0","0",
"860Z200US12046","ZCTA5 12046","646","609","585","4","0","9","0","11","37","37","0","12","2","0","21","1","0","0","0","0","0","0","0","1","0","0","0","0","0","0","0","0","0","0","0","0","0","0","0","0","0","0","0","0","0","0","0","0","0","0","0","0","0","0","0","0","0","0","0","0","0","0","0","0","0","0","0","0","0","0","0",
"860Z200US12047","ZCTA5 12047","23347","21598","18169","1662","64","1256","2","445","1749","1586","444","328","156","5","511","21","17","1","89","0","0","10","1","2","1","155","78","18","0","26","2","0","19","5","4","1","0","0","1","0","1","0","0","0","0","0","6","2","0","3","0","0","0","0","0","0","0","0","0","0","0","1","2","2","0","0","0","0","0","0","0",
"860Z200US12051","ZCTA5 12051","5771","5484","3815","1330","30","38","1","270","287","266","58","55","6","1","122","2","0","0","20","0","0","0","1","1","0","19","9","2","0","1","0","0","2","0","0","0","0","0","0","5","0","0","0","0","0","0","2","0","0","0","0","2","0","0","0","0","0","0","0","0","0","0","0","0","0","0","0","0","0","0","0",
"860Z200US12052","ZCTA5 12052","1535","1427","1383","10","6","14","0","14","108","105","5","34","14","1","45","1","1","0","4","0","0","0","0","0","0","3","1","2","0","0","0","0","0","0","0","0","0","0","0","0","0","0","0","0","0","0","0","0","0","0","0","0","0","0","0","0","0","0","0","0","0","0","0","0","0","0","0","0","0","0","0",
"860Z200US12053","ZCTA5 12053","4142","3913","3837","24","14","9","1","28","229","226","22","83","9","0","102","0","0","0","4","0","0","2","2","1","1","1","0","0","0","0","0","0","0","0","0","0","0","0","0","0","0","0","1","0","0","0","1","0","0","1","0","0","0","0","0","0","0","0","0","0","0","0","1","1","0","0","0","0","0","0","0",
"860Z200US12054","ZCTA5 12054","17282","16303","15044","364","25","681","3","186","979","940","122","127","188","4","447","7","7","4","22","0","0","2","2","4","4","32","8","2","1","6","0","1","7","3","1","1","0","0","1","0","0","0","0","1","0","0","5","2","2","1","0","0","0","0","0","0","0","0","0","0","0","0","0","0","0","0","0","0","0","2","2",
"860Z200US12056","ZCTA5 12056","2192","2078","2045","11","4","6","0","12","114","110","7","30","4","0","65","0","0","0","4","0","0","0","0","0","0","3","2","0","0","1","0","0","0","0","0","0","0","0","0","0","0","0","0","0","0","0","1","0","0","0","0","0","0","0","0","0","1","0","0","0","0","0","0","0","0","0","0","0","0","0","0",
"860Z200US12057","ZCTA5 12057","1842","1758","1710","3","9","14","0","22","84","79","5","20","2","0","50","0","0","0","0","0","0","0","0","1","1","3","2","0","0","1","0","0","0","0","0","0","0","0","0","0","0","0","0","0","0","0","0","0","0","0","0","0","0","0","0","0","0","0","0","0","0","0","2","2","0","0","0","0","0","0","0",
"860Z200US12058","ZCTA5 12058","1523","1406","1358","20","12","2","0","14","117","113","10","48","4","0","50","1","0","0","0","0","0","0","0","0","0","3","1","0","0","1","0","0","1","0","0","0","0","0","0","0","0","0","0","0","0","0","1","0","0","0","0","0","0","0","1","0","0","0","0","0","0","0","0","0","0","0","0","0","0","0","0",
"860Z200US12059","ZCTA5 12059","1482","1398","1373","12","1","5","2","5","84","81","10","25","1","1","41","1","0","0","1","0","0","0","1","0","0","2","0","1","0","0","0","0","1","0","0","0","0","0","0","0","0","0","0","0","0","0","1","0","0","0","0","0","1","0","0","0","0","0","0","0","0","0","0","0","0","0","0","0","0","0","0",
"860Z200US12060","ZCTA5 12060","1411","1353","1292","19","2","11","0","29","58","54","4","16","8","0","22","1","0","0","3","0","0","0","0","0","0","4","1","0","0","1","1","0","0","0","0","0","0","0","0","0","0","1","0","0","0","0","0","0","0","0","0","0","0","0","0","0","0","0","0","0","0","0","0","0","0","0","0","0","0","0","0",
"860Z200US12061","ZCTA5 12061","9404","8847","7826","311","13","607","0","90","557","517","74","115","61","1","245","5","1","0","6","0","2","0","4","2","1","33","11","0","3","13","1","0","2","2","1","0","0","0","0","0","0","0","0","0","0","0","7","3","0","3","0","0","0","0","0","0","0","0","0","0","1","0","0","0","0","0","0","0","0","0","0",
"860Z200US12062","ZCTA5 12062","1878","1756","1709","12","8","13","0","14","122","114","11","31","14","0","54","0","0","1","0","0","0","3","0","0","0","5","5","0","0","0","0","0","0","0","0","0","0","0","0","0","0","0","0","0","0","0","3","2","0","0","1","0","0","0","0","0","0","0","0","0","0","0","0","0","0","0","0","0","0","0","0",
"860Z200US12063","ZCTA5 12063","443","422","408","5","2","3","0","4","21","21","4","5","1","0","11","0","0","0","0","0","0","0","0","0","0","0","0","0","0","0","0","0","0","0","0","0","0","0","0","0","0","0","0","0","0","0","0","0","0","0","0","0","0","0","0","0","0","0","0","0","0","0","0","0","0","0","0","0","0","0","0",
"860Z200US12064","ZCTA5 12064","427","401","398","0","0","0","0","3","26","26","1","7","1","0","16","0","0","1","0","0","0","0","0","0","0","0","0","0","0","0","0","0","0","0","0","0","0","0","0","0","0","0","0","0","0","0","0","0","0","0","0","0","0","0","0","0","0","0","0","0","0","0","0","0","0","0","0","0","0","0","0",
"860Z200US12065","ZCTA5 12065","43893","40778","35433","1290","75","3267","14","699","3115","2942","392","570","501","15","1313","17","17","1","84","0","2","11","1","18","0","153","38","21","0","38","2","1","27","10","7","0","0","0","8","0","0","0","1","0","0","0","18","4","0","13","0","0","1","0","0","0","0","0","0","0","0","0","2","1","1","0","0","0","0","0","0",
"860Z200US12066","ZCTA5 12066","2007","1888","1846","16","3","8","0","15","119","116","18","58","6","0","33","0","0","0","1","0","0","0","0","0","0","3","0","1","0","1","0","1","0","0","0","0","0","0","0","0","0","0","0","0","0","0","0","0","0","0","0","0","0","0","0","0","0","0","0","0","0","0","0","0","0","0","0","0","0","0","0",
"860Z200US12067","ZCTA5 12067","1513","1402","1344","9","3","30","0","16","111","102","14","24","12","0","49","0","0","1","1","0","0","0","0","0","1","7","2","1","0","4","0","0","0","0","0","0","0","0","0","0","0","0","0","0","0","0","2","0","0","2","0","0","0","0","0","0","0","0","0","0","0","0","0","0","0","0","0","0","0","0","0",
"860Z200US12068","ZCTA5 12068","2899","2728","2640","25","7","18","0","38","171","159","18","53","7","1","78","1","0","0","1","0","0","0","0","0","0","8","1","1","0","3","1","0","2","0","0","0","0","0","0","0","0","0","0","0","0","0","3","0","0","3","0","0","0","0","0","0","0","0","0","0","0","0","0","0","0","0","0","0","0","1","1",
"860Z200US12069","ZCTA5 12069","225","222","210","4","0","2","0","6","3","3","0","2","0","0","0","0","0","0","1","0","0","0","0","0","0","0","0","0","0","0","0","0","0","0","0","0","0","0","0","0","0","0","0","0","0","0","0","0","0","0","0","0","0","0","0","0","0","0","0","0","0","0","0","0","0","0","0","0","0","0","0",
"860Z200US12070","ZCTA5 12070","1475","1363","1318","14","1","11","0","19","112","106","9","29","12","1","50","0","0","0","2","0","0","0","1","0","2","4","2","0","0","0","0","1","0","0","1","0","0","0","0","0","0","0","0","0","0","0","2","1","0","0","0","1","0","0","0","0","0","0","0","0","0","0","0","0","0","0","0","0","0","0","0",
"860Z200US12071","ZCTA5 12071","277","264","262","0","2","0","0","0","13","13","0","4","0","0","9","0","0","0","0","0","0","0","0","0","0","0","0","0","0","0","0","0","0","0","0","0","0","0","0","0","0","0","0","0","0","0","0","0","0","0","0","0","0","0","0","0","0","0","0","0","0","0","0","0","0","0","0","0","0","0","0",
"860Z200US12072","ZCTA5 12072","3016","2848","2749","36","4","18","0","41","168","156","8","57","10","1","78","0","0","0","1","0","0","0","0","0","1","12","4","1","0","0","0","1","4","0","0","0","0","0","0","0","0","0","0","0","0","2","0","0","0","0","0","0","0","0","0","0","0","0","0","0","0","0","0","0","0","0","0","0","0","0","0",
"860Z200US12074","ZCTA5 12074","2901","2755","2716","13","1","16","0","9","146","140","7","46","9","0","75","2","0","0","0","0","0","0","0","1","0","5","1","0","0","0","1","0","0","1","2","0","0","0","0","0","0","0","0","0","0","0","1","0","0","0","0","0","0","0","0","0","0","0","0","0","1","0","0","0","0","0","0","0","0","0","0",
"860Z200US12075","ZCTA5 12075","3135","2965","2849","44","8","14","0","50","170","167","33","39","14","0","73","0","0","0","5","1","0","0","1","0","1","3","1","0","0","0","2","0","0","0","0","0","0","0","0","0","0","0","0","0","0","0","0","0","0","0","0","0","0","0","0","0","0","0","0","0","0","0","0","0","0","0","0","0","0","0","0",
"860Z200US12076","ZCTA5 12076","1247","1177","1153","7","2","4","0","11","70","67","8","15","2","0","40","1","0","1","0","0","0","0","0","0","0","1","1","0","0","0","0","0","0","0","0","0","0","0","0","0","0","0","0","0","0","0","2","0","0","0","0","0","0","0","0","0","0","0","2","0","0","0","0","0","0","0","0","0","0","0","0",
"860Z200US12077","ZCTA5 12077","6739","6351","5520","316","13","394","1","107","388","372","47","44","77","3","178","6","0","0","10","0","0","0","1","1","5","14","1","3","0","6","0","1","1","0","1","0","0","0","1","0","0","0","0","0","0","0","2","1","0","1","0","0","0","0","0","0","0","0","0","0","0","0","0","0","0","0","0","0","0","0","0",
"860Z200US12078","ZCTA5 12078","23009","21375","20166","637","62","155","4","351","1634","1559","279","518","58","3","637","7","5","0","28","10","0","0","3","6","5","63","42","5","0","8","1","0","1","0","3","1","0","0","1","0","0","1","0","0","0","0","10","2","0","2","0","4","0","1","0","1","0","0","0","0","0","0","2","0","2","0","0","0","0","0","0",
"860Z200US12082","ZCTA5 12082","28","25","24","1","0","0","0","0","3","3","1","0","0","0","2","0","0","0","0","0","0","0","0","0","0","0","0","0","0","0","0","0","0","0","0","0","0","0","0","0","0","0","0","0","0","0","0","0","0","0","0","0","0","0","0","0","0","0","0","0","0","0","0","0","0","0","0","0","0","0","0",
"860Z200US12083","ZCTA5 12083","3592","3393","3320","32","7","19","0","15","199","192","29","60","18","2","79","3","0","0","0","0","0","0","0","1","0","6","3","1","0","0","0","0","0","0","1","0","0","0","0","1","0","0","0","0","0","0","0","0","0","0","0","0","0","0","0","0","0","0","0","0","0","0","0","0","0","0","0","0","0","1","1",
"860Z200US12084","ZCTA5 12084","4658","4436","2696","299","11","1352","11","67","222","205","33","38","37","1","88","2","0","0","4","0","0","2","0","0","0","14","0","1","0","1","0","0","12","0","0","0","0","0","0","0","0","0","0","0","0","0","2","1","0","1","0","0","0","0","0","0","0","0","0","0","0","0","1","1","0","0","0","0","0","0","0",
"860Z200US12085","ZCTA5 12085","554","538","463","39","0","27","0","9","16","16","5","3","0","0","8","0","0","0","0","0","0","0","0","0","0","0","0","0","0","0","0","0","0","0","0","0","0","0","0","0","0","0","0","0","0","0","0","0","0","0","0","0","0","0","0","0","0","0","0","0","0","0","0","0","0","0","0","0","0","0","0",
"860Z200US12086","ZCTA5 12086","1698","1612","1569","13","0","8","0","22","86","84","3","26","3","0","49","0","0","0","1","0","0","0","0","0","2","2","0","1","0","0","0","0","0","0","1","0","0","0","0","0","0","0","0","0","0","0","0","0","0","0","0","0","0","0","0","0","0","0","0","0","0","0","0","0","0","0","0","0","0","0","0",
"860Z200US12087","ZCTA5 12087","1131","1077","1044","11","0","3","2","17","54","51","3","21","2","0","25","0","0","0","0","0","0","0","0","0","0","3","0","0","0","2","0","0","1","0","0","0","0","0","0","0","0","0","0","0","0","0","0","0","0","0","0","0","0","0","0","0","0","0","0","0","0","0","0","0","0","0","0","0","0","0","0",
"860Z200US12090","ZCTA5 12090","6223","5850","5620","57","19","83","3","68","373","353","51","141","16","2","134","3","0","0","4","0","0","0","2","0","0","20","13","0","0","1","1","0","1","0","3","0","0","0","0","0","0","1","0","0","0","0","0","0","0","0","0","0","0","0","0","0","0","0","0","0","0","0","0","0","0","0","0","0","0","0","0",
"860Z200US12092","ZCTA5 12092","1241","1147","1115","9","5","10","0","8","94","87","4","29","3","0","49","1","0","0","0","0","0","0","0","0","1","7","5","0","0","1","0","0","0","1","0","0","0","0","0","0","0","0","0","0","0","0","0","0","0","0","0","0","0","0","0","0","0","0","0","0","0","0","0","0","0","0","0","0","0","0","0",
"860Z200US12093","ZCTA5 12093","1576","1450","1423","6","4","9","0","8","126","121","4","51","4","0","60","0","0","0","1","0","0","1","0","0","0","3","0","0","3","0","0","0","0","0","0","0","0","0","0","0","0","0","0","0","0","0","2","0","0","2","0","0","0","0","0","0","0","0","0","0","0","0","0","0","0","0","0","0","0","0","0",
"860Z200US12094","ZCTA5 12094","2337","2192","2161","4","12","6","0","9","145","142","4","85","2","0","48","1","0","0","2","0","0","0","0","0","0","3","1","0","0","0","1","0","1","0","0","0","0","0","0","0","0","0","0","0","0","0","0","0","0","0","0","0","0","0","0","0","0","0","0","0","0","0","0","0","0","0","0","0","0","0","0",
"860Z200US12095","ZCTA5 12095","12242","11514","10800","345","28","135","1","205","728","686","81","170","47","2","349","3","7","0","13","6","0","0","1","3","4","38","14","4","0","8","1","0","8","0","3","0","0","0","0","0","0","0","0","0","0","0","4","0","0","3","0","0","0","0","1","0","0","0","0","0","0","0","0","0","0","0","0","0","0","0","0",
"860Z200US12106","ZCTA5 12106","2137","2055","1960","14","5","19","6","51","82","76","6","15","7","0","47","0","0","0","0","0","1","0","0","0","0","3","0","0","0","2","0","0","1","0","0","0","0","0","0","0","0","0","0","0","0","0","2","1","0","1","0","0","0","0","0","0","0","0","0","0","0","0","1","1","0","0","0","0","0","0","0",
"860Z200US12108","ZCTA5 12108","415","397","391","3","1","2","0","0","18","16","5","4","2","0","5","0","0","0","0","0","0","0","0","0","0","2","1","0","0","0","1","0","0","0","0","0","0","0","0","0","0","0","0","0","0","0","0","0","0","0","0","0","0","0","0","0","0","0","0","0","0","0","0","0","0","0","0","0","0","0","0",
"860Z200US12110","ZCTA5 12110","19682","18505","14541","1278","46","2365","6","269","1177","1087","193","164","197","2","434","4","10","0","60","1","0","9","4","9","0","81","37","9","1","17","3","0","9","0","2","0","0","0","0","0","0","1","1","1","0","0","9","2","2","5","0","0","0","0","0","0","0","0","0","0","0","0","0","0","0","0","0","0","0","0","0",
"860Z200US12115","ZCTA5 12115","190","178","172","2","0","2","0","2","12","11","0","2","0","0","9","0","0","0","0","0","0","0","0","0","0","1","1","0","0","0","0","0","0","0","0","0","0","0","0","0","0","0","0","0","0","0","0","0","0","0","0","0","0","0","0","0","0","0","0","0","0","0","0","0","0","0","0","0","0","0","0",
"860Z200US12116","ZCTA5 12116","1713","1643","1606","19","3","8","0","7","70","67","13","15","4","1","33","0","0","0","0","0","0","1","0","0","0","2","0","0","0","0","0","0","0","0","0","0","0","0","0","0","0","0","0","0","2","0","1","0","0","0","0","1","0","0","0","0","0","0","0","0","0","0","0","0","0","0","0","0","0","0","0",
"860Z200US12117","ZCTA5 12117","2831","2707","2669","12","3","6","0","17","124","118","4","29","8","1","73","0","0","0","1","1","0","0","1","0","0","3","2","0","0","0","0","0","0","0","0","0","0","0","1","0","0","0","0","0","0","0","3","0","0","0","0","2","0","0","0","1","0","0","0","0","0","0","0","0","0","0","0","0","0","0","0",
"860Z200US12118","ZCTA5 12118","16618","15648","14620","231","37","604","3","153","970","926","137","249","103","3","404","2","3","2","18","0","0","2","2","1","0","37","16","1","0","6","0","0","9","1","4","0","0","0","0","0","0","0","0","0","0","0","7","1","1","4","0","1","0","0","0","0","0","0","0","0","0","0","0","0","0","0","0","0","0","0","0",
"860Z200US12120","ZCTA5 12120","593","566","550","0","0","4","0","12","27","24","2","7","3","0","9","0","1","0","0","0","0","0","0","2","0","2","1","0","0","0","0","0","1","0","0","0","0","0","0","0","0","0","0","0","0","0","1","0","0","1","0","0","0","0","0","0","0","0","0","0","0","0","0","0","0","0","0","0","0","0","0",
"860Z200US12121","ZCTA5 12121","1767","1666","1640","9","3","7","0","7","101","97","3","36","5","0","51","1","0","0","1","0","0","0","0","0","0","3","0","0","0","3","0","0","0","0","0","0","0","0","0","0","0","0","0","0","0","0","1","0","0","1","0","0","0","0","0","0","0","0","0","0","0","0","0","0","0","0","0","0","0","0","0",
"860Z200US12122","ZCTA5 12122","3763","3563","3479","16","5","23","0","40","200","189","9","73","12","1","88","3","0","0","1","0","0","0","0","0","2","9","6","0","0","0","0","0","0","1","2","0","0","0","0","0","0","0","0","0","0","0","2","0","0","1","0","0","0","0","0","0","0","0","1","0","0","0","0","0","0","0","0","0","0","0","0",
"860Z200US12123","ZCTA5 12123","5096","4736","4581","61","14","41","0","39","360","340","37","108","35","0","137","5","3","0","11","0","0","0","2","0","2","19","1","0","0","7","5","0","3","0","2","0","1","0","0","0","0","0","0","0","0","0","1","1","0","0","0","0","0","0","0","0","0","0","0","0","0","0","0","0","0","0","0","0","0","0","0",
"860Z200US12124","ZCTA5 12124","443","408","388","10","2","2","0","6","35","35","4","3","5","0","23","0","0","0","0","0","0","0","0","0","0","0","0","0","0","0","0","0","0","0","0","0","0","0","0","0","0","0","0","0","0","0","0","0","0","0","0","0","0","0","0","0","0","0","0","0","0","0","0","0","0","0","0","0","0","0","0",
"860Z200US12125","ZCTA5 12125","1478","1351","1219","68","0","23","0","41","127","112","20","39","2","1","41","0","3","0","4","0","0","0","2","0","0","15","9","1","0","0","1","0","1","2","1","0","0","0","0","0","0","0","0","0","0","0","0","0","0","0","0","0","0","0","0","0","0","0","0","0","0","0","0","0","0","0","0","0","0","0","0",
"860Z200US12130","ZCTA5 12130","845","784","746","8","15","8","0","7","61","56","9","19","5","0","22","0","0","0","1","0","0","0","0","0","0","3","0","0","0","2","0","0","1","0","0","0","0","0","0","0","0","0","0","0","0","0","2","2","0","0","0","0","0","0","0","0","0","0","0","0","0","0","0","0","0","0","0","0","0","0","0",
"860Z200US12131","ZCTA5 12131","135","127","121","1","1","1","0","3","8","7","0","3","0","0","4","0","0","0","0","0","0","0","0","0","0","1","0","0","0","1","0","0","0","0","0","0","0","0","0","0","0","0","0","0","0","0","0","0","0","0","0","0","0","0","0","0","0","0","0","0","0","0","0","0","0","0","0","0","0","0","0",
"860Z200US12132","ZCTA5 12132","130","123","121","0","0","0","0","2","7","7","1","0","2","0","2","0","0","0","2","0","0","0","0","0","0","0","0","0","0","0","0","0","0","0","0","0","0","0","0","0","0","0","0","0","0","0","0","0","0","0","0","0","0","0","0","0","0","0","0","0","0","0","0","0","0","0","0","0","0","0","0",
"860Z200US12134","ZCTA5 12134","3560","3361","3324","7","3","8","0","19","199","193","8","89","11","0","81","1","0","0","0","0","1","0","0","2","0","5","1","0","0","1","0","0","1","0","0","1","0","0","1","0","0","0","0","0","0","0","1","0","0","1","0","0","0","0","0","0","0","0","0","0","0","0","0","0","0","0","0","0","0","0","0",
"860Z200US12136","ZCTA5 12136","927","872","842","10","7","8","1","4","55","54","12","18","1","0","22","0","0","0","1","0","0","0","0","0","0","0","0","0","0","0","0","0","0","0","0","0","0","0","0","0","0","0","0","0","0","0","1","0","0","1","0","0","0","0","0","0","0","0","0","0","0","0","0","0","0","0","0","0","0","0","0",
"860Z200US12137","ZCTA5 12137","1704","1585","1537","13","6","8","0","21","119","117","14","42","8","0","47","0","1","1","3","0","0","0","0","0","1","2","0","0","0","0","1","0","1","0","0","0","0","0","0","0","0","0","0","0","0","0","0","0","0","0","0","0","0","0","0","0","0","0","0","0","0","0","0","0","0","0","0","0","0","0","0",
"860Z200US12138","ZCTA5 12138","3012","2849","2792","6","4","14","0","33","163","148","15","63","5","1","56","0","1","0","3","0","1","2","1","0","0","14","12","0","1","0","1","0","0","0","0","0","0","0","0","0","0","0","0","0","0","0","1","0","1","0","0","0","0","0","0","0","0","0","0","0","0","0","0","0","0","0","0","0","0","0","0",
"860Z200US12139","ZCTA5 12139","266","259","259","0","0","0","0","0","7","6","0","5","0","0","1","0","0","0","0","0","0","0","0","0","0","1","1","0","0","0","0","0","0","0","0","0","0","0","0","0","0","0","0","0","0","0","0","0","0","0","0","0","0","0","0","0","0","0","0","0","0","0","0","0","0","0","0","0","0","0","0",
"860Z200US12140","ZCTA5 12140","1639","1576","1548","13","0","5","0","10","63","62","3","29","2","0","25","0","0","0","2","0","0","1","0","0","0","1","0","0","0","0","0","0","1","0","0","0","0","0","0","0","0","0","0","0","0","0","0","0","0","0","0","0","0","0","0","0","0","0","0","0","0","0","0","0","0","0","0","0","0","0","0",
"860Z200US12143","ZCTA5 12143","4903","4527","4154","224","2","37","0","110","376","350","60","110","12","2","149","1","2","0","11","0","0","0","0","3","0","25","12","0","0","11","0","0","0","0","0","0","0","0","0","0","0","0","0","2","0","0","1","1","0","0","0","0","0","0","0","0","0","0","0","0","0","0","0","0","0","0","0","0","0","0","0",
"860Z200US12144","ZCTA5 12144","21277","19603","16094","1429","59","1648","7","366","1674","1549","369","306","108","4","617","23","10","6","86","2","0","6","6","5","1","112","36","9","0","36","6","0","16","0","2","0","1","1","2","0","1","0","0","0","0","2","12","2","0","6","1","0","0","0","2","0","0","0","0","0","1","0","0","0","0","0","0","0","0","1","1",
"860Z200US12147","ZCTA5 12147","521","507","495","10","0","1","0","1","14","13","5","1","2","0","3","0","0","0","1","0","0","0","0","1","0","1","0","0","0","0","0","0","0","1","0","0","0","0","0","0","0","0","0","0","0","0","0","0","0","0","0","0","0","0","0","0","0","0","0","0","0","0","0","0","0","0","0","0","0","0","0",
"860Z200US12148","ZCTA5 12148","4935","4658","4104","91","4","404","0","55","277","259","28","55","50","4","116","3","0","0","3","0","0","0","0","0","0","18","0","6","2","2","2","0","3","1","2","0","0","0","0","0","0","0","0","0","0","0","0","0","0","0","0","0","0","0","0","0","0","0","0","0","0","0","0","0","0","0","0","0","0","0","0",
"860Z200US12149","ZCTA5 12149","2294","2136","2060","29","11","7","0","29","158","151","25","43","6","5","69","0","1","1","1","0","0","0","0","0","0","5","1","0","0","3","0","0","0","1","0","0","0","0","0","0","0","0","0","0","0","0","1","0","0","1","0","0","0","0","0","0","0","0","0","0","0","0","1","1","0","0","0","0","0","0","0",
"860Z200US12150","ZCTA5 12150","799","761","733","5","0","9","0","14","38","38","2","10","3","0","20","0","2","0","0","0","0","0","0","1","0","0","0","0","0","0","0","0","0","0","0","0","0","0","0","0","0","0","0","0","0","0","0","0","0","0","0","0","0","0","0","0","0","0","0","0","0","0","0","0","0","0","0","0","0","0","0",
"860Z200US12151","ZCTA5 12151","957","868","803","15","3","40","0","7","89","85","21","27","9","0","27","0","0","0","1","0","0","0","0","0","0","3","1","0","0","0","0","0","2","0","0","0","0","0","0","0","0","0","0","0","0","0","1","0","0","1","0","0","0","0","0","0","0","0","0","0","0","0","0","0","0","0","0","0","0","0","0",
"860Z200US12153","ZCTA5 12153","818","768","735","7","3","8","0","15","50","49","10","13","6","0","16","1","0","0","2","0","0","0","0","1","0","1","0","0","0","1","0","0","0","0","0","0","0","0","0","0","0","0","0","0","0","0","0","0","0","0","0","0","0","0","0","0","0","0","0","0","0","0","0","0","0","0","0","0","0","0","0",
"860Z200US12154","ZCTA5 12154","2669","2500","2438","18","12","11","0","21","169","167","5","68","10","0","81","2","0","0","0","1","0","0","0","0","0","2","0","0","0","2","0","0","0","0","0","0","0","0","0","0","0","0","0","0","0","0","0","0","0","0","0","0","0","0","0","0","0","0","0","0","0","0","0","0","0","0","0","0","0","0","0",
"860Z200US12155","ZCTA5 12155","1753","1662","1632","10","4","4","0","12","91","87","7","32","12","0","35","0","0","0","0","0","0","1","0","0","0","2","0","0","0","0","0","0","2","0","0","0","0","0","0","0","0","0","0","0","0","0","0","0","0","0","0","0","0","0","0","0","0","0","0","0","0","0","2","1","1","0","0","0","0","0","0",
"860Z200US12156","ZCTA5 12156","853","797","770","6","1","6","0","14","56","56","9","13","5","0","29","0","0","0","0","0","0","0","0","0","0","0","0","0","0","0","0","0","0","0","0","0","0","0","0","0","0","0","0","0","0","0","0","0","0","0","0","0","0","0","0","0","0","0","0","0","0","0","0","0","0","0","0","0","0","0","0",
"860Z200US12157","ZCTA5 12157","4109","3910","3826","30","5","15","0","34","199","193","7","54","4","0","123","2","0","0","2","0","0","0","0","0","1","5","1","1","0","2","1","0","0","0","0","0","0","0","0","0","0","0","0","0","0","0","1","0","0","1","0","0","0","0","0","0","0","0","0","0","0","0","0","0","0","0","0","0","0","0","0",
"860Z200US12158","ZCTA5 12158","6373","5890","5415","223","14","160","4","74","483","459","50","91","53","1","242","2","0","2","9","0","0","0","1","1","7","20","10","0","0","7","1","0","1","1","0","0","0","0","0","0","0","0","0","0","0","0","4","1","0","3","0","0","0","0","0","0","0","0","0","0","0","0","0","0","0","0","0","0","0","0","0",
"860Z200US12159","ZCTA5 12159","8524","8021","6915","229","5","761","3","108","503","484","75","72","81","2","219","7","4","0","13","0","0","1","7","2","1","17","1","1","0","6","0","0","4","2","1","0","0","0","2","0","0","0","0","0","0","0","2","0","1","1","0","0","0","0","0","0","0","0","0","0","0","0","0","0","0","0","0","0","0","0","0",
"860Z200US12160","ZCTA5 12160","938","875","834","5","5","8","0","23","63","57","4","15","2","0","36","0","0","0","0","0","0","0","0","0","0","5","3","0","0","1","0","1","0","0","0","0","0","0","0","0","0","0","0","0","0","0","1","0","0","1","0","0","0","0","0","0","0","0","0","0","0","0","0","0","0","0","0","0","0","0","0",
"860Z200US12161","ZCTA5 12161","75","64","62","2","0","0","0","0","11","11","1","5","0","0","4","0","0","0","0","0","0","0","0","1","0","0","0","0","0","0","0","0","0","0","0","0","0","0","0","0","0","0","0","0","0","0","0","0","0","0","0","0","0","0","0","0","0","0","0","0","0","0","0","0","0","0","0","0","0","0","0",
"860Z200US12164","ZCTA5 12164","487","465","443","10","0","10","0","2","22","14","1","4","1","0","8","0","0","0","0","0","0","0","0","0","0","5","0","2","0","0","0","0","0","0","0","0","1","0","0","0","1","0","0","0","0","1","3","0","0","0","3","0","0","0","0","0","0","0","0","0","0","0","0","0","0","0","0","0","0","0","0",
"860Z200US12165","ZCTA5 12165","146","136","135","1","0","0","0","0","10","10","1","2","1","0","6","0","0","0","0","0","0","0","0","0","0","0","0","0","0","0","0","0","0","0","0","0","0","0","0","0","0","0","0","0","0","0","0","0","0","0","0","0","0","0","0","0","0","0","0","0","0","0","0","0","0","0","0","0","0","0","0",
"860Z200US12166","ZCTA5 12166","1500","1432","1398","4","2","10","0","18","68","63","6","29","7","0","19","0","0","0","2","0","0","0","0","0","0","5","2","1","0","0","0","0","2","0","0","0","0","0","0","0","0","0","0","0","0","0","0","0","0","0","0","0","0","0","0","0","0","0","0","0","0","0","0","0","0","0","0","0","0","0","0",
"860Z200US12167","ZCTA5 12167","2342","2195","2088","46","8","24","0","29","147","146","9","32","14","0","84","0","0","0","1","0","1","0","1","2","2","1","0","0","1","0","0","0","0","0","0","0","0","0","0","0","0","0","0","0","0","0","0","0","0","0","0","0","0","0","0","0","0","0","0","0","0","0","0","0","0","0","0","0","0","0","0",
"860Z200US12168","ZCTA5 12168","1681","1583","1547","14","0","8","1","13","98","94","10","42","0","0","35","2","1","0","3","0","0","1","0","0","0","3","2","1","0","0","0","0","0","0","0","0","0","0","0","0","0","0","0","0","0","0","1","0","0","0","1","0","0","0","0","0","0","0","0","0","0","0","0","0","0","0","0","0","0","0","0",
"860Z200US12169","ZCTA5 12169","445","407","394","3","4","1","0","5","38","35","8","12","0","0","13","1","0","0","0","0","0","1","0","0","0","3","2","0","0","1","0","0","0","0","0","0","0","0","0","0","0","0","0","0","0","0","0","0","0","0","0","0","0","0","0","0","0","0","0","0","0","0","0","0","0","0","0","0","0","0","0",
"860Z200US12170","ZCTA5 12170","4964","4640","4504","50","9","40","0","37","324","309","45","72","26","3","150","1","1","2","7","0","0","2","0","0","0","15","7","0","0","3","1","0","4","0","0","0","0","0","0","0","0","0","0","0","0","0","0","0","0","0","0","0","0","0","0","0","0","0","0","0","0","0","0","0","0","0","0","0","0","0","0",
"860Z200US12172","ZCTA5 12172","381","342","300","26","0","4","1","11","39","31","12","7","2","0","10","0","0","0","0","0","0","0","0","0","0","8","1","0","0","6","0","0","0","0","0","0","0","0","0","0","0","0","1","0","0","0","0","0","0","0","0","0","0","0","0","0","0","0","0","0","0","0","0","0","0","0","0","0","0","0","0",
"860Z200US12173","ZCTA5 12173","1732","1628","1511","45","5","12","1","54","104","97","15","27","6","2","44","0","0","0","1","1","0","0","0","1","0","6","2","0","0","4","0","0","0","0","0","0","0","0","0","0","0","0","0","0","0","0","1","0","0","0","1","0","0","0","0","0","0","0","0","0","0","0","0","0","0","0","0","0","0","0","0",
"860Z200US12174","ZCTA5 12174","260","251","238","5","1","6","0","1","9","8","0","2","0","0","6","0","0","0","0","0","0","0","0","0","0","1","1","0","0","0","0","0","0","0","0","0","0","0","0","0","0","0","0","0","0","0","0","0","0","0","0","0","0","0","0","0","0","0","0","0","0","0","0","0","0","0","0","0","0","0","0",
"860Z200US12175","ZCTA5 12175","725","684","674","5","0","2","0","3","41","38","2","10","1","1","24","0","0","0","0","0","0","0","0","0","0","0","0","0","0","0","0","0","0","0","0","0","0","0","0","0","0","0","0","0","0","0","3","0","0","1","0","0","0","2","0","0","0","0","0","0","0","0","0","0","0","0","0","0","0","0","0",
"860Z200US12176","ZCTA5 12176","292","280","269","1","4","1","0","5","12","11","1","6","0","0","4","0","0","0","0","0","0","0","0","0","0","0","0","0","0","0","0","0","0","0","0","0","0","0","0","0","0","0","0","0","0","0","1","0","0","0","0","1","0","0","0","0","0","0","0","0","0","0","0","0","0","0","0","0","0","0","0",
"860Z200US12177","ZCTA5 12177","400","374","366","1","0","4","0","3","26","23","0","12","0","0","10","1","0","0","0","0","0","0","0","0","0","3","3","0","0","0","0","0","0","0","0","0","0","0","0","0","0","0","0","0","0","0","0","0","0","0","0","0","0","0","0","0","0","0","0","0","0","0","0","0","0","0","0","0","0","0","0",
"860Z200US12180","ZCTA5 12180","55907","50947","37448","8704","179","2885","9","1722","4960","4607","1324","628","506","19","1620","118","42","3","287","19","1","21","4","9","6","323","132","16","0","114","12","4","22","6","8","0","5","0","1","2","0","0","0","1","0","0","29","7","0","20","0","0","0","0","0","0","0","0","0","0","2","0","1","1","0","0","0","0","0","0","0",
"860Z200US12182","ZCTA5 12182","14657","13223","10755","1855","60","136","4","413","1434","1338","456","287","60","4","389","48","7","1","83","0","2","1","0","0","0","90","50","2","1","26","1","1","4","0","2","0","0","0","0","2","0","0","0","0","1","0","6","0","0","3","0","0","0","0","0","0","0","0","3","0","0","0","0","0","0","0","0","0","0","0","0",
"860Z200US12183","ZCTA5 12183","2934","2644","2155","228","16","196","0","49","290","277","83","56","17","1","100","3","7","0","7","0","0","0","2","1","0","13","7","0","0","2","0","1","2","0","0","0","0","0","0","0","0","1","0","0","0","0","0","0","0","0","0","0","0","0","0","0","0","0","0","0","0","0","0","0","0","0","0","0","0","0","0",
"860Z200US12184","ZCTA5 12184","7178","6738","6328","115","28","106","0","161","440","425","54","93","29","0","233","0","0","1","6","3","0","0","5","1","0","14","1","0","0","8","2","0","3","0","0","0","0","0","0","0","0","0","0","0","0","0","0","0","0","0","0","0","0","0","0","0","0","0","0","0","0","0","1","1","0","0","0","0","0","0","0",
"860Z200US12185","ZCTA5 12185","2059","1948","1904","13","4","7","0","20","111","109","11","49","8","0","39","1","0","0","0","0","0","0","0","0","1","2","1","0","0","0","0","0","1","0","0","0","0","0","0","0","0","0","0","0","0","0","0","0","0","0","0","0","0","0","0","0","0","0","0","0","0","0","0","0","0","0","0","0","0","0","0",
"860Z200US12186","ZCTA5 12186","6485","6135","5863","56","14","146","0","56","350","328","29","68","48","0","169","3","4","0","5","0","0","1","0","0","1","16","4","2","1","8","0","0","1","0","0","0","0","0","0","0","0","0","0","0","0","0","6","0","0","5","0","0","0","0","0","0","0","0","0","0","0","1","0","0","0","0","0","0","0","0","0",
"860Z200US12187","ZCTA5 12187","571","533","514","8","2","2","0","7","38","34","3","19","0","0","12","0","0","0","0","0","0","0","0","0","0","3","0","0","1","0","0","0","0","1","0","0","0","0","0","0","0","0","0","1","0","0","1","0","0","1","0","0","0","0","0","0","0","0","0","0","0","0","0","0","0","0","0","0","0","0","0",
"860Z200US12188","ZCTA5 12188","11035","10402","9749","181","25","313","0","134","633","592","91","160","79","9","217","4","4","1","17","3","1","2","0","4","0","36","8","1","0","5","6","0","8","1","5","0","0","0","2","0","0","0","0","0","0","0","5","1","0","3","0","0","1","0","0","0","0","0","0","0","0","0","0","0","0","0","0","0","0","0","0",
"860Z200US12189","ZCTA5 12189","18970","17364","12640","2250","56","1893","3","522","1606","1500","477","243","152","6","500","12","10","1","82","2","0","3","1","8","3","101","40","3","1","26","1","0","10","2","4","2","2","0","3","0","3","1","1","0","2","0","5","1","2","2","0","0","0","0","0","0","0","0","0","0","0","0","0","0","0","0","0","0","0","0","0",
"860Z200US12190","ZCTA5 12190","683","655","650","3","2","0","0","0","28","23","0","14","0","0","5","0","2","0","0","0","0","0","2","0","0","2","0","0","0","0","0","0","0","0","0","0","0","0","0","0","2","0","0","0","0","0","3","0","0","1","1","0","0","0","1","0","0","0","0","0","0","0","0","0","0","0","0","0","0","0","0",
"860Z200US12192","ZCTA5 12192","1617","1512","1464","15","4","3","0","26","105","94","15","25","3","1","44","1","0","0","4","0","0","0","0","0","1","9","2","1","0","3","0","0","0","0","0","0","0","0","1","1","1","0","0","0","0","0","0","0","0","0","0","0","0","0","0","0","0","0","0","0","0","0","0","0","0","0","0","0","0","2","2",
"860Z200US12193","ZCTA5 12193","1934","1838","1819","8","3","0","0","8","96","93","12","25","2","0","53","0","0","0","1","0","0","0","0","0","0","3","0","2","0","1","0","0","0","0","0","0","0","0","0","0","0","0","0","0","0","0","0","0","0","0","0","0","0","0","0","0","0","0","0","0","0","0","0","0","0","0","0","0","0","0","0",
"860Z200US12194","ZCTA5 12194","176","163","160","1","1","0","0","1","13","12","0","8","0","0","4","0","0","0","0","0","0","0","0","0","0","1","0","0","0","0","0","0","0","0","0","0","0","0","0","1","0","0","0","0","0","0","0","0","0","0","0","0","0","0","0","0","0","0","0","0","0","0","0","0","0","0","0","0","0","0","0",
"860Z200US12195","ZCTA5 12195","97","97","97","0","0","0","0","0","0","0","0","0","0","0","0","0","0","0","0","0","0","0","0","0","0","0","0","0","0","0","0","0","0","0","0","0","0","0","0","0","0","0","0","0","0","0","0","0","0","0","0","0","0","0","0","0","0","0","0","0","0","0","0","0","0","0","0","0","0","0","0",
"860Z200US12196","ZCTA5 12196","2930","2716","2636","13","4","35","0","28","214","199","15","50","17","2","107","0","0","0","5","0","1","0","1","1","0","15","9","0","0","1","0","0","3","0","0","0","0","0","0","1","0","0","0","0","0","1","0","0","0","0","0","0","0","0","0","0","0","0","0","0","0","0","0","0","0","0","0","0","0","0","0",
"860Z200US12197","ZCTA5 12197","2176","2026","1982","12","4","12","0","16","150","144","8","49","13","0","69","0","0","0","2","1","0","0","0","2","0","4","1","0","0","0","1","0","1","0","1","0","0","0","0","0","0","0","0","0","0","0","1","0","0","1","0","0","0","0","0","0","0","0","0","0","0","0","1","1","0","0","0","0","0","0","0",
"860Z200US12198","ZCTA5 12198","7548","7177","6899","123","2","118","0","35","371","353","84","93","26","0","127","5","2","0","13","0","0","0","0","3","0","16","5","3","0","1","3","0","2","0","1","0","0","0","0","0","1","0","0","0","0","0","2","0","1","1","0","0","0","0","0","0","0","0","0","0","0","0","0","0","0","0","0","0","0","0","0",
"860Z200US12202","ZCTA5 12202","10257","9330","2462","5481","85","539","4","759","927","846","274","42","42","0","221","77","7","2","170","0","2","6","3","0","0","73","36","6","1","10","2","0","12","1","2","0","1","0","1","0","1","0","0","0","0","0","6","0","0","6","0","0","0","0","0","0","0","0","0","0","0","0","2","2","0","0","0","0","0","0","0",
"860Z200US12203","ZCTA5 12203","28210","26328","19474","3324","61","2348","61","1060","1882","1721","345","237","250","6","624","46","15","0","161","3","1","8","12","7","6","141","34","13","4","43","7","0","15","10","4","1","0","0","4","0","3","2","0","1","0","0","15","2","1","12","0","0","0","0","0","0","0","0","0","0","0","0","5","3","2","0","0","0","0","0","0",
"860Z200US12204","ZCTA5 12204","7818","7275","3566","2572","16","845","1","275","543","504","140","62","43","1","135","26","10","1","83","0","0","0","1","2","0","36","13","4","1","7","0","0","4","1","3","0","0","0","2","0","0","0","1","0","0","0","2","0","0","1","0","1","0","0","0","0","0","0","0","0","0","0","1","1","0","0","0","0","0","0","0",
"860Z200US12205","ZCTA5 12205","27168","25278","19961","2182","57","2474","13","591","1890","1768","410","302","184","12","687","25","21","2","107","0","0","9","3","4","2","109","47","8","0","24","0","0","16","6","2","0","0","0","4","0","1","1","0","0","0","0","11","4","0","5","0","0","0","2","0","0","0","0","0","0","0","0","2","1","1","0","0","0","0","0","0",
"860Z200US12206","ZCTA5 12206","17219","15703","4394","8386","99","1677","44","1103","1516","1389","421","108","123","2","298","103","22","11","266","8","0","18","3","5","1","112","56","9","2","31","1","0","1","0","0","0","3","0","9","0","0","0","0","0","0","0","14","3","0","6","0","0","3","0","0","0","0","0","0","0","0","2","1","1","0","0","0","0","0","0","0",
"860Z200US12207","ZCTA5 12207","2399","2203","793","1162","7","94","2","145","196","178","59","6","12","1","52","24","0","1","18","0","0","1","0","3","1","18","10","1","0","1","0","0","0","2","3","0","0","0","1","0","0","0","0","0","0","0","0","0","0","0","0","0","0","0","0","0","0","0","0","0","0","0","0","0","0","0","0","0","0","0","0",
"860Z200US12208","ZCTA5 12208","22118","20580","13992","3591","53","2206","4","734","1538","1410","382","132","210","1","436","54","12","3","145","8","0","6","1","15","5","107","26","19","0","26","3","1","15","5","9","0","0","0","2","0","1","0","0","0","0","0","18","5","2","10","0","0","1","0","0","0","0","0","0","0","0","0","3","2","1","0","0","0","0","0","0",
"860Z200US12209","ZCTA5 12209","10231","9131","4539","2961","59","856","5","711","1100","1000","294","65","65","2","291","49","10","5","198","0","0","16","2","1","2","94","34","4","0","47","0","0","5","3","0","0","0","0","0","0","0","0","0","1","0","0","6","1","1","4","0","0","0","0","0","0","0","0","0","0","0","0","0","0","0","0","0","0","0","0","0",
"860Z200US12210","ZCTA5 12210","10559","9725","4107","4706","72","388","3","449","834","751","241","47","82","0","191","69","16","2","93","2","0","2","2","2","2","70","25","5","2","16","0","0","12","3","3","0","1","0","1","0","0","1","1","0","0","0","10","0","1","5","0","1","1","0","1","0","0","0","1","0","0","0","3","3","0","0","0","0","0","0","0",
"860Z200US12211","ZCTA5 12211","13532","12902","11134","492","21","1075","1","179","630","596","99","63","143","6","237","4","7","0","28","0","0","2","2","4","1","31","8","2","0","5","1","0","4","2","1","0","0","0","3","0","1","0","3","1","0","0","2","1","0","1","0","0","0","0","0","0","0","0","0","0","0","0","1","1","0","0","0","0","0","0","0",
"860Z200US12222","ZCTA5 12222","6149","5928","4291","327","1","851","2","456","221","216","18","0","127","2","66","0","1","0","2","0","0","0","0","0","0","5","0","0","0","2","1","0","0","0","0","0","0","0","2","0","0","0","0","0","0","0","0","0","0","0","0","0","0","0","0","0","0","0","0","0","0","0","0","0","0","0","0","0","0","0","0",
"860Z200US12226","ZCTA5 12226","20","20","9","4","0","4","0","3","0","0","0","0","0","0","0","0","0","0","0","0","0","0","0","0","0","0","0","0","0","0","0","0","0","0","0","0","0","0","0","0","0","0","0","0","0","0","0","0","0","0","0","0","0","0","0","0","0","0","0","0","0","0","0","0","0","0","0","0","0","0","0",
"860Z200US12302","ZCTA5 12302","27618","25815","24393","574","29","529","6","284","1803","1692","256","405","185","5","743","7","7","2","39","7","0","8","7","15","6","102","40","7","0","22","0","0","16","3","9","0","2","0","3","0","0","0","0","0","0","0","9","0","0","6","0","1","2","0","0","0","0","0","0","0","0","0","0","0","0","0","0","0","0","0","0",
"860Z200US12303","ZCTA5 12303","30893","27834","20566","3077","271","1830","29","2061","3059","2857","656","375","167","6","835","62","37","9","202","90","7","43","7","289","72","191","61","20","1","40","7","0","19","10","14","0","4","0","4","0","6","0","0","2","2","1","9","0","0","5","0","3","0","0","0","0","0","0","0","0","1","0","2","2","0","0","0","0","0","0","0",
"860Z200US12304","ZCTA5 12304","21513","18880","11151","3869","278","1794","30","1758","2633","2443","548","200","221","8","701","68","35","13","250","14","6","30","10","319","20","175","75","18","3","35","3","0","14","1","5","0","2","0","6","0","7","2","0","0","2","2","14","0","1","10","0","1","1","0","0","0","0","0","0","0","1","0","1","0","1","0","0","0","0","0","0",
"860Z200US12305","ZCTA5 12305","6085","5551","3764","1228","54","190","5","310","534","473","146","53","36","0","132","25","1","0","42","3","0","5","5","15","10","53","18","0","1","17","3","0","5","0","2","1","1","0","0","1","0","0","0","2","0","2","8","3","0","2","0","1","0","0","2","0","0","0","0","0","0","0","0","0","0","0","0","0","0","0","0",
"860Z200US12306","ZCTA5 12306","26935","24649","21575","1564","88","584","29","809","2286","2169","568","342","153","7","771","25","9","3","129","16","1","6","0","73","66","107","56","0","0","21","4","0","10","0","3","4","3","0","4","1","0","0","0","0","0","1","10","0","0","3","0","3","2","0","1","0","0","0","0","0","1","0","0","0","0","0","0","0","0","0","0",
"860Z200US12307","ZCTA5 12307","7567","6381","1429","2880","189","611","32","1240","1186","1112","250","49","20","1","221","68","26","0","127","13","11","18","9","273","26","71","35","2","0","12","4","0","0","0","6","2","2","0","4","0","0","0","0","2","1","1","3","0","0","3","0","0","0","0","0","0","0","0","0","0","0","0","0","0","0","0","0","0","0","0","0",
"860Z200US12308","ZCTA5 12308","15285","13402","7850","3115","124","918","14","1381","1883","1754","493","139","106","1","437","77","23","5","188","6","0","23","5","219","32","119","43","13","0","34","2","0","8","1","7","0","2","0","4","3","1","0","0","0","0","1","10","1","0","5","0","3","0","0","1","0","0","0","0","0","0","0","0","0","0","0","0","0","0","0","0",
"860Z200US12309","ZCTA5 12309","31273","28972","23278","1581","82","3259","5","767","2301","2140","419","320","389","10","771","27","14","9","74","7","0","12","8","76","4","143","56","18","0","32","5","0","16","4","2","2","1","0","5","0","0","0","0","1","0","1","18","1","2","12","0","2","0","0","1","0","0","0","0","0","0","0","0","0","0","0","0","0","0","0","0",
"860Z200US12401","ZCTA5 12401","35493","31687","24659","3657","298","907","9","2157","3806","3514","979","387","237","22","1577","60","25","0","161","4","1","48","4","6","3","264","105","19","1","54","3","10","46","6","12","0","0","2","1","0","5","0","0","0","0","0","24","5","1","10","0","4","0","1","3","0","0","0","0","0","0","0","4","3","1","0","0","0","0","0","0",
"860Z200US12404","ZCTA5 12404","3625","3335","3190","40","8","47","0","50","290","265","32","44","13","0","167","3","0","0","2","1","0","2","1","0","0","18","8","1","0","3","2","0","1","2","0","0","0","1","0","0","0","0","0","0","0","0","7","0","0","4","2","0","0","0","0","0","0","0","1","0","0","0","0","0","0","0","0","0","0","0","0",
"860Z200US12405","ZCTA5 12405","571","534","505","8","0","5","0","16","37","35","4","5","0","0","25","0","0","0","1","0","0","0","0","0","0","2","0","1","0","0","0","0","0","0","0","0","0","0","1","0","0","0","0","0","0","0","0","0","0","0","0","0","0","0","0","0","0","0","0","0","0","0","0","0","0","0","0","0","0","0","0",
"860Z200US12406","ZCTA5 12406","740","698","642","2","7","12","0","35","42","38","3","13","2","0","19","0","0","0","1","0","0","0","0","0","0","3","1","0","0","0","0","0","2","0","0","0","0","0","0","0","0","0","0","0","0","0","1","0","1","0","0","0","0","0","0","0","0","0","0","0","0","0","0","0","0","0","0","0","0","0","0",
"860Z200US12407","ZCTA5 12407","95","91","91","0","0","0","0","0","4","4","0","1","0","0","3","0","0","0","0","0","0","0","0","0","0","0","0","0","0","0","0","0","0","0","0","0","0","0","0","0","0","0","0","0","0","0","0","0","0","0","0","0","0","0","0","0","0","0","0","0","0","0","0","0","0","0","0","0","0","0","0",
"860Z200US12409","ZCTA5 12409","994","935","880","11","3","22","0","19","59","57","3","6","12","0","28","2","0","0","4","0","0","0","0","2","0","2","0","0","0","1","0","1","0","0","0","0","0","0","0","0","0","0","0","0","0","0","0","0","0","0","0","0","0","0","0","0","0","0","0","0","0","0","0","0","0","0","0","0","0","0","0",
"860Z200US12410","ZCTA5 12410","416","380","352","7","5","5","0","11","36","34","9","2","2","0","19","0","0","0","2","0","0","0","0","0","0","2","0","0","0","1","0","0","0","0","1","0","0","0","0","0","0","0","0","0","0","0","0","0","0","0","0","0","0","0","0","0","0","0","0","0","0","0","0","0","0","0","0","0","0","0","0",
"860Z200US12411","ZCTA5 12411","419","381","364","7","0","4","0","6","38","38","6","11","4","2","15","0","0","0","0","0","0","0","0","0","0","0","0","0","0","0","0","0","0","0","0","0","0","0","0","0","0","0","0","0","0","0","0","0","0","0","0","0","0","0","0","0","0","0","0","0","0","0","0","0","0","0","0","0","0","0","0",
"860Z200US12412","ZCTA5 12412","627","562","509","7","9","12","1","24","65","61","6","10","9","0","35","0","0","0","0","0","0","1","0","0","0","4","1","1","0","0","0","0","2","0","0","0","0","0","0","0","0","0","0","0","0","0","0","0","0","0","0","0","0","0","0","0","0","0","0","0","0","0","0","0","0","0","0","0","0","0","0",
"860Z200US12413","ZCTA5 12413","2914","2696","2553","51","19","25","0","48","218","212","45","32","7","0","124","0","0","1","0","0","0","3","0","0","0","6","2","0","0","1","0","0","1","1","1","0","0","0","0","0","0","0","0","0","0","0","0","0","0","0","0","0","0","0","0","0","0","0","0","0","0","0","0","0","0","0","0","0","0","0","0",
"860Z200US12414","ZCTA5 12414","10163","9142","8113","626","28","145","2","228","1021","921","252","172","65","2","383","2","1","8","27","0","0","2","1","4","2","90","26","4","0","27","5","3","14","2","7","0","0","0","0","1","0","0","1","0","0","0","9","0","1","2","2","3","0","0","1","0","0","0","0","0","0","0","1","0","1","0","0","0","0","0","0",
"860Z200US12416","ZCTA5 12416","208","186","174","1","1","3","0","7","22","22","0","1","8","0","13","0","0","0","0","0","0","0","0","0","0","0","0","0","0","0","0","0","0","0","0","0","0","0","0","0","0","0","0","0","0","0","0","0","0","0","0","0","0","0","0","0","0","0","0","0","0","0","0","0","0","0","0","0","0","0","0",
"860Z200US12417","ZCTA5 12417","748","676","582","56","1","6","0","31","72","72","22","10","2","0","32","3","0","0","0","0","0","0","0","3","0","0","0","0","0","0","0","0","0","0","0","0","0","0","0","0","0","0","0","0","0","0","0","0","0","0","0","0","0","0","0","0","0","0","0","0","0","0","0","0","0","0","0","0","0","0","0",
"860Z200US12418","ZCTA5 12418","558","527","509","2","3","7","0","6","31","29","5","8","1","0","13","0","0","0","0","0","0","2","0","0","0","2","0","0","0","0","0","0","2","0","0","0","0","0","0","0","0","0","0","0","0","0","0","0","0","0","0","0","0","0","0","0","0","0","0","0","0","0","0","0","0","0","0","0","0","0","0",
"860Z200US12419","ZCTA5 12419","660","622","586","22","0","10","0","4","38","34","6","4","3","0","19","0","0","0","2","0","0","0","0","0","0","3","2","1","0","0","0","0","0","0","0","0","0","0","0","0","0","0","0","0","0","0","1","0","0","1","0","0","0","0","0","0","0","0","0","0","0","0","0","0","0","0","0","0","0","0","0",
"860Z200US12420","ZCTA5 12420","175","159","145","3","1","2","0","8","16","15","3","4","0","1","7","0","0","0","0","0","0","0","0","0","0","0","0","0","0","0","0","0","0","0","0","0","0","0","0","0","0","0","0","0","0","0","1","0","1","0","0","0","0","0","0","0","0","0","0","0","0","0","0","0","0","0","0","0","0","0","0",
"860Z200US12421","ZCTA5 12421","334","308","295","4","0","9","0","0","26","25","2","13","1","0","9","0","0","0","0","0","0","0","0","0","0","1","0","0","0","1","0","0","0","0","0","0","0","0","0","0","0","0","0","0","0","0","0","0","0","0","0","0","0","0","0","0","0","0","0","0","0","0","0","0","0","0","0","0","0","0","0",
"860Z200US12422","ZCTA5 12422","354","341","329","3","4","1","0","4","13","13","5","1","0","0","7","0","0","0","0","0","0","0","0","0","0","0","0","0","0","0","0","0","0","0","0","0","0","0","0","0","0","0","0","0","0","0","0","0","0","0","0","0","0","0","0","0","0","0","0","0","0","0","0","0","0","0","0","0","0","0","0",
"860Z200US12423","ZCTA5 12423","940","906","871","8","5","5","0","17","34","34","1","8","4","0","20","0","0","0","0","0","0","1","0","0","0","0","0","0","0","0","0","0","0","0","0","0","0","0","0","0","0","0","0","0","0","0","0","0","0","0","0","0","0","0","0","0","0","0","0","0","0","0","0","0","0","0","0","0","0","0","0",
"860Z200US12424","ZCTA5 12424","249","230","210","4","1","6","0","9","19","18","3","0","4","0","11","0","0","0","0","0","0","0","0","0","0","1","1","0","0","0","0","0","0","0","0","0","0","0","0","0","0","0","0","0","0","0","0","0","0","0","0","0","0","0","0","0","0","0","0","0","0","0","0","0","0","0","0","0","0","0","0",
"860Z200US12427","ZCTA5 12427","905","854","840","2","1","2","0","9","51","44","5","9","1","0","25","0","0","0","1","0","0","3","0","0","0","6","2","0","0","0","0","0","3","0","1","0","0","0","0","0","0","0","0","0","0","0","1","0","0","1","0","0","0","0","0","0","0","0","0","0","0","0","0","0","0","0","0","0","0","0","0",
"860Z200US12428","ZCTA5 12428","6969","6090","4322","831","41","121","3","772","879","808","206","115","15","0","384","12","5","3","42","4","0","14","1","6","1","68","37","1","0","15","6","0","5","0","2","0","0","0","0","0","1","0","0","0","0","1","3","0","2","1","0","0","0","0","0","0","0","0","0","0","0","0","0","0","0","0","0","0","0","0","0",
"860Z200US12429","ZCTA5 12429","329","308","290","9","0","1","0","8","21","21","1","3","0","0","14","0","3","0","0","0","0","0","0","0","0","0","0","0","0","0","0","0","0","0","0","0","0","0","0","0","0","0","0","0","0","0","0","0","0","0","0","0","0","0","0","0","0","0","0","0","0","0","0","0","0","0","0","0","0","0","0",
"860Z200US12430","ZCTA5 12430","999","927","839","13","11","6","0","58","72","70","4","5","4","0","53","0","0","0","0","0","0","3","0","1","0","2","0","0","0","0","0","0","1","1","0","0","0","0","0","0","0","0","0","0","0","0","0","0","0","0","0","0","0","0","0","0","0","0","0","0","0","0","0","0","0","0","0","0","0","0","0",
"860Z200US12431","ZCTA5 12431","1639","1516","1464","15","2","15","1","19","123","117","6","34","5","0","65","4","0","0","1","0","0","1","0","0","1","6","2","1","0","0","0","0","0","0","1","0","0","0","2","0","0","0","0","0","0","0","0","0","0","0","0","0","0","0","0","0","0","0","0","0","0","0","0","0","0","0","0","0","0","0","0",
"860Z200US12432","ZCTA5 12432","507","489","454","12","3","7","0","13","18","18","3","2","1","0","12","0","0","0","0","0","0","0","0","0","0","0","0","0","0","0","0","0","0","0","0","0","0","0","0","0","0","0","0","0","0","0","0","0","0","0","0","0","0","0","0","0","0","0","0","0","0","0","0","0","0","0","0","0","0","0","0",
"860Z200US12433","ZCTA5 12433","403","384","363","6","0","11","0","4","19","17","4","4","2","0","6","0","0","0","0","0","0","0","0","1","0","2","2","0","0","0","0","0","0","0","0","0","0","0","0","0","0","0","0","0","0","0","0","0","0","0","0","0","0","0","0","0","0","0","0","0","0","0","0","0","0","0","0","0","0","0","0",
"860Z200US12434","ZCTA5 12434","622","605","582","14","2","5","0","2","17","14","0","3","1","0","9","0","0","0","1","0","0","0","0","0","0","3","0","0","0","0","0","0","3","0","0","0","0","0","0","0","0","0","0","0","0","0","0","0","0","0","0","0","0","0","0","0","0","0","0","0","0","0","0","0","0","0","0","0","0","0","0",
"860Z200US12435","ZCTA5 12435","276","250","185","15","2","7","0","41","26","24","3","6","2","0","9","0","0","0","4","0","0","0","0","0","0","2","0","0","0","0","0","0","2","0","0","0","0","0","0","0","0","0","0","0","0","0","0","0","0","0","0","0","0","0","0","0","0","0","0","0","0","0","0","0","0","0","0","0","0","0","0",
"860Z200US12436","ZCTA5 12436","451","423","409","4","0","4","0","6","28","27","0","10","3","0","12","0","0","0","0","0","0","2","0","0","0","1","1","0","0","0","0","0","0","0","0","0","0","0","0","0","0","0","0","0","0","0","0","0","0","0","0","0","0","0","0","0","0","0","0","0","0","0","0","0","0","0","0","0","0","0","0",
"860Z200US12438","ZCTA5 12438","56","48","43","0","1","0","0","4","8","8","0","4","0","0","4","0","0","0","0","0","0","0","0","0","0","0","0","0","0","0","0","0","0","0","0","0","0","0","0","0","0","0","0","0","0","0","0","0","0","0","0","0","0","0","0","0","0","0","0","0","0","0","0","0","0","0","0","0","0","0","0",
"860Z200US12439","ZCTA5 12439","401","380","361","7","0","6","0","6","21","18","2","1","5","0","9","0","0","0","0","0","0","1","0","0","0","1","0","0","0","0","0","0","1","0","0","0","0","0","0","0","0","0","0","0","0","0","2","0","0","0","2","0","0","0","0","0","0","0","0","0","0","0","0","0","0","0","0","0","0","0","0",
"860Z200US12440","ZCTA5 12440","1863","1702","1607","41","3","20","0","31","161","150","29","14","12","0","82","3","0","0","7","1","0","0","0","0","2","11","6","1","1","1","0","0","2","0","0","0","0","0","0","0","0","0","0","0","0","0","0","0","0","0","0","0","0","0","0","0","0","0","0","0","0","0","0","0","0","0","0","0","0","0","0",
"860Z200US12441","ZCTA5 12441","130","114","101","6","1","0","0","6","16","12","2","1","0","0","9","0","0","0","0","0","0","0","0","0","0","4","2","1","1","0","0","0","0","0","0","0","0","0","0","0","0","0","0","0","0","0","0","0","0","0","0","0","0","0","0","0","0","0","0","0","0","0","0","0","0","0","0","0","0","0","0",
"860Z200US12442","ZCTA5 12442","752","694","641","2","7","29","1","14","58","50","5","12","1","0","30","1","0","0","0","0","0","0","0","0","1","7","2","0","0","1","0","0","1","1","1","0","0","0","1","0","0","0","0","0","0","0","1","0","0","0","0","1","0","0","0","0","0","0","0","0","0","0","0","0","0","0","0","0","0","0","0",
"860Z200US12443","ZCTA5 12443","3868","3633","3302","107","39","75","1","109","235","227","44","40","16","0","123","0","0","0","3","0","0","1","0","0","0","6","4","0","0","1","0","0","1","0","0","0","0","0","0","0","0","0","0","0","0","0","2","0","0","1","0","0","0","1","0","0","0","0","0","0","0","0","0","0","0","0","0","0","0","0","0",
"860Z200US12444","ZCTA5 12444","430","402","385","3","0","8","0","6","28","27","1","3","10","0","13","0","0","0","0","0","0","0","0","0","0","1","0","0","0","0","0","0","1","0","0","0","0","0","0","0","0","0","0","0","0","0","0","0","0","0","0","0","0","0","0","0","0","0","0","0","0","0","0","0","0","0","0","0","0","0","0",
"860Z200US12446","ZCTA5 12446","4930","4481","4162","104","22","84","2","107","449","424","53","114","30","0","207","3","3","0","8","2","0","0","0","4","0","23","8","3","0","8","0","0","4","0","0","0","0","0","0","0","0","0","0","0","0","0","2","0","0","1","0","0","0","0","1","0","0","0","0","0","0","0","0","0","0","0","0","0","0","0","0",
"860Z200US12448","ZCTA5 12448","255","241","233","3","1","1","0","3","14","12","0","3","1","0","8","0","0","0","0","0","0","0","0","0","0","1","1","0","0","0","0","0","0","0","0","0","0","0","0","0","0","0","0","0","0","0","0","0","0","0","0","0","0","0","0","0","0","0","0","0","0","0","1","1","0","0","0","0","0","0","0",
"860Z200US12449","ZCTA5 12449","3386","3117","2712","149","14","87","1","154","269","257","66","50","10","0","122","0","2","0","7","0","0","0","0","0","0","10","5","0","0","2","1","0","1","0","0","0","1","0","0","0","0","0","0","0","0","0","2","0","0","2","0","0","0","0","0","0","0","0","0","0","0","0","0","0","0","0","0","0","0","0","0",
"860Z200US12450","ZCTA5 12450","171","152","140","0","3","4","0","5","19","19","1","8","0","0","8","0","0","0","0","0","0","2","0","0","0","0","0","0","0","0","0","0","0","0","0","0","0","0","0","0","0","0","0","0","0","0","0","0","0","0","0","0","0","0","0","0","0","0","0","0","0","0","0","0","0","0","0","0","0","0","0",
"860Z200US12451","ZCTA5 12451","1560","1478","1406","20","6","23","0","23","82","77","10","29","8","0","27","1","0","0","2","0","0","0","0","0","0","4","2","0","0","0","1","0","1","0","0","0","0","0","0","0","0","0","0","0","0","0","1","0","0","0","0","0","0","0","1","0","0","0","0","0","0","0","0","0","0","0","0","0","0","0","0",
"860Z200US12452","ZCTA5 12452","48","43","43","0","0","0","0","0","5","4","0","0","4","0","0","0","0","0","0","0","0","0","0","0","0","1","0","0","0","0","0","0","0","1","0","0","0","0","0","0","0","0","0","0","0","0","0","0","0","0","0","0","0","0","0","0","0","0","0","0","0","0","0","0","0","0","0","0","0","0","0",
"860Z200US12453","ZCTA5 12453","271","253","240","0","0","4","0","9","18","16","3","0","0","0","12","0","0","0","1","0","0","0","0","0","0","2","0","0","0","0","0","0","1","0","0","0","0","0","0","1","0","0","0","0","0","0","0","0","0","0","0","0","0","0","0","0","0","0","0","0","0","0","0","0","0","0","0","0","0","0","0",
"860Z200US12454","ZCTA5 12454","233","230","222","3","0","4","0","1","3","3","0","0","1","0","2","0","0","0","0","0","0","0","0","0","0","0","0","0","0","0","0","0","0","0","0","0","0","0","0","0","0","0","0","0","0","0","0","0","0","0","0","0","0","0","0","0","0","0","0","0","0","0","0","0","0","0","0","0","0","0","0",
"860Z200US12455","ZCTA5 12455","1820","1702","1592","8","20","20","1","61","118","110","5","30","7","0","67","0","0","0","1","0","0","0","0","0","0","7","0","0","1","4","0","0","2","0","0","0","0","0","0","0","0","0","0","0","0","0","1","0","0","1","0","0","0","0","0","0","0","0","0","0","0","0","0","0","0","0","0","0","0","0","0",
"860Z200US12456","ZCTA5 12456","590","528","511","10","0","6","0","1","62","59","5","18","1","0","35","0","0","0","0","0","0","0","0","0","0","3","0","0","0","0","1","0","2","0","0","0","0","0","0","0","0","0","0","0","0","0","0","0","0","0","0","0","0","0","0","0","0","0","0","0","0","0","0","0","0","0","0","0","0","0","0",
"860Z200US12457","ZCTA5 12457","738","691","641","6","3","21","0","20","47","47","9","10","5","0","23","0","0","0","0","0","0","0","0","0","0","0","0","0","0","0","0","0","0","0","0","0","0","0","0","0","0","0","0","0","0","0","0","0","0","0","0","0","0","0","0","0","0","0","0","0","0","0","0","0","0","0","0","0","0","0","0",
"860Z200US12458","ZCTA5 12458","3488","3291","1994","917","37","46","1","296","197","184","30","27","15","1","99","4","0","0","7","0","0","1","0","0","0","11","8","1","0","1","0","0","0","0","0","0","1","0","0","0","0","0","0","0","0","0","2","0","0","0","0","1","0","0","1","0","0","0","0","0","0","0","0","0","0","0","0","0","0","0","0",
"860Z200US12459","ZCTA5 12459","172","152","147","0","1","1","0","3","20","20","0","3","2","0","14","0","0","0","0","1","0","0","0","0","0","0","0","0","0","0","0","0","0","0","0","0","0","0","0","0","0","0","0","0","0","0","0","0","0","0","0","0","0","0","0","0","0","0","0","0","0","0","0","0","0","0","0","0","0","0","0",
"860Z200US12460","ZCTA5 12460","281","264","261","2","1","0","0","0","17","17","2","9","0","0","5","0","0","0","1","0","0","0","0","0","0","0","0","0","0","0","0","0","0","0","0","0","0","0","0","0","0","0","0","0","0","0","0","0","0","0","0","0","0","0","0","0","0","0","0","0","0","0","0","0","0","0","0","0","0","0","0",
"860Z200US12461","ZCTA5 12461","1661","1539","1467","24","4","15","0","29","122","116","12","26","16","0","60","1","0","0","1","0","0","0","0","0","0","5","0","0","0","4","0","0","1","0","0","0","0","0","0","0","0","0","0","0","0","0","1","0","0","0","0","0","0","0","0","0","0","0","1","0","0","0","0","0","0","0","0","0","0","0","0",
"860Z200US12463","ZCTA5 12463","1405","1306","1235","23","6","21","0","21","99","88","11","36","2","0","39","0","0","0","0","0","0","0","0","0","0","10","5","1","0","1","0","0","1","2","0","0","0","0","0","0","0","0","0","0","0","0","0","0","0","0","0","0","0","0","0","0","0","0","0","0","0","0","1","0","1","0","0","0","0","0","0",
"860Z200US12464","ZCTA5 12464","955","883","796","12","8","21","1","45","72","68","9","16","5","0","34","0","2","0","2","0","0","0","0","0","0","4","3","0","0","0","0","0","0","1","0","0","0","0","0","0","0","0","0","0","0","0","0","0","0","0","0","0","0","0","0","0","0","0","0","0","0","0","0","0","0","0","0","0","0","0","0",
"860Z200US12465","ZCTA5 12465","288","264","254","3","0","2","0","5","24","21","5","2","1","0","13","0","0","0","0","0","0","0","0","0","0","3","1","0","0","0","0","0","2","0","0","0","0","0","0","0","0","0","0","0","0","0","0","0","0","0","0","0","0","0","0","0","0","0","0","0","0","0","0","0","0","0","0","0","0","0","0",
"860Z200US12466","ZCTA5 12466","2353","2183","1938","129","2","47","0","67","170","158","43","21","12","3","72","0","0","0","5","0","0","1","0","1","0","12","3","0","1","5","1","0","2","0","0","0","0","0","0","0","0","0","0","0","0","0","0","0","0","0","0","0","0","0","0","0","0","0","0","0","0","0","0","0","0","0","0","0","0","0","0",
"860Z200US12468","ZCTA5 12468","1417","1310","1272","15","0","12","0","11","107","98","3","42","3","1","47","0","0","0","2","0","0","0","0","0","0","8","2","0","0","0","0","1","3","1","1","0","0","0","0","0","0","0","0","0","0","0","0","0","0","0","0","0","0","0","0","0","0","0","0","0","0","0","0","0","0","0","0","0","0","1","1",
"860Z200US12469","ZCTA5 12469","697","665","646","5","1","7","0","6","32","29","3","10","4","0","9","0","1","0","0","0","0","0","0","1","1","3","1","0","0","1","0","0","0","1","0","0","0","0","0","0","0","0","0","0","0","0","0","0","0","0","0","0","0","0","0","0","0","0","0","0","0","0","0","0","0","0","0","0","0","0","0",
"860Z200US12470","ZCTA5 12470","648","609","599","8","0","2","0","0","39","36","4","10","4","0","18","0","0","0","0","0","0","0","0","0","0","3","1","0","0","0","0","0","2","0","0","0","0","0","0","0","0","0","0","0","0","0","0","0","0","0","0","0","0","0","0","0","0","0","0","0","0","0","0","0","0","0","0","0","0","0","0",
"860Z200US12471","ZCTA5 12471","231","204","201","1","0","1","0","1","27","26","8","2","1","0","13","0","1","0","1","0","0","0","0","0","0","1","0","0","0","0","1","0","0","0","0","0","0","0","0","0","0","0","0","0","0","0","0","0","0","0","0","0","0","0","0","0","0","0","0","0","0","0","0","0","0","0","0","0","0","0","0",
"860Z200US12472","ZCTA5 12472","1519","1393","1311","27","4","27","0","24","126","119","19","22","9","1","63","0","1","0","3","0","0","1","0","0","0","7","2","0","0","1","0","0","4","0","0","0","0","0","0","0","0","0","0","0","0","0","0","0","0","0","0","0","0","0","0","0","0","0","0","0","0","0","0","0","0","0","0","0","0","0","0",
"860Z200US12473","ZCTA5 12473","931","859","822","20","3","3","0","11","72","70","10","18","9","0","32","0","0","0","1","0","0","0","0","0","0","2","0","0","0","2","0","0","0","0","0","0","0","0","0","0","0","0","0","0","0","0","0","0","0","0","0","0","0","0","0","0","0","0","0","0","0","0","0","0","0","0","0","0","0","0","0",
"860Z200US12474","ZCTA5 12474","1128","1077","1061","9","0","6","0","1","51","46","3","10","2","0","29","2","0","0","0","0","0","0","0","0","0","4","2","0","0","0","0","0","2","0","0","0","0","0","0","0","0","0","0","0","0","0","1","0","1","0","0","0","0","0","0","0","0","0","0","0","0","0","0","0","0","0","0","0","0","0","0",
"860Z200US12475","ZCTA5 12475","373","337","310","9","0","5","0","13","36","35","10","8","4","0","13","0","0","0","0","0","0","0","0","0","0","1","0","0","0","0","0","0","1","0","0","0","0","0","0","0","0","0","0","0","0","0","0","0","0","0","0","0","0","0","0","0","0","0","0","0","0","0","0","0","0","0","0","0","0","0","0",
"860Z200US12477","ZCTA5 12477","18559","17046","15848","418","51","288","2","439","1513","1423","226","282","101","3","744","2","3","3","30","8","0","16","1","3","1","79","24","5","4","22","7","0","12","1","2","0","1","0","0","0","0","0","0","0","0","1","7","1","0","4","0","0","0","0","0","0","0","0","2","0","0","0","4","3","1","0","0","0","0","0","0",
"860Z200US12480","ZCTA5 12480","604","544","517","7","1","5","0","14","60","56","11","24","5","0","12","2","2","0","0","0","0","0","0","0","0","3","2","0","0","1","0","0","0","0","0","0","0","0","0","0","0","0","0","0","0","0","1","0","0","1","0","0","0","0","0","0","0","0","0","0","0","0","0","0","0","0","0","0","0","0","0",
"860Z200US12481","ZCTA5 12481","1259","1194","1119","15","3","32","0","25","65","61","5","13","4","0","34","0","0","0","2","0","0","3","0","0","0","3","0","0","0","0","1","0","2","0","0","0","0","0","0","0","0","0","0","0","0","0","1","0","0","0","0","0","0","0","0","0","0","0","1","0","0","0","0","0","0","0","0","0","0","0","0",
"860Z200US12482","ZCTA5 12482","599","532","507","11","0","7","0","7","67","64","7","18","8","0","30","0","0","0","0","0","0","1","0","0","0","3","1","0","0","1","0","0","0","1","0","0","0","0","0","0","0","0","0","0","0","0","0","0","0","0","0","0","0","0","0","0","0","0","0","0","0","0","0","0","0","0","0","0","0","0","0",
"860Z200US12483","ZCTA5 12483","191","154","131","6","4","3","0","10","37","34","5","9","0","0","18","0","0","0","2","0","0","0","0","0","0","3","0","1","0","1","0","0","1","0","0","0","0","0","0","0","0","0","0","0","0","0","0","0","0","0","0","0","0","0","0","0","0","0","0","0","0","0","0","0","0","0","0","0","0","0","0",
"860Z200US12484","ZCTA5 12484","2809","2639","2481","29","8","61","0","60","170","148","18","26","23","0","73","4","1","0","3","0","0","0","0","0","0","20","9","6","0","1","0","0","3","0","1","0","0","0","0","0","0","0","0","0","0","0","2","0","0","1","0","1","0","0","0","0","0","0","0","0","0","0","0","0","0","0","0","0","0","0","0",
"860Z200US12485","ZCTA5 12485","939","882","822","8","6","25","0","21","57","54","10","13","11","0","20","0","0","0","0","0","0","0","0","0","0","2","1","0","0","0","0","0","0","1","0","0","0","0","0","0","0","0","0","0","0","0","0","0","0","0","0","0","0","0","0","0","0","0","0","0","0","0","1","0","1","0","0","0","0","0","0",
"860Z200US12486","ZCTA5 12486","1457","1346","1268","27","5","19","0","27","111","102","21","20","18","0","38","1","0","0","3","0","0","0","1","0","0","9","1","0","0","4","0","0","4","0","0","0","0","0","0","0","0","0","0","0","0","0","0","0","0","0","0","0","0","0","0","0","0","0","0","0","0","0","0","0","0","0","0","0","0","0","0",
"860Z200US12487","ZCTA5 12487","3508","3304","3066","138","1","26","0","73","204","191","26","35","14","0","107","3","1","0","3","0","0","0","0","2","0","10","4","0","1","1","2","0","2","0","0","0","0","0","0","0","0","0","0","0","0","0","3","0","1","0","0","2","0","0","0","0","0","0","0","0","0","0","0","0","0","0","0","0","0","0","0",
"860Z200US12489","ZCTA5 12489","267","234","214","9","1","1","0","9","33","32","3","11","2","1","15","0","0","0","0","0","0","0","0","0","0","1","0","0","0","0","1","0","0","0","0","0","0","0","0","0","0","0","0","0","0","0","0","0","0","0","0","0","0","0","0","0","0","0","0","0","0","0","0","0","0","0","0","0","0","0","0",
"860Z200US12490","ZCTA5 12490","70","68","65","3","0","0","0","0","2","2","0","0","0","0","2","0","0","0","0","0","0","0","0","0","0","0","0","0","0","0","0","0","0","0","0","0","0","0","0","0","0","0","0","0","0","0","0","0","0","0","0","0","0","0","0","0","0","0","0","0","0","0","0","0","0","0","0","0","0","0","0",
"860Z200US12491","ZCTA5 12491","1782","1647","1551","22","3","41","0","30","135","126","18","28","9","0","66","2","1","0","1","0","0","0","0","1","0","8","5","0","0","0","1","0","1","0","1","0","0","0","0","0","0","0","0","0","0","0","1","0","0","0","0","0","0","0","1","0","0","0","0","0","0","0","0","0","0","0","0","0","0","0","0",
"860Z200US12492","ZCTA5 12492","296","279","268","0","0","4","0","7","17","16","1","5","0","0","10","0","0","0","0","0","0","0","0","0","0","1","0","0","0","0","0","0","1","0","0","0","0","0","0","0","0","0","0","0","0","0","0","0","0","0","0","0","0","0","0","0","0","0","0","0","0","0","0","0","0","0","0","0","0","0","0",
"860Z200US12493","ZCTA5 12493","426","373","326","26","0","5","0","16","53","50","24","3","6","0","12","0","2","0","2","0","0","0","0","1","0","3","1","0","0","1","1","0","0","0","0","0","0","0","0","0","0","0","0","0","0","0","0","0","0","0","0","0","0","0","0","0","0","0","0","0","0","0","0","0","0","0","0","0","0","0","0",
"860Z200US12494","ZCTA5 12494","712","653","631","5","1","4","0","12","59","55","7","6","8","0","34","0","0","0","0","0","0","0","0","0","0","4","1","0","0","0","0","0","3","0","0","0","0","0","0","0","0","0","0","0","0","0","0","0","0","0","0","0","0","0","0","0","0","0","0","0","0","0","0","0","0","0","0","0","0","0","0",
"860Z200US12495","ZCTA5 12495","212","197","170","7","3","5","0","12","15","14","0","1","3","0","7","0","0","0","1","0","0","2","0","0","0","1","0","1","0","0","0","0","0","0","0","0","0","0","0","0","0","0","0","0","0","0","0","0","0","0","0","0","0","0","0","0","0","0","0","0","0","0","0","0","0","0","0","0","0","0","0",
"860Z200US12496","ZCTA5 12496","1508","1387","1307","22","0","28","0","30","121","117","5","33","7","0","62","0","1","0","0","0","0","7","0","0","2","3","0","2","0","0","0","0","0","0","0","0","0","0","1","0","0","0","0","0","0","0","0","0","0","0","0","0","0","0","0","0","0","0","0","0","0","0","0","0","0","0","0","0","0","1","1",
"860Z200US12498","ZCTA5 12498","4845","4467","4162","95","17","108","3","82","378","353","61","58","63","2","163","2","1","0","1","0","0","1","0","0","1","17","3","2","0","6","0","0","1","0","5","0","0","0","0","0","0","0","0","0","0","0","7","0","0","3","0","2","0","0","2","0","0","0","0","0","0","0","1","1","0","0","0","0","0","0","0",
"860Z200US12501","ZCTA5 12501","2125","1903","1659","62","25","40","0","117","222","216","21","35","11","0","136","2","2","0","3","0","0","4","0","2","0","6","4","0","0","2","0","0","0","0","0","0","0","0","0","0","0","0","0","0","0","0","0","0","0","0","0","0","0","0","0","0","0","0","0","0","0","0","0","0","0","0","0","0","0","0","0",
"860Z200US12502","ZCTA5 12502","1146","1045","988","20","1","19","0","17","101","92","14","24","5","0","44","0","0","1","2","0","1","1","0","0","0","8","2","1","0","0","3","0","2","0","0","0","0","0","0","0","0","0","0","0","0","0","0","0","0","0","0","0","0","0","0","0","0","0","0","0","0","0","1","0","1","0","0","0","0","0","0",
"860Z200US12503","ZCTA5 12503","675","634","605","9","2","4","0","14","41","40","2","1","0","0","35","0","0","0","1","0","1","0","0","0","0","1","0","0","0","0","0","0","0","0","0","0","0","0","0","0","0","1","0","0","0","0","0","0","0","0","0","0","0","0","0","0","0","0","0","0","0","0","0","0","0","0","0","0","0","0","0",
"860Z200US12504","ZCTA5 12504","333","310","228","17","1","48","0","16","23","22","0","0","5","0","14","0","0","0","0","0","0","0","0","0","3","1","0","0","0","0","0","0","0","0","1","0","0","0","0","0","0","0","0","0","0","0","0","0","0","0","0","0","0","0","0","0","0","0","0","0","0","0","0","0","0","0","0","0","0","0","0",
"860Z200US12507","ZCTA5 12507","166","148","137","1","0","8","0","2","18","17","0","6","3","0","7","0","0","0","1","0","0","0","0","0","0","1","0","0","0","1","0","0","0","0","0","0","0","0","0","0","0","0","0","0","0","0","0","0","0","0","0","0","0","0","0","0","0","0","0","0","0","0","0","0","0","0","0","0","0","0","0",
"860Z200US12508","ZCTA5 12508","19537","17606","12243","3351","82","391","11","1528","1931","1778","329","172","166","2","898","50","6","1","125","0","0","15","8","3","3","118","35","8","4","32","9","0","12","3","3","1","1","0","7","0","0","2","0","1","0","0","32","6","1","23","0","0","0","0","0","0","0","0","0","2","0","0","1","0","1","0","0","0","0","2","2",
"860Z200US12512","ZCTA5 12512","143","118","81","13","2","6","2","14","25","20","3","5","5","0","4","1","2","0","0","0","0","0","0","0","0","3","3","0","0","0","0","0","0","0","0","0","0","0","0","0","0","0","0","0","0","0","2","2","0","0","0","0","0","0","0","0","0","0","0","0","0","0","0","0","0","0","0","0","0","0","0",
"860Z200US12513","ZCTA5 12513","621","589","572","12","1","1","0","3","32","28","1","6","2","0","15","0","0","1","1","0","0","0","1","1","0","4","0","0","0","2","0","0","0","1","0","0","0","0","0","0","0","1","0","0","0","0","0","0","0","0","0","0","0","0","0","0","0","0","0","0","0","0","0","0","0","0","0","0","0","0","0",
"860Z200US12514","ZCTA5 12514","2784","2636","2500","42","7","35","0","52","148","144","9","34","10","4","75","1","0","0","5","0","0","2","4","0","0","3","2","0","0","0","0","0","0","0","1","0","0","0","0","0","0","0","0","0","0","0","1","0","0","0","0","1","0","0","0","0","0","0","0","0","0","0","0","0","0","0","0","0","0","0","0",
"860Z200US12515","ZCTA5 12515","1349","1226","1069","72","6","12","4","63","123","110","15","21","4","4","52","1","1","0","7","0","0","2","0","3","0","12","8","0","0","1","0","0","3","0","0","0","0","0","0","0","0","0","0","0","0","0","1","0","0","1","0","0","0","0","0","0","0","0","0","0","0","0","0","0","0","0","0","0","0","0","0",
"860Z200US12516","ZCTA5 12516","1722","1607","1527","20","1","21","0","38","115","111","7","40","13","1","48","0","0","0","0","0","0","0","1","1","0","3","1","0","0","1","0","0","1","0","0","0","0","0","0","0","0","0","0","0","0","0","1","0","0","0","0","1","0","0","0","0","0","0","0","0","0","0","0","0","0","0","0","0","0","0","0",
"860Z200US12517","ZCTA5 12517","430","402","362","13","0","1","0","26","28","25","9","6","2","0","8","0","0","0","0","0","0","0","0","0","0","3","0","0","0","2","0","0","0","0","0","0","0","0","0","0","0","1","0","0","0","0","0","0","0","0","0","0","0","0","0","0","0","0","0","0","0","0","0","0","0","0","0","0","0","0","0",
"860Z200US12518","ZCTA5 12518","5622","5155","4496","235","11","172","0","241","467","426","72","44","55","0","230","3","0","0","18","0","0","2","1","1","0","32","18","1","0","9","0","0","2","2","0","0","0","0","0","0","0","0","0","0","0","0","8","2","0","5","0","1","0","0","0","0","0","0","0","0","0","0","1","1","0","0","0","0","0","0","0",
"860Z200US12520","ZCTA5 12520","3287","2989","2738","88","13","67","3","80","298","283","30","40","53","0","145","7","2","0","2","0","0","1","1","2","0","10","4","1","0","0","0","0","0","3","2","0","0","0","0","0","0","0","0","0","0","0","4","2","0","2","0","0","0","0","0","0","0","0","0","0","0","0","1","1","0","0","0","0","0","0","0",
"860Z200US12521","ZCTA5 12521","1636","1482","1413","30","1","15","0","23","154","147","27","37","13","0","61","0","0","0","3","0","0","2","3","1","0","6","1","0","0","2","0","0","0","0","0","0","0","0","0","3","0","0","0","0","0","0","1","0","0","0","0","1","0","0","0","0","0","0","0","0","0","0","0","0","0","0","0","0","0","0","0",
"860Z200US12522","ZCTA5 12522","4993","4488","3834","163","40","87","0","364","505","478","53","74","20","1","316","1","2","0","3","1","0","5","1","1","0","25","6","1","0","6","0","0","11","1","0","0","0","0","0","0","0","0","0","0","0","0","2","0","0","1","0","0","0","0","1","0","0","0","0","0","0","0","0","0","0","0","0","0","0","0","0",
"860Z200US12523","ZCTA5 12523","1819","1672","1596","31","2","15","0","28","147","138","5","52","13","2","65","0","0","0","1","0","0","0","0","0","0","7","4","0","0","0","0","0","2","1","0","0","0","0","0","0","0","0","0","0","0","0","2","0","0","2","0","0","0","0","0","0","0","0","0","0","0","0","0","0","0","0","0","0","0","0","0",
"860Z200US12524","ZCTA5 12524","15617","14292","10930","1533","70","864","6","889","1325","1240","155","79","113","9","791","13","11","2","59","0","0","1","1","6","0","69","14","5","0","23","0","0","15","0","7","3","1","0","0","0","0","1","0","0","0","0","14","0","1","13","0","0","0","0","0","0","0","0","0","0","0","0","2","1","1","0","0","0","0","0","0",
"860Z200US12525","ZCTA5 12525","3359","3065","2823","68","9","60","0","105","294","273","36","49","32","1","148","3","0","0","3","0","0","0","0","1","0","20","2","3","0","7","2","0","2","3","0","0","0","1","0","0","0","0","0","0","0","0","1","0","1","0","0","0","0","0","0","0","0","0","0","0","0","0","0","0","0","0","0","0","0","0","0",
"860Z200US12526","ZCTA5 12526","3687","3430","3244","57","8","38","2","81","257","245","25","61","20","0","126","0","0","0","8","0","0","0","2","0","3","8","2","0","0","0","1","0","1","1","0","0","0","0","0","0","2","0","0","1","0","0","4","0","0","3","1","0","0","0","0","0","0","0","0","0","0","0","0","0","0","0","0","0","0","0","0",
"860Z200US12527","ZCTA5 12527","108","91","71","10","0","2","0","8","17","16","2","1","0","0","10","0","0","0","3","0","0","0","0","0","0","1","0","0","0","0","0","0","0","0","0","0","0","0","1","0","0","0","0","0","0","0","0","0","0","0","0","0","0","0","0","0","0","0","0","0","0","0","0","0","0","0","0","0","0","0","0",
"860Z200US12528","ZCTA5 12528","14089","12945","11053","859","52","368","14","599","1144","1045","198","150","85","12","541","12","4","0","22","1","0","13","0","4","3","83","27","9","0","27","1","0","10","1","2","0","3","0","0","0","2","0","0","0","0","1","16","1","0","15","0","0","0","0","0","0","0","0","0","0","0","0","0","0","0","0","0","0","0","0","0",
"860Z200US12529","ZCTA5 12529","2755","2569","2440","45","7","22","0","55","186","177","34","41","1","3","93","2","0","2","0","0","0","0","1","0","0","8","3","0","0","2","0","0","0","2","0","0","0","0","0","0","0","1","0","0","0","0","1","0","0","0","0","1","0","0","0","0","0","0","0","0","0","0","0","0","0","0","0","0","0","0","0",
"860Z200US12530","ZCTA5 12530","81","76","76","0","0","0","0","0","5","3","0","2","1","0","0","0","0","0","0","0","0","0","0","0","0","1","1","0","0","0","0","0","0","0","0","0","0","0","0","0","0","0","0","0","0","0","1","1","0","0","0","0","0","0","0","0","0","0","0","0","0","0","0","0","0","0","0","0","0","0","0",
"860Z200US12531","ZCTA5 12531","3267","2996","2656","109","7","65","0","159","271","254","25","44","35","4","127","0","0","0","14","0","0","2","0","3","0","13","3","1","0","5","0","0","1","0","1","1","0","0","1","0","0","0","0","0","0","0","4","0","0","4","0","0","0","0","0","0","0","0","0","0","0","0","0","0","0","0","0","0","0","0","0",
"860Z200US12533","ZCTA5 12533","26147","23863","20261","1223","102","1176","2","1099","2284","2153","242","188","186","5","1340","19","32","8","84","0","0","18","9","22","0","112","21","8","0","40","3","0","17","0","10","6","2","0","1","0","0","0","2","0","2","0","19","5","0","12","0","2","0","0","0","0","0","0","0","0","0","0","0","0","0","0","0","0","0","0","0",
"860Z200US12534","ZCTA5 12534","17539","16112","12552","1800","70","984","10","696","1427","1329","346","246","112","1","514","23","0","6","60","1","0","10","4","4","2","84","35","3","1","15","6","0","6","7","1","0","0","0","0","1","0","9","0","0","0","0","7","1","0","3","0","0","0","1","0","0","0","0","2","0","0","0","7","5","2","0","0","0","0","0","0",
"860Z200US12538","ZCTA5 12538","14181","13114","10653","1211","59","672","0","519","1067","1020","235","188","57","3","452","4","25","0","33","4","0","16","1","2","0","38","10","4","0","15","0","0","3","1","4","0","1","0","0","0","0","0","0","0","0","0","9","0","3","4","0","2","0","0","0","0","0","0","0","0","0","0","0","0","0","0","0","0","0","0","0",
"860Z200US12540","ZCTA5 12540","7666","7111","6427","225","8","224","4","223","555","540","48","61","69","1","313","6","5","0","27","0","0","2","0","8","0","14","7","0","0","3","0","0","3","0","0","0","0","0","0","0","0","1","0","0","0","0","0","0","0","0","0","0","0","0","0","0","0","0","0","0","0","0","0","0","0","0","0","0","0","1","1",
"860Z200US12542","ZCTA5 12542","5726","5215","4577","321","18","76","2","221","511","475","68","53","29","3","281","2","1","0","22","0","1","11","0","3","1","26","5","2","0","6","0","0","11","0","1","0","0","0","1","0","0","0","0","0","0","0","9","1","0","4","0","2","0","0","1","0","1","0","0","0","0","0","0","0","0","0","0","0","0","1","1",
"860Z200US12543","ZCTA5 12543","3170","2752","1952","460","11","43","0","286","418","398","73","31","20","0","231","8","1","0","30","2","0","1","0","1","0","20","3","0","0","6","2","0","6","1","2","0","0","0","0","0","0","0","0","0","0","0","0","0","0","0","0","0","0","0","0","0","0","0","0","0","0","0","0","0","0","0","0","0","0","0","0",
"860Z200US12544","ZCTA5 12544","156","154","152","2","0","0","0","0","2","2","0","1","0","0","1","0","0","0","0","0","0","0","0","0","0","0","0","0","0","0","0","0","0","0","0","0","0","0","0","0","0","0","0","0","0","0","0","0","0","0","0","0","0","0","0","0","0","0","0","0","0","0","0","0","0","0","0","0","0","0","0",
"860Z200US12545","ZCTA5 12545","4741","4398","3888","211","14","77","2","206","343","327","45","42","49","2","164","4","3","2","4","0","0","1","8","2","1","10","1","1","0","5","0","0","2","0","1","0","0","0","0","0","0","0","0","0","0","0","5","3","0","1","0","1","0","0","0","0","0","0","0","0","0","0","1","0","1","0","0","0","0","0","0",
"860Z200US12546","ZCTA5 12546","3026","2748","2423","52","27","53","2","191","278","269","28","33","16","1","181","3","0","1","5","0","0","0","1","0","0","9","4","3","0","1","0","0","0","0","0","0","0","0","0","0","0","1","0","0","0","0","0","0","0","0","0","0","0","0","0","0","0","0","0","0","0","0","0","0","0","0","0","0","0","0","0",
"860Z200US12547","ZCTA5 12547","2934","2721","2331","235","10","34","0","111","213","197","38","23","10","2","107","1","0","0","6","0","1","9","0","0","0","12","6","1","0","0","0","0","4","0","0","0","0","0","0","0","1","0","0","0","0","0","4","0","0","4","0","0","0","0","0","0","0","0","0","0","0","0","0","0","0","0","0","0","0","0","0",
"860Z200US12548","ZCTA5 12548","1334","1192","1055","57","0","17","0","63","142","129","16","33","2","0","72","2","0","0","2","0","0","0","0","2","0","10","5","2","0","3","0","0","0","0","0","0","0","0","0","0","0","0","0","0","0","0","3","0","0","3","0","0","0","0","0","0","0","0","0","0","0","0","0","0","0","0","0","0","0","0","0",
"860Z200US12549","ZCTA5 12549","10349","9375","8107","578","30","163","1","496","974","904","101","101","80","0","518","8","14","0","70","0","0","5","0","4","3","56","12","4","1","11","3","0","16","3","2","1","0","0","2","0","0","0","0","1","0","0","14","2","0","11","0","1","0","0","0","0","0","0","0","0","0","0","0","0","0","0","0","0","0","0","0",
"860Z200US12550","ZCTA5 12550","55869","49507","22852","12194","903","1128","29","12401","6362","5886","966","297","217","19","3422","138","56","2","527","0","1","185","8","32","16","379","118","11","0","118","4","0","73","12","21","2","7","0","11","0","1","1","0","0","0","0","95","11","0","75","2","2","0","1","0","1","1","0","2","0","0","0","2","0","0","2","0","0","0","0","0",
"860Z200US12553","ZCTA5 12553","26728","23685","15173","4125","189","1120","18","3060","3043","2873","331","183","160","11","1813","74","27","0","217","1","1","31","10","13","1","141","33","5","0","40","3","0","31","8","13","2","1","0","4","0","0","0","1","0","0","0","29","7","1","15","0","2","0","1","2","0","1","0","0","0","0","0","0","0","0","0","0","0","0","0","0",
"860Z200US12561","ZCTA5 12561","18726","17214","14409","928","49","861","9","958","1512","1427","157","172","178","3","839","14","5","4","47","2","0","2","0","4","0","67","11","14","0","19","2","3","10","0","0","0","2","0","3","0","2","0","0","1","0","0","17","0","2","11","0","3","0","0","1","0","0","0","0","0","0","0","1","0","0","0","0","1","0","0","0",
"860Z200US12563","ZCTA5 12563","7586","6896","5482","372","33","203","4","802","690","659","62","52","30","3","472","8","3","0","16","1","0","8","4","0","0","29","2","2","0","10","5","1","7","1","0","0","0","0","1","0","0","0","0","0","0","0","2","1","0","1","0","0","0","0","0","0","0","0","0","0","0","0","0","0","0","0","0","0","0","0","0",
"860Z200US12564","ZCTA5 12564","7159","6648","5634","215","51","136","3","609","511","478","44","46","43","1","306","5","5","0","21","0","0","4","0","3","0","31","6","4","0","13","0","0","4","0","2","0","0","0","1","1","0","0","0","0","0","0","2","2","0","0","0","0","0","0","0","0","0","0","0","0","0","0","0","0","0","0","0","0","0","0","0",
"860Z200US12565","ZCTA5 12565","1402","1322","1231","42","9","6","0","34","80","75","16","24","3","0","29","0","0","0","1","1","0","1","0","0","0","5","0","0","0","2","2","0","0","0","0","0","0","0","0","0","0","0","0","0","1","0","0","0","0","0","0","0","0","0","0","0","0","0","0","0","0","0","0","0","0","0","0","0","0","0","0",
"860Z200US12566","ZCTA5 12566","10923","9869","8957","338","37","131","3","403","1054","982","115","147","49","3","604","6","5","0","43","0","0","6","0","4","0","64","15","6","0","16","3","1","17","3","2","0","1","0","0","0","0","0","0","0","0","0","8","2","0","5","0","1","0","0","0","0","0","0","0","0","0","0","0","0","0","0","0","0","0","0","0",
"860Z200US12567","ZCTA5 12567","2564","2357","2240","24","8","38","0","47","207","192","30","38","5","2","102","0","1","1","8","0","0","3","2","0","0","13","9","0","0","0","1","0","2","0","0","0","0","0","0","0","0","1","0","0","0","0","2","0","0","0","0","0","0","0","2","0","0","0","0","0","0","0","0","0","0","0","0","0","0","0","0",
"860Z200US12569","ZCTA5 12569","10177","9381","8284","460","25","243","2","367","796","754","97","153","59","0","423","3","5","0","11","0","0","2","0","1","0","31","20","0","0","3","0","0","5","0","0","0","1","0","0","0","0","0","0","2","0","0","6","1","0","5","0","0","0","0","0","0","0","0","0","0","0","0","5","2","0","2","0","0","1","0","0",
"860Z200US12570","ZCTA5 12570","6825","6275","5668","208","2","159","4","234","550","511","43","76","43","3","316","2","2","0","18","0","0","4","0","4","0","29","3","3","0","11","0","0","4","1","5","0","0","0","0","0","0","0","0","0","0","2","10","0","0","9","0","1","0","0","0","0","0","0","0","0","0","0","0","0","0","0","0","0","0","0","0",
"860Z200US12571","ZCTA5 12571","9600","8962","8305","142","32","222","1","260","638","609","79","104","69","7","328","2","7","1","8","0","0","3","1","0","0","25","3","1","0","3","1","0","10","1","1","1","1","0","1","0","0","2","0","0","0","0","4","1","0","2","1","0","0","0","0","0","0","0","0","0","0","0","0","0","0","0","0","0","0","0","0",
"860Z200US12572","ZCTA5 12572","9258","8640","8025","139","35","198","4","239","618","585","64","87","79","1","312","6","4","1","20","0","0","5","2","3","1","27","0","5","0","4","2","0","7","2","7","0","0","0","0","0","0","0","0","0","0","0","6","0","0","6","0","0","0","0","0","0","0","0","0","0","0","0","0","0","0","0","0","0","0","0","0",
"860Z200US12574","ZCTA5 12574","299","280","277","0","1","0","0","2","19","17","2","1","3","0","9","0","0","0","1","0","0","0","1","0","0","1","0","0","0","0","1","0","0","0","0","0","0","0","0","0","0","0","0","0","0","0","1","0","0","1","0","0","0","0","0","0","0","0","0","0","0","0","0","0","0","0","0","0","0","0","0",
"860Z200US12575","ZCTA5 12575","2478","2185","1750","170","23","62","4","176","293","271","29","41","24","0","143","7","0","0","23","1","1","0","2","0","0","16","3","4","0","5","0","0","1","1","0","0","0","0","2","0","0","0","0","0","0","0","5","0","0","4","0","1","0","0","0","0","0","0","0","0","0","0","1","0","1","0","0","0","0","0","0",
"860Z200US12577","ZCTA5 12577","2280","1989","1589","179","23","61","0","137","291","254","21","29","17","0","139","7","2","0","30","0","0","4","0","1","4","34","7","2","0","11","1","0","10","0","2","0","0","0","0","0","1","0","0","0","0","0","2","0","0","2","0","0","0","0","0","0","0","0","0","0","0","0","1","0","1","0","0","0","0","0","0",
"860Z200US12578","ZCTA5 12578","2298","2102","1953","50","3","38","1","57","196","171","13","43","34","6","64","0","0","1","3","0","0","4","0","0","3","20","7","0","0","3","0","0","8","0","2","0","0","0","0","0","0","0","0","0","0","0","5","0","0","5","0","0","0","0","0","0","0","0","0","0","0","0","0","0","0","0","0","0","0","0","0",
"860Z200US12580","ZCTA5 12580","4204","3889","3582","173","1","65","1","67","315","290","40","40","24","4","170","3","5","0","3","0","0","0","0","1","0","25","16","0","0","2","0","0","4","2","1","0","0","0","0","0","0","0","0","0","0","0","0","0","0","0","0","0","0","0","0","0","0","0","0","0","0","0","0","0","0","0","0","0","0","0","0",
"860Z200US12581","ZCTA5 12581","2091","1953","1839","33","11","20","1","49","138","133","10","31","8","0","76","4","0","0","2","0","0","2","0","0","0","5","1","0","0","1","0","0","2","0","0","0","0","0","0","0","0","1","0","0","0","0","0","0","0","0","0","0","0","0","0","0","0","0","0","0","0","0","0","0","0","0","0","0","0","0","0",
"860Z200US12582","ZCTA5 12582","6148","5808","4014","1263","38","145","0","348","340","314","27","38","28","5","195","0","1","0","15","1","0","3","0","1","0","23","6","1","0","4","3","0","3","0","2","0","1","0","3","0","0","0","0","0","0","0","2","0","1","1","0","0","0","0","0","0","0","0","0","0","0","0","1","0","0","1","0","0","0","0","0",
"860Z200US12583","ZCTA5 12583","2212","2048","1884","25","4","50","0","85","164","151","8","32","13","2","90","2","0","0","2","0","0","0","2","0","0","9","2","1","0","1","0","0","4","0","0","0","0","0","0","0","0","1","0","0","0","0","4","2","0","0","0","2","0","0","0","0","0","0","0","0","0","0","0","0","0","0","0","0","0","0","0",
"860Z200US12585","ZCTA5 12585","850","789","729","28","2","9","0","21","61","60","13","5","8","1","28","0","0","0","1","0","0","0","0","4","0","0","0","0","0","0","0","0","0","0","0","0","0","0","0","0","0","0","0","0","0","0","1","0","0","1","0","0","0","0","0","0","0","0","0","0","0","0","0","0","0","0","0","0","0","0","0",
"860Z200US12586","ZCTA5 12586","13087","11575","9326","974","85","266","5","919","1512","1405","204","163","89","4","805","18","13","0","103","0","0","2","0","4","0","97","25","9","0","18","9","0","20","4","6","4","0","0","1","0","0","0","0","1","0","0","8","3","0","3","0","2","0","0","0","0","0","0","0","0","0","0","2","0","1","0","0","0","1","0","0",
"860Z200US12589","ZCTA5 12589","16935","15371","11776","1722","76","206","8","1583","1564","1474","137","157","78","8","953","15","9","0","95","3","0","13","0","4","2","81","20","3","0","22","0","2","29","1","1","0","1","0","1","0","0","1","0","0","0","0","9","1","3","4","0","1","0","0","0","0","0","0","0","0","0","0","0","0","0","0","0","0","0","0","0",
"860Z200US12590","ZCTA5 12590","37051","33499","25768","3047","172","1685","6","2821","3552","3319","443","331","189","7","2052","59","31","0","125","0","0","52","10","14","6","196","44","5","1","74","5","0","41","3","4","0","9","1","5","0","0","1","2","0","0","1","33","8","0","22","0","2","0","0","1","0","0","0","0","0","0","0","3","0","2","0","1","0","0","1","1",
"860Z200US12592","ZCTA5 12592","1230","1114","1004","25","16","26","0","43","116","108","28","16","6","1","52","0","0","0","3","0","0","2","0","0","0","7","1","0","0","3","0","0","0","1","1","0","0","0","1","0","0","0","0","0","0","0","1","0","0","1","0","0","0","0","0","0","0","0","0","0","0","0","0","0","0","0","0","0","0","0","0",
"860Z200US12594","ZCTA5 12594","4018","3609","2778","229","14","182","0","406","409","392","34","56","21","0","237","0","0","0","27","0","0","13","0","4","0","15","8","0","0","3","0","0","4","0","0","0","0","0","0","0","0","0","0","0","0","0","1","0","0","1","0","0","0","0","0","0","0","0","0","0","0","0","1","0","1","0","0","0","0","0","0",
"860Z200US12601","ZCTA5 12601","44264","39688","20929","12731","292","1307","15","4414","4576","4200","1113","338","219","18","1818","184","53","14","373","2","1","38","7","19","3","327","151","16","5","90","1","0","24","8","7","2","9","0","4","7","0","3","0","0","0","0","41","5","1","31","0","2","0","0","0","0","0","0","0","0","2","0","8","2","4","0","1","0","1","0","0",
"860Z200US12603","ZCTA5 12603","41470","37720","27467","5257","160","2198","7","2631","3750","3476","622","304","320","7","1861","82","22","2","171","2","2","36","8","28","9","219","79","18","4","61","1","0","28","1","11","3","2","0","2","0","0","2","2","4","1","0","50","7","0","33","1","3","0","0","2","0","2","0","0","0","2","0","4","1","3","0","0","0","0","1","1",
"860Z200US12604","ZCTA5 12604","2011","1959","1153","77","5","345","0","379","52","45","11","3","17","0","12","0","0","0","1","1","0","0","0","0","0","6","1","0","0","1","0","0","3","0","0","0","1","0","0","0","0","0","0","0","0","0","1","0","0","0","0","0","1","0","0","0","0","0","0","0","0","0","0","0","0","0","0","0","0","0","0",
"860Z200US12701","ZCTA5 12701","12360","10942","6235","2669","76","438","9","1515","1418","1335","329","151","42","5","628","41","4","7","100","2","1","19","1","2","3","68","32","2","0","12","4","0","8","3","3","0","0","0","1","0","0","0","3","0","0","0","14","2","0","9","1","0","0","0","0","0","0","0","0","0","2","0","1","1","0","0","0","0","0","0","0",
"860Z200US12719","ZCTA5 12719","1056","992","944","12","5","9","0","22","64","60","4","13","4","0","34","0","0","1","3","0","0","0","0","1","0","4","0","0","0","3","1","0","0","0","0","0","0","0","0","0","0","0","0","0","0","0","0","0","0","0","0","0","0","0","0","0","0","0","0","0","0","0","0","0","0","0","0","0","0","0","0",
"860Z200US12720","ZCTA5 12720","179","163","157","0","1","0","0","5","16","16","3","1","0","0","11","0","0","0","0","0","0","1","0","0","0","0","0","0","0","0","0","0","0","0","0","0","0","0","0","0","0","0","0","0","0","0","0","0","0","0","0","0","0","0","0","0","0","0","0","0","0","0","0","0","0","0","0","0","0","0","0",
"860Z200US12721","ZCTA5 12721","7504","6811","5995","318","31","90","0","377","693","657","105","105","28","1","356","9","2","2","37","0","0","4","0","8","0","31","18","1","0","5","2","0","4","0","1","0","0","0","0","0","0","0","0","0","0","0","5","1","0","4","0","0","0","0","0","0","0","0","0","0","0","0","0","0","0","0","0","0","0","0","0",
"860Z200US12722","ZCTA5 12722","120","110","107","1","0","0","0","2","10","9","0","0","0","0","9","0","0","0","0","0","0","0","0","0","0","1","0","0","0","0","0","0","1","0","0","0","0","0","0","0","0","0","0","0","0","0","0","0","0","0","0","0","0","0","0","0","0","0","0","0","0","0","0","0","0","0","0","0","0","0","0",
"860Z200US12723","ZCTA5 12723","1687","1565","1334","144","12","24","0","51","122","112","12","15","7","0","64","0","0","0","9","0","0","0","3","0","2","9","0","0","0","2","1","0","4","1","0","1","0","0","0","0","0","0","0","0","0","0","0","0","0","0","0","0","0","0","0","0","0","0","0","0","0","0","1","1","0","0","0","0","0","0","0",
"860Z200US12724","ZCTA5 12724","215","205","202","0","0","3","0","0","10","9","2","0","1","0","5","0","0","0","0","0","0","1","0","0","0","1","1","0","0","0","0","0","0","0","0","0","0","0","0","0","0","0","0","0","0","0","0","0","0","0","0","0","0","0","0","0","0","0","0","0","0","0","0","0","0","0","0","0","0","0","0",
"860Z200US12725","ZCTA5 12725","287","256","228","13","2","3","0","10","31","29","5","10","0","0","11","0","0","0","1","0","0","0","2","0","0","2","1","0","0","0","0","0","0","0","0","0","0","0","0","0","0","1","0","0","0","0","0","0","0","0","0","0","0","0","0","0","0","0","0","0","0","0","0","0","0","0","0","0","0","0","0",
"860Z200US12726","ZCTA5 12726","1168","1094","1035","23","3","9","0","24","74","71","12","17","6","0","25","1","2","0","6","0","0","2","0","0","0","3","0","0","0","0","0","0","3","0","0","0","0","0","0","0","0","0","0","0","0","0","0","0","0","0","0","0","0","0","0","0","0","0","0","0","0","0","0","0","0","0","0","0","0","0","0",
"860Z200US12729","ZCTA5 12729","1708","1551","1295","51","11","165","0","29","157","148","22","27","13","0","71","3","0","0","8","0","0","1","0","3","0","7","2","1","0","3","0","0","0","0","0","0","0","0","0","0","1","0","0","0","0","0","2","0","0","1","0","1","0","0","0","0","0","0","0","0","0","0","0","0","0","0","0","0","0","0","0",
"860Z200US12732","ZCTA5 12732","735","674","649","5","2","5","0","13","61","56","6","9","4","0","31","2","0","0","3","0","0","0","0","1","0","4","0","0","0","4","0","0","0","0","0","0","0","0","0","0","0","0","0","0","0","0","1","1","0","0","0","0","0","0","0","0","0","0","0","0","0","0","0","0","0","0","0","0","0","0","0",
"860Z200US12733","ZCTA5 12733","1887","1800","1210","379","9","28","2","172","87","82","6","5","7","0","56","1","0","0","4","0","0","1","0","0","2","5","2","0","0","1","2","0","0","0","0","0","0","0","0","0","0","0","0","0","0","0","0","0","0","0","0","0","0","0","0","0","0","0","0","0","0","0","0","0","0","0","0","0","0","0","0",
"860Z200US12734","ZCTA5 12734","870","765","553","49","19","11","0","133","105","92","13","14","4","2","46","1","2","0","1","0","0","3","0","2","4","10","1","0","0","2","0","0","7","0","0","0","0","0","0","0","0","0","0","0","0","0","3","0","0","3","0","0","0","0","0","0","0","0","0","0","0","0","0","0","0","0","0","0","0","0","0",
"860Z200US12736","ZCTA5 12736","114","113","112","0","0","0","0","1","1","1","0","0","0","0","0","0","0","0","0","0","0","1","0","0","0","0","0","0","0","0","0","0","0","0","0","0","0","0","0","0","0","0","0","0","0","0","0","0","0","0","0","0","0","0","0","0","0","0","0","0","0","0","0","0","0","0","0","0","0","0","0",
"860Z200US12737","ZCTA5 12737","1765","1598","1492","35","13","29","0","29","167","155","21","46","14","2","68","0","1","0","3","0","0","0","0","0","0","10","2","1","0","3","0","0","1","0","1","1","0","0","0","0","0","1","0","0","0","0","2","1","0","1","0","0","0","0","0","0","0","0","0","0","0","0","0","0","0","0","0","0","0","0","0",
"860Z200US12738","ZCTA5 12738","270","241","210","7","0","9","0","15","29","27","10","2","2","0","9","0","0","0","3","0","0","0","0","0","1","2","0","0","1","0","0","0","1","0","0","0","0","0","0","0","0","0","0","0","0","0","0","0","0","0","0","0","0","0","0","0","0","0","0","0","0","0","0","0","0","0","0","0","0","0","0",
"860Z200US12740","ZCTA5 12740","1714","1607","1526","19","7","29","0","26","107","94","2","24","12","0","52","1","0","0","1","0","0","2","0","0","0","13","5","0","3","1","0","0","3","0","1","0","0","0","0","0","0","0","0","0","0","0","0","0","0","0","0","0","0","0","0","0","0","0","0","0","0","0","0","0","0","0","0","0","0","0","0",
"860Z200US12741","ZCTA5 12741","251","240","226","10","0","1","0","3","11","9","0","1","0","0","7","0","0","0","1","0","0","0","0","0","0","2","1","0","0","0","0","0","1","0","0","0","0","0","0","0","0","0","0","0","0","0","0","0","0","0","0","0","0","0","0","0","0","0","0","0","0","0","0","0","0","0","0","0","0","0","0",
"860Z200US12742","ZCTA5 12742","200","170","139","13","2","6","0","10","30","28","5","1","0","0","16","0","0","0","4","0","0","1","0","0","1","2","2","0","0","0","0","0","0","0","0","0","0","0","0","0","0","0","0","0","0","0","0","0","0","0","0","0","0","0","0","0","0","0","0","0","0","0","0","0","0","0","0","0","0","0","0",
"860Z200US12743","ZCTA5 12743","347","323","313","1","3","2","0","4","24","24","2","2","0","0","15","1","0","0","2","0","0","1","0","1","0","0","0","0","0","0","0","0","0","0","0","0","0","0","0","0","0","0","0","0","0","0","0","0","0","0","0","0","0","0","0","0","0","0","0","0","0","0","0","0","0","0","0","0","0","0","0",
"860Z200US12745","ZCTA5 12745","62","53","49","2","0","1","0","1","9","9","0","0","2","0","7","0","0","0","0","0","0","0","0","0","0","0","0","0","0","0","0","0","0","0","0","0","0","0","0","0","0","0","0","0","0","0","0","0","0","0","0","0","0","0","0","0","0","0","0","0","0","0","0","0","0","0","0","0","0","0","0",
"860Z200US12746","ZCTA5 12746","1010","950","802","40","14","70","0","24","60","55","5","12","6","0","25","1","0","1","3","0","0","2","0","0","0","5","5","0","0","0","0","0","0","0","0","0","0","0","0","0","0","0","0","0","0","0","0","0","0","0","0","0","0","0","0","0","0","0","0","0","0","0","0","0","0","0","0","0","0","0","0",
"860Z200US12747","ZCTA5 12747","1849","1646","1299","133","1","82","1","130","203","194","42","16","4","0","119","5","1","0","5","0","0","0","0","0","2","9","1","0","0","2","2","0","4","0","0","0","0","0","0","0","0","0","0","0","0","0","0","0","0","0","0","0","0","0","0","0","0","0","0","0","0","0","0","0","0","0","0","0","0","0","0",
"860Z200US12748","ZCTA5 12748","1890","1793","1695","25","1","14","1","57","97","95","3","25","14","0","49","1","0","0","2","0","0","0","0","1","0","2","0","0","0","0","0","0","2","0","0","0","0","0","0","0","0","0","0","0","0","0","0","0","0","0","0","0","0","0","0","0","0","0","0","0","0","0","0","0","0","0","0","0","0","0","0",
"860Z200US12749","ZCTA5 12749","293","256","227","7","0","3","0","19","37","33","8","2","0","0","19","0","2","0","1","0","0","1","0","0","0","3","0","1","0","0","1","0","1","0","0","0","0","0","0","0","0","0","0","0","0","0","1","0","0","1","0","0","0","0","0","0","0","0","0","0","0","0","0","0","0","0","0","0","0","0","0",
"860Z200US12750","ZCTA5 12750","148","133","125","2","1","0","0","5","15","15","0","4","2","0","9","0","0","0","0","0","0","0","0","0","0","0","0","0","0","0","0","0","0","0","0","0","0","0","0","0","0","0","0","0","0","0","0","0","0","0","0","0","0","0","0","0","0","0","0","0","0","0","0","0","0","0","0","0","0","0","0",
"860Z200US12751","ZCTA5 12751","1151","1071","930","57","4","22","0","58","80","79","16","0","0","0","45","7","5","0","3","1","0","1","0","0","1","1","0","0","0","1","0","0","0","0","0","0","0","0","0","0","0","0","0","0","0","0","0","0","0","0","0","0","0","0","0","0","0","0","0","0","0","0","0","0","0","0","0","0","0","0","0",
"860Z200US12752","ZCTA5 12752","283","270","256","1","0","2","0","11","13","11","3","2","0","0","6","0","0","0","0","0","0","0","0","0","0","2","1","1","0","0","0","0","0","0","0","0","0","0","0","0","0","0","0","0","0","0","0","0","0","0","0","0","0","0","0","0","0","0","0","0","0","0","0","0","0","0","0","0","0","0","0",
"860Z200US12754","ZCTA5 12754","7654","6620","4577","662","84","142","1","1154","1034","993","162","106","15","0","599","17","2","3","73","1","0","12","1","1","1","38","9","0","0","8","1","0","14","3","0","0","0","0","1","0","1","0","0","0","0","1","2","0","0","2","0","0","0","0","0","0","0","0","0","0","0","0","1","0","0","0","0","1","0","0","0",
"860Z200US12758","ZCTA5 12758","4033","3719","3436","88","11","86","1","97","314","293","43","76","22","0","131","3","0","1","10","0","0","6","0","1","0","19","5","3","0","1","0","0","7","0","1","0","0","0","1","0","1","0","0","0","0","0","2","0","2","0","0","0","0","0","0","0","0","0","0","0","0","0","0","0","0","0","0","0","0","0","0",
"860Z200US12759","ZCTA5 12759","1568","1437","1035","176","3","63","0","160","131","130","16","28","11","0","62","2","3","0","7","0","0","0","0","1","0","0","0","0","0","0","0","0","0","0","0","0","0","0","0","0","0","0","0","0","0","0","1","0","0","0","0","0","0","1","0","0","0","0","0","0","0","0","0","0","0","0","0","0","0","0","0",
"860Z200US12760","ZCTA5 12760","477","440","417","10","1","4","1","7","37","37","4","8","3","0","17","0","2","0","0","0","0","0","0","3","0","0","0","0","0","0","0","0","0","0","0","0","0","0","0","0","0","0","0","0","0","0","0","0","0","0","0","0","0","0","0","0","0","0","0","0","0","0","0","0","0","0","0","0","0","0","0",
"860Z200US12762","ZCTA5 12762","433","409","360","6","1","1","0","41","24","23","4","6","0","0","12","1","0","0","0","0","0","0","0","0","0","1","0","0","0","0","0","0","1","0","0","0","0","0","0","0","0","0","0","0","0","0","0","0","0","0","0","0","0","0","0","0","0","0","0","0","0","0","0","0","0","0","0","0","0","0","0",
"860Z200US12763","ZCTA5 12763","891","803","681","54","9","6","0","53","88","85","17","6","4","1","53","2","0","0","0","0","0","0","1","0","1","3","3","0","0","0","0","0","0","0","0","0","0","0","0","0","0","0","0","0","0","0","0","0","0","0","0","0","0","0","0","0","0","0","0","0","0","0","0","0","0","0","0","0","0","0","0",
"860Z200US12764","ZCTA5 12764","1717","1610","1496","48","3","33","0","30","107","97","13","19","6","0","51","0","1","0","3","0","0","1","0","2","1","10","1","1","0","3","0","0","1","1","1","1","0","0","0","0","0","1","0","0","0","0","0","0","0","0","0","0","0","0","0","0","0","0","0","0","0","0","0","0","0","0","0","0","0","0","0",
"860Z200US12765","ZCTA5 12765","789","757","727","14","3","7","0","6","32","30","4","6","5","0","14","0","0","0","1","0","0","0","0","0","0","2","1","0","0","0","0","0","0","1","0","0","0","0","0","0","0","0","0","0","0","0","0","0","0","0","0","0","0","0","0","0","0","0","0","0","0","0","0","0","0","0","0","0","0","0","0",
"860Z200US12766","ZCTA5 12766","458","428","398","5","5","9","0","11","30","30","1","4","6","0","19","0","0","0","0","0","0","0","0","0","0","0","0","0","0","0","0","0","0","0","0","0","0","0","0","0","0","0","0","0","0","0","0","0","0","0","0","0","0","0","0","0","0","0","0","0","0","0","0","0","0","0","0","0","0","0","0",
"860Z200US12767","ZCTA5 12767","61","55","54","0","0","0","1","0","6","6","0","0","1","0","5","0","0","0","0","0","0","0","0","0","0","0","0","0","0","0","0","0","0","0","0","0","0","0","0","0","0","0","0","0","0","0","0","0","0","0","0","0","0","0","0","0","0","0","0","0","0","0","0","0","0","0","0","0","0","0","0",
"860Z200US12768","ZCTA5 12768","958","873","776","23","6","11","1","56","85","76","10","21","7","0","30","1","0","2","1","0","0","4","0","0","0","9","6","1","0","0","2","0","0","0","0","0","0","0","0","0","0","0","0","0","0","0","0","0","0","0","0","0","0","0","0","0","0","0","0","0","0","0","0","0","0","0","0","0","0","0","0",
"860Z200US12769","ZCTA5 12769","135","130","113","13","0","4","0","0","5","5","0","0","2","0","2","0","1","0","0","0","0","0","0","0","0","0","0","0","0","0","0","0","0","0","0","0","0","0","0","0","0","0","0","0","0","0","0","0","0","0","0","0","0","0","0","0","0","0","0","0","0","0","0","0","0","0","0","0","0","0","0",
"860Z200US12770","ZCTA5 12770","176","165","159","0","0","1","0","5","11","9","0","0","0","0","9","0","0","0","0","0","0","0","0","0","0","2","0","0","0","0","0","0","2","0","0","0","0","0","0","0","0","0","0","0","0","0","0","0","0","0","0","0","0","0","0","0","0","0","0","0","0","0","0","0","0","0","0","0","0","0","0",
"860Z200US12771","ZCTA5 12771","14423","13043","10869","986","63","299","5","821","1380","1213","295","219","73","1","540","13","13","1","53","0","0","4","0","0","1","146","73","6","0","38","2","2","16","5","4","0","0","0","0","0","0","0","0","0","0","0","21","6","0","11","1","0","0","0","0","0","1","2","0","0","0","0","0","0","0","0","0","0","0","0","0",
"860Z200US12775","ZCTA5 12775","2467","2238","1757","197","8","100","0","176","229","217","24","21","18","0","138","2","0","2","12","0","0","0","0","0","0","10","3","0","0","3","0","0","2","1","0","0","0","0","0","0","0","1","0","0","0","0","2","0","0","2","0","0","0","0","0","0","0","0","0","0","0","0","0","0","0","0","0","0","0","0","0",
"860Z200US12776","ZCTA5 12776","1865","1691","1609","28","7","16","0","31","174","160","11","53","12","0","71","4","1","0","3","0","0","5","0","0","0","13","4","1","0","2","0","0","3","0","1","1","0","0","0","0","0","1","0","0","0","0","1","0","0","0","0","0","0","0","0","0","0","0","0","0","1","0","0","0","0","0","0","0","0","0","0",
"860Z200US12777","ZCTA5 12777","710","674","618","18","0","21","1","16","36","34","9","7","0","0","17","0","0","0","1","0","0","0","0","0","0","2","1","1","0","0","0","0","0","0","0","0","0","0","0","0","0","0","0","0","0","0","0","0","0","0","0","0","0","0","0","0","0","0","0","0","0","0","0","0","0","0","0","0","0","0","0",
"860Z200US12778","ZCTA5 12778","708","650","598","17","8","9","1","17","58","51","7","7","4","1","32","0","0","0","0","0","0","0","0","0","0","7","0","0","0","3","0","0","1","0","0","0","0","0","1","0","2","0","0","0","0","0","0","0","0","0","0","0","0","0","0","0","0","0","0","0","0","0","0","0","0","0","0","0","0","0","0",
"860Z200US12779","ZCTA5 12779","2665","2199","954","360","22","43","2","818","466","452","33","11","13","0","370","4","2","0","13","0","0","5","0","1","0","14","6","1","0","3","1","0","2","0","0","0","0","0","0","0","1","0","0","0","0","0","0","0","0","0","0","0","0","0","0","0","0","0","0","0","0","0","0","0","0","0","0","0","0","0","0",
"860Z200US12780","ZCTA5 12780","2218","2008","1836","77","4","27","0","64","210","202","34","55","13","0","84","2","1","0","8","0","1","0","0","3","1","7","5","0","0","0","0","0","1","0","0","0","0","0","0","0","1","0","0","0","0","0","0","0","0","0","0","0","0","0","0","0","0","0","0","0","0","0","1","1","0","0","0","0","0","0","0",
"860Z200US12781","ZCTA5 12781","106","104","94","3","0","7","0","0","2","2","0","1","0","0","1","0","0","0","0","0","0","0","0","0","0","0","0","0","0","0","0","0","0","0","0","0","0","0","0","0","0","0","0","0","0","0","0","0","0","0","0","0","0","0","0","0","0","0","0","0","0","0","0","0","0","0","0","0","0","0","0",
"860Z200US12783","ZCTA5 12783","1388","1231","1035","65","8","27","1","95","157","147","13","37","5","0","80","2","0","0","6","0","0","3","0","1","0","10","3","2","0","1","0","0","3","0","0","0","0","0","1","0","0","0","0","0","0","0","0","0","0","0","0","0","0","0","0","0","0","0","0","0","0","0","0","0","0","0","0","0","0","0","0",
"860Z200US12784","ZCTA5 12784","34","29","18","6","0","0","0","5","5","4","0","0","0","0","3","0","0","0","1","0","0","0","0","0","0","1","0","0","0","1","0","0","0","0","0","0","0","0","0","0","0","0","0","0","0","0","0","0","0","0","0","0","0","0","0","0","0","0","0","0","0","0","0","0","0","0","0","0","0","0","0",
"860Z200US12785","ZCTA5 12785","749","690","618","24","8","17","1","22","59","52","7","19","6","0","10","5","0","1","3","0","0","1","0","0","0","7","3","0","0","3","0","0","1","0","0","0","0","0","0","0","0","0","0","0","0","0","0","0","0","0","0","0","0","0","0","0","0","0","0","0","0","0","0","0","0","0","0","0","0","0","0",
"860Z200US12786","ZCTA5 12786","711","655","584","17","1","11","1","41","56","48","6","3","2","0","31","0","0","0","0","0","0","5","1","0","0","8","3","0","0","2","0","0","2","0","0","0","0","0","0","0","1","0","0","0","0","0","0","0","0","0","0","0","0","0","0","0","0","0","0","0","0","0","0","0","0","0","0","0","0","0","0",
"860Z200US12787","ZCTA5 12787","259","238","219","4","4","0","0","11","21","20","11","2","0","0","7","0","0","0","0","0","0","0","0","0","0","1","0","0","0","0","0","0","1","0","0","0","0","0","0","0","0","0","0","0","0","0","0","0","0","0","0","0","0","0","0","0","0","0","0","0","0","0","0","0","0","0","0","0","0","0","0",
"860Z200US12788","ZCTA5 12788","3596","3381","2258","732","23","53","0","315","215","198","31","50","17","0","82","0","0","0","17","0","0","0","0","1","0","15","3","0","0","3","4","0","3","2","0","0","0","0","0","0","0","0","0","0","0","0","2","0","0","1","0","0","0","1","0","0","0","0","0","0","0","0","0","0","0","0","0","0","0","0","0",
"860Z200US12789","ZCTA5 12789","1930","1704","1255","200","3","35","3","208","226","205","57","22","8","0","95","4","1","0","16","0","0","2","0","0","0","15","5","2","0","2","0","0","6","0","0","0","0","0","0","0","0","0","0","0","0","0","5","2","3","0","0","0","0","0","0","0","0","0","0","0","0","0","1","0","0","0","0","1","0","0","0",
"860Z200US12790","ZCTA5 12790","4817","4254","3777","198","14","96","1","168","563","532","83","104","27","0","271","9","7","0","28","0","0","2","0","0","1","30","5","1","0","11","1","0","7","0","0","2","0","0","1","0","0","0","1","0","0","1","1","0","0","0","0","0","0","0","0","0","0","0","0","0","1","0","0","0","0","0","0","0","0","0","0",
"860Z200US12791","ZCTA5 12791","547","518","479","4","1","15","0","19","29","29","1","11","6","0","8","2","1","0","0","0","0","0","0","0","0","0","0","0","0","0","0","0","0","0","0","0","0","0","0","0","0","0","0","0","0","0","0","0","0","0","0","0","0","0","0","0","0","0","0","0","0","0","0","0","0","0","0","0","0","0","0",
"860Z200US12792","ZCTA5 12792","311","287","266","13","1","3","0","4","24","23","4","7","3","0","8","1","0","0","0","0","0","0","0","0","0","1","0","0","0","1","0","0","0","0","0","0","0","0","0","0","0","0","0","0","0","0","0","0","0","0","0","0","0","0","0","0","0","0","0","0","0","0","0","0","0","0","0","0","0","0","0",
"860Z200US12801","ZCTA5 12801","14850","13880","13177","334","45","179","0","145","970","914","205","304","64","1","323","10","0","0","4","0","0","1","1","0","1","49","9","1","0","20","9","0","2","1","2","0","0","0","2","0","2","1","0","0","0","0","5","0","0","1","1","0","1","2","0","0","0","0","0","0","0","0","0","0","0","0","0","0","0","2","2",
"860Z200US12803","ZCTA5 12803","8990","8436","8188","101","15","68","3","61","554","529","83","203","21","3","208","3","3","0","4","0","0","0","1","0","0","21","14","0","1","2","0","0","3","1","0","0","0","0","0","0","0","0","0","0","0","0","3","0","0","2","0","0","0","0","0","1","0","0","0","0","0","0","1","0","1","0","0","0","0","0","0",
"860Z200US12804","ZCTA5 12804","27790","26324","25275","325","76","423","1","224","1466","1414","212","412","114","1","642","4","0","0","21","0","0","7","0","1","0","49","4","4","0","16","4","0","3","11","0","2","0","0","3","0","0","2","0","0","0","0","2","0","0","1","0","0","1","0","0","0","0","0","0","0","0","0","0","0","0","0","0","0","0","1","1",
"860Z200US12808","ZCTA5 12808","343","334","327","2","0","3","0","2","9","8","2","4","1","0","0","0","0","0","0","0","0","0","1","0","0","1","0","0","0","1","0","0","0","0","0","0","0","0","0","0","0","0","0","0","0","0","0","0","0","0","0","0","0","0","0","0","0","0","0","0","0","0","0","0","0","0","0","0","0","0","0",
"860Z200US12809","ZCTA5 12809","3426","3218","3176","16","3","1","1","21","208","200","8","110","4","0","77","0","1","0","0","0","0","0","0","0","0","5","4","0","0","0","0","1","0","0","0","0","0","0","0","0","0","0","0","0","0","0","2","0","0","0","0","1","0","1","0","0","0","0","0","0","0","0","1","0","0","0","0","1","0","0","0",
"860Z200US12810","ZCTA5 12810","556","536","529","4","0","1","0","2","20","18","0","8","1","0","9","0","0","0","0","0","0","0","0","0","0","2","0","0","0","0","2","0","0","0","0","0","0","0","0","0","0","0","0","0","0","0","0","0","0","0","0","0","0","0","0","0","0","0","0","0","0","0","0","0","0","0","0","0","0","0","0",
"860Z200US12811","ZCTA5 12811","209","201","200","0","0","1","0","0","8","8","0","2","0","0","6","0","0","0","0","0","0","0","0","0","0","0","0","0","0","0","0","0","0","0","0","0","0","0","0","0","0","0","0","0","0","0","0","0","0","0","0","0","0","0","0","0","0","0","0","0","0","0","0","0","0","0","0","0","0","0","0",
"860Z200US12812","ZCTA5 12812","173","165","164","1","0","0","0","0","8","6","0","0","0","0","6","0","0","0","0","0","0","0","0","0","0","1","0","0","0","0","0","0","0","0","1","0","0","0","0","0","0","0","0","0","0","0","1","0","0","1","0","0","0","0","0","0","0","0","0","0","0","0","0","0","0","0","0","0","0","0","0",
"860Z200US12814","ZCTA5 12814","1348","1279","1255","15","0","4","0","5","69","66","2","25","3","0","36","0","0","0","0","0","0","0","0","0","0","3","0","1","0","0","0","0","0","0","0","1","0","0","0","1","0","0","0","0","0","0","0","0","0","0","0","0","0","0","0","0","0","0","0","0","0","0","0","0","0","0","0","0","0","0","0",
"860Z200US12815","ZCTA5 12815","938","896","884","4","1","5","0","2","42","42","1","12","6","0","23","0","0","0","0","0","0","0","0","0","0","0","0","0","0","0","0","0","0","0","0","0","0","0","0","0","0","0","0","0","0","0","0","0","0","0","0","0","0","0","0","0","0","0","0","0","0","0","0","0","0","0","0","0","0","0","0",
"860Z200US12816","ZCTA5 12816","4366","4166","4063","33","4","34","2","30","200","184","18","63","10","3","81","3","0","1","2","1","0","0","1","0","1","13","5","0","0","0","1","0","0","2","2","0","0","0","1","0","0","0","0","0","0","2","3","0","0","0","1","0","0","2","0","0","0","0","0","0","0","0","0","0","0","0","0","0","0","0","0",
"860Z200US12817","ZCTA5 12817","2142","2062","2011","9","7","9","0","26","80","78","7","28","3","0","40","0","0","0","0","0","0","0","0","0","0","1","0","0","0","1","0","0","0","0","0","0","0","0","0","0","0","0","0","0","0","0","1","0","0","0","0","0","0","0","0","0","0","0","1","0","0","0","0","0","0","0","0","0","0","0","0",
"860Z200US12819","ZCTA5 12819","297","282","282","0","0","0","0","0","15","15","0","12","0","0","2","0","0","0","1","0","0","0","0","0","0","0","0","0","0","0","0","0","0","0","0","0","0","0","0","0","0","0","0","0","0","0","0","0","0","0","0","0","0","0","0","0","0","0","0","0","0","0","0","0","0","0","0","0","0","0","0",
"860Z200US12820","ZCTA5 12820","21","21","21","0","0","0","0","0","0","0","0","0","0","0","0","0","0","0","0","0","0","0","0","0","0","0","0","0","0","0","0","0","0","0","0","0","0","0","0","0","0","0","0","0","0","0","0","0","0","0","0","0","0","0","0","0","0","0","0","0","0","0","0","0","0","0","0","0","0","0","0",
"860Z200US12821","ZCTA5 12821","2447","2428","898","1295","31","17","0","187","19","17","7","2","3","0","4","0","0","0","0","1","0","0","0","0","0","0","0","0","0","0","0","0","0","0","0","0","0","0","0","0","0","0","0","0","0","0","2","0","0","0","0","2","0","0","0","0","0","0","0","0","0","0","0","0","0","0","0","0","0","0","0",
"860Z200US12822","ZCTA5 12822","6282","5925","5824","23","13","15","3","47","357","344","36","153","19","1","131","0","1","0","1","0","0","0","0","2","0","12","1","2","0","3","3","1","1","1","0","0","0","0","0","0","0","0","0","0","0","0","1","0","1","0","0","0","0","0","0","0","0","0","0","0","0","0","0","0","0","0","0","0","0","0","0",
"860Z200US12823","ZCTA5 12823","243","231","231","0","0","0","0","0","12","12","6","3","0","0","3","0","0","0","0","0","0","0","0","0","0","0","0","0","0","0","0","0","0","0","0","0","0","0","0","0","0","0","0","0","0","0","0","0","0","0","0","0","0","0","0","0","0","0","0","0","0","0","0","0","0","0","0","0","0","0","0",
"860Z200US12824","ZCTA5 12824","801","766","749","9","1","5","0","2","35","32","5","10","0","1","13","2","0","0","0","0","0","0","1","0","0","3","0","0","0","0","0","0","0","0","0","0","0","0","1","0","1","1","0","0","0","0","0","0","0","0","0","0","0","0","0","0","0","0","0","0","0","0","0","0","0","0","0","0","0","0","0",
"860Z200US12827","ZCTA5 12827","3878","3676","3605","15","8","8","0","40","202","192","17","89","10","0","73","1","0","0","1","0","0","1","0","0","0","8","2","0","0","0","3","0","3","0","0","0","0","0","0","0","0","0","0","0","0","0","2","0","0","0","0","1","0","0","0","0","1","0","0","0","0","0","0","0","0","0","0","0","0","0","0",
"860Z200US12828","ZCTA5 12828","9442","8897","8691","57","32","41","6","70","545","516","50","213","7","0","231","1","5","1","6","1","0","0","1","0","0","26","7","1","0","10","2","0","5","0","0","0","0","0","1","0","0","0","0","0","0","0","3","0","0","0","0","0","0","0","1","0","1","0","0","0","1","0","0","0","0","0","0","0","0","0","0",
"860Z200US12831","ZCTA5 12831","17483","16412","15751","183","43","264","2","169","1071","1035","115","327","88","0","474","5","1","1","18","0","1","0","0","5","0","26","8","3","0","4","0","0","8","0","1","0","0","0","2","0","0","0","0","0","0","0","10","1","0","8","0","0","0","0","1","0","0","0","0","0","0","0","0","0","0","0","0","0","0","0","0",
"860Z200US12832","ZCTA5 12832","6559","6261","6150","31","19","36","2","23","298","290","43","142","11","2","84","1","0","1","5","0","0","0","1","0","0","7","3","0","0","0","0","0","1","2","1","0","0","0","0","0","0","0","0","0","0","0","0","0","0","0","0","0","0","0","0","0","0","0","0","0","0","0","1","0","0","0","0","1","0","0","0",
"860Z200US12833","ZCTA5 12833","4686","4351","4230","44","12","20","2","43","335","314","23","101","35","3","146","1","0","0","3","0","0","1","0","1","0","14","0","0","0","6","3","0","1","2","1","0","0","0","0","0","0","0","0","1","0","0","7","5","1","0","0","1","0","0","0","0","0","0","0","0","0","0","0","0","0","0","0","0","0","0","0",
"860Z200US12834","ZCTA5 12834","6396","6058","5906","30","13","32","6","71","338","328","21","130","28","1","133","0","5","3","2","0","0","0","0","1","4","5","1","0","0","0","0","0","2","1","0","0","0","0","1","0","0","0","0","0","0","0","5","0","0","0","2","2","0","0","0","1","0","0","0","0","0","0","0","0","0","0","0","0","0","0","0",
"860Z200US12835","ZCTA5 12835","2575","2443","2404","8","10","8","0","13","132","123","9","42","9","1","59","0","0","0","1","0","1","0","1","0","0","8","3","0","0","1","0","0","0","2","0","0","0","0","0","0","0","0","0","2","0","0","1","1","0","0","0","0","0","0","0","0","0","0","0","0","0","0","0","0","0","0","0","0","0","0","0",
"860Z200US12836","ZCTA5 12836","528","506","504","0","1","1","0","0","22","22","1","5","1","0","15","0","0","0","0","0","0","0","0","0","0","0","0","0","0","0","0","0","0","0","0","0","0","0","0","0","0","0","0","0","0","0","0","0","0","0","0","0","0","0","0","0","0","0","0","0","0","0","0","0","0","0","0","0","0","0","0",
"860Z200US12837","ZCTA5 12837","746","727","723","1","1","0","0","2","19","19","3","9","0","0","7","0","0","0","0","0","0","0","0","0","0","0","0","0","0","0","0","0","0","0","0","0","0","0","0","0","0","0","0","0","0","0","0","0","0","0","0","0","0","0","0","0","0","0","0","0","0","0","0","0","0","0","0","0","0","0","0",
"860Z200US12838","ZCTA5 12838","560","536","528","2","1","3","0","2","24","22","1","8","0","0","12","0","0","0","1","0","0","0","0","0","0","2","1","0","0","0","0","0","0","1","0","0","0","0","0","0","0","0","0","0","0","0","0","0","0","0","0","0","0","0","0","0","0","0","0","0","0","0","0","0","0","0","0","0","0","0","0",
"860Z200US12839","ZCTA5 12839","13618","12698","12218","208","35","112","6","119","920","884","162","276","45","7","385","0","0","3","0","3","0","0","2","0","1","27","12","0","0","7","0","1","3","2","2","0","0","0","0","0","0","0","0","0","0","0","7","0","0","0","0","2","0","3","0","1","1","0","0","0","0","0","2","2","0","0","0","0","0","0","0",
"860Z200US12841","ZCTA5 12841","81","79","79","0","0","0","0","0","2","2","0","0","0","0","2","0","0","0","0","0","0","0","0","0","0","0","0","0","0","0","0","0","0","0","0","0","0","0","0","0","0","0","0","0","0","0","0","0","0","0","0","0","0","0","0","0","0","0","0","0","0","0","0","0","0","0","0","0","0","0","0",
"860Z200US12842","ZCTA5 12842","1154","1097","1074","11","5","0","0","7","57","48","7","18","0","0","23","0","0","0","0","0","0","0","0","0","0","6","0","2","0","1","0","0","1","0","0","0","0","0","0","0","0","0","0","0","0","2","3","0","0","1","2","0","0","0","0","0","0","0","0","0","0","0","0","0","0","0","0","0","0","0","0",
"860Z200US12843","ZCTA5 12843","542","519","510","3","1","5","0","0","23","22","2","12","4","0","4","0","0","0","0","0","0","0","0","0","0","1","0","0","0","0","0","0","0","0","0","0","0","0","1","0","0","0","0","0","0","0","0","0","0","0","0","0","0","0","0","0","0","0","0","0","0","0","0","0","0","0","0","0","0","0","0",
"860Z200US12844","ZCTA5 12844","303","283","273","6","0","2","0","2","20","19","0","13","0","0","6","0","0","0","0","0","0","0","0","0","0","1","1","0","0","0","0","0","0","0","0","0","0","0","0","0","0","0","0","0","0","0","0","0","0","0","0","0","0","0","0","0","0","0","0","0","0","0","0","0","0","0","0","0","0","0","0",
"860Z200US12845","ZCTA5 12845","4873","4659","4497","57","7","55","0","43","214","199","11","70","21","0","90","2","0","0","1","0","0","0","3","0","1","14","3","1","0","2","2","0","2","1","0","0","0","0","2","0","1","0","0","0","0","0","1","0","0","0","0","0","0","1","0","0","0","0","0","0","0","0","0","0","0","0","0","0","0","0","0",
"860Z200US12846","ZCTA5 12846","3008","2820","2785","3","5","16","0","11","188","185","11","80","13","1","78","0","0","0","1","0","0","0","0","0","1","2","0","0","0","2","0","0","0","0","0","0","0","0","0","0","0","0","0","0","0","0","1","0","0","0","0","0","0","1","0","0","0","0","0","0","0","0","0","0","0","0","0","0","0","0","0",
"860Z200US12847","ZCTA5 12847","692","654","641","3","0","0","1","9","38","36","5","21","2","0","6","0","0","0","0","0","0","0","0","2","0","2","0","0","0","0","0","0","0","0","0","0","0","0","0","0","2","0","0","0","0","0","0","0","0","0","0","0","0","0","0","0","0","0","0","0","0","0","0","0","0","0","0","0","0","0","0",
"860Z200US12849","ZCTA5 12849","421","405","398","4","0","2","0","1","16","15","0","9","0","0","6","0","0","0","0","0","0","0","0","0","0","1","1","0","0","0","0","0","0","0","0","0","0","0","0","0","0","0","0","0","0","0","0","0","0","0","0","0","0","0","0","0","0","0","0","0","0","0","0","0","0","0","0","0","0","0","0",
"860Z200US12850","ZCTA5 12850","2786","2610","2528","36","3","16","1","26","176","165","13","54","7","0","88","1","0","0","0","0","0","2","0","0","0","11","2","0","0","3","0","0","2","2","0","0","0","0","2","0","0","0","0","0","0","0","0","0","0","0","0","0","0","0","0","0","0","0","0","0","0","0","0","0","0","0","0","0","0","0","0",
"860Z200US12851","ZCTA5 12851","290","270","268","0","0","2","0","0","20","20","4","9","0","0","7","0","0","0","0","0","0","0","0","0","0","0","0","0","0","0","0","0","0","0","0","0","0","0","0","0","0","0","0","0","0","0","0","0","0","0","0","0","0","0","0","0","0","0","0","0","0","0","0","0","0","0","0","0","0","0","0",
"860Z200US12852","ZCTA5 12852","418","398","387","6","0","5","0","0","20","17","4","2","0","0","11","0","0","0","0","0","0","0","0","0","0","2","2","0","0","0","0","0","0","0","0","0","0","0","0","0","0","0","0","0","0","0","1","0","0","1","0","0","0","0","0","0","0","0","0","0","0","0","0","0","0","0","0","0","0","0","0",
"860Z200US12853","ZCTA5 12853","1489","1391","1362","6","10","9","0","4","98","93","8","35","9","0","41","0","0","0","0","0","0","0","0","0","0","5","0","1","0","2","0","0","0","0","0","0","0","0","0","1","0","1","0","0","0","0","0","0","0","0","0","0","0","0","0","0","0","0","0","0","0","0","0","0","0","0","0","0","0","0","0",
"860Z200US12854","ZCTA5 12854","44","41","40","0","0","0","0","1","3","3","0","1","0","0","2","0","0","0","0","0","0","0","0","0","0","0","0","0","0","0","0","0","0","0","0","0","0","0","0","0","0","0","0","0","0","0","0","0","0","0","0","0","0","0","0","0","0","0","0","0","0","0","0","0","0","0","0","0","0","0","0",
"860Z200US12855","ZCTA5 12855","230","223","219","0","0","4","0","0","7","7","2","0","1","0","4","0","0","0","0","0","0","0","0","0","0","0","0","0","0","0","0","0","0","0","0","0","0","0","0","0","0","0","0","0","0","0","0","0","0","0","0","0","0","0","0","0","0","0","0","0","0","0","0","0","0","0","0","0","0","0","0",
"860Z200US12856","ZCTA5 12856","220","216","204","2","5","2","0","3","4","4","0","1","0","0","3","0","0","0","0","0","0","0","0","0","0","0","0","0","0","0","0","0","0","0","0","0","0","0","0","0","0","0","0","0","0","0","0","0","0","0","0","0","0","0","0","0","0","0","0","0","0","0","0","0","0","0","0","0","0","0","0",
"860Z200US12857","ZCTA5 12857","571","538","533","0","0","2","0","3","33","33","0","22","0","2","9","0","0","0","0","0","0","0","0","0","0","0","0","0","0","0","0","0","0","0","0","0","0","0","0","0","0","0","0","0","0","0","0","0","0","0","0","0","0","0","0","0","0","0","0","0","0","0","0","0","0","0","0","0","0","0","0",
"860Z200US12858","ZCTA5 12858","123","116","110","0","3","1","0","2","7","7","0","2","0","0","4","0","0","0","0","0","0","1","0","0","0","0","0","0","0","0","0","0","0","0","0","0","0","0","0","0","0","0","0","0","0","0","0","0","0","0","0","0","0","0","0","0","0","0","0","0","0","0","0","0","0","0","0","0","0","0","0",
"860Z200US12859","ZCTA5 12859","2041","1932","1907","8","3","3","0","11","109","107","8","44","5","1","43","0","0","0","3","0","0","3","0","0","0","1","0","0","0","0","0","0","1","0","0","0","0","0","0","0","0","0","0","0","0","0","1","0","0","1","0","0","0","0","0","0","0","0","0","0","0","0","0","0","0","0","0","0","0","0","0",
"860Z200US12860","ZCTA5 12860","579","542","530","1","0","2","0","9","37","36","2","19","1","0","13","0","0","0","0","0","0","0","1","0","0","0","0","0","0","0","0","0","0","0","0","0","0","0","0","0","0","0","0","0","0","0","1","0","0","0","0","0","0","1","0","0","0","0","0","0","0","0","0","0","0","0","0","0","0","0","0",
"860Z200US12861","ZCTA5 12861","548","531","524","0","0","4","0","3","17","16","1","11","1","0","3","0","0","0","0","0","0","0","0","0","0","1","0","0","0","0","0","0","0","0","0","0","1","0","0","0","0","0","0","0","0","0","0","0","0","0","0","0","0","0","0","0","0","0","0","0","0","0","0","0","0","0","0","0","0","0","0",
"860Z200US12862","ZCTA5 12862","102","98","96","0","0","2","0","0","4","3","0","1","0","0","2","0","0","0","0","0","0","0","0","0","0","1","0","0","0","0","0","0","0","0","0","0","0","0","0","0","0","1","0","0","0","0","0","0","0","0","0","0","0","0","0","0","0","0","0","0","0","0","0","0","0","0","0","0","0","0","0",
"860Z200US12863","ZCTA5 12863","762","709","696","1","0","1","0","11","53","50","0","16","2","0","31","0","0","0","1","0","0","0","0","0","0","2","1","0","0","1","0","0","0","0","0","0","0","0","0","0","0","0","0","0","0","0","1","0","0","0","0","1","0","0","0","0","0","0","0","0","0","0","0","0","0","0","0","0","0","0","0",
"860Z200US12864","ZCTA5 12864","36","29","29","0","0","0","0","0","7","5","0","1","0","0","4","0","0","0","0","0","0","0","0","0","0","2","0","0","0","0","0","0","0","0","0","0","0","0","0","0","2","0","0","0","0","0","0","0","0","0","0","0","0","0","0","0","0","0","0","0","0","0","0","0","0","0","0","0","0","0","0",
"860Z200US12865","ZCTA5 12865","3394","3238","3145","18","17","13","0","45","156","151","14","67","4","0","64","0","0","0","2","0","0","0","0","0","0","5","0","0","0","2","0","0","1","0","0","0","0","0","1","0","0","0","0","0","0","1","0","0","0","0","0","0","0","0","0","0","0","0","0","0","0","0","0","0","0","0","0","0","0","0","0",
"860Z200US12866","ZCTA5 12866","40355","37959","35406","877","74","1028","15","559","2396","2284","305","396","381","22","1073","11","22","2","52","0","0","5","7","8","0","94","24","13","1","17","6","3","13","1","6","2","1","0","4","0","0","0","0","3","0","0","18","6","0","7","1","0","0","0","1","0","0","3","0","0","0","0","0","0","0","0","0","0","0","0","0",
"860Z200US12870","ZCTA5 12870","1652","1553","1521","5","1","18","0","8","99","93","10","32","2","1","41","0","0","0","2","0","0","2","2","1","0","6","0","0","0","0","3","1","2","0","0","0","0","0","0","0","0","0","0","0","0","0","0","0","0","0","0","0","0","0","0","0","0","0","0","0","0","0","0","0","0","0","0","0","0","0","0",
"860Z200US12871","ZCTA5 12871","3934","3706","3584","35","2","16","1","68","228","213","25","69","14","0","101","0","1","0","3","0","0","0","0","0","0","12","2","3","0","4","2","0","0","1","0","0","0","0","0","0","0","0","0","0","0","0","3","2","0","0","1","0","0","0","0","0","0","0","0","0","0","0","0","0","0","0","0","0","0","0","0",
"860Z200US12872","ZCTA5 12872","44","41","35","0","0","3","0","3","3","3","0","3","0","0","0","0","0","0","0","0","0","0","0","0","0","0","0","0","0","0","0","0","0","0","0","0","0","0","0","0","0","0","0","0","0","0","0","0","0","0","0","0","0","0","0","0","0","0","0","0","0","0","0","0","0","0","0","0","0","0","0",
"860Z200US12873","ZCTA5 12873","760","697","679","7","2","4","0","5","63","59","8","13","3","0","29","1","0","0","1","0","0","0","3","1","0","3","0","0","0","1","0","0","2","0","0","0","0","0","0","0","0","0","0","0","0","0","1","0","0","0","0","0","0","0","0","0","1","0","0","0","0","0","0","0","0","0","0","0","0","0","0",
"860Z200US12874","ZCTA5 12874","112","108","106","0","1","1","0","0","4","4","0","3","0","0","1","0","0","0","0","0","0","0","0","0","0","0","0","0","0","0","0","0","0","0","0","0","0","0","0","0","0","0","0","0","0","0","0","0","0","0","0","0","0","0","0","0","0","0","0","0","0","0","0","0","0","0","0","0","0","0","0",
"860Z200US12878","ZCTA5 12878","705","664","653","3","1","2","0","5","41","41","4","25","0","0","12","0","0","0","0","0","0","0","0","0","0","0","0","0","0","0","0","0","0","0","0","0","0","0","0","0","0","0","0","0","0","0","0","0","0","0","0","0","0","0","0","0","0","0","0","0","0","0","0","0","0","0","0","0","0","0","0",
"860Z200US12883","ZCTA5 12883","4808","4563","4446","15","13","40","2","47","245","231","13","115","7","2","92","0","0","0","1","0","0","0","0","1","0","14","7","0","0","5","0","1","0","0","0","0","1","0","0","0","0","0","0","0","0","0","0","0","0","0","0","0","0","0","0","0","0","0","0","0","0","0","0","0","0","0","0","0","0","0","0",
"860Z200US12884","ZCTA5 12884","541","509","502","2","0","1","2","2","32","31","1","12","3","0","15","0","0","0","0","0","0","0","0","0","0","1","0","1","0","0","0","0","0","0","0","0","0","0","0","0","0","0","0","0","0","0","0","0","0","0","0","0","0","0","0","0","0","0","0","0","0","0","0","0","0","0","0","0","0","0","0",
"860Z200US12885","ZCTA5 12885","4371","4107","4037","20","9","27","0","14","264","258","39","93","9","0","113","3","0","0","0","0","0","1","0","0","0","4","1","0","0","0","1","0","0","2","0","0","0","0","0","0","0","0","0","0","0","0","2","0","0","0","0","0","0","0","0","0","2","0","0","0","0","0","0","0","0","0","0","0","0","0","0",
"860Z200US12886","ZCTA5 12886","179","160","156","0","1","1","0","2","19","19","0","9","0","0","10","0","0","0","0","0","0","0","0","0","0","0","0","0","0","0","0","0","0","0","0","0","0","0","0","0","0","0","0","0","0","0","0","0","0","0","0","0","0","0","0","0","0","0","0","0","0","0","0","0","0","0","0","0","0","0","0",
"860Z200US12887","ZCTA5 12887","4966","4747","4643","19","17","18","0","50","219","214","20","107","0","0","86","0","0","0","1","0","0","0","0","0","0","5","1","0","0","0","0","0","1","0","0","0","0","0","2","0","0","0","0","0","0","1","0","0","0","0","0","0","0","0","0","0","0","0","0","0","0","0","0","0","0","0","0","0","0","0","0",
"860Z200US12901","ZCTA5 12901","32147","30155","27611","1236","106","640","16","546","1992","1885","402","553","152","11","643","15","11","0","53","3","1","10","10","16","5","98","33","14","4","16","4","2","13","4","2","0","0","0","0","2","2","0","0","2","0","0","9","1","0","4","0","3","0","0","1","0","0","0","0","0","0","0","0","0","0","0","0","0","0","0","0",
"860Z200US12903","ZCTA5 12903","1810","1715","1580","57","10","53","0","15","95","86","25","15","10","0","31","0","0","1","2","0","1","0","0","1","0","8","4","0","0","2","0","0","0","1","0","0","1","0","0","0","0","0","0","0","0","0","0","0","0","0","0","0","0","0","0","0","0","0","0","0","0","0","1","0","1","0","0","0","0","0","0",
"860Z200US12910","ZCTA5 12910","1985","1904","1661","192","7","8","1","35","81","78","10","39","4","2","23","0","0","0","0","0","0","0","0","0","0","3","0","0","0","0","0","2","1","0","0","0","0","0","0","0","0","0","0","0","0","0","0","0","0","0","0","0","0","0","0","0","0","0","0","0","0","0","0","0","0","0","0","0","0","0","0",
"860Z200US12911","ZCTA5 12911","35","30","29","0","1","0","0","0","5","5","0","3","0","0","2","0","0","0","0","0","0","0","0","0","0","0","0","0","0","0","0","0","0","0","0","0","0","0","0","0","0","0","0","0","0","0","0","0","0","0","0","0","0","0","0","0","0","0","0","0","0","0","0","0","0","0","0","0","0","0","0",
"860Z200US12912","ZCTA5 12912","1964","1855","1835","8","5","0","0","7","109","107","9","60","4","0","33","0","0","0","0","0","0","1","0","0","0","2","2","0","0","0","0","0","0","0","0","0","0","0","0","0","0","0","0","0","0","0","0","0","0","0","0","0","0","0","0","0","0","0","0","0","0","0","0","0","0","0","0","0","0","0","0",
"860Z200US12913","ZCTA5 12913","1035","977","961","4","5","0","0","7","58","57","4","22","0","0","31","0","0","0","0","0","0","0","0","0","0","0","0","0","0","0","0","0","0","0","0","0","0","0","0","0","0","0","0","0","0","0","0","0","0","0","0","0","0","0","0","0","0","0","0","0","0","0","1","0","0","0","0","0","1","0","0",
"860Z200US12914","ZCTA5 12914","888","847","737","5","99","1","0","5","41","39","0","21","1","1","14","2","0","0","0","0","0","0","0","0","0","1","0","0","0","1","0","0","0","0","0","0","0","0","0","0","0","0","0","0","0","0","1","1","0","0","0","0","0","0","0","0","0","0","0","0","0","0","0","0","0","0","0","0","0","0","0",
"860Z200US12915","ZCTA5 12915","41","39","38","1","0","0","0","0","2","2","0","2","0","0","0","0","0","0","0","0","0","0","0","0","0","0","0","0","0","0","0","0","0","0","0","0","0","0","0","0","0","0","0","0","0","0","0","0","0","0","0","0","0","0","0","0","0","0","0","0","0","0","0","0","0","0","0","0","0","0","0",
"860Z200US12916","ZCTA5 12916","2340","2249","2187","3","41","4","0","14","91","84","8","41","10","0","25","0","0","0","0","0","0","0","0","0","0","6","3","0","0","1","0","0","2","0","0","0","0","0","0","0","0","0","0","0","0","0","0","0","0","0","0","0","0","0","0","0","0","0","0","0","0","0","1","1","0","0","0","0","0","0","0",
"860Z200US12917","ZCTA5 12917","1430","1398","1379","3","5","4","0","7","32","30","1","17","0","1","11","0","0","0","0","0","0","0","0","0","0","1","0","0","0","0","0","0","0","0","0","0","0","0","0","1","0","0","0","0","0","0","1","0","0","0","0","0","0","0","0","0","0","0","0","0","0","1","0","0","0","0","0","0","0","0","0",
"860Z200US12918","ZCTA5 12918","2424","2315","2277","8","6","11","1","12","109","104","12","53","2","2","35","0","0","0","0","0","0","0","0","0","0","4","1","1","0","1","0","0","0","1","0","0","0","0","0","0","0","0","0","0","0","0","0","0","0","0","0","0","0","0","0","0","0","0","0","0","0","0","1","1","0","0","0","0","0","0","0",
"860Z200US12919","ZCTA5 12919","3011","2867","2783","24","21","24","0","15","144","135","9","77","8","1","39","0","0","0","1","0","0","0","0","0","0","8","2","1","0","2","0","0","1","0","0","0","0","0","0","1","0","1","0","0","0","0","0","0","0","0","0","0","0","0","0","0","0","0","0","0","0","0","1","0","1","0","0","0","0","0","0",
"860Z200US12920","ZCTA5 12920","2352","2288","2250","14","12","4","0","8","64","56","5","33","0","1","17","0","0","0","0","0","0","0","0","0","0","6","0","0","0","0","1","0","0","0","1","0","0","1","0","0","0","0","0","2","1","0","2","0","0","0","0","0","0","0","1","0","0","0","0","0","0","1","0","0","0","0","0","0","0","0","0",
"860Z200US12921","ZCTA5 12921","2270","2139","2085","27","9","17","0","1","131","127","6","40","13","1","61","0","0","0","0","1","0","5","0","0","0","2","0","1","0","1","0","0","0","0","0","0","0","0","0","0","0","0","0","0","0","0","1","0","0","0","0","1","0","0","0","0","0","0","0","0","0","0","1","0","1","0","0","0","0","0","0",
"860Z200US12922","ZCTA5 12922","68","66","66","0","0","0","0","0","2","2","0","0","1","0","1","0","0","0","0","0","0","0","0","0","0","0","0","0","0","0","0","0","0","0","0","0","0","0","0","0","0","0","0","0","0","0","0","0","0","0","0","0","0","0","0","0","0","0","0","0","0","0","0","0","0","0","0","0","0","0","0",
"860Z200US12923","ZCTA5 12923","523","501","497","0","0","1","0","3","22","20","2","11","2","0","5","0","0","0","0","0","0","0","0","0","0","1","0","0","0","0","0","0","0","0","1","0","0","0","0","0","0","0","0","0","0","0","1","0","1","0","0","0","0","0","0","0","0","0","0","0","0","0","0","0","0","0","0","0","0","0","0",
"860Z200US12924","ZCTA5 12924","148","145","140","4","0","0","0","1","3","2","1","0","0","0","1","0","0","0","0","0","0","0","0","0","0","0","0","0","0","0","0","0","0","0","0","0","0","0","0","0","0","0","0","0","0","0","1","0","0","0","0","0","0","1","0","0","0","0","0","0","0","0","0","0","0","0","0","0","0","0","0",
"860Z200US12926","ZCTA5 12926","2129","2051","2015","7","18","5","0","6","78","76","8","37","4","0","23","1","1","0","0","0","0","0","2","0","0","1","0","0","0","0","1","0","0","0","0","0","0","0","0","0","0","0","0","0","0","0","1","0","0","0","1","0","0","0","0","0","0","0","0","0","0","0","0","0","0","0","0","0","0","0","0",
"860Z200US12927","ZCTA5 12927","249","237","233","0","2","0","0","2","12","12","0","7","0","0","5","0","0","0","0","0","0","0","0","0","0","0","0","0","0","0","0","0","0","0","0","0","0","0","0","0","0","0","0","0","0","0","0","0","0","0","0","0","0","0","0","0","0","0","0","0","0","0","0","0","0","0","0","0","0","0","0",
"860Z200US12928","ZCTA5 12928","2030","1938","1918","4","3","5","0","8","92","88","0","37","7","1","41","0","0","0","0","0","0","0","0","2","0","3","3","0","0","0","0","0","0","0","0","0","0","0","0","0","0","0","0","0","0","0","1","0","0","0","0","0","0","0","1","0","0","0","0","0","0","0","0","0","0","0","0","0","0","0","0",
"860Z200US12929","ZCTA5 12929","3292","3235","1700","1276","38","18","0","203","57","55","8","30","0","0","16","0","0","0","0","0","0","0","1","0","0","1","1","0","0","0","0","0","0","0","0","0","0","0","0","0","0","0","0","0","0","0","1","0","0","1","0","0","0","0","0","0","0","0","0","0","0","0","0","0","0","0","0","0","0","0","0",
"860Z200US12930","ZCTA5 12930","707","680","675","2","2","0","0","1","27","24","2","13","0","0","9","0","0","0","0","0","0","0","0","0","0","1","0","0","0","1","0","0","0","0","0","0","0","0","0","0","0","0","0","0","0","0","2","0","0","0","0","0","0","0","0","0","0","2","0","0","0","0","0","0","0","0","0","0","0","0","0",
"860Z200US12932","ZCTA5 12932","1342","1271","1248","9","0","1","1","12","71","69","3","25","3","0","32","0","0","1","1","0","0","3","0","0","1","2","1","0","1","0","0","0","0","0","0","0","0","0","0","0","0","0","0","0","0","0","0","0","0","0","0","0","0","0","0","0","0","0","0","0","0","0","0","0","0","0","0","0","0","0","0",
"860Z200US12933","ZCTA5 12933","7","7","7","0","0","0","0","0","0","0","0","0","0","0","0","0","0","0","0","0","0","0","0","0","0","0","0","0","0","0","0","0","0","0","0","0","0","0","0","0","0","0","0","0","0","0","0","0","0","0","0","0","0","0","0","0","0","0","0","0","0","0","0","0","0","0","0","0","0","0","0",
"860Z200US12934","ZCTA5 12934","1106","1064","1055","1","0","2","0","6","42","42","6","18","3","0","14","0","0","0","0","0","0","0","0","1","0","0","0","0","0","0","0","0","0","0","0","0","0","0","0","0","0","0","0","0","0","0","0","0","0","0","0","0","0","0","0","0","0","0","0","0","0","0","0","0","0","0","0","0","0","0","0",
"860Z200US12935","ZCTA5 12935","1491","1411","1376","2","7","14","1","11","80","78","13","47","0","0","18","0","0","0","0","0","0","0","0","0","0","1","0","0","0","0","1","0","0","0","0","0","0","0","0","0","0","0","0","0","0","0","0","0","0","0","0","0","0","0","0","0","0","0","0","0","0","0","1","1","0","0","0","0","0","0","0",
"860Z200US12936","ZCTA5 12936","655","627","612","5","3","1","0","6","28","27","4","7","6","0","8","0","0","0","0","0","0","2","0","0","0","1","0","0","0","0","0","0","0","0","0","0","1","0","0","0","0","0","0","0","0","0","0","0","0","0","0","0","0","0","0","0","0","0","0","0","0","0","0","0","0","0","0","0","0","0","0",
"860Z200US12937","ZCTA5 12937","1406","1321","1126","3","186","3","0","3","85","84","4","66","3","0","10","1","0","0","0","0","0","0","0","0","0","1","0","0","0","0","1","0","0","0","0","0","0","0","0","0","0","0","0","0","0","0","0","0","0","0","0","0","0","0","0","0","0","0","0","0","0","0","0","0","0","0","0","0","0","0","0",
"860Z200US12939","ZCTA5 12939","244","221","221","0","0","0","0","0","23","23","0","4","0","0","19","0","0","0","0","0","0","0","0","0","0","0","0","0","0","0","0","0","0","0","0","0","0","0","0","0","0","0","0","0","0","0","0","0","0","0","0","0","0","0","0","0","0","0","0","0","0","0","0","0","0","0","0","0","0","0","0",
"860Z200US12941","ZCTA5 12941","1330","1240","1211","10","2","6","0","11","90","86","12","49","4","0","21","0","0","0","0","0","0","0","0","0","0","2","0","0","0","0","0","0","1","0","0","0","0","0","1","0","0","0","0","0","0","0","2","0","0","2","0","0","0","0","0","0","0","0","0","0","0","0","0","0","0","0","0","0","0","0","0",
"860Z200US12942","ZCTA5 12942","651","621","615","0","2","4","0","0","30","30","2","15","0","0","11","0","1","0","0","0","0","1","0","0","0","0","0","0","0","0","0","0","0","0","0","0","0","0","0","0","0","0","0","0","0","0","0","0","0","0","0","0","0","0","0","0","0","0","0","0","0","0","0","0","0","0","0","0","0","0","0",
"860Z200US12943","ZCTA5 12943","478","447","441","3","0","1","0","2","31","29","4","10","1","1","12","0","0","0","0","0","0","1","0","0","0","2","0","0","0","0","0","0","1","0","0","0","0","0","1","0","0","0","0","0","0","0","0","0","0","0","0","0","0","0","0","0","0","0","0","0","0","0","0","0","0","0","0","0","0","0","0",
"860Z200US12944","ZCTA5 12944","4088","3833","3727","50","11","27","0","18","255","235","21","125","9","1","77","0","0","0","2","0","0","0","0","0","0","16","12","1","0","0","0","0","0","0","2","0","1","0","0","0","0","0","0","0","0","0","4","0","0","0","0","0","0","3","0","0","0","0","0","0","0","1","0","0","0","0","0","0","0","0","0",
"860Z200US12945","ZCTA5 12945","531","496","478","1","2","6","0","9","35","35","3","10","7","0","15","0","0","0","0","0","0","0","0","0","0","0","0","0","0","0","0","0","0","0","0","0","0","0","0","0","0","0","0","0","0","0","0","0","0","0","0","0","0","0","0","0","0","0","0","0","0","0","0","0","0","0","0","0","0","0","0",
"860Z200US12946","ZCTA5 12946","5217","4940","4727","56","9","80","1","67","277","265","36","96","38","3","86","0","2","0","1","0","0","3","0","0","0","10","2","0","0","0","2","3","0","1","1","0","1","0","0","0","0","0","0","0","0","0","2","0","0","0","2","0","0","0","0","0","0","0","0","0","0","0","0","0","0","0","0","0","0","0","0",
"860Z200US12950","ZCTA5 12950","741","687","661","20","1","3","0","2","54","53","1","36","2","0","14","0","0","0","0","0","0","0","0","0","0","1","0","0","0","1","0","0","0","0","0","0","0","0","0","0","0","0","0","0","0","0","0","0","0","0","0","0","0","0","0","0","0","0","0","0","0","0","0","0","0","0","0","0","0","0","0",
"860Z200US12952","ZCTA5 12952","497","477","469","1","0","2","0","5","20","18","1","8","1","0","8","0","0","0","0","0","0","0","0","0","0","1","0","0","0","1","0","0","0","0","0","0","0","0","0","0","0","0","0","0","0","0","1","0","0","1","0","0","0","0","0","0","0","0","0","0","0","0","0","0","0","0","0","0","0","0","0",
"860Z200US12953","ZCTA5 12953","13731","13279","11075","1642","143","91","0","328","452","434","49","234","24","1","119","1","2","0","3","0","0","1","0","0","0","16","3","1","0","0","1","0","8","0","2","0","0","0","0","0","0","0","0","1","0","0","2","0","0","0","1","0","0","0","0","0","0","0","0","0","0","1","0","0","0","0","0","0","0","0","0",
"860Z200US12955","ZCTA5 12955","371","346","339","0","0","3","0","4","25","24","4","10","0","1","9","0","0","0","0","0","0","0","0","0","0","0","0","0","0","0","0","0","0","0","0","0","0","0","0","0","0","0","0","0","0","0","1","0","0","0","0","1","0","0","0","0","0","0","0","0","0","0","0","0","0","0","0","0","0","0","0",
"860Z200US12956","ZCTA5 12956","1350","1300","1192","74","5","4","0","25","50","49","0","30","3","0","16","0","0","0","0","0","0","0","0","0","0","1","0","0","0","0","1","0","0","0","0","0","0","0","0","0","0","0","0","0","0","0","0","0","0","0","0","0","0","0","0","0","0","0","0","0","0","0","0","0","0","0","0","0","0","0","0",
"860Z200US12957","ZCTA5 12957","1663","1601","1579","3","12","3","0","4","62","60","5","31","3","0","21","0","0","0","0","0","0","0","0","0","0","2","1","1","0","0","0","0","0","0","0","0","0","0","0","0","0","0","0","0","0","0","0","0","0","0","0","0","0","0","0","0","0","0","0","0","0","0","0","0","0","0","0","0","0","0","0",
"860Z200US12958","ZCTA5 12958","1866","1774","1739","3","17","8","0","7","92","89","10","47","5","2","23","0","0","0","0","1","0","0","1","0","0","3","0","0","1","2","0","0","0","0","0","0","0","0","0","0","0","0","0","0","0","0","0","0","0","0","0","0","0","0","0","0","0","0","0","0","0","0","0","0","0","0","0","0","0","0","0",
"860Z200US12959","ZCTA5 12959","1382","1317","1303","2","4","4","1","3","65","63","3","36","1","1","21","0","1","0","0","0","0","0","0","0","0","2","0","0","0","0","1","0","1","0","0","0","0","0","0","0","0","0","0","0","0","0","0","0","0","0","0","0","0","0","0","0","0","0","0","0","0","0","0","0","0","0","0","0","0","0","0",
"860Z200US12960","ZCTA5 12960","1009","967","951","12","0","1","0","3","42","38","4","15","2","0","17","0","0","0","0","0","0","0","0","0","0","1","0","0","0","0","0","0","0","0","0","0","1","0","0","0","0","0","0","0","0","0","0","0","0","0","0","0","0","0","0","0","0","0","0","0","0","0","3","2","1","0","0","0","0","0","0",
"860Z200US12961","ZCTA5 12961","148","140","134","2","0","2","0","2","8","8","0","4","2","0","2","0","0","0","0","0","0","0","0","0","0","0","0","0","0","0","0","0","0","0","0","0","0","0","0","0","0","0","0","0","0","0","0","0","0","0","0","0","0","0","0","0","0","0","0","0","0","0","0","0","0","0","0","0","0","0","0",
"860Z200US12962","ZCTA5 12962","5463","5197","5094","30","7","44","0","22","266","259","34","115","14","1","93","0","0","0","1","1","0","0","0","0","0","6","3","0","0","2","0","0","0","0","1","0","0","0","0","0","0","0","0","0","0","0","1","0","1","0","0","0","0","0","0","0","0","0","0","0","0","0","0","0","0","0","0","0","0","0","0",
"860Z200US12964","ZCTA5 12964","170","156","156","0","0","0","0","0","14","14","2","1","0","0","11","0","0","0","0","0","0","0","0","0","0","0","0","0","0","0","0","0","0","0","0","0","0","0","0","0","0","0","0","0","0","0","0","0","0","0","0","0","0","0","0","0","0","0","0","0","0","0","0","0","0","0","0","0","0","0","0",
"860Z200US12965","ZCTA5 12965","548","534","520","1","5","0","0","8","14","14","2","3","5","0","1","0","0","0","2","0","0","1","0","0","0","0","0","0","0","0","0","0","0","0","0","0","0","0","0","0","0","0","0","0","0","0","0","0","0","0","0","0","0","0","0","0","0","0","0","0","0","0","0","0","0","0","0","0","0","0","0",
"860Z200US12966","ZCTA5 12966","2848","2751","2700","7","16","14","0","14","97","95","7","62","5","0","21","0","0","0","0","0","0","0","0","0","0","1","1","0","0","0","0","0","0","0","0","0","0","0","0","0","0","0","0","0","0","0","0","0","0","0","0","0","0","0","0","0","0","0","0","0","0","0","1","1","0","0","0","0","0","0","0",
"860Z200US12967","ZCTA5 12967","1145","1113","1088","6","13","1","0","5","32","30","4","11","1","0","12","0","0","0","0","1","0","1","0","0","0","2","0","0","0","0","0","0","0","0","1","0","0","0","0","0","0","0","0","0","0","1","0","0","0","0","0","0","0","0","0","0","0","0","0","0","0","0","0","0","0","0","0","0","0","0","0",
"860Z200US12969","ZCTA5 12969","413","389","384","1","3","0","0","1","24","17","1","7","2","0","6","0","0","0","1","0","0","0","0","0","0","5","0","0","0","0","2","0","1","0","0","0","0","0","0","0","0","0","0","2","0","0","2","0","0","0","0","0","0","0","2","0","0","0","0","0","0","0","0","0","0","0","0","0","0","0","0",
"860Z200US12970","ZCTA5 12970","682","648","601","24","1","8","0","14","34","30","0","3","4","1","12","0","0","0","1","1","0","0","0","8","0","4","0","0","0","3","1","0","0","0","0","0","0","0","0","0","0","0","0","0","0","0","0","0","0","0","0","0","0","0","0","0","0","0","0","0","0","0","0","0","0","0","0","0","0","0","0",
"860Z200US12972","ZCTA5 12972","6212","5821","5607","91","14","62","0","47","391","371","33","146","33","4","136","2","1","0","6","0","1","2","2","5","0","15","6","4","0","1","0","0","3","1","0","0","0","0","0","0","0","0","0","0","0","0","3","0","0","0","0","0","0","3","0","0","0","0","0","0","0","0","2","2","0","0","0","0","0","0","0",
"860Z200US12973","ZCTA5 12973","131","129","128","0","0","1","0","0","2","2","0","0","0","0","2","0","0","0","0","0","0","0","0","0","0","0","0","0","0","0","0","0","0","0","0","0","0","0","0","0","0","0","0","0","0","0","0","0","0","0","0","0","0","0","0","0","0","0","0","0","0","0","0","0","0","0","0","0","0","0","0",
"860Z200US12974","ZCTA5 12974","1537","1446","1417","3","3","12","2","9","91","83","2","32","4","2","42","0","0","0","0","0","0","0","0","1","0","7","1","0","0","2","1","0","0","0","0","1","2","0","0","0","0","0","0","0","0","0","0","0","0","0","0","0","0","0","0","0","0","0","0","0","0","0","1","0","1","0","0","0","0","0","0",
"860Z200US12975","ZCTA5 12975","292","277","272","4","0","1","0","0","15","15","4","8","0","0","3","0","0","0","0","0","0","0","0","0","0","0","0","0","0","0","0","0","0","0","0","0","0","0","0","0","0","0","0","0","0","0","0","0","0","0","0","0","0","0","0","0","0","0","0","0","0","0","0","0","0","0","0","0","0","0","0",
"860Z200US12976","ZCTA5 12976","215","202","199","2","0","0","0","1","13","13","2","4","4","0","3","0","0","0","0","0","0","0","0","0","0","0","0","0","0","0","0","0","0","0","0","0","0","0","0","0","0","0","0","0","0","0","0","0","0","0","0","0","0","0","0","0","0","0","0","0","0","0","0","0","0","0","0","0","0","0","0",
"860Z200US12977","ZCTA5 12977","693","688","336","344","0","8","0","0","5","5","2","0","2","0","0","0","1","0","0","0","0","0","0","0","0","0","0","0","0","0","0","0","0","0","0","0","0","0","0","0","0","0","0","0","0","0","0","0","0","0","0","0","0","0","0","0","0","0","0","0","0","0","0","0","0","0","0","0","0","0","0",
"860Z200US12978","ZCTA5 12978","323","291","286","0","1","1","0","3","32","32","0","25","0","0","7","0","0","0","0","0","0","0","0","0","0","0","0","0","0","0","0","0","0","0","0","0","0","0","0","0","0","0","0","0","0","0","0","0","0","0","0","0","0","0","0","0","0","0","0","0","0","0","0","0","0","0","0","0","0","0","0",
"860Z200US12979","ZCTA5 12979","2321","2219","2166","22","10","7","3","11","102","100","5","52","5","0","34","0","0","0","2","1","0","1","0","0","0","2","1","0","0","1","0","0","0","0","0","0","0","0","0","0","0","0","0","0","0","0","0","0","0","0","0","0","0","0","0","0","0","0","0","0","0","0","0","0","0","0","0","0","0","0","0",
"860Z200US12980","ZCTA5 12980","1292","1204","1175","7","14","0","0","8","88","82","14","38","2","0","27","1","0","0","0","0","0","0","0","0","0","4","0","0","0","0","1","0","1","0","1","0","1","0","0","0","0","0","0","0","0","0","2","0","0","0","1","0","0","0","0","0","0","0","0","1","0","0","0","0","0","0","0","0","0","0","0",
"860Z200US12981","ZCTA5 12981","2215","2108","2074","9","5","11","0","9","107","104","13","62","4","0","25","0","0","0","0","0","0","0","0","0","0","1","1","0","0","0","0","0","0","0","0","0","0","0","0","0","0","0","0","0","0","0","2","2","0","0","0","0","0","0","0","0","0","0","0","0","0","0","0","0","0","0","0","0","0","0","0",
"860Z200US12983","ZCTA5 12983","7073","6617","6407","87","24","45","0","54","456","434","44","158","44","1","176","0","1","8","1","0","0","0","1","0","0","18","6","0","0","0","0","0","3","0","2","0","6","0","0","0","0","0","0","1","0","0","3","0","0","2","0","0","0","0","0","0","0","1","0","0","0","0","1","1","0","0","0","0","0","0","0",
"860Z200US12985","ZCTA5 12985","1079","1004","982","8","1","6","1","6","75","74","5","56","0","0","12","0","0","0","0","0","0","0","0","1","0","1","0","0","0","1","0","0","0","0","0","0","0","0","0","0","0","0","0","0","0","0","0","0","0","0","0","0","0","0","0","0","0","0","0","0","0","0","0","0","0","0","0","0","0","0","0",
"860Z200US12986","ZCTA5 12986","5363","5181","5034","71","38","12","0","26","182","174","19","84","1","0","68","0","0","0","2","0","0","0","0","0","0","6","2","2","0","0","0","0","1","0","0","0","1","0","0","0","0","0","0","0","0","0","2","0","0","0","0","0","0","0","0","0","0","0","0","0","0","2","0","0","0","0","0","0","0","0","0",
"860Z200US12987","ZCTA5 12987","296","288","282","4","0","0","0","2","8","8","0","2","1","0","5","0","0","0","0","0","0","0","0","0","0","0","0","0","0","0","0","0","0","0","0","0","0","0","0","0","0","0","0","0","0","0","0","0","0","0","0","0","0","0","0","0","0","0","0","0","0","0","0","0","0","0","0","0","0","0","0",
"860Z200US12989","ZCTA5 12989","947","908","897","3","2","2","0","4","39","39","3","9","2","0","24","0","0","1","0","0","0","0","0","0","0","0","0","0","0","0","0","0","0","0","0","0","0","0","0","0","0","0","0","0","0","0","0","0","0","0","0","0","0","0","0","0","0","0","0","0","0","0","0","0","0","0","0","0","0","0","0",
"860Z200US12992","ZCTA5 12992","4796","4563","4458","42","11","17","2","33","233","223","33","98","17","2","68","0","0","0","1","1","0","1","1","1","0","10","0","4","0","0","1","3","1","0","0","0","0","0","0","0","0","0","0","1","0","0","0","0","0","0","0","0","0","0","0","0","0","0","0","0","0","0","0","0","0","0","0","0","0","0","0",
"860Z200US12993","ZCTA5 12993","1657","1559","1512","15","2","0","5","25","98","89","9","48","5","0","24","0","0","0","2","0","0","0","0","0","1","7","0","0","1","0","0","3","0","0","2","0","1","0","0","0","0","0","0","0","0","0","1","0","0","0","1","0","0","0","0","0","0","0","0","0","0","0","1","0","0","0","1","0","0","0","0",
"860Z200US12996","ZCTA5 12996","1879","1821","1798","6","9","7","1","0","58","56","9","23","8","1","11","0","0","0","2","0","0","0","1","1","0","2","1","0","0","0","0","0","0","0","1","0","0","0","0","0","0","0","0","0","0","0","0","0","0","0","0","0","0","0","0","0","0","0","0","0","0","0","0","0","0","0","0","0","0","0","0",
"860Z200US12997","ZCTA5 12997","1139","1093","1076","2","2","2","0","11","46","42","7","11","2","0","20","0","2","0","0","0","0","0","0","0","0","3","0","0","0","1","0","0","0","0","2","0","0","0","0","0","0","0","0","0","0","0","1","0","0","1","0","0","0","0","0","0","0","0","0","0","0","0","0","0","0","0","0","0","0","0","0",
"860Z200US12998","ZCTA5 12998","569","523","508","3","0","0","0","12","46","46","3","22","0","0","21","0","0","0","0","0","0","0","0","0","0","0","0","0","0","0","0","0","0","0","0","0","0","0","0","0","0","0","0","0","0","0","0","0","0","0","0","0","0","0","0","0","0","0","0","0","0","0","0","0","0","0","0","0","0","0","0",
"860Z200US13020","ZCTA5 13020","149","142","142","0","0","0","0","0","7","7","0","3","0","1","3","0","0","0","0","0","0","0","0","0","0","0","0","0","0","0","0","0","0","0","0","0","0","0","0","0","0","0","0","0","0","0","0","0","0","0","0","0","0","0","0","0","0","0","0","0","0","0","0","0","0","0","0","0","0","0","0",
"860Z200US13021","ZCTA5 13021","38479","35928","33587","1523","138","267","19","394","2551","2411","917","511","96","33","733","38","8","0","54","2","1","10","1","4","3","126","57","5","0","28","1","0","18","3","2","1","0","0","1","1","5","0","0","0","0","4","14","7","0","5","0","0","0","0","2","0","0","0","0","0","0","0","0","0","0","0","0","0","0","0","0",
"860Z200US13024","ZCTA5 13024","1122","1122","310","708","22","1","0","81","0","0","0","0","0","0","0","0","0","0","0","0","0","0","0","0","0","0","0","0","0","0","0","0","0","0","0","0","0","0","0","0","0","0","0","0","0","0","0","0","0","0","0","0","0","0","0","0","0","0","0","0","0","0","0","0","0","0","0","0","0","0","0",
"860Z200US13026","ZCTA5 13026","1523","1455","1313","68","5","14","0","55","68","62","17","17","2","0","21","0","0","0","2","0","0","0","3","0","0","3","2","1","0","0","0","0","0","0","0","0","0","0","0","0","0","0","0","0","0","0","3","3","0","0","0","0","0","0","0","0","0","0","0","0","0","0","0","0","0","0","0","0","0","0","0",
"860Z200US13027","ZCTA5 13027","34507","32506","30963","693","110","423","9","308","2001","1913","317","481","208","19","825","17","9","0","24","5","0","3","3","0","2","76","32","3","0","12","3","0","12","5","1","0","0","0","5","1","1","0","0","0","0","1","12","0","0","6","0","1","0","1","0","0","3","0","0","0","0","1","0","0","0","0","0","0","0","0","0",
"860Z200US13028","ZCTA5 13028","1217","1173","1161","5","4","0","0","3","44","44","7","21","1","0","15","0","0","0","0","0","0","0","0","0","0","0","0","0","0","0","0","0","0","0","0","0","0","0","0","0","0","0","0","0","0","0","0","0","0","0","0","0","0","0","0","0","0","0","0","0","0","0","0","0","0","0","0","0","0","0","0",
"860Z200US13029","ZCTA5 13029","7118","6652","6383","85","22","99","0","63","466","449","53","111","39","0","231","4","5","0","2","0","0","0","1","3","0","17","13","1","0","2","0","0","0","0","0","0","0","0","1","0","0","0","0","0","0","0","0","0","0","0","0","0","0","0","0","0","0","0","0","0","0","0","0","0","0","0","0","0","0","0","0",
"860Z200US13030","ZCTA5 13030","3754","3562","3468","22","29","21","2","20","192","184","21","67","15","1","68","0","5","0","4","0","0","2","0","1","0","8","0","1","0","0","0","0","1","1","0","0","0","0","2","0","0","1","0","2","0","0","0","0","0","0","0","0","0","0","0","0","0","0","0","0","0","0","0","0","0","0","0","0","0","0","0",
"860Z200US13031","ZCTA5 13031","16335","15503","14611","424","55","285","6","122","832","797","142","183","106","1","322","9","7","0","20","2","0","0","4","1","0","28","6","9","0","6","0","0","3","1","0","0","0","0","2","0","1","0","0","0","0","0","7","0","0","4","0","0","0","0","0","0","3","0","0","0","0","0","0","0","0","0","0","0","0","0","0",
"860Z200US13032","ZCTA5 13032","12336","11637","11315","108","103","46","3","62","699","685","116","233","40","0","285","4","0","0","4","1","0","1","1","0","0","14","8","0","0","1","3","0","1","1","0","0","0","0","0","0","0","0","0","0","0","0","0","0","0","0","0","0","0","0","0","0","0","0","0","0","0","0","0","0","0","0","0","0","0","0","0",
"860Z200US13033","ZCTA5 13033","3763","3549","3484","15","14","6","8","22","214","202","25","76","11","0","84","0","3","0","2","0","1","0","0","0","0","10","1","3","0","1","0","0","1","0","2","0","0","0","0","0","0","0","0","0","0","2","1","1","0","0","0","0","0","0","0","0","0","0","0","0","0","0","1","0","0","1","0","0","0","0","0",
"860Z200US13034","ZCTA5 13034","1836","1754","1703","21","4","3","0","23","82","78","20","25","1","1","30","0","0","0","0","0","0","0","0","1","0","4","1","0","0","0","0","0","2","0","0","0","1","0","0","0","0","0","0","0","0","0","0","0","0","0","0","0","0","0","0","0","0","0","0","0","0","0","0","0","0","0","0","0","0","0","0",
"860Z200US13035","ZCTA5 13035","8226","7808","7558","101","18","48","2","81","418","389","44","78","32","2","213","7","0","3","5","1","0","3","0","1","0","19","3","0","0","0","2","0","6","0","3","0","3","0","0","1","0","0","0","1","0","0","9","2","0","3","2","0","0","2","0","0","0","0","0","0","0","0","1","0","1","0","0","0","0","0","0",
"860Z200US13036","ZCTA5 13036","8601","8166","8016","40","39","32","1","38","435","426","31","197","20","1","160","5","2","0","9","1","0","0","0","0","0","6","1","0","0","0","1","0","0","0","0","0","0","0","1","0","3","0","0","0","0","0","2","1","0","1","0","0","0","0","0","0","0","0","0","0","0","0","0","0","0","0","0","0","0","1","1",
"860Z200US13037","ZCTA5 13037","9230","8732","8476","77","38","84","0","57","498","481","70","139","43","1","213","2","0","0","6","0","0","2","5","0","0","15","13","0","0","1","0","0","0","0","0","0","0","0","1","0","0","0","0","0","0","0","1","0","0","0","1","0","0","0","0","0","0","0","0","0","0","0","1","0","0","0","0","0","1","0","0",
"860Z200US13039","ZCTA5 13039","17485","16569","15640","398","77","334","4","116","916","877","103","227","121","2","378","13","4","3","14","2","0","3","1","6","0","35","13","8","0","6","2","0","1","1","0","0","0","0","3","0","0","0","0","0","1","0","4","2","1","1","0","0","0","0","0","0","0","0","0","0","0","0","0","0","0","0","0","0","0","0","0",
"860Z200US13040","ZCTA5 13040","2507","2342","2294","15","5","6","0","22","165","159","15","61","5","2","75","0","0","0","0","0","0","1","0","0","0","5","1","2","0","1","0","0","1","0","0","0","0","0","0","0","0","0","0","0","0","0","1","0","0","0","1","0","0","0","0","0","0","0","0","0","0","0","0","0","0","0","0","0","0","0","0",
"860Z200US13041","ZCTA5 13041","11724","11011","9911","523","38","442","1","96","713","673","153","188","62","2","251","4","2","1","8","0","0","0","1","0","1","36","12","2","0","16","0","0","3","2","0","0","0","0","1","0","0","0","0","0","0","0","4","0","0","3","0","0","0","1","0","0","0","0","0","0","0","0","0","0","0","0","0","0","0","0","0",
"860Z200US13042","ZCTA5 13042","2447","2313","2277","7","6","16","0","7","134","133","12","65","10","0","45","0","0","0","1","0","0","0","0","0","0","0","0","0","0","0","0","0","0","0","0","0","0","0","0","0","0","0","0","0","0","0","1","0","0","0","0","0","0","0","0","0","1","0","0","0","0","0","0","0","0","0","0","0","0","0","0",
"860Z200US13044","ZCTA5 13044","2506","2370","2336","5","8","4","0","17","136","132","11","54","10","0","57","0","0","0","0","0","0","0","0","0","0","4","0","0","0","1","2","0","1","0","0","0","0","0","0","0","0","0","0","0","0","0","0","0","0","0","0","0","0","0","0","0","0","0","0","0","0","0","0","0","0","0","0","0","0","0","0",
"860Z200US13045","ZCTA5 13045","28406","26749","24222","813","83","959","10","662","1657","1592","360","463","116","9","589","18","1","1","22","2","0","3","5","0","3","51","19","4","1","8","3","0","5","9","0","0","0","0","1","0","1","0","0","0","0","0","8","1","0","3","1","0","0","0","0","0","0","0","0","0","3","0","5","4","1","0","0","0","0","1","1",
"860Z200US13051","ZCTA5 13051","111","102","101","0","0","1","0","0","9","9","0","0","0","0","9","0","0","0","0","0","0","0","0","0","0","0","0","0","0","0","0","0","0","0","0","0","0","0","0","0","0","0","0","0","0","0","0","0","0","0","0","0","0","0","0","0","0","0","0","0","0","0","0","0","0","0","0","0","0","0","0",
"860Z200US13052","ZCTA5 13052","1653","1585","1551","10","3","2","0","19","68","64","10","35","1","0","17","0","0","0","1","0","0","0","0","0","0","2","1","0","0","1","0","0","0","0","0","0","0","0","0","0","0","0","0","0","0","0","1","0","0","0","1","0","0","0","0","0","0","0","0","0","0","0","1","0","1","0","0","0","0","0","0",
"860Z200US13053","ZCTA5 13053","4605","4242","3888","221","19","56","0","58","363","341","63","98","43","2","126","5","2","0","1","0","0","1","0","0","0","19","11","0","2","1","2","0","1","0","1","0","0","1","0","0","0","0","0","0","0","0","3","1","0","0","0","0","0","0","0","0","2","0","0","0","0","0","0","0","0","0","0","0","0","0","0",
"860Z200US13054","ZCTA5 13054","1388","1323","1291","9","19","1","0","3","65","60","2","19","2","2","35","0","0","0","0","0","0","0","0","0","0","5","4","0","0","0","0","0","1","0","0","0","0","0","0","0","0","0","0","0","0","0","0","0","0","0","0","0","0","0","0","0","0","0","0","0","0","0","0","0","0","0","0","0","0","0","0",
"860Z200US13057","ZCTA5 13057","14676","13789","12595","533","90","401","2","168","887","834","201","207","74","2","306","14","1","0","18","0","0","3","4","4","0","46","18","2","0","8","6","0","7","2","1","0","0","0","1","0","1","0","0","0","0","0","6","1","0","5","0","0","0","0","0","0","0","0","0","0","0","0","1","1","0","0","0","0","0","0","0",
"860Z200US13060","ZCTA5 13060","2584","2437","2372","8","7","16","1","33","147","143","21","43","7","0","68","0","0","1","0","0","0","2","1","0","0","4","2","0","0","0","0","0","0","1","0","0","0","0","1","0","0","0","0","0","0","0","0","0","0","0","0","0","0","0","0","0","0","0","0","0","0","0","0","0","0","0","0","0","0","0","0",
"860Z200US13061","ZCTA5 13061","987","930","913","3","2","3","0","9","57","48","1","9","3","0","34","1","0","0","0","0","0","0","0","0","0","4","0","0","0","0","2","1","0","0","0","0","1","0","0","0","0","0","0","0","0","0","4","1","1","0","0","0","0","2","0","0","0","0","0","0","0","0","1","0","1","0","0","0","0","0","0",
"860Z200US13062","ZCTA5 13062","237","222","205","5","0","9","0","3","15","13","3","1","1","0","8","0","0","0","0","0","0","0","0","0","0","2","0","0","0","2","0","0","0","0","0","0","0","0","0","0","0","0","0","0","0","0","0","0","0","0","0","0","0","0","0","0","0","0","0","0","0","0","0","0","0","0","0","0","0","0","0",
"860Z200US13063","ZCTA5 13063","1902","1819","1780","7","7","8","2","15","83","74","8","31","7","0","25","0","0","0","1","0","0","1","0","1","0","9","1","1","0","3","2","0","0","0","0","1","0","0","0","0","0","1","0","0","0","0","0","0","0","0","0","0","0","0","0","0","0","0","0","0","0","0","0","0","0","0","0","0","0","0","0",
"860Z200US13065","ZCTA5 13065","64","64","63","1","0","0","0","0","0","0","0","0","0","0","0","0","0","0","0","0","0","0","0","0","0","0","0","0","0","0","0","0","0","0","0","0","0","0","0","0","0","0","0","0","0","0","0","0","0","0","0","0","0","0","0","0","0","0","0","0","0","0","0","0","0","0","0","0","0","0","0",
"860Z200US13066","ZCTA5 13066","12949","12273","11185","293","40","668","0","87","676","645","76","103","119","7","318","1","4","0","7","0","0","0","3","4","3","26","6","3","0","6","1","0","1","3","6","0","0","0","0","0","0","0","0","0","0","0","4","3","0","1","0","0","0","0","0","0","0","0","0","0","0","0","1","0","1","0","0","0","0","0","0",
"860Z200US13068","ZCTA5 13068","5189","4776","4479","136","17","42","2","100","413","397","56","133","37","0","153","0","4","0","7","0","0","0","1","6","0","16","9","0","1","4","0","2","0","0","0","0","0","0","0","0","0","0","0","0","0","0","0","0","0","0","0","0","0","0","0","0","0","0","0","0","0","0","0","0","0","0","0","0","0","0","0",
"860Z200US13069","ZCTA5 13069","24071","22584","21908","209","118","90","6","253","1487","1419","171","535","84","13","578","9","4","4","11","0","0","6","3","0","1","62","19","1","2","8","7","0","7","6","0","0","4","4","1","1","0","0","0","0","1","1","5","2","0","3","0","0","0","0","0","0","0","0","0","0","0","0","0","0","0","0","0","0","0","1","1",
"860Z200US13071","ZCTA5 13071","953","898","877","5","9","1","0","6","55","49","4","7","0","1","36","0","0","0","1","0","0","0","0","0","0","5","2","0","0","0","0","0","3","0","0","0","0","0","0","0","0","0","0","0","0","0","1","0","0","0","0","0","0","0","1","0","0","0","0","0","0","0","0","0","0","0","0","0","0","0","0",
"860Z200US13072","ZCTA5 13072","772","750","741","1","1","2","0","5","22","21","1","5","0","0","14","0","1","0","0","0","0","0","0","0","0","1","0","0","0","0","0","0","0","0","0","0","0","0","0","0","0","0","0","1","0","0","0","0","0","0","0","0","0","0","0","0","0","0","0","0","0","0","0","0","0","0","0","0","0","0","0",
"860Z200US13073","ZCTA5 13073","6190","5689","5454","47","17","57","1","113","501","474","86","129","32","0","217","2","3","0","4","0","0","0","0","1","0","25","9","4","0","0","4","0","1","3","3","1","0","0","0","0","0","0","0","0","0","0","2","1","0","1","0","0","0","0","0","0","0","0","0","0","0","0","0","0","0","0","0","0","0","0","0",
"860Z200US13074","ZCTA5 13074","4206","3968","3893","15","22","13","5","20","238","229","24","88","8","5","95","0","2","0","2","1","0","3","0","0","1","3","0","0","0","0","0","0","3","0","0","0","0","0","0","0","0","0","0","0","0","0","5","0","0","4","0","1","0","0","0","0","0","0","0","0","0","0","0","0","0","0","0","0","0","1","1",
"860Z200US13076","ZCTA5 13076","2297","2200","2179","7","4","2","0","8","97","96","11","47","3","0","35","0","0","0","0","0","0","0","0","0","0","0","0","0","0","0","0","0","0","0","0","0","0","0","0","0","0","0","0","0","0","0","0","0","0","0","0","0","0","0","0","0","0","0","0","0","0","0","1","1","0","0","0","0","0","0","0",
"860Z200US13077","ZCTA5 13077","6446","6175","6030","33","13","45","3","51","271","252","30","110","8","0","95","4","1","0","4","0","0","0","0","0","0","17","8","1","1","1","0","0","1","1","2","0","1","0","0","0","1","0","0","0","0","0","0","0","0","0","0","0","0","0","0","0","0","0","0","0","0","0","2","2","0","0","0","0","0","0","0",
"860Z200US13078","ZCTA5 13078","10019","9471","8106","332","65","916","0","52","548","504","69","135","78","3","193","4","3","3","8","0","0","1","3","3","1","40","15","9","0","7","1","0","1","3","2","0","0","0","0","0","1","0","0","0","0","1","4","1","0","2","0","0","0","0","0","0","1","0","0","0","0","0","0","0","0","0","0","0","0","0","0",
"860Z200US13080","ZCTA5 13080","3375","3201","3142","10","8","16","0","25","174","167","24","62","22","1","58","0","0","0","0","0","0","0","0","0","0","7","1","1","0","2","0","0","3","0","0","0","0","0","0","0","0","0","0","0","0","0","0","0","0","0","0","0","0","0","0","0","0","0","0","0","0","0","0","0","0","0","0","0","0","0","0",
"860Z200US13081","ZCTA5 13081","1058","1005","972","1","15","4","0","13","53","52","4","8","2","1","34","0","0","0","3","0","0","0","0","0","0","1","0","0","0","1","0","0","0","0","0","0","0","0","0","0","0","0","0","0","0","0","0","0","0","0","0","0","0","0","0","0","0","0","0","0","0","0","0","0","0","0","0","0","0","0","0",
"860Z200US13082","ZCTA5 13082","4539","4316","4214","38","19","18","1","26","223","209","30","82","11","0","76","3","0","0","0","2","0","5","0","0","0","11","4","0","0","6","0","0","0","1","0","0","0","0","0","0","0","0","0","0","0","0","1","0","0","0","1","0","0","0","0","0","0","0","0","0","0","0","2","0","0","0","2","0","0","0","0",
"860Z200US13083","ZCTA5 13083","1896","1797","1773","11","7","4","0","2","99","92","13","40","5","0","32","0","0","0","1","0","0","1","0","0","0","6","0","0","0","0","2","0","1","1","1","0","0","0","0","0","1","0","0","0","0","0","1","0","0","0","0","0","0","0","0","1","0","0","0","0","0","0","0","0","0","0","0","0","0","0","0",
"860Z200US13084","ZCTA5 13084","4101","3900","3743","24","75","18","1","39","201","180","27","71","17","0","62","1","0","0","1","0","0","0","0","1","0","20","9","0","0","1","3","0","0","0","4","0","0","0","1","0","1","1","0","0","0","0","1","0","0","1","0","0","0","0","0","0","0","0","0","0","0","0","0","0","0","0","0","0","0","0","0",
"860Z200US13087","ZCTA5 13087","183","174","173","1","0","0","0","0","9","9","0","3","0","0","6","0","0","0","0","0","0","0","0","0","0","0","0","0","0","0","0","0","0","0","0","0","0","0","0","0","0","0","0","0","0","0","0","0","0","0","0","0","0","0","0","0","0","0","0","0","0","0","0","0","0","0","0","0","0","0","0",
"860Z200US13088","ZCTA5 13088","22331","20985","18122","1121","110","1341","6","285","1346","1241","305","261","130","11","442","19","8","5","39","2","0","6","2","7","4","93","38","6","0","21","0","0","17","8","3","0","0","0","0","0","0","0","0","0","0","0","8","1","2","5","0","0","0","0","0","0","0","0","0","0","0","0","4","0","4","0","0","0","0","0","0",
"860Z200US13090","ZCTA5 13090","30472","28548","25200","1829","115","1014","9","381","1924","1810","508","328","205","11","600","31","29","2","77","4","0","7","2","5","1","99","31","4","1","22","9","0","17","2","7","1","2","0","2","0","0","1","0","0","0","0","13","3","1","7","0","0","0","1","0","0","1","0","0","0","0","0","2","2","0","0","0","0","0","0","0",
"860Z200US13092","ZCTA5 13092","2655","2457","2386","19","4","2","0","46","198","193","14","35","8","0","127","0","0","0","9","0","0","0","0","0","0","5","3","0","0","0","0","0","2","0","0","0","0","0","0","0","0","0","0","0","0","0","0","0","0","0","0","0","0","0","0","0","0","0","0","0","0","0","0","0","0","0","0","0","0","0","0",
"860Z200US13101","ZCTA5 13101","2397","2254","2211","15","5","5","0","18","143","139","14","43","6","0","75","0","1","0","0","0","0","0","0","0","0","2","0","0","1","0","0","0","1","0","0","0","0","0","0","0","0","0","0","0","0","0","1","1","0","0","0","0","0","0","0","0","0","0","0","0","0","0","1","1","0","0","0","0","0","0","0",
"860Z200US13102","ZCTA5 13102","69","61","61","0","0","0","0","0","8","7","0","6","0","0","1","0","0","0","0","0","0","0","0","0","0","1","0","0","0","0","0","0","0","1","0","0","0","0","0","0","0","0","0","0","0","0","0","0","0","0","0","0","0","0","0","0","0","0","0","0","0","0","0","0","0","0","0","0","0","0","0",
"860Z200US13103","ZCTA5 13103","298","291","278","3","4","1","0","5","7","7","4","3","0","0","0","0","0","0","0","0","0","0","0","0","0","0","0","0","0","0","0","0","0","0","0","0","0","0","0","0","0","0","0","0","0","0","0","0","0","0","0","0","0","0","0","0","0","0","0","0","0","0","0","0","0","0","0","0","0","0","0",
"860Z200US13104","ZCTA5 13104","16430","15503","13581","318","52","1426","0","126","927","867","97","152","196","9","386","5","9","1","6","0","0","1","2","3","0","47","11","0","0","12","4","0","12","1","2","0","0","0","1","1","1","1","0","0","0","1","12","2","0","10","0","0","0","0","0","0","0","0","0","0","0","0","1","1","0","0","0","0","0","0","0",
"860Z200US13108","ZCTA5 13108","6054","5796","5690","28","11","40","0","27","258","251","21","72","18","1","119","10","3","1","4","0","0","0","1","1","0","6","2","1","0","3","0","0","0","0","0","0","0","0","0","0","0","0","0","0","0","0","1","0","0","1","0","0","0","0","0","0","0","0","0","0","0","0","0","0","0","0","0","0","0","0","0",
"860Z200US13110","ZCTA5 13110","2236","2100","2019","13","24","11","1","32","136","129","7","53","18","0","44","0","1","0","2","2","0","2","0","0","0","6","0","1","0","2","2","0","0","1","0","0","0","0","0","0","0","0","0","0","0","0","1","0","0","0","0","0","0","0","0","0","1","0","0","0","0","0","0","0","0","0","0","0","0","0","0",
"860Z200US13111","ZCTA5 13111","1609","1543","1518","9","1","2","1","12","66","63","4","31","2","0","25","0","1","0","0","0","0","0","0","0","0","3","1","1","0","0","0","0","0","0","0","0","0","1","0","0","0","0","0","0","0","0","0","0","0","0","0","0","0","0","0","0","0","0","0","0","0","0","0","0","0","0","0","0","0","0","0",
"860Z200US13112","ZCTA5 13112","1889","1764","1710","10","13","13","0","18","125","119","12","53","7","0","45","0","1","0","1","0","0","0","0","0","0","6","3","0","0","1","0","0","2","0","0","0","0","0","0","0","0","0","0","0","0","0","0","0","0","0","0","0","0","0","0","0","0","0","0","0","0","0","0","0","0","0","0","0","0","0","0",
"860Z200US13113","ZCTA5 13113","77","76","75","1","0","0","0","0","1","1","0","0","0","0","1","0","0","0","0","0","0","0","0","0","0","0","0","0","0","0","0","0","0","0","0","0","0","0","0","0","0","0","0","0","0","0","0","0","0","0","0","0","0","0","0","0","0","0","0","0","0","0","0","0","0","0","0","0","0","0","0",
"860Z200US13114","ZCTA5 13114","6596","6281","6149","44","27","26","0","35","315","308","41","118","22","0","114","2","1","5","3","0","0","2","0","0","0","6","0","0","0","2","3","0","0","0","0","0","0","0","1","0","0","0","0","0","0","0","1","0","0","0","0","0","0","0","1","0","0","0","0","0","0","0","0","0","0","0","0","0","0","0","0",
"860Z200US13115","ZCTA5 13115","195","180","179","1","0","0","0","0","15","12","1","4","0","0","5","0","0","0","2","0","0","0","0","0","0","3","3","0","0","0","0","0","0","0","0","0","0","0","0","0","0","0","0","0","0","0","0","0","0","0","0","0","0","0","0","0","0","0","0","0","0","0","0","0","0","0","0","0","0","0","0",
"860Z200US13116","ZCTA5 13116","3657","3473","3321","41","21","53","1","36","184","180","32","60","5","3","78","0","1","0","0","0","0","0","0","1","0","4","4","0","0","0","0","0","0","0","0","0","0","0","0","0","0","0","0","0","0","0","0","0","0","0","0","0","0","0","0","0","0","0","0","0","0","0","0","0","0","0","0","0","0","0","0",
"860Z200US13117","ZCTA5 13117","197","183","181","1","1","0","0","0","14","14","6","6","0","1","1","0","0","0","0","0","0","0","0","0","0","0","0","0","0","0","0","0","0","0","0","0","0","0","0","0","0","0","0","0","0","0","0","0","0","0","0","0","0","0","0","0","0","0","0","0","0","0","0","0","0","0","0","0","0","0","0",
"860Z200US13118","ZCTA5 13118","5849","5616","5021","432","41","15","3","104","233","222","22","72","15","1","108","1","0","0","0","0","0","3","0","0","0","7","3","1","0","1","0","0","1","0","0","0","0","0","1","0","0","0","0","0","0","0","3","3","0","0","0","0","0","0","0","0","0","0","0","0","0","0","1","0","0","0","0","0","1","0","0",
"860Z200US13119","ZCTA5 13119","52","43","43","0","0","0","0","0","9","8","2","0","0","0","6","0","0","0","0","0","0","0","0","0","0","0","0","0","0","0","0","0","0","0","0","0","0","0","0","0","0","0","0","0","0","0","1","0","0","1","0","0","0","0","0","0","0","0","0","0","0","0","0","0","0","0","0","0","0","0","0",
"860Z200US13120","ZCTA5 13120","2536","2363","1693","175","361","21","1","112","173","166","15","97","8","1","36","4","2","0","1","0","0","2","0","0","0","7","3","1","0","0","0","0","0","2","0","0","1","0","0","0","0","0","0","0","0","0","0","0","0","0","0","0","0","0","0","0","0","0","0","0","0","0","0","0","0","0","0","0","0","0","0",
"860Z200US13121","ZCTA5 13121","52","39","37","0","0","0","0","2","13","13","0","9","1","0","3","0","0","0","0","0","0","0","0","0","0","0","0","0","0","0","0","0","0","0","0","0","0","0","0","0","0","0","0","0","0","0","0","0","0","0","0","0","0","0","0","0","0","0","0","0","0","0","0","0","0","0","0","0","0","0","0",
"860Z200US13122","ZCTA5 13122","1068","1019","991","6","4","4","0","14","49","46","0","15","1","0","29","1","0","0","0","0","0","0","0","0","0","1","0","1","0","0","0","0","0","0","0","0","0","0","0","0","0","0","0","0","0","0","1","0","0","0","0","0","0","1","0","0","0","0","0","0","0","0","1","0","0","0","0","1","0","0","0",
"860Z200US13123","ZCTA5 13123","104","103","103","0","0","0","0","0","1","1","0","0","0","0","1","0","0","0","0","0","0","0","0","0","0","0","0","0","0","0","0","0","0","0","0","0","0","0","0","0","0","0","0","0","0","0","0","0","0","0","0","0","0","0","0","0","0","0","0","0","0","0","0","0","0","0","0","0","0","0","0",
"860Z200US13124","ZCTA5 13124","91","79","77","0","0","0","0","2","12","11","0","10","0","0","1","0","0","0","0","0","0","0","0","0","0","1","1","0","0","0","0","0","0","0","0","0","0","0","0","0","0","0","0","0","0","0","0","0","0","0","0","0","0","0","0","0","0","0","0","0","0","0","0","0","0","0","0","0","0","0","0",
"860Z200US13126","ZCTA5 13126","35477","33601","31241","1127","164","560","14","495","1876","1761","302","476","129","19","777","16","9","2","17","1","0","2","11","0","0","101","34","5","1","10","11","12","9","4","1","0","4","1","4","1","2","0","0","0","0","2","8","3","0","2","0","0","1","0","0","2","0","0","0","0","0","0","2","2","0","0","0","0","0","4","4",
"860Z200US13131","ZCTA5 13131","3649","3464","3400","10","22","5","0","27","185","181","5","92","14","3","64","0","0","0","3","0","0","0","0","0","0","4","0","0","0","0","1","0","2","0","1","0","0","0","0","0","0","0","0","0","0","0","0","0","0","0","0","0","0","0","0","0","0","0","0","0","0","0","0","0","0","0","0","0","0","0","0",
"860Z200US13132","ZCTA5 13132","3865","3651","3599","16","11","11","2","12","214","202","31","65","9","0","94","2","0","0","1","0","0","0","0","0","0","10","1","1","0","0","1","0","2","0","4","0","0","0","0","0","0","0","0","0","1","0","2","0","0","2","0","0","0","0","0","0","0","0","0","0","0","0","0","0","0","0","0","0","0","0","0",
"860Z200US13134","ZCTA5 13134","64","64","61","3","0","0","0","0","0","0","0","0","0","0","0","0","0","0","0","0","0","0","0","0","0","0","0","0","0","0","0","0","0","0","0","0","0","0","0","0","0","0","0","0","0","0","0","0","0","0","0","0","0","0","0","0","0","0","0","0","0","0","0","0","0","0","0","0","0","0","0",
"860Z200US13135","ZCTA5 13135","6303","5878","5763","19","20","42","4","30","425","400","51","177","27","4","134","0","0","0","2","0","0","4","1","0","0","25","5","0","0","6","6","0","8","0","0","0","0","0","0","0","0","0","0","0","0","0","0","0","0","0","0","0","0","0","0","0","0","0","0","0","0","0","0","0","0","0","0","0","0","0","0",
"860Z200US13136","ZCTA5 13136","409","397","391","3","0","0","0","3","12","12","6","3","0","0","3","0","0","0","0","0","0","0","0","0","0","0","0","0","0","0","0","0","0","0","0","0","0","0","0","0","0","0","0","0","0","0","0","0","0","0","0","0","0","0","0","0","0","0","0","0","0","0","0","0","0","0","0","0","0","0","0",
"860Z200US13138","ZCTA5 13138","55","46","44","0","0","2","0","0","9","9","0","1","0","0","8","0","0","0","0","0","0","0","0","0","0","0","0","0","0","0","0","0","0","0","0","0","0","0","0","0","0","0","0","0","0","0","0","0","0","0","0","0","0","0","0","0","0","0","0","0","0","0","0","0","0","0","0","0","0","0","0",
"860Z200US13140","ZCTA5 13140","4044","3792","3725","18","7","12","5","25","252","245","26","105","1","0","103","0","2","0","6","0","0","2","0","0","0","7","0","1","0","0","0","0","1","3","0","0","0","0","0","0","0","0","0","0","0","2","0","0","0","0","0","0","0","0","0","0","0","0","0","0","0","0","0","0","0","0","0","0","0","0","0",
"860Z200US13141","ZCTA5 13141","661","625","619","2","0","3","0","1","36","34","5","11","1","0","16","0","0","0","1","0","0","0","0","0","0","2","2","0","0","0","0","0","0","0","0","0","0","0","0","0","0","0","0","0","0","0","0","0","0","0","0","0","0","0","0","0","0","0","0","0","0","0","0","0","0","0","0","0","0","0","0",
"860Z200US13142","ZCTA5 13142","6323","6107","5987","21","24","53","2","20","216","198","15","97","3","3","80","0","0","0","0","0","0","0","0","0","0","16","1","1","1","4","1","0","2","0","3","0","0","0","1","0","1","0","0","0","1","0","2","2","0","0","0","0","0","0","0","0","0","0","0","0","0","0","0","0","0","0","0","0","0","0","0",
"860Z200US13143","ZCTA5 13143","2619","2487","2431","19","14","6","0","17","132","127","19","58","5","0","42","0","2","0","1","0","0","0","0","0","0","4","1","0","0","0","0","0","1","0","0","0","0","0","0","0","1","0","0","1","0","0","1","0","0","1","0","0","0","0","0","0","0","0","0","0","0","0","0","0","0","0","0","0","0","0","0",
"860Z200US13144","ZCTA5 13144","1401","1342","1318","7","4","8","0","5","59","55","8","29","1","0","17","0","0","0","0","0","0","0","0","0","0","3","0","0","0","2","0","0","0","0","1","0","0","0","0","0","0","0","0","0","0","0","1","1","0","0","0","0","0","0","0","0","0","0","0","0","0","0","0","0","0","0","0","0","0","0","0",
"860Z200US13145","ZCTA5 13145","1793","1719","1694","7","3","11","0","4","74","70","2","38","7","0","21","0","0","0","2","0","0","0","0","0","0","4","0","1","0","0","1","0","0","1","0","0","0","1","0","0","0","0","0","0","0","0","0","0","0","0","0","0","0","0","0","0","0","0","0","0","0","0","0","0","0","0","0","0","0","0","0",
"860Z200US13146","ZCTA5 13146","2205","2080","2030","18","6","5","0","21","125","120","24","45","5","0","44","0","0","0","2","0","0","0","0","0","0","4","0","0","0","1","2","0","0","0","0","0","0","0","0","0","0","0","0","1","0","0","1","1","0","0","0","0","0","0","0","0","0","0","0","0","0","0","0","0","0","0","0","0","0","0","0",
"860Z200US13147","ZCTA5 13147","1213","1100","948","3","3","7","0","139","113","111","6","10","0","1","93","1","0","0","0","0","0","0","0","0","0","2","1","0","0","0","0","0","0","0","1","0","0","0","0","0","0","0","0","0","0","0","0","0","0","0","0","0","0","0","0","0","0","0","0","0","0","0","0","0","0","0","0","0","0","0","0",
"860Z200US13148","ZCTA5 13148","10541","9958","9383","220","104","143","2","106","583","547","134","159","34","6","193","11","0","0","6","0","0","0","1","0","3","28","1","1","0","2","12","0","2","2","0","1","4","0","0","0","3","0","0","0","0","0","7","0","0","5","0","0","0","0","0","0","0","2","0","0","0","0","1","0","1","0","0","0","0","0","0",
"860Z200US13152","ZCTA5 13152","7696","7374","7218","12","22","70","0","52","322","295","25","64","46","4","150","1","0","0","2","0","0","1","2","0","0","25","5","0","0","3","6","0","3","5","3","0","0","0","0","0","0","0","0","0","0","0","2","0","0","2","0","0","0","0","0","0","0","0","0","0","0","0","0","0","0","0","0","0","0","0","0",
"860Z200US13153","ZCTA5 13153","309","293","288","0","1","1","0","3","16","15","0","3","1","2","9","0","0","0","0","0","0","0","0","0","0","1","0","0","0","0","0","0","1","0","0","0","0","0","0","0","0","0","0","0","0","0","0","0","0","0","0","0","0","0","0","0","0","0","0","0","0","0","0","0","0","0","0","0","0","0","0",
"860Z200US13154","ZCTA5 13154","76","76","74","0","0","0","0","2","0","0","0","0","0","0","0","0","0","0","0","0","0","0","0","0","0","0","0","0","0","0","0","0","0","0","0","0","0","0","0","0","0","0","0","0","0","0","0","0","0","0","0","0","0","0","0","0","0","0","0","0","0","0","0","0","0","0","0","0","0","0","0",
"860Z200US13155","ZCTA5 13155","605","543","528","0","0","2","0","13","62","60","8","15","0","0","37","0","0","0","0","0","0","0","0","0","0","2","1","0","0","0","1","0","0","0","0","0","0","0","0","0","0","0","0","0","0","0","0","0","0","0","0","0","0","0","0","0","0","0","0","0","0","0","0","0","0","0","0","0","0","0","0",
"860Z200US13156","ZCTA5 13156","2231","2114","2092","6","4","2","3","7","117","115","2","63","14","0","33","0","0","0","3","0","0","0","0","0","0","2","0","0","0","0","0","1","0","0","1","0","0","0","0","0","0","0","0","0","0","0","0","0","0","0","0","0","0","0","0","0","0","0","0","0","0","0","0","0","0","0","0","0","0","0","0",
"860Z200US13157","ZCTA5 13157","570","541","523","9","3","0","1","5","29","28","3","9","0","2","13","0","0","0","1","0","0","0","0","0","0","1","0","0","0","0","0","0","0","0","1","0","0","0","0","0","0","0","0","0","0","0","0","0","0","0","0","0","0","0","0","0","0","0","0","0","0","0","0","0","0","0","0","0","0","0","0",
"860Z200US13158","ZCTA5 13158","1397","1314","1282","3","4","3","0","22","83","80","5","49","4","0","22","0","0","0","0","0","0","0","0","0","0","3","0","0","0","3","0","0","0","0","0","0","0","0","0","0","0","0","0","0","0","0","0","0","0","0","0","0","0","0","0","0","0","0","0","0","0","0","0","0","0","0","0","0","0","0","0",
"860Z200US13159","ZCTA5 13159","5155","4918","4778","33","22","48","0","37","237","230","23","87","11","0","93","2","7","0","2","0","0","3","0","2","0","7","3","0","0","0","0","0","2","2","0","0","0","0","0","0","0","0","0","0","0","0","0","0","0","0","0","0","0","0","0","0","0","0","0","0","0","0","0","0","0","0","0","0","0","0","0",
"860Z200US13160","ZCTA5 13160","1942","1842","1708","33","15","12","12","62","100","98","19","25","9","0","36","0","0","1","2","0","0","0","6","0","0","2","1","1","0","0","0","0","0","0","0","0","0","0","0","0","0","0","0","0","0","0","0","0","0","0","0","0","0","0","0","0","0","0","0","0","0","0","0","0","0","0","0","0","0","0","0",
"860Z200US13162","ZCTA5 13162","251","247","239","0","6","1","0","1","4","4","0","0","0","0","4","0","0","0","0","0","0","0","0","0","0","0","0","0","0","0","0","0","0","0","0","0","0","0","0","0","0","0","0","0","0","0","0","0","0","0","0","0","0","0","0","0","0","0","0","0","0","0","0","0","0","0","0","0","0","0","0",
"860Z200US13163","ZCTA5 13163","311","291","255","18","11","2","1","4","20","20","0","8","0","0","12","0","0","0","0","0","0","0","0","0","0","0","0","0","0","0","0","0","0","0","0","0","0","0","0","0","0","0","0","0","0","0","0","0","0","0","0","0","0","0","0","0","0","0","0","0","0","0","0","0","0","0","0","0","0","0","0",
"860Z200US13164","ZCTA5 13164","2730","2613","2528","25","14","27","0","19","117","111","16","36","4","0","55","0","0","0","0","0","0","0","0","0","0","6","3","0","0","0","0","0","1","0","0","0","0","0","2","0","0","0","0","0","0","0","0","0","0","0","0","0","0","0","0","0","0","0","0","0","0","0","0","0","0","0","0","0","0","0","0",
"860Z200US13165","ZCTA5 13165","10354","9743","9323","185","28","62","1","144","611","580","146","152","44","1","223","3","0","0","8","1","0","0","1","1","0","31","13","1","0","0","2","0","5","5","0","4","0","0","0","0","1","0","0","0","0","0","0","0","0","0","0","0","0","0","0","0","0","0","0","0","0","0","0","0","0","0","0","0","0","0","0",
"860Z200US13166","ZCTA5 13166","5398","5117","4985","52","21","32","3","24","281","266","32","100","22","1","106","1","2","0","0","0","2","0","0","0","0","12","6","4","0","0","0","0","2","0","0","0","0","0","0","0","0","0","0","0","0","0","3","3","0","0","0","0","0","0","0","0","0","0","0","0","0","0","0","0","0","0","0","0","0","0","0",
"860Z200US13167","ZCTA5 13167","3263","3146","3095","19","9","10","0","13","117","113","14","54","3","1","39","0","0","0","2","0","0","0","0","0","0","2","0","0","0","0","0","0","1","0","1","0","0","0","0","0","0","0","0","0","0","0","0","0","0","0","0","0","0","0","0","0","0","0","0","0","0","0","2","2","0","0","0","0","0","0","0",
"860Z200US13202","ZCTA5 13202","6967","6405","2384","2933","39","589","0","460","562","540","137","45","16","1","206","28","11","5","86","1","1","0","0","2","1","17","8","2","0","3","0","1","2","1","0","0","0","0","0","0","0","0","0","0","0","0","5","0","0","5","0","0","0","0","0","0","0","0","0","0","0","0","0","0","0","0","0","0","0","0","0",
"860Z200US13203","ZCTA5 13203","16240","14579","7836","4457","195","1511","10","570","1661","1518","537","189","97","2","480","43","19","11","121","0","2","10","3","2","2","127","58","16","4","29","0","0","9","1","4","0","0","1","4","0","1","0","0","0","0","0","15","6","0","6","1","1","0","0","0","0","1","0","0","0","0","0","1","1","0","0","0","0","0","0","0",
"860Z200US13204","ZCTA5 13204","19752","17220","9555","5630","297","201","11","1526","2532","2340","921","316","69","7","649","90","8","0","235","0","2","12","5","10","16","178","120","8","0","32","5","0","5","4","1","1","0","0","1","1","0","0","0","0","0","0","12","1","0","7","0","0","0","1","0","0","2","0","0","0","0","1","2","1","0","0","0","0","1","0","0",
"860Z200US13205","ZCTA5 13205","18834","17435","6687","9466","228","506","2","546","1399","1233","478","196","44","5","248","99","12","18","109","1","0","10","0","8","5","147","90","9","0","18","1","0","10","3","6","0","0","0","6","2","2","0","0","0","0","0","18","4","1","11","0","2","0","0","0","0","0","0","0","0","0","0","1","0","0","0","1","0","0","0","0",
"860Z200US13206","ZCTA5 13206","16599","14933","10470","3105","150","703","1","504","1666","1551","500","279","108","4","496","39","10","0","93","2","0","2","1","4","13","100","57","6","0","18","2","0","5","6","2","0","0","0","0","0","4","0","0","0","0","0","15","2","0","9","0","3","0","0","0","0","1","0","0","0","0","0","0","0","0","0","0","0","0","0","0",
"860Z200US13207","ZCTA5 13207","13140","11914","5615","5450","167","85","4","593","1226","1086","461","126","65","0","257","67","10","1","80","0","1","8","2","4","4","128","64","11","1","25","2","1","11","3","8","0","0","0","1","1","0","0","0","0","0","0","9","1","0","5","0","0","0","0","3","0","0","0","0","0","0","0","3","0","3","0","0","0","0","0","0",
"860Z200US13208","ZCTA5 13208","23603","21526","10774","5899","280","3852","10","711","2077","1898","710","326","136","3","472","57","30","2","122","12","0","4","8","15","1","164","73","17","1","35","4","5","18","4","6","0","0","0","1","0","0","0","0","0","0","0","13","7","0","5","0","0","0","1","0","0","0","0","0","0","0","0","2","2","0","0","0","0","0","0","0",
"860Z200US13209","ZCTA5 13209","13018","12102","11234","454","130","103","5","176","916","857","239","224","53","3","303","12","0","0","18","0","0","0","2","1","2","51","21","2","0","16","0","0","5","5","0","0","0","0","2","0","0","0","0","0","0","0","8","0","0","5","0","0","0","0","0","0","3","0","0","0","0","0","0","0","0","0","0","0","0","0","0",
"860Z200US13210","ZCTA5 13210","23150","21465","12263","5381","76","2693","23","1029","1685","1540","450","104","189","22","543","52","28","1","122","7","1","5","4","8","4","130","63","6","2","22","8","0","16","6","2","0","0","0","2","0","1","2","0","0","0","0","14","2","1","7","0","4","0","0","0","0","0","0","0","0","0","0","1","1","0","0","0","0","0","0","0",
"860Z200US13211","ZCTA5 13211","6382","5802","4998","398","50","251","8","97","580","549","169","163","18","6","167","0","2","1","20","0","0","0","0","0","3","30","14","0","0","10","2","0","1","0","0","0","0","0","3","0","0","0","0","0","0","0","1","0","0","1","0","0","0","0","0","0","0","0","0","0","0","0","0","0","0","0","0","0","0","0","0",
"860Z200US13212","ZCTA5 13212","20220","18907","17546","582","86","448","1","244","1313","1238","284","314","108","15","455","15","6","1","24","3","0","2","6","4","1","62","21","4","0","14","1","0","5","3","6","0","0","2","1","0","3","0","0","0","0","2","13","1","2","8","1","0","0","0","1","0","0","0","0","0","0","0","0","0","0","0","0","0","0","0","0",
"860Z200US13214","ZCTA5 13214","9072","8397","6536","1252","27","392","5","185","675","616","168","80","74","10","215","14","5","0","40","4","1","2","0","3","0","50","17","5","1","15","3","1","8","0","0","0","0","0","0","0","0","0","0","0","0","0","9","2","0","4","0","2","0","0","1","0","0","0","0","0","0","0","0","0","0","0","0","0","0","0","0",
"860Z200US13215","ZCTA5 13215","15007","14266","12970","826","117","211","3","139","741","702","126","191","81","7","261","8","4","0","18","2","0","2","2","0","0","37","16","6","0","8","1","0","4","2","0","0","0","0","0","0","0","0","0","0","0","0","2","0","1","1","0","0","0","0","0","0","0","0","0","0","0","0","0","0","0","0","0","0","0","0","0",
"860Z200US13219","ZCTA5 13219","15436","14614","13680","534","76","184","0","140","822","771","164","192","82","7","290","14","6","1","12","1","0","0","2","0","0","46","11","8","0","13","2","0","3","4","5","0","0","0","0","0","0","0","0","0","0","0","4","2","0","1","0","0","0","0","0","0","1","0","0","0","0","0","1","1","0","0","0","0","0","0","0",
"860Z200US13224","ZCTA5 13224","8705","7950","4356","2847","43","330","1","373","755","692","187","57","108","8","243","28","6","2","49","0","0","0","0","2","2","57","19","3","0","13","2","0","5","3","9","0","0","0","1","0","2","0","0","0","0","0","4","0","0","4","0","0","0","0","0","0","0","0","0","0","0","0","2","2","0","0","0","0","0","0","0",
"860Z200US13244","ZCTA5 13244","6975","6616","5122","734","4","414","6","336","359","310","73","16","71","7","136","1","0","0","2","4","0","0","0","0","0","42","18","0","18","2","1","0","1","0","1","0","0","0","0","0","1","0","0","0","0","0","7","1","0","0","0","6","0","0","0","0","0","0","0","0","0","0","0","0","0","0","0","0","0","0","0",
"860Z200US13290","ZCTA5 13290","0","0","0","0","0","0","0","0","0","0","0","0","0","0","0","0","0","0","0","0","0","0","0","0","0","0","0","0","0","0","0","0","0","0","0","0","0","0","0","0","0","0","0","0","0","0","0","0","0","0","0","0","0","0","0","0","0","0","0","0","0","0","0","0","0","0","0","0","0","0","0",
"860Z200US13301","ZCTA5 13301","90","84","82","0","0","0","0","2","6","6","0","4","0","0","2","0","0","0","0","0","0","0","0","0","0","0","0","0","0","0","0","0","0","0","0","0","0","0","0","0","0","0","0","0","0","0","0","0","0","0","0","0","0","0","0","0","0","0","0","0","0","0","0","0","0","0","0","0","0","0","0",
"860Z200US13302","ZCTA5 13302","1594","1496","1469","6","12","5","0","4","98","93","13","47","2","1","26","0","0","0","3","0","0","1","0","0","0","4","3","0","0","0","1","0","0","0","0","0","0","0","0","0","0","0","0","0","0","0","1","1","0","0","0","0","0","0","0","0","0","0","0","0","0","0","0","0","0","0","0","0","0","0","0",
"860Z200US13303","ZCTA5 13303","1140","1115","1099","3","1","12","0","0","25","22","2","7","1","0","12","0","0","0","0","0","0","0","0","0","0","3","1","0","0","2","0","0","0","0","0","0","0","0","0","0","0","0","0","0","0","0","0","0","0","0","0","0","0","0","0","0","0","0","0","0","0","0","0","0","0","0","0","0","0","0","0",
"860Z200US13304","ZCTA5 13304","1573","1509","1482","3","1","12","0","11","64","61","4","11","8","5","30","0","0","0","3","0","0","0","0","0","0","3","1","0","0","0","0","0","0","0","0","1","0","0","0","1","0","0","0","0","0","0","0","0","0","0","0","0","0","0","0","0","0","0","0","0","0","0","0","0","0","0","0","0","0","0","0",
"860Z200US13305","ZCTA5 13305","275","269","267","0","1","1","0","0","6","6","0","4","0","0","2","0","0","0","0","0","0","0","0","0","0","0","0","0","0","0","0","0","0","0","0","0","0","0","0","0","0","0","0","0","0","0","0","0","0","0","0","0","0","0","0","0","0","0","0","0","0","0","0","0","0","0","0","0","0","0","0",
"860Z200US13308","ZCTA5 13308","3722","3594","3548","16","15","7","1","7","128","119","15","46","6","2","43","1","2","1","0","0","1","0","0","2","0","9","1","0","0","0","0","0","4","1","0","0","0","0","0","3","0","0","0","0","0","0","0","0","0","0","0","0","0","0","0","0","0","0","0","0","0","0","0","0","0","0","0","0","0","0","0",
"860Z200US13309","ZCTA5 13309","5906","5684","5604","22","8","28","2","20","222","214","24","78","5","4","98","2","0","1","0","2","0","0","0","0","0","6","0","0","0","5","0","0","1","0","0","0","0","0","0","0","0","0","0","0","0","0","1","0","0","0","0","1","0","0","0","0","0","0","0","0","0","0","1","1","0","0","0","0","0","0","0",
"860Z200US13310","ZCTA5 13310","591","549","541","3","4","1","0","0","42","40","4","24","0","0","12","0","0","0","0","0","0","0","0","0","0","0","0","0","0","0","0","0","0","0","0","0","0","0","0","0","0","0","0","0","0","0","1","0","0","1","0","0","0","0","0","0","0","0","0","0","0","0","1","0","1","0","0","0","0","0","0",
"860Z200US13312","ZCTA5 13312","332","326","319","0","1","1","0","5","6","5","0","0","0","0","5","0","0","0","0","0","0","0","0","0","0","0","0","0","0","0","0","0","0","0","0","0","0","0","0","0","0","0","0","0","0","0","0","0","0","0","0","0","0","0","0","0","0","0","0","0","0","0","1","0","0","0","0","0","1","0","0",
"860Z200US13313","ZCTA5 13313","520","479","470","7","1","0","0","1","41","40","3","18","2","0","17","0","0","0","0","0","0","0","0","0","0","1","0","0","0","1","0","0","0","0","0","0","0","0","0","0","0","0","0","0","0","0","0","0","0","0","0","0","0","0","0","0","0","0","0","0","0","0","0","0","0","0","0","0","0","0","0",
"860Z200US13314","ZCTA5 13314","86","81","81","0","0","0","0","0","5","4","1","3","0","0","0","0","0","0","0","0","0","0","0","0","0","0","0","0","0","0","0","0","0","0","0","0","0","0","0","0","0","0","0","0","0","0","1","0","0","0","1","0","0","0","0","0","0","0","0","0","0","0","0","0","0","0","0","0","0","0","0",
"860Z200US13315","ZCTA5 13315","1228","1174","1161","4","3","2","0","4","54","49","0","13","2","1","31","0","0","0","2","0","0","0","0","0","0","5","0","0","0","1","0","0","0","0","0","0","0","0","2","0","1","1","0","0","0","0","0","0","0","0","0","0","0","0","0","0","0","0","0","0","0","0","0","0","0","0","0","0","0","0","0",
"860Z200US13316","ZCTA5 13316","6512","6198","5964","156","14","17","0","47","314","304","30","115","13","0","142","1","0","0","2","0","0","0","0","0","1","9","4","0","0","2","1","0","1","1","0","0","0","0","0","0","0","0","0","0","0","0","0","0","0","0","0","0","0","0","0","0","0","0","0","0","0","0","1","0","1","0","0","0","0","0","0",
"860Z200US13317","ZCTA5 13317","3758","3505","3377","21","8","34","3","62","253","247","40","80","24","2","98","0","0","0","2","0","0","0","0","0","1","5","0","1","0","1","0","0","2","0","0","0","0","0","0","0","0","0","0","0","0","1","0","0","0","0","0","0","0","0","0","0","0","0","0","0","0","0","1","0","1","0","0","0","0","0","0",
"860Z200US13318","ZCTA5 13318","1306","1218","1151","13","2","3","1","48","88","85","28","19","7","0","28","0","1","0","1","1","0","0","0","0","0","3","0","1","0","1","0","0","1","0","0","0","0","0","0","0","0","0","0","0","0","0","0","0","0","0","0","0","0","0","0","0","0","0","0","0","0","0","0","0","0","0","0","0","0","0","0",
"860Z200US13319","ZCTA5 13319","795","757","736","4","0","8","1","8","38","37","4","1","3","0","28","0","0","0","1","0","0","0","0","0","0","1","0","0","0","1","0","0","0","0","0","0","0","0","0","0","0","0","0","0","0","0","0","0","0","0","0","0","0","0","0","0","0","0","0","0","0","0","0","0","0","0","0","0","0","0","0",
"860Z200US13320","ZCTA5 13320","2068","1994","1968","9","3","7","0","7","74","71","14","29","5","4","17","0","0","0","1","0","0","0","0","1","0","2","0","0","0","0","0","0","0","0","0","0","0","0","0","1","1","0","0","0","0","0","1","0","0","1","0","0","0","0","0","0","0","0","0","0","0","0","0","0","0","0","0","0","0","0","0",
"860Z200US13321","ZCTA5 13321","1026","974","947","10","2","6","0","9","52","48","14","11","4","0","19","0","0","0","0","0","0","0","0","0","0","4","1","0","0","0","0","0","2","0","1","0","0","0","0","0","0","0","0","0","0","0","0","0","0","0","0","0","0","0","0","0","0","0","0","0","0","0","0","0","0","0","0","0","0","0","0",
"860Z200US13322","ZCTA5 13322","1102","1038","1001","11","0","7","3","16","64","60","6","14","3","0","33","0","0","0","1","0","0","0","0","2","1","4","1","1","0","0","0","0","2","0","0","0","0","0","0","0","0","0","0","0","0","0","0","0","0","0","0","0","0","0","0","0","0","0","0","0","0","0","0","0","0","0","0","0","0","0","0",
"860Z200US13323","ZCTA5 13323","11415","10829","10143","183","19","348","4","132","586","570","58","102","115","1","277","1","1","0","13","0","0","0","0","2","0","14","8","0","0","2","0","0","2","0","2","0","0","0","0","0","0","0","0","0","0","0","2","0","0","2","0","0","0","0","0","0","0","0","0","0","0","0","0","0","0","0","0","0","0","0","0",
"860Z200US13324","ZCTA5 13324","1963","1848","1824","3","7","9","1","4","115","107","3","34","7","0","58","3","0","0","0","0","0","1","0","1","0","7","2","0","0","1","0","0","4","0","0","0","0","0","0","0","0","0","0","0","0","0","1","0","1","0","0","0","0","0","0","0","0","0","0","0","0","0","0","0","0","0","0","0","0","0","0",
"860Z200US13325","ZCTA5 13325","980","948","930","3","6","3","1","5","32","29","3","5","0","1","20","0","0","0","0","0","0","0","0","0","0","0","0","0","0","0","0","0","0","0","0","0","0","0","0","0","0","0","0","0","0","0","1","0","0","0","0","0","0","0","0","0","1","0","0","0","0","0","2","0","0","0","0","0","2","0","0",
"860Z200US13326","ZCTA5 13326","4893","4634","4374","55","1","168","0","36","259","247","13","74","40","2","115","0","1","0","1","0","0","0","0","1","0","10","2","1","0","2","0","0","2","0","2","0","1","0","0","0","0","0","0","0","0","0","2","0","0","0","0","2","0","0","0","0","0","0","0","0","0","0","0","0","0","0","0","0","0","0","0",
"860Z200US13327","ZCTA5 13327","2234","2169","2145","5","6","8","0","5","65","62","3","10","11","5","33","0","0","0","0","0","0","0","0","0","0","0","0","0","0","0","0","0","0","0","0","0","0","0","0","0","0","0","0","0","0","0","3","0","0","0","0","0","0","0","0","0","1","0","1","0","0","1","0","0","0","0","0","0","0","0","0",
"860Z200US13328","ZCTA5 13328","1147","1100","1067","8","0","13","0","12","47","45","2","18","0","0","21","2","0","0","1","0","0","1","0","0","0","2","0","0","0","1","0","0","1","0","0","0","0","0","0","0","0","0","0","0","0","0","0","0","0","0","0","0","0","0","0","0","0","0","0","0","0","0","0","0","0","0","0","0","0","0","0",
"860Z200US13329","ZCTA5 13329","3789","3571","3514","11","7","14","0","25","218","210","20","57","19","0","112","1","0","0","0","0","0","0","1","0","0","6","1","0","0","2","0","0","0","1","0","1","0","0","0","0","0","0","0","0","0","1","2","0","0","1","0","0","0","0","0","0","0","0","0","0","0","1","0","0","0","0","0","0","0","0","0",
"860Z200US13331","ZCTA5 13331","210","200","193","1","2","3","0","1","10","10","0","2","3","0","3","0","0","0","0","0","0","2","0","0","0","0","0","0","0","0","0","0","0","0","0","0","0","0","0","0","0","0","0","0","0","0","0","0","0","0","0","0","0","0","0","0","0","0","0","0","0","0","0","0","0","0","0","0","0","0","0",
"860Z200US13332","ZCTA5 13332","2471","2352","2333","7","1","3","0","8","119","113","11","50","6","0","43","2","0","0","0","0","0","0","1","0","0","4","2","0","0","0","0","0","1","0","0","0","1","0","0","0","0","0","0","0","0","0","2","0","0","0","0","1","0","0","0","0","0","0","1","0","0","0","0","0","0","0","0","0","0","0","0",
"860Z200US13333","ZCTA5 13333","92","85","83","0","0","1","0","1","7","6","0","1","0","0","3","0","0","0","1","0","0","0","0","0","1","1","0","0","0","0","0","0","1","0","0","0","0","0","0","0","0","0","0","0","0","0","0","0","0","0","0","0","0","0","0","0","0","0","0","0","0","0","0","0","0","0","0","0","0","0","0",
"860Z200US13334","ZCTA5 13334","1223","1158","1141","4","9","0","0","4","65","60","5","19","1","0","35","0","0","0","0","0","0","0","0","0","0","4","2","1","0","0","1","0","0","0","0","0","0","0","0","0","0","0","0","0","0","0","1","0","0","0","0","0","0","0","0","0","0","0","0","0","1","0","0","0","0","0","0","0","0","0","0",
"860Z200US13335","ZCTA5 13335","1525","1470","1454","10","0","4","1","1","55","53","1","16","2","0","33","0","0","0","1","0","0","0","0","0","0","1","0","0","0","0","0","0","1","0","0","0","0","0","0","0","0","0","0","0","0","0","1","0","0","1","0","0","0","0","0","0","0","0","0","0","0","0","0","0","0","0","0","0","0","0","0",
"860Z200US13337","ZCTA5 13337","686","659","633","5","1","12","0","8","27","27","1","5","4","0","17","0","0","0","0","0","0","0","0","0","0","0","0","0","0","0","0","0","0","0","0","0","0","0","0","0","0","0","0","0","0","0","0","0","0","0","0","0","0","0","0","0","0","0","0","0","0","0","0","0","0","0","0","0","0","0","0",
"860Z200US13338","ZCTA5 13338","1187","1155","1139","4","7","1","0","4","32","31","0","6","1","0","20","0","0","0","1","0","0","3","0","0","0","1","1","0","0","0","0","0","0","0","0","0","0","0","0","0","0","0","0","0","0","0","0","0","0","0","0","0","0","0","0","0","0","0","0","0","0","0","0","0","0","0","0","0","0","0","0",
"860Z200US13339","ZCTA5 13339","6646","6274","6133","59","18","21","3","40","372","354","42","133","22","0","149","1","0","0","4","0","0","0","0","2","1","17","5","1","0","0","1","2","6","1","1","0","0","0","0","0","0","0","0","0","0","0","1","0","0","1","0","0","0","0","0","0","0","0","0","0","0","0","0","0","0","0","0","0","0","0","0",
"860Z200US13340","ZCTA5 13340","7652","7283","7097","86","22","32","4","42","369","356","77","90","26","0","152","1","0","0","7","0","0","2","0","0","1","9","1","1","0","2","0","0","3","0","1","0","0","0","0","0","1","0","0","0","0","0","1","0","0","0","0","0","0","0","0","0","0","1","0","0","0","0","2","2","0","0","0","0","0","1","1",
"860Z200US13342","ZCTA5 13342","144","142","142","0","0","0","0","0","2","2","1","0","0","0","1","0","0","0","0","0","0","0","0","0","0","0","0","0","0","0","0","0","0","0","0","0","0","0","0","0","0","0","0","0","0","0","0","0","0","0","0","0","0","0","0","0","0","0","0","0","0","0","0","0","0","0","0","0","0","0","0",
"860Z200US13343","ZCTA5 13343","1594","1530","1516","1","3","3","0","7","64","61","1","32","4","0","24","0","0","0","0","0","0","0","0","0","0","3","0","0","0","0","1","0","0","0","0","0","0","0","2","0","0","0","0","0","0","0","0","0","0","0","0","0","0","0","0","0","0","0","0","0","0","0","0","0","0","0","0","0","0","0","0",
"860Z200US13345","ZCTA5 13345","192","183","179","4","0","0","0","0","9","9","0","5","1","0","3","0","0","0","0","0","0","0","0","0","0","0","0","0","0","0","0","0","0","0","0","0","0","0","0","0","0","0","0","0","0","0","0","0","0","0","0","0","0","0","0","0","0","0","0","0","0","0","0","0","0","0","0","0","0","0","0",
"860Z200US13346","ZCTA5 13346","6427","5985","5357","163","9","360","0","96","442","423","59","44","101","2","200","6","0","2","7","0","2","0","0","0","0","15","4","0","0","4","0","0","5","1","0","0","0","0","0","1","0","0","0","0","0","0","4","0","0","0","2","0","0","0","0","0","0","0","1","0","1","0","0","0","0","0","0","0","0","0","0",
"860Z200US13348","ZCTA5 13348","1323","1246","1218","3","0","13","0","12","77","72","6","25","9","0","32","0","0","0","0","0","0","0","0","0","0","3","1","0","0","0","1","0","0","0","0","0","1","0","0","0","0","0","0","0","0","0","2","0","0","1","0","0","0","0","0","0","1","0","0","0","0","0","0","0","0","0","0","0","0","0","0",
"860Z200US13350","ZCTA5 13350","9513","8921","8341","350","21","127","6","76","592","562","149","163","26","5","205","0","0","0","11","3","0","0","0","0","0","24","9","1","0","2","2","0","6","2","0","0","0","2","0","0","0","0","0","0","0","0","3","1","0","2","0","0","0","0","0","0","0","0","0","0","0","0","2","2","0","0","0","0","0","1","1",
"860Z200US13352","ZCTA5 13352","81","79","79","0","0","0","0","0","2","1","0","1","0","0","0","0","0","0","0","0","0","0","0","0","0","0","0","0","0","0","0","0","0","0","0","0","0","0","0","0","0","0","0","0","0","0","1","0","0","0","0","0","0","0","0","0","1","0","0","0","0","0","0","0","0","0","0","0","0","0","0",
"860Z200US13353","ZCTA5 13353","92","88","88","0","0","0","0","0","4","4","0","1","1","0","2","0","0","0","0","0","0","0","0","0","0","0","0","0","0","0","0","0","0","0","0","0","0","0","0","0","0","0","0","0","0","0","0","0","0","0","0","0","0","0","0","0","0","0","0","0","0","0","0","0","0","0","0","0","0","0","0",
"860Z200US13354","ZCTA5 13354","3339","3212","3173","10","3","16","0","10","127","122","12","36","12","0","59","0","0","0","3","0","0","0","0","0","0","4","1","1","0","0","0","0","1","0","0","0","0","0","0","1","0","0","0","0","0","0","0","0","0","0","0","0","0","0","0","0","0","0","0","0","0","0","1","0","1","0","0","0","0","0","0",
"860Z200US13355","ZCTA5 13355","856","798","783","4","2","4","0","5","58","53","2","23","4","0","24","0","0","0","0","0","0","0","0","0","0","5","0","0","0","0","1","0","2","0","0","0","0","0","0","1","0","0","0","1","0","0","0","0","0","0","0","0","0","0","0","0","0","0","0","0","0","0","0","0","0","0","0","0","0","0","0",
"860Z200US13357","ZCTA5 13357","10330","9640","9326","181","10","52","5","66","690","649","133","178","26","1","298","3","0","0","6","1","0","3","0","0","0","32","17","1","0","5","0","0","3","1","0","1","0","0","0","3","1","0","0","0","0","0","9","1","1","5","0","0","0","1","1","0","0","0","0","0","0","0","0","0","0","0","0","0","0","0","0",
"860Z200US13360","ZCTA5 13360","350","341","336","0","4","0","0","1","9","7","1","6","0","0","0","0","0","0","0","0","0","0","0","0","0","2","0","0","0","0","0","0","0","0","0","0","0","0","0","0","2","0","0","0","0","0","0","0","0","0","0","0","0","0","0","0","0","0","0","0","0","0","0","0","0","0","0","0","0","0","0",
"860Z200US13361","ZCTA5 13361","825","803","782","2","6","4","0","9","22","22","4","5","0","0","12","0","0","0","1","0","0","0","0","0","0","0","0","0","0","0","0","0","0","0","0","0","0","0","0","0","0","0","0","0","0","0","0","0","0","0","0","0","0","0","0","0","0","0","0","0","0","0","0","0","0","0","0","0","0","0","0",
"860Z200US13363","ZCTA5 13363","2240","2125","2083","25","4","7","0","6","115","106","12","42","15","0","36","0","1","0","0","0","0","0","0","0","0","9","2","0","0","3","0","1","3","0","0","0","0","0","0","0","0","0","0","0","0","0","0","0","0","0","0","0","0","0","0","0","0","0","0","0","0","0","0","0","0","0","0","0","0","0","0",
"860Z200US13364","ZCTA5 13364","225","216","213","3","0","0","0","0","9","9","3","3","0","0","3","0","0","0","0","0","0","0","0","0","0","0","0","0","0","0","0","0","0","0","0","0","0","0","0","0","0","0","0","0","0","0","0","0","0","0","0","0","0","0","0","0","0","0","0","0","0","0","0","0","0","0","0","0","0","0","0",
"860Z200US13365","ZCTA5 13365","8448","7955","7775","45","14","48","9","64","493","474","47","156","24","6","228","0","0","0","8","0","0","0","2","3","0","13","1","1","0","4","0","0","3","0","0","0","0","0","0","0","3","0","1","0","0","0","5","0","0","2","0","1","0","0","0","0","0","0","0","0","0","2","1","1","0","0","0","0","0","0","0",
"860Z200US13367","ZCTA5 13367","8678","8307","8116","44","16","32","5","94","371","350","55","121","25","4","142","0","0","0","2","0","0","0","0","1","0","16","0","0","0","3","3","0","0","1","2","4","2","0","0","0","0","0","1","0","0","0","4","0","0","0","0","2","0","0","0","0","2","0","0","0","0","0","1","0","0","0","0","0","1","0","0",
"860Z200US13368","ZCTA5 13368","1161","1118","1107","5","2","0","1","3","43","40","6","18","1","1","14","0","0","0","0","0","0","0","0","0","0","3","0","0","0","0","1","0","0","1","1","0","0","0","0","0","0","0","0","0","0","0","0","0","0","0","0","0","0","0","0","0","0","0","0","0","0","0","0","0","0","0","0","0","0","0","0",
"860Z200US13402","ZCTA5 13402","1364","1294","1271","14","1","5","0","3","70","66","2","29","2","0","33","0","0","0","0","0","0","0","0","0","0","3","0","0","0","0","1","0","2","0","0","0","0","0","0","0","0","0","0","0","0","0","0","0","0","0","0","0","0","0","0","0","0","0","0","0","0","0","1","1","0","0","0","0","0","0","0",
"860Z200US13403","ZCTA5 13403","6844","6670","5177","1102","53","99","2","237","174","170","27","28","21","0","84","3","1","1","5","0","0","0","0","0","0","3","1","0","0","0","0","0","0","2","0","0","0","0","0","0","0","0","0","0","0","0","1","0","0","1","0","0","0","0","0","0","0","0","0","0","0","0","0","0","0","0","0","0","0","0","0",
"860Z200US13404","ZCTA5 13404","167","163","161","0","0","0","0","2","4","4","0","1","0","0","3","0","0","0","0","0","0","0","0","0","0","0","0","0","0","0","0","0","0","0","0","0","0","0","0","0","0","0","0","0","0","0","0","0","0","0","0","0","0","0","0","0","0","0","0","0","0","0","0","0","0","0","0","0","0","0","0",
"860Z200US13406","ZCTA5 13406","392","373","369","1","0","1","0","2","19","19","3","8","0","0","8","0","0","0","0","0","0","0","0","0","0","0","0","0","0","0","0","0","0","0","0","0","0","0","0","0","0","0","0","0","0","0","0","0","0","0","0","0","0","0","0","0","0","0","0","0","0","0","0","0","0","0","0","0","0","0","0",
"860Z200US13407","ZCTA5 13407","4930","4664","4587","23","7","19","5","23","266","257","30","79","19","0","128","0","0","0","1","0","0","0","0","0","0","6","4","0","0","0","0","0","0","1","0","0","0","0","0","1","0","0","0","0","0","0","3","2","0","1","0","0","0","0","0","0","0","0","0","0","0","0","0","0","0","0","0","0","0","0","0",
"860Z200US13408","ZCTA5 13408","3452","3259","2700","459","13","18","0","69","193","182","25","54","7","0","83","2","0","0","8","0","0","0","2","1","0","5","0","0","0","3","0","0","2","0","0","0","0","0","0","0","0","0","0","0","0","0","3","0","0","1","0","0","0","0","0","0","0","2","0","0","0","0","3","0","3","0","0","0","0","0","0",
"860Z200US13409","ZCTA5 13409","2325","2182","2129","4","33","0","0","16","143","141","14","40","6","0","80","0","0","0","1","0","0","0","0","0","0","2","1","0","0","0","0","0","1","0","0","0","0","0","0","0","0","0","0","0","0","0","0","0","0","0","0","0","0","0","0","0","0","0","0","0","0","0","0","0","0","0","0","0","0","0","0",
"860Z200US13410","ZCTA5 13410","336","319","315","1","0","2","0","1","17","17","2","4","1","0","10","0","0","0","0","0","0","0","0","0","0","0","0","0","0","0","0","0","0","0","0","0","0","0","0","0","0","0","0","0","0","0","0","0","0","0","0","0","0","0","0","0","0","0","0","0","0","0","0","0","0","0","0","0","0","0","0",
"860Z200US13411","ZCTA5 13411","3129","2904","2855","12","9","13","0","15","225","221","23","56","7","0","131","0","0","0","2","0","0","0","1","0","1","3","0","0","0","0","1","0","0","1","0","0","0","0","0","0","0","1","0","0","0","0","1","0","0","1","0","0","0","0","0","0","0","0","0","0","0","0","0","0","0","0","0","0","0","0","0",
"860Z200US13413","ZCTA5 13413","15574","14929","13812","190","18","748","6","155","645","602","90","104","107","2","276","4","0","0","12","0","0","5","0","2","0","33","13","7","0","8","0","0","0","2","2","0","0","0","0","1","0","0","0","0","0","0","7","0","0","7","0","0","0","0","0","0","0","0","0","0","0","0","3","0","2","1","0","0","0","0","0",
"860Z200US13415","ZCTA5 13415","98","92","86","0","0","1","0","5","6","6","0","1","0","0","4","1","0","0","0","0","0","0","0","0","0","0","0","0","0","0","0","0","0","0","0","0","0","0","0","0","0","0","0","0","0","0","0","0","0","0","0","0","0","0","0","0","0","0","0","0","0","0","0","0","0","0","0","0","0","0","0",
"860Z200US13416","ZCTA5 13416","2099","2030","2010","9","1","2","1","7","69","65","13","22","1","0","29","0","0","0","0","0","0","0","0","0","0","2","0","0","0","0","0","0","1","0","0","0","0","0","0","0","0","0","0","0","0","1","1","0","0","0","0","0","0","1","0","0","0","0","0","0","0","0","1","0","1","0","0","0","0","0","0",
"860Z200US13417","ZCTA5 13417","3280","3152","2964","102","6","34","1","45","128","127","27","15","7","0","78","0","0","0","0","0","0","0","0","0","0","1","0","0","0","0","0","0","1","0","0","0","0","0","0","0","0","0","0","0","0","0","0","0","0","0","0","0","0","0","0","0","0","0","0","0","0","0","0","0","0","0","0","0","0","0","0",
"860Z200US13418","ZCTA5 13418","241","233","233","0","0","0","0","0","8","8","0","6","0","0","2","0","0","0","0","0","0","0","0","0","0","0","0","0","0","0","0","0","0","0","0","0","0","0","0","0","0","0","0","0","0","0","0","0","0","0","0","0","0","0","0","0","0","0","0","0","0","0","0","0","0","0","0","0","0","0","0",
"860Z200US13420","ZCTA5 13420","1263","1213","1195","4","5","3","0","6","50","48","6","18","5","0","19","0","0","0","0","0","0","0","0","0","0","1","1","0","0","0","0","0","0","0","0","0","0","0","0","0","0","0","0","0","0","0","0","0","0","0","0","0","0","0","0","0","0","0","0","0","0","0","1","1","0","0","0","0","0","0","0",
"860Z200US13421","ZCTA5 13421","12807","12149","11567","137","235","121","4","85","658","631","111","212","35","0","258","5","0","1","1","2","1","3","1","1","0","23","7","0","1","4","1","0","6","1","2","0","0","0","1","0","0","0","0","0","0","0","4","0","0","3","0","0","0","0","0","0","0","1","0","0","0","0","0","0","0","0","0","0","0","0","0",
"860Z200US13424","ZCTA5 13424","2450","2326","2186","101","8","18","0","13","124","118","19","20","7","0","67","2","0","2","1","0","0","0","0","0","0","6","3","0","0","1","0","0","1","0","1","0","0","0","0","0","0","0","0","0","0","0","0","0","0","0","0","0","0","0","0","0","0","0","0","0","0","0","0","0","0","0","0","0","0","0","0",
"860Z200US13425","ZCTA5 13425","2052","1960","1925","9","1","7","2","16","92","88","8","41","8","0","28","0","0","0","1","2","0","0","0","0","0","4","3","0","0","0","0","0","1","0","0","0","0","0","0","0","0","0","0","0","0","0","0","0","0","0","0","0","0","0","0","0","0","0","0","0","0","0","0","0","0","0","0","0","0","0","0",
"860Z200US13428","ZCTA5 13428","1592","1522","1483","18","2","4","0","15","70","68","4","19","4","0","33","0","0","0","3","0","0","2","0","0","3","2","1","0","0","0","0","1","0","0","0","0","0","0","0","0","0","0","0","0","0","0","0","0","0","0","0","0","0","0","0","0","0","0","0","0","0","0","0","0","0","0","0","0","0","0","0",
"860Z200US13431","ZCTA5 13431","1960","1891","1847","13","1","7","3","20","69","68","8","21","3","0","35","1","0","0","0","0","0","0","0","0","0","0","0","0","0","0","0","0","0","0","0","0","0","0","0","0","0","0","0","0","0","0","1","0","0","0","0","1","0","0","0","0","0","0","0","0","0","0","0","0","0","0","0","0","0","0","0",
"860Z200US13433","ZCTA5 13433","1537","1464","1455","4","2","1","0","2","73","70","9","16","3","3","37","0","0","0","0","0","0","0","0","0","2","2","0","0","0","1","0","0","0","0","0","0","0","0","1","0","0","0","0","0","0","0","0","0","0","0","0","0","0","0","0","0","0","0","0","0","0","0","0","0","0","0","0","0","0","1","1",
"860Z200US13435","ZCTA5 13435","248","229","228","0","0","1","0","0","19","18","1","4","3","0","9","1","0","0","0","0","0","0","0","0","0","1","0","0","0","0","0","0","1","0","0","0","0","0","0","0","0","0","0","0","0","0","0","0","0","0","0","0","0","0","0","0","0","0","0","0","0","0","0","0","0","0","0","0","0","0","0",
"860Z200US13436","ZCTA5 13436","106","101","101","0","0","0","0","0","5","5","0","2","0","0","3","0","0","0","0","0","0","0","0","0","0","0","0","0","0","0","0","0","0","0","0","0","0","0","0","0","0","0","0","0","0","0","0","0","0","0","0","0","0","0","0","0","0","0","0","0","0","0","0","0","0","0","0","0","0","0","0",
"860Z200US13437","ZCTA5 13437","404","379","368","2","1","4","0","4","25","23","2","3","0","0","14","0","0","0","2","0","0","2","0","0","0","2","0","0","0","0","0","0","1","0","1","0","0","0","0","0","0","0","0","0","0","0","0","0","0","0","0","0","0","0","0","0","0","0","0","0","0","0","0","0","0","0","0","0","0","0","0",
"860Z200US13438","ZCTA5 13438","3626","3476","3417","17","11","17","0","14","150","145","7","47","12","0","77","0","1","1","0","0","0","0","0","0","0","2","0","0","0","0","0","0","1","0","0","0","0","0","0","1","0","0","0","0","0","0","2","0","0","2","0","0","0","0","0","0","0","0","0","0","0","0","1","1","0","0","0","0","0","0","0",
"860Z200US13439","ZCTA5 13439","3681","3501","3417","28","12","27","0","17","180","173","15","67","6","2","79","0","0","0","2","0","0","0","2","0","0","6","2","0","0","1","0","0","2","0","0","0","0","0","0","0","1","0","0","0","0","0","0","0","0","0","0","0","0","0","0","0","0","0","0","0","0","0","1","1","0","0","0","0","0","0","0",
"860Z200US13440","ZCTA5 13440","41024","38294","34600","2306","152","489","24","723","2730","2553","695","560","206","18","919","31","10","4","88","1","0","6","5","2","8","161","75","10","1","32","4","0","22","4","1","0","7","0","2","1","1","0","0","0","1","0","15","2","0","12","0","0","0","0","0","0","1","0","0","0","0","0","1","1","0","0","0","0","0","0","0",
"860Z200US13441","ZCTA5 13441","130","124","104","6","0","9","0","5","6","5","2","1","0","0","1","0","0","0","0","0","0","0","0","0","1","1","1","0","0","0","0","0","0","0","0","0","0","0","0","0","0","0","0","0","0","0","0","0","0","0","0","0","0","0","0","0","0","0","0","0","0","0","0","0","0","0","0","0","0","0","0",
"860Z200US13450","ZCTA5 13450","169","161","156","1","0","4","0","0","8","8","3","0","1","0","3","0","0","0","0","0","0","1","0","0","0","0","0","0","0","0","0","0","0","0","0","0","0","0","0","0","0","0","0","0","0","0","0","0","0","0","0","0","0","0","0","0","0","0","0","0","0","0","0","0","0","0","0","0","0","0","0",
"860Z200US13452","ZCTA5 13452","4445","4191","4128","20","9","4","1","29","254","246","9","78","9","1","138","1","1","0","2","1","0","3","0","3","0","6","1","0","0","2","1","0","2","0","0","0","0","0","0","0","0","0","0","0","0","0","0","0","0","0","0","0","0","0","0","0","0","0","0","0","0","0","2","2","0","0","0","0","0","0","0",
"860Z200US13454","ZCTA5 13454","608","577","577","0","0","0","0","0","31","30","9","8","3","0","10","0","0","0","0","0","0","0","0","0","0","1","0","0","0","0","0","0","0","0","0","0","0","1","0","0","0","0","0","0","0","0","0","0","0","0","0","0","0","0","0","0","0","0","0","0","0","0","0","0","0","0","0","0","0","0","0",
"860Z200US13455","ZCTA5 13455","57","57","56","0","1","0","0","0","0","0","0","0","0","0","0","0","0","0","0","0","0","0","0","0","0","0","0","0","0","0","0","0","0","0","0","0","0","0","0","0","0","0","0","0","0","0","0","0","0","0","0","0","0","0","0","0","0","0","0","0","0","0","0","0","0","0","0","0","0","0","0",
"860Z200US13456","ZCTA5 13456","3941","3763","3695","22","3","23","1","19","178","171","28","53","8","1","74","0","0","0","4","1","0","1","0","1","0","7","3","2","0","0","0","0","2","0","0","0","0","0","0","0","0","0","0","0","0","0","0","0","0","0","0","0","0","0","0","0","0","0","0","0","0","0","0","0","0","0","0","0","0","0","0",
"860Z200US13457","ZCTA5 13457","78","76","72","3","0","0","0","1","2","2","0","2","0","0","0","0","0","0","0","0","0","0","0","0","0","0","0","0","0","0","0","0","0","0","0","0","0","0","0","0","0","0","0","0","0","0","0","0","0","0","0","0","0","0","0","0","0","0","0","0","0","0","0","0","0","0","0","0","0","0","0",
"860Z200US13459","ZCTA5 13459","1956","1863","1811","15","6","13","0","18","93","86","19","25","3","2","37","0","0","0","0","0","0","0","0","0","0","3","1","0","0","1","0","0","0","0","1","0","0","0","0","0","0","0","0","0","0","0","3","0","0","2","0","0","0","0","0","0","1","0","0","0","0","0","1","0","0","1","0","0","0","0","0",
"860Z200US13460","ZCTA5 13460","4309","4086","4020","20","10","12","0","24","223","205","15","83","9","1","94","1","0","0","0","0","0","0","0","2","0","12","9","0","0","0","0","0","0","1","0","0","2","0","0","0","0","0","0","0","0","0","4","0","0","0","0","0","0","0","0","0","1","0","1","2","0","0","2","0","2","0","0","0","0","0","0",
"860Z200US13461","ZCTA5 13461","3111","2958","2888","11","5","47","0","7","153","153","21","34","24","4","66","0","0","0","1","1","0","2","0","0","0","0","0","0","0","0","0","0","0","0","0","0","0","0","0","0","0","0","0","0","0","0","0","0","0","0","0","0","0","0","0","0","0","0","0","0","0","0","0","0","0","0","0","0","0","0","0",
"860Z200US13464","ZCTA5 13464","1182","1125","1108","3","4","4","0","6","57","53","4","24","6","0","19","0","0","0","0","0","0","0","0","0","0","0","0","0","0","0","0","0","0","0","0","0","0","0","0","0","0","0","0","0","0","0","4","0","0","4","0","0","0","0","0","0","0","0","0","0","0","0","0","0","0","0","0","0","0","0","0",
"860Z200US13468","ZCTA5 13468","321","301","298","2","0","0","0","1","20","19","1","6","1","1","10","0","0","0","0","0","0","0","0","0","0","0","0","0","0","0","0","0","0","0","0","0","0","0","0","0","0","0","0","0","0","0","0","0","0","0","0","0","0","0","0","0","0","0","0","0","0","0","1","0","0","1","0","0","0","0","0",
"860Z200US13469","ZCTA5 13469","753","725","706","7","2","5","0","5","28","27","0","14","0","0","8","3","0","0","2","0","0","0","0","0","0","1","0","0","0","0","0","0","1","0","0","0","0","0","0","0","0","0","0","0","0","0","0","0","0","0","0","0","0","0","0","0","0","0","0","0","0","0","0","0","0","0","0","0","0","0","0",
"860Z200US13470","ZCTA5 13470","633","598","587","1","7","3","0","0","35","35","5","12","3","0","15","0","0","0","0","0","0","0","0","0","0","0","0","0","0","0","0","0","0","0","0","0","0","0","0","0","0","0","0","0","0","0","0","0","0","0","0","0","0","0","0","0","0","0","0","0","0","0","0","0","0","0","0","0","0","0","0",
"860Z200US13471","ZCTA5 13471","3023","2904","2850","30","5","9","0","10","119","114","14","37","9","0","50","2","1","0","0","1","0","0","0","0","0","4","3","0","0","0","0","0","0","0","0","0","0","0","0","0","0","1","0","0","0","0","1","0","0","0","0","0","0","0","0","0","0","0","1","0","0","0","0","0","0","0","0","0","0","0","0",
"860Z200US13472","ZCTA5 13472","292","284","281","2","0","1","0","0","8","8","1","5","0","0","2","0","0","0","0","0","0","0","0","0","0","0","0","0","0","0","0","0","0","0","0","0","0","0","0","0","0","0","0","0","0","0","0","0","0","0","0","0","0","0","0","0","0","0","0","0","0","0","0","0","0","0","0","0","0","0","0",
"860Z200US13473","ZCTA5 13473","786","763","755","4","0","0","1","3","23","23","5","13","0","0","5","0","0","0","0","0","0","0","0","0","0","0","0","0","0","0","0","0","0","0","0","0","0","0","0","0","0","0","0","0","0","0","0","0","0","0","0","0","0","0","0","0","0","0","0","0","0","0","0","0","0","0","0","0","0","0","0",
"860Z200US13475","ZCTA5 13475","76","73","72","0","0","0","0","1","3","3","0","0","1","0","2","0","0","0","0","0","0","0","0","0","0","0","0","0","0","0","0","0","0","0","0","0","0","0","0","0","0","0","0","0","0","0","0","0","0","0","0","0","0","0","0","0","0","0","0","0","0","0","0","0","0","0","0","0","0","0","0",
"860Z200US13476","ZCTA5 13476","3092","2955","2862","23","12","33","1","24","137","129","22","28","21","0","51","2","1","1","2","1","0","0","0","0","0","7","2","0","0","3","0","0","2","0","0","0","0","0","0","0","0","0","0","0","0","0","1","0","0","0","0","0","0","0","1","0","0","0","0","0","0","0","0","0","0","0","0","0","0","0","0",
"860Z200US13477","ZCTA5 13477","1279","1233","1221","5","5","0","1","1","46","46","4","14","3","0","25","0","0","0","0","0","0","0","0","0","0","0","0","0","0","0","0","0","0","0","0","0","0","0","0","0","0","0","0","0","0","0","0","0","0","0","0","0","0","0","0","0","0","0","0","0","0","0","0","0","0","0","0","0","0","0","0",
"860Z200US13478","ZCTA5 13478","3084","2929","2838","22","27","27","0","15","155","151","19","50","6","0","75","0","0","0","0","0","0","1","0","0","0","4","1","0","0","0","1","0","2","0","0","0","0","0","0","0","0","0","0","0","0","0","0","0","0","0","0","0","0","0","0","0","0","0","0","0","0","0","0","0","0","0","0","0","0","0","0",
"860Z200US13480","ZCTA5 13480","3231","3094","3043","18","2","13","0","18","137","132","18","54","5","1","47","1","3","0","1","0","0","0","0","2","0","4","0","1","0","2","0","0","1","0","0","0","0","0","0","0","0","0","0","0","0","0","1","0","0","1","0","0","0","0","0","0","0","0","0","0","0","0","0","0","0","0","0","0","0","0","0",
"860Z200US13482","ZCTA5 13482","65","65","65","0","0","0","0","0","0","0","0","0","0","0","0","0","0","0","0","0","0","0","0","0","0","0","0","0","0","0","0","0","0","0","0","0","0","0","0","0","0","0","0","0","0","0","0","0","0","0","0","0","0","0","0","0","0","0","0","0","0","0","0","0","0","0","0","0","0","0","0",
"860Z200US13483","ZCTA5 13483","310","296","292","1","0","1","0","2","14","14","1","4","1","0","8","0","0","0","0","0","0","0","0","0","0","0","0","0","0","0","0","0","0","0","0","0","0","0","0","0","0","0","0","0","0","0","0","0","0","0","0","0","0","0","0","0","0","0","0","0","0","0","0","0","0","0","0","0","0","0","0",
"860Z200US13484","ZCTA5 13484","30","27","27","0","0","0","0","0","3","2","1","1","0","0","0","0","0","0","0","0","0","0","0","0","0","0","0","0","0","0","0","0","0","0","0","0","0","0","0","0","0","0","0","0","0","0","0","0","0","0","0","0","0","0","0","0","0","0","0","0","0","0","1","0","0","0","0","1","0","0","0",
"860Z200US13485","ZCTA5 13485","1349","1290","1268","10","1","5","0","6","59","57","12","28","1","0","14","2","0","0","0","0","0","0","0","0","0","2","0","0","0","0","0","0","1","0","0","0","0","0","0","1","0","0","0","0","0","0","0","0","0","0","0","0","0","0","0","0","0","0","0","0","0","0","0","0","0","0","0","0","0","0","0",
"860Z200US13486","ZCTA5 13486","710","682","673","1","0","0","1","7","28","26","2","3","1","0","20","0","0","0","0","0","0","0","0","0","0","2","2","0","0","0","0","0","0","0","0","0","0","0","0","0","0","0","0","0","0","0","0","0","0","0","0","0","0","0","0","0","0","0","0","0","0","0","0","0","0","0","0","0","0","0","0",
"860Z200US13488","ZCTA5 13488","138","134","133","0","0","0","0","1","4","4","0","4","0","0","0","0","0","0","0","0","0","0","0","0","0","0","0","0","0","0","0","0","0","0","0","0","0","0","0","0","0","0","0","0","0","0","0","0","0","0","0","0","0","0","0","0","0","0","0","0","0","0","0","0","0","0","0","0","0","0","0",
"860Z200US13489","ZCTA5 13489","556","542","535","5","0","0","0","2","14","14","0","6","0","0","8","0","0","0","0","0","0","0","0","0","0","0","0","0","0","0","0","0","0","0","0","0","0","0","0","0","0","0","0","0","0","0","0","0","0","0","0","0","0","0","0","0","0","0","0","0","0","0","0","0","0","0","0","0","0","0","0",
"860Z200US13490","ZCTA5 13490","1278","1222","1191","23","1","2","0","5","56","53","3","23","6","0","20","0","0","1","0","0","0","0","0","0","0","3","0","1","0","0","0","0","1","0","0","0","1","0","0","0","0","0","0","0","0","0","0","0","0","0","0","0","0","0","0","0","0","0","0","0","0","0","0","0","0","0","0","0","0","0","0",
"860Z200US13491","ZCTA5 13491","3494","3352","3303","15","0","17","1","16","142","137","18","44","6","0","64","0","0","0","3","0","0","0","0","2","0","2","0","0","0","0","0","0","1","1","0","0","0","0","0","0","0","0","0","0","0","0","2","0","0","1","0","1","0","0","0","0","0","0","0","0","0","0","1","1","0","0","0","0","0","0","0",
"860Z200US13492","ZCTA5 13492","11457","10929","10582","138","13","112","2","82","528","518","97","106","51","6","246","4","0","0","5","0","0","0","0","3","0","10","8","1","0","1","0","0","0","0","0","0","0","0","0","0","0","0","0","0","0","0","0","0","0","0","0","0","0","0","0","0","0","0","0","0","0","0","0","0","0","0","0","0","0","0","0",
"860Z200US13493","ZCTA5 13493","2017","1915","1869","12","16","2","0","16","102","100","23","40","0","0","34","0","0","0","2","0","0","1","0","0","0","2","1","0","0","1","0","0","0","0","0","0","0","0","0","0","0","0","0","0","0","0","0","0","0","0","0","0","0","0","0","0","0","0","0","0","0","0","0","0","0","0","0","0","0","0","0",
"860Z200US13494","ZCTA5 13494","265","258","256","1","0","0","0","1","7","5","0","5","0","0","0","0","0","0","0","0","0","0","0","0","0","2","2","0","0","0","0","0","0","0","0","0","0","0","0","0","0","0","0","0","0","0","0","0","0","0","0","0","0","0","0","0","0","0","0","0","0","0","0","0","0","0","0","0","0","0","0",
"860Z200US13495","ZCTA5 13495","2183","2075","1926","90","5","20","0","34","108","105","19","23","5","2","52","2","0","0","2","0","0","0","0","0","0","2","0","0","0","0","0","0","0","2","0","0","0","0","0","0","0","0","0","0","0","0","1","0","0","1","0","0","0","0","0","0","0","0","0","0","0","0","0","0","0","0","0","0","0","0","0",
"860Z200US13501","ZCTA5 13501","40885","37679","20613","7195","117","7109","19","2626","3206","3030","896","208","300","7","1244","74","34","1","211","3","0","8","15","17","12","161","66","6","0","47","0","3","15","4","5","0","8","0","0","1","3","1","2","0","0","0","11","2","0","8","0","0","0","0","0","0","1","0","0","0","0","0","3","1","1","1","0","0","0","1","1",
"860Z200US13502","ZCTA5 13502","33990","31469","24149","4277","114","1331","20","1578","2521","2363","767","260","149","11","873","88","25","2","153","7","0","3","2","18","5","143","53","14","0","38","1","0","11","9","7","0","2","2","3","0","2","0","0","0","1","0","13","2","0","8","0","0","0","0","0","0","1","0","2","0","0","0","2","0","2","0","0","0","0","0","0",
"860Z200US13601","ZCTA5 13601","37287","34165","30152","2214","200","816","42","741","3122","2923","824","721","220","17","964","31","16","1","83","0","3","14","8","17","4","189","77","23","0","42","5","0","16","9","5","1","7","2","2","0","0","0","0","0","0","0","7","0","0","5","0","0","1","1","0","0","0","0","0","0","0","0","2","1","0","1","0","0","0","1","1",
"860Z200US13602","ZCTA5 13602","4951","4830","3367","1073","38","286","13","53","121","106","11","9","6","1","55","1","3","0","16","0","0","0","2","1","1","14","5","3","0","1","0","0","2","0","0","0","0","1","2","0","0","0","0","0","0","0","0","0","0","0","0","0","0","0","0","0","0","0","0","0","0","0","1","1","0","0","0","0","0","0","0",
"860Z200US13603","ZCTA5 13603","11808","10622","7472","1668","137","527","176","642","1186","1086","167","104","142","10","524","26","15","2","55","2","0","1","34","4","0","81","18","9","1","21","5","1","6","8","3","0","0","0","2","4","1","0","0","1","0","1","17","5","0","9","0","0","0","1","0","0","0","0","0","0","2","0","2","1","0","1","0","0","0","0","0",
"860Z200US13605","ZCTA5 13605","4517","4309","4208","32","14","15","4","36","208","186","18","86","9","1","63","0","3","0","4","0","0","0","0","2","0","19","3","4","0","2","0","0","6","1","2","0","0","0","0","1","0","0","0","0","0","0","2","0","0","2","0","0","0","0","0","0","0","0","0","0","0","0","0","0","0","0","0","0","0","1","1",
"860Z200US13606","ZCTA5 13606","2606","2460","2415","9","11","8","0","17","146","140","17","56","7","4","51","1","0","1","3","0","0","0","0","0","0","6","3","0","0","1","1","0","1","0","0","0","0","0","0","0","0","0","0","0","0","0","0","0","0","0","0","0","0","0","0","0","0","0","0","0","0","0","0","0","0","0","0","0","0","0","0",
"860Z200US13607","ZCTA5 13607","1610","1530","1491","8","9","11","0","11","80","77","2","38","5","0","30","1","0","0","1","0","0","0","0","0","0","3","2","0","0","0","0","0","0","0","0","0","0","0","1","0","0","0","0","0","0","0","0","0","0","0","0","0","0","0","0","0","0","0","0","0","0","0","0","0","0","0","0","0","0","0","0",
"860Z200US13608","ZCTA5 13608","1501","1447","1418","12","8","4","0","5","54","53","4","28","0","0","20","0","0","0","1","0","0","0","0","0","0","1","0","0","0","0","0","0","1","0","0","0","0","0","0","0","0","0","0","0","0","0","0","0","0","0","0","0","0","0","0","0","0","0","0","0","0","0","0","0","0","0","0","0","0","0","0",
"860Z200US13611","ZCTA5 13611","222","210","208","1","0","0","0","1","12","12","0","8","0","0","4","0","0","0","0","0","0","0","0","0","0","0","0","0","0","0","0","0","0","0","0","0","0","0","0","0","0","0","0","0","0","0","0","0","0","0","0","0","0","0","0","0","0","0","0","0","0","0","0","0","0","0","0","0","0","0","0",
"860Z200US13612","ZCTA5 13612","2673","2458","2289","41","14","63","2","49","215","207","42","58","21","3","79","0","0","0","1","0","1","0","0","2","0","7","0","0","0","5","0","0","0","1","1","0","0","0","0","0","0","0","0","0","0","0","1","0","0","0","0","0","0","0","0","0","0","0","0","0","0","1","0","0","0","0","0","0","0","0","0",
"860Z200US13613","ZCTA5 13613","2709","2592","2477","18","65","14","0","18","117","114","15","65","2","0","31","0","0","0","0","0","0","1","0","0","0","2","0","0","0","0","0","0","0","1","1","0","0","0","0","0","0","0","0","0","0","0","1","1","0","0","0","0","0","0","0","0","0","0","0","0","0","0","0","0","0","0","0","0","0","0","0",
"860Z200US13614","ZCTA5 13614","403","377","375","1","0","1","0","0","26","23","1","4","2","0","16","0","0","0","0","0","0","0","0","0","0","3","1","0","0","1","0","0","0","0","1","0","0","0","0","0","0","0","0","0","0","0","0","0","0","0","0","0","0","0","0","0","0","0","0","0","0","0","0","0","0","0","0","0","0","0","0",
"860Z200US13615","ZCTA5 13615","930","878","841","13","3","7","4","10","52","51","8","24","1","0","15","0","0","0","2","0","0","0","1","0","0","1","1","0","0","0","0","0","0","0","0","0","0","0","0","0","0","0","0","0","0","0","0","0","0","0","0","0","0","0","0","0","0","0","0","0","0","0","0","0","0","0","0","0","0","0","0",
"860Z200US13616","ZCTA5 13616","1714","1571","1316","123","4","53","2","73","143","139","37","19","12","0","61","1","2","0","4","1","0","0","0","2","0","4","4","0","0","0","0","0","0","0","0","0","0","0","0","0","0","0","0","0","0","0","0","0","0","0","0","0","0","0","0","0","0","0","0","0","0","0","0","0","0","0","0","0","0","0","0",
"860Z200US13617","ZCTA5 13617","12083","11539","10628","527","48","185","5","146","544","510","77","154","51","2","195","4","7","3","17","0","0","0","0","0","0","27","11","1","0","1","0","0","1","2","5","0","0","0","3","0","0","0","0","0","1","2","4","0","1","2","0","0","0","0","0","0","0","0","0","0","1","0","3","1","0","0","2","0","0","0","0",
"860Z200US13618","ZCTA5 13618","1765","1685","1657","2","7","8","0","11","80","79","8","35","6","0","29","0","0","0","1","0","0","0","0","0","0","1","0","0","0","0","0","0","0","0","0","0","0","1","0","0","0","0","0","0","0","0","0","0","0","0","0","0","0","0","0","0","0","0","0","0","0","0","0","0","0","0","0","0","0","0","0",
"860Z200US13619","ZCTA5 13619","10600","9790","9181","265","40","105","28","171","810","782","123","254","55","2","312","3","4","5","16","0","0","1","1","2","4","24","12","0","0","1","1","0","1","2","3","0","3","0","1","0","0","0","0","0","0","0","3","2","0","1","0","0","0","0","0","0","0","0","0","0","0","0","1","0","0","1","0","0","0","0","0",
"860Z200US13620","ZCTA5 13620","2148","2070","2031","14","8","5","1","11","78","78","7","30","1","0","39","0","0","0","0","0","0","0","0","0","1","0","0","0","0","0","0","0","0","0","0","0","0","0","0","0","0","0","0","0","0","0","0","0","0","0","0","0","0","0","0","0","0","0","0","0","0","0","0","0","0","0","0","0","0","0","0",
"860Z200US13621","ZCTA5 13621","690","657","633","7","7","4","0","6","33","31","1","22","2","0","6","0","0","0","0","0","0","0","0","0","0","1","0","1","0","0","0","0","0","0","0","0","0","0","0","0","0","0","0","0","0","0","1","0","0","0","1","0","0","0","0","0","0","0","0","0","0","0","0","0","0","0","0","0","0","0","0",
"860Z200US13622","ZCTA5 13622","2182","2053","2019","13","6","9","1","5","129","125","20","42","8","1","52","1","0","0","1","0","0","0","0","0","0","4","2","0","0","0","0","0","0","0","0","0","1","0","1","0","0","0","0","0","0","0","0","0","0","0","0","0","0","0","0","0","0","0","0","0","0","0","0","0","0","0","0","0","0","0","0",
"860Z200US13623","ZCTA5 13623","45","39","39","0","0","0","0","0","6","6","0","4","0","0","1","0","0","0","0","1","0","0","0","0","0","0","0","0","0","0","0","0","0","0","0","0","0","0","0","0","0","0","0","0","0","0","0","0","0","0","0","0","0","0","0","0","0","0","0","0","0","0","0","0","0","0","0","0","0","0","0",
"860Z200US13624","ZCTA5 13624","4967","4761","4219","436","10","31","0","65","206","196","20","60","14","2","88","6","0","0","1","2","0","2","0","1","0","9","1","0","0","2","2","0","0","2","1","0","0","1","0","0","0","0","0","0","0","0","0","0","0","0","0","0","0","0","0","0","0","0","0","0","0","0","1","1","0","0","0","0","0","0","0",
"860Z200US13625","ZCTA5 13625","1834","1762","1739","3","6","12","0","2","72","72","3","46","4","0","18","0","0","0","1","0","0","0","0","0","0","0","0","0","0","0","0","0","0","0","0","0","0","0","0","0","0","0","0","0","0","0","0","0","0","0","0","0","0","0","0","0","0","0","0","0","0","0","0","0","0","0","0","0","0","0","0",
"860Z200US13626","ZCTA5 13626","2021","1958","1915","9","1","10","1","22","63","61","8","14","5","0","33","0","0","0","1","0","0","0","0","0","0","2","0","1","0","0","0","0","0","0","1","0","0","0","0","0","0","0","0","0","0","0","0","0","0","0","0","0","0","0","0","0","0","0","0","0","0","0","0","0","0","0","0","0","0","0","0",
"860Z200US13628","ZCTA5 13628","202","184","176","2","3","3","0","0","18","18","1","7","0","0","7","0","1","0","0","0","0","0","0","0","2","0","0","0","0","0","0","0","0","0","0","0","0","0","0","0","0","0","0","0","0","0","0","0","0","0","0","0","0","0","0","0","0","0","0","0","0","0","0","0","0","0","0","0","0","0","0",
"860Z200US13630","ZCTA5 13630","1486","1434","1406","8","10","7","0","3","52","49","6","28","0","2","13","0","0","0","0","0","0","0","0","0","0","1","1","0","0","0","0","0","0","0","0","0","0","0","0","0","0","0","0","0","0","0","0","0","0","0","0","0","0","0","0","0","0","0","0","0","0","0","2","2","0","0","0","0","0","0","0",
"860Z200US13632","ZCTA5 13632","187","181","179","1","0","1","0","0","6","6","2","1","0","0","3","0","0","0","0","0","0","0","0","0","0","0","0","0","0","0","0","0","0","0","0","0","0","0","0","0","0","0","0","0","0","0","0","0","0","0","0","0","0","0","0","0","0","0","0","0","0","0","0","0","0","0","0","0","0","0","0",
"860Z200US13633","ZCTA5 13633","296","289","281","1","5","2","0","0","7","5","0","3","0","0","2","0","0","0","0","0","0","0","0","0","0","2","1","0","0","0","0","1","0","0","0","0","0","0","0","0","0","0","0","0","0","0","0","0","0","0","0","0","0","0","0","0","0","0","0","0","0","0","0","0","0","0","0","0","0","0","0",
"860Z200US13634","ZCTA5 13634","3999","3800","3728","17","10","25","3","17","199","189","40","61","14","0","64","1","0","0","6","0","0","1","2","0","0","10","3","1","0","0","5","0","1","0","0","0","0","0","0","0","0","0","0","0","0","0","0","0","0","0","0","0","0","0","0","0","0","0","0","0","0","0","0","0","0","0","0","0","0","0","0",
"860Z200US13635","ZCTA5 13635","915","882","875","0","3","0","1","3","33","32","1","12","1","0","17","1","0","0","0","0","0","0","0","0","0","1","0","1","0","0","0","0","0","0","0","0","0","0","0","0","0","0","0","0","0","0","0","0","0","0","0","0","0","0","0","0","0","0","0","0","0","0","0","0","0","0","0","0","0","0","0",
"860Z200US13636","ZCTA5 13636","230","227","224","1","0","0","0","2","3","3","1","2","0","0","0","0","0","0","0","0","0","0","0","0","0","0","0","0","0","0","0","0","0","0","0","0","0","0","0","0","0","0","0","0","0","0","0","0","0","0","0","0","0","0","0","0","0","0","0","0","0","0","0","0","0","0","0","0","0","0","0",
"860Z200US13637","ZCTA5 13637","4980","4447","3396","554","31","162","22","282","533","505","111","62","38","3","212","3","5","0","59","2","0","5","1","1","3","24","4","7","0","6","1","0","0","0","3","0","0","2","0","0","0","0","0","1","0","0","4","0","0","2","0","0","0","2","0","0","0","0","0","0","0","0","0","0","0","0","0","0","0","0","0",
"860Z200US13638","ZCTA5 13638","398","370","346","14","1","7","0","2","28","28","4","5","3","0","14","0","0","0","2","0","0","0","0","0","0","0","0","0","0","0","0","0","0","0","0","0","0","0","0","0","0","0","0","0","0","0","0","0","0","0","0","0","0","0","0","0","0","0","0","0","0","0","0","0","0","0","0","0","0","0","0",
"860Z200US13639","ZCTA5 13639","80","74","74","0","0","0","0","0","6","6","0","4","0","0","2","0","0","0","0","0","0","0","0","0","0","0","0","0","0","0","0","0","0","0","0","0","0","0","0","0","0","0","0","0","0","0","0","0","0","0","0","0","0","0","0","0","0","0","0","0","0","0","0","0","0","0","0","0","0","0","0",
"860Z200US13640","ZCTA5 13640","348","322","317","1","1","2","0","1","26","25","4","8","3","0","9","0","0","0","0","0","0","1","0","0","0","1","0","0","0","0","0","0","0","0","0","0","0","1","0","0","0","0","0","0","0","0","0","0","0","0","0","0","0","0","0","0","0","0","0","0","0","0","0","0","0","0","0","0","0","0","0",
"860Z200US13641","ZCTA5 13641","101","100","99","0","0","1","0","0","1","1","0","1","0","0","0","0","0","0","0","0","0","0","0","0","0","0","0","0","0","0","0","0","0","0","0","0","0","0","0","0","0","0","0","0","0","0","0","0","0","0","0","0","0","0","0","0","0","0","0","0","0","0","0","0","0","0","0","0","0","0","0",
"860Z200US13642","ZCTA5 13642","9397","9024","8332","521","38","22","5","106","373","356","48","188","16","1","90","2","0","1","5","0","0","0","2","3","0","12","4","0","1","1","4","0","0","0","0","0","0","0","0","1","0","0","0","0","0","1","4","3","0","0","0","0","0","0","1","0","0","0","0","0","0","0","1","1","0","0","0","0","0","0","0",
"860Z200US13643","ZCTA5 13643","77","70","67","0","1","1","0","1","7","7","1","1","0","0","5","0","0","0","0","0","0","0","0","0","0","0","0","0","0","0","0","0","0","0","0","0","0","0","0","0","0","0","0","0","0","0","0","0","0","0","0","0","0","0","0","0","0","0","0","0","0","0","0","0","0","0","0","0","0","0","0",
"860Z200US13645","ZCTA5 13645","9","9","9","0","0","0","0","0","0","0","0","0","0","0","0","0","0","0","0","0","0","0","0","0","0","0","0","0","0","0","0","0","0","0","0","0","0","0","0","0","0","0","0","0","0","0","0","0","0","0","0","0","0","0","0","0","0","0","0","0","0","0","0","0","0","0","0","0","0","0","0",
"860Z200US13646","ZCTA5 13646","2232","2169","2131","8","13","7","1","9","63","60","6","30","7","0","17","0","0","0","0","0","0","0","0","0","0","3","1","0","0","0","0","0","0","0","0","0","0","0","0","0","0","0","0","0","0","2","0","0","0","0","0","0","0","0","0","0","0","0","0","0","0","0","0","0","0","0","0","0","0","0","0",
"860Z200US13647","ZCTA5 13647","113","108","108","0","0","0","0","0","5","5","0","3","0","0","2","0","0","0","0","0","0","0","0","0","0","0","0","0","0","0","0","0","0","0","0","0","0","0","0","0","0","0","0","0","0","0","0","0","0","0","0","0","0","0","0","0","0","0","0","0","0","0","0","0","0","0","0","0","0","0","0",
"860Z200US13648","ZCTA5 13648","2250","2176","2155","6","5","4","0","6","74","70","5","32","1","1","27","2","0","0","1","0","0","0","1","0","0","2","0","2","0","0","0","0","0","0","0","0","0","0","0","0","0","0","0","0","0","0","1","0","0","0","0","0","0","0","0","0","0","0","0","1","0","0","1","0","0","0","0","0","1","0","0",
"860Z200US13649","ZCTA5 13649","91","87","86","0","1","0","0","0","4","4","0","4","0","0","0","0","0","0","0","0","0","0","0","0","0","0","0","0","0","0","0","0","0","0","0","0","0","0","0","0","0","0","0","0","0","0","0","0","0","0","0","0","0","0","0","0","0","0","0","0","0","0","0","0","0","0","0","0","0","0","0",
"860Z200US13650","ZCTA5 13650","1336","1276","1234","6","0","11","1","24","60","57","3","27","0","1","24","0","1","0","0","0","0","0","0","0","1","3","3","0","0","0","0","0","0","0","0","0","0","0","0","0","0","0","0","0","0","0","0","0","0","0","0","0","0","0","0","0","0","0","0","0","0","0","0","0","0","0","0","0","0","0","0",
"860Z200US13651","ZCTA5 13651","95","90","89","0","0","1","0","0","5","5","2","2","0","0","1","0","0","0","0","0","0","0","0","0","0","0","0","0","0","0","0","0","0","0","0","0","0","0","0","0","0","0","0","0","0","0","0","0","0","0","0","0","0","0","0","0","0","0","0","0","0","0","0","0","0","0","0","0","0","0","0",
"860Z200US13652","ZCTA5 13652","1958","1875","1838","17","11","4","0","5","83","82","17","31","2","0","30","0","0","2","0","0","0","0","0","0","0","0","0","0","0","0","0","0","0","0","0","0","0","0","0","0","0","0","0","0","0","0","1","0","0","0","0","0","0","0","0","1","0","0","0","0","0","0","0","0","0","0","0","0","0","0","0",
"860Z200US13654","ZCTA5 13654","2620","2557","2541","3","3","3","1","6","63","60","9","34","2","1","14","0","0","0","0","0","0","0","0","0","0","1","0","0","0","0","0","1","0","0","0","0","0","0","0","0","0","0","0","0","0","0","1","0","0","0","0","0","0","0","0","0","0","0","0","1","0","0","1","0","0","0","1","0","0","0","0",
"860Z200US13655","ZCTA5 13655","3789","3696","147","2","3545","0","0","2","93","80","1","55","1","0","6","11","0","1","0","5","0","0","0","0","0","8","3","0","0","0","0","0","0","0","0","0","2","0","0","0","0","0","0","0","2","1","5","0","0","4","0","0","0","0","0","0","1","0","0","0","0","0","0","0","0","0","0","0","0","0","0",
"860Z200US13656","ZCTA5 13656","2901","2787","2735","14","20","4","1","13","114","112","9","46","8","3","40","0","1","0","2","0","0","1","0","2","0","2","2","0","0","0","0","0","0","0","0","0","0","0","0","0","0","0","0","0","0","0","0","0","0","0","0","0","0","0","0","0","0","0","0","0","0","0","0","0","0","0","0","0","0","0","0",
"860Z200US13658","ZCTA5 13658","2545","2454","2412","7","15","2","2","16","91","84","13","29","9","0","33","0","0","0","0","0","0","0","0","0","0","6","2","1","0","0","1","0","0","2","0","0","0","0","0","0","0","0","0","0","0","0","1","0","0","1","0","0","0","0","0","0","0","0","0","0","0","0","0","0","0","0","0","0","0","0","0",
"860Z200US13659","ZCTA5 13659","514","503","500","1","1","1","0","0","11","10","3","3","0","0","4","0","0","0","0","0","0","0","0","0","0","1","0","0","0","0","0","0","1","0","0","0","0","0","0","0","0","0","0","0","0","0","0","0","0","0","0","0","0","0","0","0","0","0","0","0","0","0","0","0","0","0","0","0","0","0","0",
"860Z200US13660","ZCTA5 13660","2019","1928","1893","2","7","7","0","19","91","81","2","45","4","1","27","0","1","1","0","0","0","0","0","0","0","5","4","0","0","1","0","0","0","0","0","0","0","0","0","0","0","0","0","0","0","0","5","0","0","5","0","0","0","0","0","0","0","0","0","0","0","0","0","0","0","0","0","0","0","0","0",
"860Z200US13661","ZCTA5 13661","1667","1595","1566","8","3","11","0","7","72","69","8","39","3","0","19","0","0","0","0","0","0","0","0","0","0","1","0","0","0","0","0","0","0","0","0","0","0","0","1","0","0","0","0","0","0","0","1","0","0","0","0","0","0","1","0","0","0","0","0","0","0","0","1","1","0","0","0","0","0","0","0",
"860Z200US13662","ZCTA5 13662","15814","15017","14135","98","537","148","5","94","797","745","91","362","33","0","228","5","4","3","13","2","0","0","4","0","0","42","15","2","0","0","6","0","6","8","1","0","0","0","0","1","0","1","0","0","1","1","10","5","0","1","1","1","2","0","0","0","0","0","0","0","0","0","0","0","0","0","0","0","0","0","0",
"860Z200US13664","ZCTA5 13664","398","390","381","2","5","1","0","1","8","8","0","0","0","1","7","0","0","0","0","0","0","0","0","0","0","0","0","0","0","0","0","0","0","0","0","0","0","0","0","0","0","0","0","0","0","0","0","0","0","0","0","0","0","0","0","0","0","0","0","0","0","0","0","0","0","0","0","0","0","0","0",
"860Z200US13665","ZCTA5 13665","895","827","802","7","7","3","0","8","68","65","2","34","0","1","27","0","0","0","1","0","0","0","0","0","0","1","1","0","0","0","0","0","0","0","0","0","0","0","0","0","0","0","0","0","0","0","1","0","0","0","0","0","0","1","0","0","0","0","0","0","0","0","1","1","0","0","0","0","0","0","0",
"860Z200US13666","ZCTA5 13666","220","217","217","0","0","0","0","0","3","3","2","1","0","0","0","0","0","0","0","0","0","0","0","0","0","0","0","0","0","0","0","0","0","0","0","0","0","0","0","0","0","0","0","0","0","0","0","0","0","0","0","0","0","0","0","0","0","0","0","0","0","0","0","0","0","0","0","0","0","0","0",
"860Z200US13667","ZCTA5 13667","3217","3063","2995","12","31","10","0","15","154","152","13","73","2","0","64","0","0","0","0","0","0","0","0","0","0","1","0","1","0","0","0","0","0","0","0","0","0","0","0","0","0","0","0","0","0","0","1","0","1","0","0","0","0","0","0","0","0","0","0","0","0","0","0","0","0","0","0","0","0","0","0",
"860Z200US13668","ZCTA5 13668","3248","3096","3010","15","17","28","0","26","152","146","28","59","5","1","50","0","1","1","1","0","0","0","0","0","0","5","0","0","0","1","1","0","1","0","0","0","0","0","0","0","0","0","0","0","0","2","0","0","0","0","0","0","0","0","0","0","0","0","0","0","0","0","1","1","0","0","0","0","0","0","0",
"860Z200US13669","ZCTA5 13669","14990","14504","13431","705","74","98","4","192","486","464","52","219","30","5","151","0","3","2","1","0","0","0","1","0","0","14","2","5","0","1","0","2","1","1","2","0","0","0","0","0","0","0","0","0","0","0","6","1","0","3","0","0","0","0","2","0","0","0","0","0","0","0","0","0","0","0","0","0","0","2","2",
"860Z200US13670","ZCTA5 13670","446","436","435","0","0","1","0","0","10","10","4","4","0","0","2","0","0","0","0","0","0","0","0","0","0","0","0","0","0","0","0","0","0","0","0","0","0","0","0","0","0","0","0","0","0","0","0","0","0","0","0","0","0","0","0","0","0","0","0","0","0","0","0","0","0","0","0","0","0","0","0",
"860Z200US13672","ZCTA5 13672","526","498","490","4","0","4","0","0","28","28","1","22","0","0","5","0","0","0","0","0","0","0","0","0","0","0","0","0","0","0","0","0","0","0","0","0","0","0","0","0","0","0","0","0","0","0","0","0","0","0","0","0","0","0","0","0","0","0","0","0","0","0","0","0","0","0","0","0","0","0","0",
"860Z200US13673","ZCTA5 13673","2503","2359","2181","106","8","28","3","33","144","134","19","31","14","2","58","2","2","0","4","0","0","0","0","2","0","9","3","2","0","2","0","0","1","1","0","0","0","0","0","0","0","0","0","0","0","0","1","0","0","1","0","0","0","0","0","0","0","0","0","0","0","0","0","0","0","0","0","0","0","0","0",
"860Z200US13674","ZCTA5 13674","22","17","17","0","0","0","0","0","5","5","0","0","0","0","5","0","0","0","0","0","0","0","0","0","0","0","0","0","0","0","0","0","0","0","0","0","0","0","0","0","0","0","0","0","0","0","0","0","0","0","0","0","0","0","0","0","0","0","0","0","0","0","0","0","0","0","0","0","0","0","0",
"860Z200US13675","ZCTA5 13675","89","86","86","0","0","0","0","0","3","2","0","2","0","0","0","0","0","0","0","0","0","0","0","0","0","1","0","1","0","0","0","0","0","0","0","0","0","0","0","0","0","0","0","0","0","0","0","0","0","0","0","0","0","0","0","0","0","0","0","0","0","0","0","0","0","0","0","0","0","0","0",
"860Z200US13676","ZCTA5 13676","13211","12579","11350","498","58","453","6","214","632","594","75","207","78","4","178","0","2","0","15","0","0","2","33","0","0","33","14","3","0","4","2","0","4","2","1","0","0","0","1","0","0","0","0","0","2","0","4","4","0","0","0","0","0","0","0","0","0","0","0","0","0","0","1","1","0","0","0","0","0","0","0",
"860Z200US13678","ZCTA5 13678","180","172","167","4","1","0","0","0","8","8","0","1","0","0","7","0","0","0","0","0","0","0","0","0","0","0","0","0","0","0","0","0","0","0","0","0","0","0","0","0","0","0","0","0","0","0","0","0","0","0","0","0","0","0","0","0","0","0","0","0","0","0","0","0","0","0","0","0","0","0","0",
"860Z200US13679","ZCTA5 13679","1791","1701","1655","10","3","8","1","24","90","89","8","40","14","1","23","1","0","0","1","0","0","0","0","0","1","1","0","1","0","0","0","0","0","0","0","0","0","0","0","0","0","0","0","0","0","0","0","0","0","0","0","0","0","0","0","0","0","0","0","0","0","0","0","0","0","0","0","0","0","0","0",
"860Z200US13680","ZCTA5 13680","1427","1363","1322","8","3","9","2","19","64","60","10","27","6","2","13","1","0","1","0","0","0","0","0","0","0","4","0","1","0","0","0","0","1","1","0","0","0","1","0","0","0","0","0","0","0","0","0","0","0","0","0","0","0","0","0","0","0","0","0","0","0","0","0","0","0","0","0","0","0","0","0",
"860Z200US13681","ZCTA5 13681","809","768","758","5","0","1","0","4","41","40","0","15","0","0","24","0","0","0","1","0","0","0","0","0","0","1","0","0","0","0","0","0","1","0","0","0","0","0","0","0","0","0","0","0","0","0","0","0","0","0","0","0","0","0","0","0","0","0","0","0","0","0","0","0","0","0","0","0","0","0","0",
"860Z200US13682","ZCTA5 13682","921","871","848","8","3","3","0","9","50","46","10","12","4","1","17","1","0","0","1","0","0","0","0","0","0","4","4","0","0","0","0","0","0","0","0","0","0","0","0","0","0","0","0","0","0","0","0","0","0","0","0","0","0","0","0","0","0","0","0","0","0","0","0","0","0","0","0","0","0","0","0",
"860Z200US13683","ZCTA5 13683","185","178","15","1","162","0","0","0","7","4","0","1","3","0","0","0","0","0","0","0","0","0","0","0","0","3","0","0","0","0","3","0","0","0","0","0","0","0","0","0","0","0","0","0","0","0","0","0","0","0","0","0","0","0","0","0","0","0","0","0","0","0","0","0","0","0","0","0","0","0","0",
"860Z200US13684","ZCTA5 13684","1141","1104","1096","6","1","0","0","1","37","35","5","20","0","1","8","0","0","0","0","1","0","0","0","0","0","2","0","1","0","0","0","0","0","0","0","0","0","0","0","0","0","0","0","0","0","1","0","0","0","0","0","0","0","0","0","0","0","0","0","0","0","0","0","0","0","0","0","0","0","0","0",
"860Z200US13685","ZCTA5 13685","2224","2053","1993","18","6","22","4","10","171","168","23","33","18","0","85","2","0","0","5","0","0","1","0","1","0","3","2","0","0","0","0","0","0","1","0","0","0","0","0","0","0","0","0","0","0","0","0","0","0","0","0","0","0","0","0","0","0","0","0","0","0","0","0","0","0","0","0","0","0","0","0",
"860Z200US13687","ZCTA5 13687","496","478","469","1","1","3","0","4","18","17","0","5","0","3","9","0","0","0","0","0","0","0","0","0","0","1","1","0","0","0","0","0","0","0","0","0","0","0","0","0","0","0","0","0","0","0","0","0","0","0","0","0","0","0","0","0","0","0","0","0","0","0","0","0","0","0","0","0","0","0","0",
"860Z200US13690","ZCTA5 13690","692","665","658","0","0","6","0","1","27","26","3","18","0","1","2","0","0","0","2","0","0","0","0","0","0","1","0","0","0","0","0","0","1","0","0","0","0","0","0","0","0","0","0","0","0","0","0","0","0","0","0","0","0","0","0","0","0","0","0","0","0","0","0","0","0","0","0","0","0","0","0",
"860Z200US13691","ZCTA5 13691","2981","2807","2729","30","2","15","2","29","174","164","18","65","6","2","70","0","0","0","2","0","0","0","0","1","0","8","5","0","0","0","0","0","2","0","0","0","0","0","1","0","0","0","0","0","0","0","2","0","0","0","0","0","0","2","0","0","0","0","0","0","0","0","0","0","0","0","0","0","0","0","0",
"860Z200US13692","ZCTA5 13692","95","92","91","0","0","0","0","1","3","3","1","0","0","0","2","0","0","0","0","0","0","0","0","0","0","0","0","0","0","0","0","0","0","0","0","0","0","0","0","0","0","0","0","0","0","0","0","0","0","0","0","0","0","0","0","0","0","0","0","0","0","0","0","0","0","0","0","0","0","0","0",
"860Z200US13693","ZCTA5 13693","495","478","470","3","3","1","0","1","17","16","1","5","2","0","7","0","0","0","1","0","0","0","0","0","0","1","1","0","0","0","0","0","0","0","0","0","0","0","0","0","0","0","0","0","0","0","0","0","0","0","0","0","0","0","0","0","0","0","0","0","0","0","0","0","0","0","0","0","0","0","0",
"860Z200US13694","ZCTA5 13694","1316","1258","1239","8","6","0","0","5","58","56","1","27","1","1","26","0","0","0","0","0","0","0","0","0","0","0","0","0","0","0","0","0","0","0","0","0","0","0","0","0","0","0","0","0","0","0","2","1","0","1","0","0","0","0","0","0","0","0","0","0","0","0","0","0","0","0","0","0","0","0","0",
"860Z200US13695","ZCTA5 13695","124","111","86","23","2","0","0","0","13","11","0","7","0","0","4","0","0","0","0","0","0","0","0","0","0","2","2","0","0","0","0","0","0","0","0","0","0","0","0","0","0","0","0","0","0","0","0","0","0","0","0","0","0","0","0","0","0","0","0","0","0","0","0","0","0","0","0","0","0","0","0",
"860Z200US13696","ZCTA5 13696","181","169","168","0","0","0","0","1","12","12","1","10","0","0","1","0","0","0","0","0","0","0","0","0","0","0","0","0","0","0","0","0","0","0","0","0","0","0","0","0","0","0","0","0","0","0","0","0","0","0","0","0","0","0","0","0","0","0","0","0","0","0","0","0","0","0","0","0","0","0","0",
"860Z200US13697","ZCTA5 13697","2206","2120","2063","9","24","4","1","19","86","81","7","40","6","1","25","0","0","0","0","1","0","1","0","0","0","5","3","0","0","0","2","0","0","0","0","0","0","0","0","0","0","0","0","0","0","0","0","0","0","0","0","0","0","0","0","0","0","0","0","0","0","0","0","0","0","0","0","0","0","0","0",
"860Z200US13699","ZCTA5 13699","2225","2098","1446","538","0","64","2","48","127","125","43","59","19","0","3","0","0","0","1","0","0","0","0","0","0","0","0","0","0","0","0","0","0","0","0","0","0","0","0","0","0","0","0","0","0","0","2","1","0","0","0","0","0","0","1","0","0","0","0","0","0","0","0","0","0","0","0","0","0","0","0",
"860Z200US13730","ZCTA5 13730","2691","2583","2508","27","10","4","0","34","108","97","18","24","1","0","51","0","0","0","2","0","0","0","0","1","0","7","1","2","0","1","1","0","2","0","0","0","0","0","0","0","0","0","0","0","0","0","4","1","0","0","0","0","0","1","0","0","2","0","0","0","0","0","0","0","0","0","0","0","0","0","0",
"860Z200US13731","ZCTA5 13731","949","888","856","7","6","16","0","3","61","58","5","11","8","0","34","0","0","0","0","0","0","0","0","0","0","2","0","0","0","2","0","0","0","0","0","0","0","0","0","0","0","0","0","0","0","0","1","0","0","0","0","0","0","0","0","0","0","0","1","0","0","0","0","0","0","0","0","0","0","0","0",
"860Z200US13732","ZCTA5 13732","7569","7235","6980","66","5","109","0","75","334","313","23","89","33","2","157","0","0","0","3","0","0","0","0","3","3","13","2","3","0","1","0","0","3","0","0","1","1","2","0","0","0","0","0","0","0","0","8","2","2","0","0","0","0","0","0","4","0","0","0","0","0","0","0","0","0","0","0","0","0","0","0",
"860Z200US13733","ZCTA5 13733","4809","4614","4512","36","10","23","2","31","195","180","29","52","16","3","75","0","0","3","0","1","0","0","0","1","0","12","4","1","0","3","0","0","4","0","0","0","0","0","0","0","0","0","0","0","0","0","1","0","0","1","0","0","0","0","0","0","0","0","0","0","0","0","2","2","0","0","0","0","0","0","0",
"860Z200US13734","ZCTA5 13734","2160","2037","2008","12","5","8","0","4","123","116","8","41","7","2","56","0","0","0","0","0","0","0","0","1","1","6","0","0","2","0","0","0","3","0","0","0","1","0","0","0","0","0","0","0","0","0","1","0","1","0","0","0","0","0","0","0","0","0","0","0","0","0","0","0","0","0","0","0","0","0","0",
"860Z200US13736","ZCTA5 13736","2433","2246","2167","15","5","21","0","38","187","169","18","61","9","3","70","2","0","0","2","0","0","0","0","0","4","17","4","2","1","1","0","0","4","0","1","1","0","2","0","0","0","0","1","0","0","0","1","0","0","0","0","0","0","0","0","0","0","1","0","0","0","0","0","0","0","0","0","0","0","0","0",
"860Z200US13738","ZCTA5 13738","51","51","51","0","0","0","0","0","0","0","0","0","0","0","0","0","0","0","0","0","0","0","0","0","0","0","0","0","0","0","0","0","0","0","0","0","0","0","0","0","0","0","0","0","0","0","0","0","0","0","0","0","0","0","0","0","0","0","0","0","0","0","0","0","0","0","0","0","0","0","0",
"860Z200US13739","ZCTA5 13739","908","874","853","7","1","7","0","6","34","32","6","5","2","0","17","0","1","0","0","0","1","0","0","0","0","2","0","0","0","2","0","0","0","0","0","0","0","0","0","0","0","0","0","0","0","0","0","0","0","0","0","0","0","0","0","0","0","0","0","0","0","0","0","0","0","0","0","0","0","0","0",
"860Z200US13740","ZCTA5 13740","531","507","492","0","0","6","0","9","24","23","0","7","0","0","15","0","0","0","0","0","0","0","0","1","0","0","0","0","0","0","0","0","0","0","0","0","0","0","0","0","0","0","0","0","0","0","0","0","0","0","0","0","0","0","0","0","0","0","0","0","0","0","1","1","0","0","0","0","0","0","0",
"860Z200US13743","ZCTA5 13743","3705","3465","3393","30","4","11","2","25","240","235","24","81","17","3","104","0","0","0","2","0","0","0","0","1","3","2","1","0","0","0","0","0","0","1","0","0","0","0","0","0","0","0","0","0","0","0","3","3","0","0","0","0","0","0","0","0","0","0","0","0","0","0","0","0","0","0","0","0","0","0","0",
"860Z200US13744","ZCTA5 13744","1086","1035","1007","12","3","7","0","6","51","47","3","14","4","0","24","0","0","0","2","0","0","0","0","0","0","4","2","1","0","0","0","0","0","0","0","0","0","0","0","1","0","0","0","0","0","0","0","0","0","0","0","0","0","0","0","0","0","0","0","0","0","0","0","0","0","0","0","0","0","0","0",
"860Z200US13746","ZCTA5 13746","2678","2504","2440","20","7","2","6","29","174","164","24","65","8","0","60","0","0","0","6","0","0","0","0","1","0","9","2","1","0","1","0","0","1","4","0","0","0","0","0","0","0","0","0","0","0","0","1","0","0","1","0","0","0","0","0","0","0","0","0","0","0","0","0","0","0","0","0","0","0","0","0",
"860Z200US13747","ZCTA5 13747","6","5","5","0","0","0","0","0","1","1","0","0","0","0","1","0","0","0","0","0","0","0","0","0","0","0","0","0","0","0","0","0","0","0","0","0","0","0","0","0","0","0","0","0","0","0","0","0","0","0","0","0","0","0","0","0","0","0","0","0","0","0","0","0","0","0","0","0","0","0","0",
"860Z200US13748","ZCTA5 13748","3579","3352","3253","41","9","19","0","30","227","214","42","46","12","1","110","2","0","0","1","0","0","0","0","0","0","13","5","0","0","1","3","0","0","0","2","0","0","0","2","0","0","0","0","0","0","0","0","0","0","0","0","0","0","0","0","0","0","0","0","0","0","0","0","0","0","0","0","0","0","0","0",
"860Z200US13750","ZCTA5 13750","936","897","874","8","1","1","0","13","39","39","11","10","2","0","16","0","0","0","0","0","0","0","0","0","0","0","0","0","0","0","0","0","0","0","0","0","0","0","0","0","0","0","0","0","0","0","0","0","0","0","0","0","0","0","0","0","0","0","0","0","0","0","0","0","0","0","0","0","0","0","0",
"860Z200US13751","ZCTA5 13751","190","177","176","1","0","0","0","0","13","13","0","5","2","0","6","0","0","0","0","0","0","0","0","0","0","0","0","0","0","0","0","0","0","0","0","0","0","0","0","0","0","0","0","0","0","0","0","0","0","0","0","0","0","0","0","0","0","0","0","0","0","0","0","0","0","0","0","0","0","0","0",
"860Z200US13752","ZCTA5 13752","808","779","759","10","3","3","0","4","29","26","2","10","1","0","12","0","0","0","1","0","0","0","0","0","0","1","0","0","0","1","0","0","0","0","0","0","0","0","0","0","0","0","0","0","0","0","0","0","0","0","0","0","0","0","0","0","0","0","0","0","0","0","2","2","0","0","0","0","0","0","0",
"860Z200US13753","ZCTA5 13753","5619","5335","4617","435","14","119","3","147","284","260","39","73","13","0","110","6","3","0","6","0","1","2","0","5","2","21","6","4","0","6","2","0","0","0","0","0","0","0","2","0","0","0","1","0","0","0","3","0","1","1","0","0","0","0","0","0","0","0","0","0","1","0","0","0","0","0","0","0","0","0","0",
"860Z200US13754","ZCTA5 13754","2912","2755","2647","67","6","5","1","29","157","146","25","28","8","5","72","5","1","0","1","0","0","0","0","1","0","5","0","0","1","0","0","0","1","2","0","0","0","0","0","1","0","0","0","0","0","0","6","0","0","4","1","1","0","0","0","0","0","0","0","0","0","0","0","0","0","0","0","0","0","0","0",
"860Z200US13755","ZCTA5 13755","989","942","913","4","3","11","0","11","47","47","3","20","5","0","19","0","0","0","0","0","0","0","0","0","0","0","0","0","0","0","0","0","0","0","0","0","0","0","0","0","0","0","0","0","0","0","0","0","0","0","0","0","0","0","0","0","0","0","0","0","0","0","0","0","0","0","0","0","0","0","0",
"860Z200US13756","ZCTA5 13756","475","441","432","2","1","2","0","4","34","33","3","7","3","0","17","0","0","0","3","0","0","0","0","0","0","1","1","0","0","0","0","0","0","0","0","0","0","0","0","0","0","0","0","0","0","0","0","0","0","0","0","0","0","0","0","0","0","0","0","0","0","0","0","0","0","0","0","0","0","0","0",
"860Z200US13757","ZCTA5 13757","1002","937","903","10","1","11","1","11","65","52","5","15","2","0","29","0","0","0","0","0","1","0","0","0","0","12","9","0","0","3","0","0","0","0","0","0","0","0","0","0","0","0","0","0","0","0","1","0","0","0","0","0","0","0","0","0","0","0","1","0","0","0","0","0","0","0","0","0","0","0","0",
"860Z200US13760","ZCTA5 13760","44153","41241","37266","2265","93","889","37","691","2912","2712","738","545","236","8","1012","54","15","14","69","0","0","10","2","3","6","174","65","17","3","39","6","4","15","5","2","1","4","1","6","0","1","0","0","5","0","0","22","3","1","10","0","6","0","0","0","0","1","0","0","1","0","0","4","3","0","1","0","0","0","0","0",
"860Z200US13774","ZCTA5 13774","191","176","175","0","1","0","0","0","15","13","2","1","0","0","10","0","0","0","0","0","0","0","0","0","0","2","0","0","1","0","0","0","0","0","0","1","0","0","0","0","0","0","0","0","0","0","0","0","0","0","0","0","0","0","0","0","0","0","0","0","0","0","0","0","0","0","0","0","0","0","0",
"860Z200US13775","ZCTA5 13775","1452","1373","1320","13","4","19","0","17","79","73","10","26","13","0","22","0","0","0","0","0","0","0","0","0","2","6","1","0","0","0","0","0","5","0","0","0","0","0","0","0","0","0","0","0","0","0","0","0","0","0","0","0","0","0","0","0","0","0","0","0","0","0","0","0","0","0","0","0","0","0","0",
"860Z200US13776","ZCTA5 13776","404","382","376","4","0","0","0","2","22","22","2","14","2","1","2","1","0","0","0","0","0","0","0","0","0","0","0","0","0","0","0","0","0","0","0","0","0","0","0","0","0","0","0","0","0","0","0","0","0","0","0","0","0","0","0","0","0","0","0","0","0","0","0","0","0","0","0","0","0","0","0",
"860Z200US13777","ZCTA5 13777","768","727","715","6","1","3","0","2","41","39","6","20","0","0","13","0","0","0","0","0","0","0","0","0","0","2","0","2","0","0","0","0","0","0","0","0","0","0","0","0","0","0","0","0","0","0","0","0","0","0","0","0","0","0","0","0","0","0","0","0","0","0","0","0","0","0","0","0","0","0","0",
"860Z200US13778","ZCTA5 13778","5495","5247","5143","32","15","24","0","33","248","242","30","112","8","0","90","0","0","0","0","0","0","0","1","1","0","6","3","1","0","1","0","0","1","0","0","0","0","0","0","0","0","0","0","0","0","0","0","0","0","0","0","0","0","0","0","0","0","0","0","0","0","0","0","0","0","0","0","0","0","0","0",
"860Z200US13780","ZCTA5 13780","1011","966","935","10","0","10","1","10","45","45","4","13","1","1","25","0","0","0","0","0","0","0","0","1","0","0","0","0","0","0","0","0","0","0","0","0","0","0","0","0","0","0","0","0","0","0","0","0","0","0","0","0","0","0","0","0","0","0","0","0","0","0","0","0","0","0","0","0","0","0","0",
"860Z200US13782","ZCTA5 13782","642","610","597","4","4","2","0","3","32","28","2","5","5","0","15","0","0","0","1","0","0","0","0","0","0","4","0","2","0","1","0","0","1","0","0","0","0","0","0","0","0","0","0","0","0","0","0","0","0","0","0","0","0","0","0","0","0","0","0","0","0","0","0","0","0","0","0","0","0","0","0",
"860Z200US13783","ZCTA5 13783","2345","2222","1944","236","9","12","0","21","123","116","9","33","10","0","60","0","2","0","2","0","0","0","0","0","0","6","1","0","0","0","0","0","0","5","0","0","0","0","0","0","0","0","0","0","0","0","1","0","0","0","0","0","0","0","1","0","0","0","0","0","0","0","0","0","0","0","0","0","0","0","0",
"860Z200US13784","ZCTA5 13784","180","178","178","0","0","0","0","0","2","2","0","0","0","0","2","0","0","0","0","0","0","0","0","0","0","0","0","0","0","0","0","0","0","0","0","0","0","0","0","0","0","0","0","0","0","0","0","0","0","0","0","0","0","0","0","0","0","0","0","0","0","0","0","0","0","0","0","0","0","0","0",
"860Z200US13786","ZCTA5 13786","333","319","312","2","1","3","0","1","14","14","0","5","2","0","3","0","2","0","0","0","1","1","0","0","0","0","0","0","0","0","0","0","0","0","0","0","0","0","0","0","0","0","0","0","0","0","0","0","0","0","0","0","0","0","0","0","0","0","0","0","0","0","0","0","0","0","0","0","0","0","0",
"860Z200US13787","ZCTA5 13787","3359","3186","3136","11","11","5","0","23","173","163","27","70","1","1","61","2","0","0","0","0","0","1","0","0","0","7","1","2","0","3","1","0","0","0","0","0","0","0","0","0","0","0","0","0","0","0","1","1","0","0","0","0","0","0","0","0","0","0","0","0","0","0","2","0","2","0","0","0","0","0","0",
"860Z200US13788","ZCTA5 13788","870","820","794","16","1","3","0","6","50","47","4","23","3","0","17","0","0","0","0","0","0","0","0","0","0","2","2","0","0","0","0","0","0","0","0","0","0","0","0","0","0","0","0","0","0","0","1","0","0","1","0","0","0","0","0","0","0","0","0","0","0","0","0","0","0","0","0","0","0","0","0",
"860Z200US13790","ZCTA5 13790","18478","17143","14163","1362","42","1207","14","355","1335","1221","360","248","123","5","365","21","16","10","55","1","0","4","8","5","0","107","51","7","3","17","8","1","8","5","1","0","1","0","4","0","0","0","0","1","0","0","7","0","0","6","0","1","0","0","0","0","0","0","0","0","0","0","0","0","0","0","0","0","0","0","0",
"860Z200US13795","ZCTA5 13795","3617","3374","3208","73","8","41","2","42","243","235","48","59","22","1","96","3","0","0","4","0","0","0","0","2","0","8","4","0","0","0","4","0","0","0","0","0","0","0","0","0","0","0","0","0","0","0","0","0","0","0","0","0","0","0","0","0","0","0","0","0","0","0","0","0","0","0","0","0","0","0","0",
"860Z200US13796","ZCTA5 13796","1147","1074","1031","11","3","13","0","16","73","66","3","23","4","0","35","0","0","0","0","0","0","1","0","0","0","6","6","0","0","0","0","0","0","0","0","0","0","0","0","0","0","0","0","0","0","0","0","0","0","0","0","0","0","0","0","0","0","0","0","0","0","0","1","0","1","0","0","0","0","0","0",
"860Z200US13797","ZCTA5 13797","2130","2028","1986","12","9","2","0","19","102","96","18","44","3","2","27","1","0","0","1","0","0","0","0","0","0","6","3","1","0","0","0","0","1","0","0","0","0","0","1","0","0","0","0","0","0","0","0","0","0","0","0","0","0","0","0","0","0","0","0","0","0","0","0","0","0","0","0","0","0","0","0",
"860Z200US13801","ZCTA5 13801","1284","1208","1189","8","7","3","0","1","76","74","5","26","0","0","42","0","0","0","0","1","0","0","0","0","0","1","0","0","0","0","0","1","0","0","0","0","0","0","0","0","0","0","0","0","0","0","1","0","0","0","1","0","0","0","0","0","0","0","0","0","0","0","0","0","0","0","0","0","0","0","0",
"860Z200US13802","ZCTA5 13802","692","647","633","6","2","5","0","1","45","45","11","11","2","0","20","0","0","1","0","0","0","0","0","0","0","0","0","0","0","0","0","0","0","0","0","0","0","0","0","0","0","0","0","0","0","0","0","0","0","0","0","0","0","0","0","0","0","0","0","0","0","0","0","0","0","0","0","0","0","0","0",
"860Z200US13803","ZCTA5 13803","4208","3905","3810","27","8","16","2","42","303","297","22","98","20","1","152","1","0","0","2","0","0","0","1","0","0","4","0","2","0","0","0","0","2","0","0","0","0","0","0","0","0","0","0","0","0","0","2","0","0","0","2","0","0","0","0","0","0","0","0","0","0","0","0","0","0","0","0","0","0","0","0",
"860Z200US13804","ZCTA5 13804","249","240","237","1","2","0","0","0","9","9","1","0","0","0","8","0","0","0","0","0","0","0","0","0","0","0","0","0","0","0","0","0","0","0","0","0","0","0","0","0","0","0","0","0","0","0","0","0","0","0","0","0","0","0","0","0","0","0","0","0","0","0","0","0","0","0","0","0","0","0","0",
"860Z200US13806","ZCTA5 13806","111","105","103","2","0","0","0","0","6","6","0","3","3","0","0","0","0","0","0","0","0","0","0","0","0","0","0","0","0","0","0","0","0","0","0","0","0","0","0","0","0","0","0","0","0","0","0","0","0","0","0","0","0","0","0","0","0","0","0","0","0","0","0","0","0","0","0","0","0","0","0",
"860Z200US13807","ZCTA5 13807","1061","979","939","17","1","15","0","7","82","77","4","13","10","0","47","0","0","0","2","0","0","1","0","0","0","4","1","0","0","0","0","0","3","0","0","0","0","0","0","0","0","0","0","0","0","0","0","0","0","0","0","0","0","0","0","0","0","0","0","0","0","0","1","1","0","0","0","0","0","0","0",
"860Z200US13808","ZCTA5 13808","1583","1517","1486","5","1","12","0","13","66","56","8","22","4","0","21","0","0","1","0","0","0","0","0","0","0","9","4","0","0","0","0","0","2","0","0","0","0","0","0","3","0","0","0","0","0","0","0","0","0","0","0","0","0","0","0","0","0","0","0","0","0","0","1","1","0","0","0","0","0","0","0",
"860Z200US13809","ZCTA5 13809","1492","1426","1412","2","1","3","0","8","66","65","9","18","4","0","32","0","0","0","0","0","0","0","0","2","0","1","0","0","0","0","0","0","0","1","0","0","0","0","0","0","0","0","0","0","0","0","0","0","0","0","0","0","0","0","0","0","0","0","0","0","0","0","0","0","0","0","0","0","0","0","0",
"860Z200US13810","ZCTA5 13810","1038","965","937","9","2","4","0","13","73","72","6","27","7","0","30","0","0","0","0","0","0","0","0","0","2","1","0","0","0","0","0","0","0","1","0","0","0","0","0","0","0","0","0","0","0","0","0","0","0","0","0","0","0","0","0","0","0","0","0","0","0","0","0","0","0","0","0","0","0","0","0",
"860Z200US13811","ZCTA5 13811","4032","3803","3747","10","4","21","4","17","229","224","26","89","18","3","81","0","1","0","4","0","0","0","2","0","0","3","1","2","0","0","0","0","0","0","0","0","0","0","0","0","0","0","0","0","0","0","2","1","0","0","1","0","0","0","0","0","0","0","0","0","0","0","0","0","0","0","0","0","0","0","0",
"860Z200US13812","ZCTA5 13812","2136","2050","2028","10","3","2","0","7","86","84","10","28","4","0","40","1","0","0","0","0","0","0","0","1","0","1","0","1","0","0","0","0","0","0","0","0","0","0","0","0","0","0","0","0","0","0","1","0","1","0","0","0","0","0","0","0","0","0","0","0","0","0","0","0","0","0","0","0","0","0","0",
"860Z200US13813","ZCTA5 13813","814","731","711","8","1","3","0","8","83","75","11","24","3","0","34","0","0","0","3","0","0","0","0","0","0","6","4","1","0","0","0","0","1","0","0","0","0","0","0","0","0","0","0","0","0","0","2","1","0","1","0","0","0","0","0","0","0","0","0","0","0","0","0","0","0","0","0","0","0","0","0",
"860Z200US13814","ZCTA5 13814","55","52","52","0","0","0","0","0","3","3","0","0","0","0","3","0","0","0","0","0","0","0","0","0","0","0","0","0","0","0","0","0","0","0","0","0","0","0","0","0","0","0","0","0","0","0","0","0","0","0","0","0","0","0","0","0","0","0","0","0","0","0","0","0","0","0","0","0","0","0","0",
"860Z200US13815","ZCTA5 13815","13063","12251","11807","159","37","124","5","119","812","776","124","281","42","1","305","4","0","3","11","0","0","0","2","1","2","29","11","4","0","6","0","0","2","4","0","0","0","0","1","0","1","0","0","0","0","0","7","3","0","4","0","0","0","0","0","0","0","0","0","0","0","0","0","0","0","0","0","0","0","0","0",
"860Z200US13820","ZCTA5 13820","21605","20331","18232","1002","70","484","10","533","1274","1190","255","207","148","7","494","13","9","0","33","0","0","4","1","13","6","65","34","3","0","9","0","0","7","2","5","0","2","0","1","1","1","0","0","0","0","0","10","0","0","5","0","0","0","4","0","0","1","0","0","0","0","0","9","5","4","0","0","0","0","0","0",
"860Z200US13825","ZCTA5 13825","3020","2830","2745","23","10","23","0","29","190","173","14","65","16","0","70","2","1","0","3","0","0","0","2","0","0","16","7","3","0","0","1","0","4","0","0","0","0","0","1","0","0","0","0","0","0","0","0","0","0","0","0","0","0","0","0","0","0","0","0","0","0","0","1","1","0","0","0","0","0","0","0",
"860Z200US13826","ZCTA5 13826","117","114","114","0","0","0","0","0","3","3","0","0","0","0","3","0","0","0","0","0","0","0","0","0","0","0","0","0","0","0","0","0","0","0","0","0","0","0","0","0","0","0","0","0","0","0","0","0","0","0","0","0","0","0","0","0","0","0","0","0","0","0","0","0","0","0","0","0","0","0","0",
"860Z200US13827","ZCTA5 13827","11381","10739","10352","153","24","84","5","121","642","620","76","240","45","3","239","1","1","0","5","0","0","3","4","3","0","17","6","2","2","4","1","0","1","1","0","0","0","0","0","0","0","0","0","0","0","0","5","1","2","0","0","0","0","0","1","0","0","0","1","0","0","0","0","0","0","0","0","0","0","0","0",
"860Z200US13830","ZCTA5 13830","4599","4388","4303","35","9","15","1","25","211","201","17","86","9","2","83","0","0","0","1","0","0","1","0","2","0","8","4","0","0","0","0","2","2","0","0","0","0","0","0","0","0","0","0","0","0","0","2","0","0","0","0","0","0","2","0","0","0","0","0","0","0","0","0","0","0","0","0","0","0","0","0",
"860Z200US13832","ZCTA5 13832","528","513","506","1","1","1","0","4","15","14","0","7","1","0","6","0","0","0","0","0","0","0","0","0","0","0","0","0","0","0","0","0","0","0","0","0","0","0","0","0","0","0","0","0","0","0","0","0","0","0","0","0","0","0","0","0","0","0","0","0","0","0","1","1","0","0","0","0","0","0","0",
"860Z200US13833","ZCTA5 13833","4004","3773","3690","22","16","8","0","37","231","220","28","67","13","5","101","0","0","1","4","1","0","0","0","0","0","11","3","0","0","0","0","0","3","4","0","0","0","1","0","0","0","0","0","0","0","0","0","0","0","0","0","0","0","0","0","0","0","0","0","0","0","0","0","0","0","0","0","0","0","0","0",
"860Z200US13834","ZCTA5 13834","168","162","147","13","0","1","0","1","6","6","1","1","0","0","4","0","0","0","0","0","0","0","0","0","0","0","0","0","0","0","0","0","0","0","0","0","0","0","0","0","0","0","0","0","0","0","0","0","0","0","0","0","0","0","0","0","0","0","0","0","0","0","0","0","0","0","0","0","0","0","0",
"860Z200US13835","ZCTA5 13835","1384","1329","1306","5","4","2","0","12","55","53","4","24","2","0","23","0","0","0","0","0","0","0","0","0","0","2","1","0","0","0","0","0","1","0","0","0","0","0","0","0","0","0","0","0","0","0","0","0","0","0","0","0","0","0","0","0","0","0","0","0","0","0","0","0","0","0","0","0","0","0","0",
"860Z200US13838","ZCTA5 13838","4203","3921","3735","82","2","59","3","40","282","265","44","65","10","0","134","1","0","0","5","0","0","1","0","2","3","14","2","5","0","6","0","0","0","0","0","0","0","0","0","0","0","1","0","0","0","0","2","0","1","1","0","0","0","0","0","0","0","0","0","0","0","0","1","1","0","0","0","0","0","0","0",
"860Z200US13839","ZCTA5 13839","1475","1410","1341","14","5","33","0","17","65","64","13","4","8","0","39","0","0","0","0","0","0","0","0","0","0","1","1","0","0","0","0","0","0","0","0","0","0","0","0","0","0","0","0","0","0","0","0","0","0","0","0","0","0","0","0","0","0","0","0","0","0","0","0","0","0","0","0","0","0","0","0",
"860Z200US13841","ZCTA5 13841","421","400","382","8","3","3","0","4","21","18","1","5","4","0","8","0","0","0","0","0","0","0","0","0","0","3","1","1","0","0","0","0","1","0","0","0","0","0","0","0","0","0","0","0","0","0","0","0","0","0","0","0","0","0","0","0","0","0","0","0","0","0","0","0","0","0","0","0","0","0","0",
"860Z200US13842","ZCTA5 13842","414","393","365","6","1","11","0","10","21","19","1","6","1","0","11","0","0","0","0","0","0","0","0","0","0","1","0","0","0","0","0","0","0","1","0","0","0","0","0","0","0","0","0","0","0","0","1","0","0","0","0","0","0","0","1","0","0","0","0","0","0","0","0","0","0","0","0","0","0","0","0",
"860Z200US13843","ZCTA5 13843","1849","1662","1639","9","2","4","0","8","187","180","11","33","7","1","125","0","0","0","0","0","0","0","0","2","1","5","0","0","0","2","0","0","3","0","0","0","0","0","0","0","0","0","0","0","0","0","0","0","0","0","0","0","0","0","0","0","0","0","0","0","0","0","2","1","1","0","0","0","0","0","0",
"860Z200US13844","ZCTA5 13844","686","652","641","7","1","0","0","3","34","34","6","4","0","0","24","0","0","0","0","0","0","0","0","0","0","0","0","0","0","0","0","0","0","0","0","0","0","0","0","0","0","0","0","0","0","0","0","0","0","0","0","0","0","0","0","0","0","0","0","0","0","0","0","0","0","0","0","0","0","0","0",
"860Z200US13846","ZCTA5 13846","293","280","272","0","0","3","0","5","13","12","3","3","1","2","3","0","0","0","0","0","0","0","0","0","0","1","0","0","0","0","0","0","1","0","0","0","0","0","0","0","0","0","0","0","0","0","0","0","0","0","0","0","0","0","0","0","0","0","0","0","0","0","0","0","0","0","0","0","0","0","0",
"860Z200US13847","ZCTA5 13847","23","23","23","0","0","0","0","0","0","0","0","0","0","0","0","0","0","0","0","0","0","0","0","0","0","0","0","0","0","0","0","0","0","0","0","0","0","0","0","0","0","0","0","0","0","0","0","0","0","0","0","0","0","0","0","0","0","0","0","0","0","0","0","0","0","0","0","0","0","0","0",
"860Z200US13849","ZCTA5 13849","4456","4220","4146","31","6","20","1","16","236","228","22","80","21","0","98","0","0","1","4","0","0","0","1","1","0","6","2","2","0","2","0","0","0","0","0","0","0","0","0","0","0","0","0","0","0","0","1","0","0","0","0","0","0","1","0","0","0","0","0","0","0","0","1","0","1","0","0","0","0","0","0",
"860Z200US13850","ZCTA5 13850","22135","21000","17441","648","40","2628","3","240","1135","1079","143","186","232","8","456","2","8","2","26","2","0","3","6","5","0","49","9","0","1","11","6","0","5","3","4","4","1","0","0","1","3","0","0","0","1","0","6","1","0","4","0","0","0","0","0","0","1","0","0","0","0","0","1","0","0","1","0","0","0","0","0",
"860Z200US13856","ZCTA5 13856","6193","5855","5666","39","19","57","0","74","338","321","36","107","21","0","154","1","0","0","2","0","0","0","0","0","0","11","3","0","0","3","0","0","2","1","0","0","0","0","0","0","2","0","0","0","0","0","5","0","2","2","0","0","0","0","1","0","0","0","0","0","0","0","1","1","0","0","0","0","0","0","0",
"860Z200US13859","ZCTA5 13859","162","150","148","0","2","0","0","0","12","12","1","3","0","0","7","0","0","0","1","0","0","0","0","0","0","0","0","0","0","0","0","0","0","0","0","0","0","0","0","0","0","0","0","0","0","0","0","0","0","0","0","0","0","0","0","0","0","0","0","0","0","0","0","0","0","0","0","0","0","0","0",
"860Z200US13860","ZCTA5 13860","207","196","181","4","1","1","0","9","11","11","1","4","1","0","5","0","0","0","0","0","0","0","0","0","0","0","0","0","0","0","0","0","0","0","0","0","0","0","0","0","0","0","0","0","0","0","0","0","0","0","0","0","0","0","0","0","0","0","0","0","0","0","0","0","0","0","0","0","0","0","0",
"860Z200US13861","ZCTA5 13861","426","398","379","11","0","6","0","2","28","28","1","5","5","0","14","0","0","0","1","0","0","2","0","0","0","0","0","0","0","0","0","0","0","0","0","0","0","0","0","0","0","0","0","0","0","0","0","0","0","0","0","0","0","0","0","0","0","0","0","0","0","0","0","0","0","0","0","0","0","0","0",
"860Z200US13862","ZCTA5 13862","3960","3753","3681","24","6","12","1","29","207","198","27","85","7","0","66","1","5","0","6","0","0","0","0","1","0","9","3","0","0","1","0","0","1","3","0","0","0","1","0","0","0","0","0","0","0","0","0","0","0","0","0","0","0","0","0","0","0","0","0","0","0","0","0","0","0","0","0","0","0","0","0",
"860Z200US13863","ZCTA5 13863","527","479","477","0","1","0","0","1","48","45","6","10","0","0","29","0","0","0","0","0","0","0","0","0","0","3","1","0","0","1","0","0","0","0","0","1","0","0","0","0","0","0","0","0","0","0","0","0","0","0","0","0","0","0","0","0","0","0","0","0","0","0","0","0","0","0","0","0","0","0","0",
"860Z200US13864","ZCTA5 13864","1113","1021","989","12","2","6","1","11","92","89","7","22","5","1","52","0","0","0","0","0","0","0","0","1","1","3","3","0","0","0","0","0","0","0","0","0","0","0","0","0","0","0","0","0","0","0","0","0","0","0","0","0","0","0","0","0","0","0","0","0","0","0","0","0","0","0","0","0","0","0","0",
"860Z200US13865","ZCTA5 13865","5754","5415","5283","41","19","21","1","50","339","323","47","87","25","3","154","1","0","1","2","1","0","0","1","1","0","13","10","1","0","0","0","0","0","0","0","0","0","0","1","0","0","0","0","0","1","0","2","0","0","1","0","1","0","0","0","0","0","0","0","0","0","0","1","1","0","0","0","0","0","0","0",
"860Z200US13901","ZCTA5 13901","20548","18988","16428","1689","75","440","4","352","1560","1444","369","330","127","4","468","46","14","6","67","1","0","3","1","5","3","106","52","14","0","21","0","1","8","4","2","0","0","0","0","0","3","0","0","0","1","0","9","2","0","6","0","1","0","0","0","0","0","0","0","0","0","0","1","0","0","1","0","0","0","0","0",
"860Z200US13902","ZCTA5 13902","7260","7205","4454","415","29","1405","0","902","55","54","13","1","24","2","9","0","1","0","0","1","0","1","0","2","0","1","0","0","0","0","0","0","0","1","0","0","0","0","0","0","0","0","0","0","0","0","0","0","0","0","0","0","0","0","0","0","0","0","0","0","0","0","0","0","0","0","0","0","0","0","0",
"860Z200US13903","ZCTA5 13903","18140","16682","14053","1795","75","381","4","374","1458","1346","366","245","105","10","484","37","8","9","75","0","0","0","3","2","2","101","48","5","1","18","3","1","15","1","2","1","0","0","0","0","5","1","0","0","0","0","9","5","0","3","0","0","0","0","0","0","0","0","0","0","1","0","2","0","0","2","0","0","0","0","0",
"860Z200US13904","ZCTA5 13904","9236","8493","7372","794","26","140","5","156","743","697","194","162","38","8","225","28","4","4","31","0","0","0","1","1","1","40","13","1","0","15","1","1","2","2","0","0","0","1","4","0","0","0","0","0","0","0","6","3","0","0","0","3","0","0","0","0","0","0","0","0","0","0","0","0","0","0","0","0","0","0","0",
"860Z200US13905","ZCTA5 13905","27672","25425","19002","3456","92","2221","13","641","2247","2068","585","376","190","8","638","63","17","2","164","0","0","2","5","14","4","146","54","8","6","41","10","0","12","1","0","1","1","1","2","2","4","0","0","3","0","0","32","2","2","24","0","4","0","0","0","0","0","0","0","0","0","0","1","0","0","1","0","0","0","0","0",
"860Z200US14001","ZCTA5 14001","9482","9077","8852","57","111","22","0","35","405","380","27","149","55","0","140","2","0","0","6","0","0","0","0","1","0","24","7","0","0","10","0","0","5","1","1","0","0","0","0","0","0","0","0","0","0","0","1","0","0","0","0","0","0","1","0","0","0","0","0","0","0","0","0","0","0","0","0","0","0","0","0",
"860Z200US14004","ZCTA5 14004","11583","11233","10412","672","37","46","0","66","350","334","45","103","30","0","143","2","3","0","7","0","0","0","0","1","0","14","7","2","0","1","0","0","1","0","2","0","0","1","0","0","0","0","0","0","0","0","2","1","0","0","0","1","0","0","0","0","0","0","0","0","0","0","0","0","0","0","0","0","0","0","0",
"860Z200US14005","ZCTA5 14005","1868","1792","1743","12","2","18","0","17","76","75","13","21","4","0","34","0","0","0","0","0","0","2","1","0","0","0","0","0","0","0","0","0","0","0","0","0","0","0","0","0","0","0","0","0","0","0","1","1","0","0","0","0","0","0","0","0","0","0","0","0","0","0","0","0","0","0","0","0","0","0","0",
"860Z200US14006","ZCTA5 14006","9140","8731","8440","71","130","17","6","67","409","392","78","152","16","3","126","4","3","0","6","0","0","2","0","2","0","13","3","0","0","5","0","0","3","0","2","0","0","0","0","0","0","0","0","0","0","0","4","2","0","0","0","1","0","0","0","0","1","0","0","0","0","0","0","0","0","0","0","0","0","0","0",
"860Z200US14008","ZCTA5 14008","1306","1233","1166","12","11","7","0","37","73","72","0","28","2","0","36","1","0","0","2","0","0","2","0","1","0","1","1","0","0","0","0","0","0","0","0","0","0","0","0","0","0","0","0","0","0","0","0","0","0","0","0","0","0","0","0","0","0","0","0","0","0","0","0","0","0","0","0","0","0","0","0",
"860Z200US14009","ZCTA5 14009","5474","5304","5230","14","9","36","0","15","170","161","20","55","27","1","55","0","0","0","1","0","0","0","0","0","2","7","1","3","1","1","1","0","0","0","0","0","0","0","0","0","0","0","0","0","0","0","1","1","0","0","0","0","0","0","0","0","0","0","0","0","0","0","1","0","0","1","0","0","0","0","0",
"860Z200US14011","ZCTA5 14011","7832","7637","6106","1290","40","32","2","167","195","183","27","52","11","1","87","0","1","0","2","0","0","1","0","0","1","10","3","0","2","1","1","0","2","0","0","0","0","0","0","0","0","0","0","0","0","1","1","1","0","0","0","0","0","0","0","0","0","0","0","0","0","0","1","1","0","0","0","0","0","0","0",
"860Z200US14012","ZCTA5 14012","2334","2152","2076","10","14","13","1","38","182","172","9","56","20","0","74","1","0","0","8","0","0","3","0","1","0","10","8","0","0","0","0","0","0","1","1","0","0","0","0","0","0","0","0","0","0","0","0","0","0","0","0","0","0","0","0","0","0","0","0","0","0","0","0","0","0","0","0","0","0","0","0",
"860Z200US14013","ZCTA5 14013","1317","1240","1010","1","203","2","1","23","77","74","5","48","1","0","17","1","0","0","0","0","0","2","0","0","0","2","0","0","0","0","1","0","1","0","0","0","0","0","0","0","0","0","0","0","0","0","1","0","0","0","0","0","0","0","0","0","0","1","0","0","0","0","0","0","0","0","0","0","0","0","0",
"860Z200US14020","ZCTA5 14020","22627","21060","19021","1118","86","287","12","536","1567","1489","524","313","94","7","488","17","8","2","27","5","0","2","2","0","0","64","39","2","0","4","9","0","7","0","0","0","1","0","0","0","0","0","2","0","0","0","9","1","0","6","0","1","0","0","0","0","0","0","1","0","0","0","5","0","3","0","0","0","2","0","0",
"860Z200US14024","ZCTA5 14024","1584","1528","1498","1","5","7","0","17","56","53","4","26","0","1","21","0","0","0","0","0","0","0","0","0","1","1","0","0","0","0","0","0","1","0","0","0","0","0","0","0","0","0","0","0","0","0","1","1","0","0","0","0","0","0","0","0","0","0","0","0","0","0","1","0","1","0","0","0","0","0","0",
"860Z200US14025","ZCTA5 14025","2996","2896","2876","2","3","6","0","9","100","97","1","34","14","0","45","0","0","0","0","1","0","1","0","0","1","3","2","0","0","0","0","0","0","1","0","0","0","0","0","0","0","0","0","0","0","0","0","0","0","0","0","0","0","0","0","0","0","0","0","0","0","0","0","0","0","0","0","0","0","0","0",
"860Z200US14026","ZCTA5 14026","792","756","730","14","0","11","1","0","36","35","2","6","3","0","22","0","1","0","1","0","0","0","0","0","0","1","0","0","0","1","0","0","0","0","0","0","0","0","0","0","0","0","0","0","0","0","0","0","0","0","0","0","0","0","0","0","0","0","0","0","0","0","0","0","0","0","0","0","0","0","0",
"860Z200US14027","ZCTA5 14027","97","94","90","0","4","0","0","0","3","3","0","0","0","0","3","0","0","0","0","0","0","0","0","0","0","0","0","0","0","0","0","0","0","0","0","0","0","0","0","0","0","0","0","0","0","0","0","0","0","0","0","0","0","0","0","0","0","0","0","0","0","0","0","0","0","0","0","0","0","0","0",
"860Z200US14028","ZCTA5 14028","1553","1490","1417","16","6","5","0","46","63","60","8","22","3","2","24","0","0","1","0","0","0","0","0","0","0","3","0","0","0","0","0","0","3","0","0","0","0","0","0","0","0","0","0","0","0","0","0","0","0","0","0","0","0","0","0","0","0","0","0","0","0","0","0","0","0","0","0","0","0","0","0",
"860Z200US14029","ZCTA5 14029","72","71","71","0","0","0","0","0","1","1","0","0","0","0","1","0","0","0","0","0","0","0","0","0","0","0","0","0","0","0","0","0","0","0","0","0","0","0","0","0","0","0","0","0","0","0","0","0","0","0","0","0","0","0","0","0","0","0","0","0","0","0","0","0","0","0","0","0","0","0","0",
"860Z200US14030","ZCTA5 14030","1755","1693","1665","9","11","5","0","3","62","60","3","30","3","0","22","0","0","0","1","0","0","0","0","0","1","2","0","0","0","1","0","0","1","0","0","0","0","0","0","0","0","0","0","0","0","0","0","0","0","0","0","0","0","0","0","0","0","0","0","0","0","0","0","0","0","0","0","0","0","0","0",
"860Z200US14031","ZCTA5 14031","9983","9604","9250","90","13","194","3","54","379","359","43","58","44","1","200","1","4","0","2","0","0","2","1","3","0","18","3","6","0","4","0","0","3","0","1","0","1","0","0","0","0","0","0","0","0","0","2","0","0","0","0","0","0","0","1","0","1","0","0","0","0","0","0","0","0","0","0","0","0","0","0",
"860Z200US14032","ZCTA5 14032","9368","9027","8540","81","8","345","0","53","341","333","40","49","82","1","155","1","3","0","1","0","0","0","0","1","0","8","0","4","0","1","0","0","2","0","1","0","0","0","0","0","0","0","0","0","0","0","0","0","0","0","0","0","0","0","0","0","0","0","0","0","0","0","0","0","0","0","0","0","0","0","0",
"860Z200US14033","ZCTA5 14033","2173","2101","2078","5","1","9","0","8","72","66","11","20","4","1","27","1","0","0","0","2","0","0","0","0","0","4","1","0","0","0","0","0","1","0","2","0","0","0","0","0","0","0","0","0","0","0","1","0","0","1","0","0","0","0","0","0","0","0","0","0","0","0","1","1","0","0","0","0","0","0","0",
"860Z200US14034","ZCTA5 14034","3743","3682","2477","964","79","10","0","152","61","60","11","25","1","0","19","2","1","0","0","0","0","1","0","0","0","1","1","0","0","0","0","0","0","0","0","0","0","0","0","0","0","0","0","0","0","0","0","0","0","0","0","0","0","0","0","0","0","0","0","0","0","0","0","0","0","0","0","0","0","0","0",
"860Z200US14035","ZCTA5 14035","146","143","139","2","2","0","0","0","3","3","0","0","0","0","3","0","0","0","0","0","0","0","0","0","0","0","0","0","0","0","0","0","0","0","0","0","0","0","0","0","0","0","0","0","0","0","0","0","0","0","0","0","0","0","0","0","0","0","0","0","0","0","0","0","0","0","0","0","0","0","0",
"860Z200US14036","ZCTA5 14036","4931","4756","4669","30","19","13","0","25","175","173","21","58","6","0","85","0","2","0","0","1","0","0","0","0","0","1","0","0","0","0","0","0","0","0","0","0","1","0","0","0","0","0","0","0","0","0","0","0","0","0","0","0","0","0","0","0","0","0","0","0","0","0","1","0","1","0","0","0","0","0","0",
"860Z200US14037","ZCTA5 14037","1173","1117","1102","1","1","2","0","11","56","54","5","20","3","0","24","0","0","0","2","0","0","0","0","0","0","2","0","0","0","1","0","0","1","0","0","0","0","0","0","0","0","0","0","0","0","0","0","0","0","0","0","0","0","0","0","0","0","0","0","0","0","0","0","0","0","0","0","0","0","0","0",
"860Z200US14039","ZCTA5 14039","96","86","83","0","0","3","0","0","10","8","0","5","0","0","3","0","0","0","0","0","0","0","0","0","0","2","0","0","0","1","1","0","0","0","0","0","0","0","0","0","0","0","0","0","0","0","0","0","0","0","0","0","0","0","0","0","0","0","0","0","0","0","0","0","0","0","0","0","0","0","0",
"860Z200US14040","ZCTA5 14040","2087","2032","2012","5","1","6","0","8","55","52","7","19","3","0","23","0","0","0","0","0","0","0","0","0","0","3","1","0","0","0","0","0","0","0","0","0","1","0","0","0","0","1","0","0","0","0","0","0","0","0","0","0","0","0","0","0","0","0","0","0","0","0","0","0","0","0","0","0","0","0","0",
"860Z200US14041","ZCTA5 14041","154","147","143","1","0","3","0","0","7","7","3","4","0","0","0","0","0","0","0","0","0","0","0","0","0","0","0","0","0","0","0","0","0","0","0","0","0","0","0","0","0","0","0","0","0","0","0","0","0","0","0","0","0","0","0","0","0","0","0","0","0","0","0","0","0","0","0","0","0","0","0",
"860Z200US14042","ZCTA5 14042","3891","3720","3665","9","12","14","1","19","171","165","21","85","8","0","49","0","1","0","0","0","0","0","0","0","1","5","3","0","0","1","0","0","1","0","0","0","0","0","0","0","0","0","0","0","0","0","1","0","0","0","0","0","0","0","1","0","0","0","0","0","0","0","0","0","0","0","0","0","0","0","0",
"860Z200US14043","ZCTA5 14043","24962","24041","22667","636","53","463","4","218","921","874","168","191","102","5","355","12","9","0","27","0","0","1","1","3","0","46","21","1","0","10","0","0","2","3","3","1","2","0","3","0","0","0","0","0","0","0","1","1","0","0","0","0","0","0","0","0","0","0","0","0","0","0","0","0","0","0","0","0","0","0","0",
"860Z200US14047","ZCTA5 14047","6152","5888","5761","24","33","40","2","28","264","257","35","72","13","0","123","6","1","1","3","0","0","0","3","0","0","7","1","0","0","3","1","0","1","1","0","0","0","0","0","0","0","0","0","0","0","0","0","0","0","0","0","0","0","0","0","0","0","0","0","0","0","0","0","0","0","0","0","0","0","0","0",
"860Z200US14048","ZCTA5 14048","15062","13053","10129","858","151","81","3","1831","2009","1927","236","134","34","1","1409","7","0","0","70","0","0","19","5","4","8","66","13","0","1","37","0","0","12","0","0","0","0","0","2","0","0","0","1","0","0","0","13","0","2","10","1","0","0","0","0","0","0","0","0","0","0","0","2","0","0","0","0","2","0","1","1",
"860Z200US14051","ZCTA5 14051","20721","19715","16972","547","40","1965","7","184","1006","978","117","114","218","2","480","5","6","1","24","0","0","1","4","5","1","26","7","3","3","2","0","0","6","0","5","0","0","0","0","0","0","0","0","0","0","0","2","0","0","2","0","0","0","0","0","0","0","0","0","0","0","0","0","0","0","0","0","0","0","0","0",
"860Z200US14052","ZCTA5 14052","17679","17063","16760","67","36","118","2","80","616","581","54","114","63","1","333","0","4","0","4","1","0","2","3","2","0","25","11","1","0","3","0","0","3","2","3","0","0","0","1","1","0","0","0","0","0","0","8","2","0","3","0","0","0","0","0","0","3","0","0","0","0","0","2","2","0","0","0","0","0","0","0",
"860Z200US14054","ZCTA5 14054","1355","1314","1217","11","6","0","0","80","41","38","4","12","3","0","18","1","0","0","0","0","0","0","0","0","0","3","1","0","0","0","1","0","1","0","0","0","0","0","0","0","0","0","0","0","0","0","0","0","0","0","0","0","0","0","0","0","0","0","0","0","0","0","0","0","0","0","0","0","0","0","0",
"860Z200US14055","ZCTA5 14055","1472","1426","1415","2","1","4","0","4","46","44","4","15","7","0","16","0","1","0","1","0","0","0","0","0","0","2","0","1","0","0","0","0","1","0","0","0","0","0","0","0","0","0","0","0","0","0","0","0","0","0","0","0","0","0","0","0","0","0","0","0","0","0","0","0","0","0","0","0","0","0","0",
"860Z200US14056","ZCTA5 14056","164","155","152","0","1","2","0","0","9","9","0","1","3","0","4","0","0","0","0","0","0","1","0","0","0","0","0","0","0","0","0","0","0","0","0","0","0","0","0","0","0","0","0","0","0","0","0","0","0","0","0","0","0","0","0","0","0","0","0","0","0","0","0","0","0","0","0","0","0","0","0",
"860Z200US14057","ZCTA5 14057","7915","7616","7438","27","29","25","1","96","299","283","23","78","24","0","150","2","1","0","1","0","0","0","1","3","0","12","4","0","0","0","1","0","0","3","0","0","2","0","0","1","0","0","0","0","0","1","2","1","0","0","0","0","1","0","0","0","0","0","0","0","0","0","2","1","1","0","0","0","0","0","0",
"860Z200US14058","ZCTA5 14058","2107","1997","1762","22","29","8","0","176","110","105","15","41","11","1","36","0","0","0","0","1","0","0","0","0","0","5","4","0","0","0","0","0","1","0","0","0","0","0","0","0","0","0","0","0","0","0","0","0","0","0","0","0","0","0","0","0","0","0","0","0","0","0","0","0","0","0","0","0","0","0","0",
"860Z200US14059","ZCTA5 14059","9280","8960","8841","35","6","36","1","41","320","312","17","78","29","0","178","3","1","0","3","0","0","2","0","0","1","6","3","0","0","2","0","0","1","0","0","0","0","0","0","0","0","0","0","0","0","0","2","1","0","0","0","0","0","0","0","0","0","1","0","0","0","0","0","0","0","0","0","0","0","0","0",
"860Z200US14060","ZCTA5 14060","394","392","391","0","0","1","0","0","2","2","0","1","1","0","0","0","0","0","0","0","0","0","0","0","0","0","0","0","0","0","0","0","0","0","0","0","0","0","0","0","0","0","0","0","0","0","0","0","0","0","0","0","0","0","0","0","0","0","0","0","0","0","0","0","0","0","0","0","0","0","0",
"860Z200US14061","ZCTA5 14061","77","68","66","2","0","0","0","0","9","9","0","5","0","0","4","0","0","0","0","0","0","0","0","0","0","0","0","0","0","0","0","0","0","0","0","0","0","0","0","0","0","0","0","0","0","0","0","0","0","0","0","0","0","0","0","0","0","0","0","0","0","0","0","0","0","0","0","0","0","0","0",
"860Z200US14062","ZCTA5 14062","3375","3209","3091","34","37","6","2","39","166","159","18","55","5","0","70","0","0","1","10","0","0","0","0","0","0","7","2","0","0","3","0","0","2","0","0","0","0","0","0","0","0","0","0","0","0","0","0","0","0","0","0","0","0","0","0","0","0","0","0","0","0","0","0","0","0","0","0","0","0","0","0",
"860Z200US14063","ZCTA5 14063","13028","12088","11011","449","38","216","5","369","940","905","131","149","88","1","507","3","0","1","22","0","0","1","0","2","0","34","11","0","3","13","1","1","1","1","0","0","0","0","2","0","0","0","1","0","0","0","1","1","0","0","0","0","0","0","0","0","0","0","0","0","0","0","0","0","0","0","0","0","0","0","0",
"860Z200US14065","ZCTA5 14065","1799","1754","1738","3","5","5","0","3","45","44","6","21","3","0","14","0","0","0","0","0","0","0","0","0","0","0","0","0","0","0","0","0","0","0","0","0","0","0","0","0","0","0","0","0","0","0","1","0","0","0","0","0","0","0","1","0","0","0","0","0","0","0","0","0","0","0","0","0","0","0","0",
"860Z200US14066","ZCTA5 14066","1172","1126","1113","1","2","4","0","6","46","46","3","15","0","0","27","0","0","0","0","0","0","0","0","0","1","0","0","0","0","0","0","0","0","0","0","0","0","0","0","0","0","0","0","0","0","0","0","0","0","0","0","0","0","0","0","0","0","0","0","0","0","0","0","0","0","0","0","0","0","0","0",
"860Z200US14067","ZCTA5 14067","4820","4627","4497","58","10","11","0","51","193","176","42","55","14","0","62","1","0","0","1","0","0","0","0","0","1","16","9","0","0","0","0","0","7","0","0","0","0","0","0","0","0","0","0","0","0","0","1","0","0","1","0","0","0","0","0","0","0","0","0","0","0","0","0","0","0","0","0","0","0","0","0",
"860Z200US14068","ZCTA5 14068","7399","7058","6009","288","11","713","0","37","341","322","38","51","68","1","149","5","5","0","5","0","0","0","0","0","0","17","6","0","0","1","0","0","7","2","1","0","0","0","0","0","0","0","0","0","0","0","1","0","0","1","0","0","0","0","0","0","0","0","0","0","0","0","1","0","1","0","0","0","0","0","0",
"860Z200US14069","ZCTA5 14069","773","733","722","0","1","2","0","8","40","39","5","10","4","0","20","0","0","0","0","0","0","0","0","0","0","1","1","0","0","0","0","0","0","0","0","0","0","0","0","0","0","0","0","0","0","0","0","0","0","0","0","0","0","0","0","0","0","0","0","0","0","0","0","0","0","0","0","0","0","0","0",
"860Z200US14070","ZCTA5 14070","5093","4891","4102","114","621","16","2","36","202","190","23","113","14","1","36","0","1","0","0","0","0","0","0","1","1","10","6","1","0","1","1","0","0","0","1","0","0","0","0","0","0","0","0","0","0","0","1","0","0","0","0","0","0","0","1","0","0","0","0","0","0","0","1","1","0","0","0","0","0","0","0",
"860Z200US14072","ZCTA5 14072","21389","20347","18903","472","104","689","3","176","1042","977","127","214","140","2","469","6","2","0","5","2","0","1","5","4","0","62","40","5","0","6","5","0","5","0","0","0","0","0","1","0","0","0","0","0","0","0","3","0","0","2","0","0","1","0","0","0","0","0","0","0","0","0","0","0","0","0","0","0","0","0","0",
"860Z200US14075","ZCTA5 14075","44053","42338","40998","499","111","368","11","351","1715","1637","219","410","161","14","779","5","6","0","24","4","0","8","1","3","3","71","25","7","0","14","5","0","7","5","6","0","0","0","1","0","0","1","0","0","0","0","7","0","0","5","1","0","0","0","0","0","0","1","0","0","0","0","0","0","0","0","0","0","0","0","0",
"860Z200US14080","ZCTA5 14080","4109","3961","3923","7","8","9","0","14","148","137","17","42","3","0","72","0","1","0","0","0","0","0","1","0","1","9","1","3","0","3","0","0","1","0","0","0","0","0","0","0","0","0","0","0","1","0","2","0","0","2","0","0","0","0","0","0","0","0","0","0","0","0","0","0","0","0","0","0","0","0","0",
"860Z200US14081","ZCTA5 14081","2983","2805","1854","21","884","4","3","39","178","172","22","105","9","3","22","6","0","0","0","2","0","2","0","1","0","5","0","0","1","1","0","0","2","0","0","0","0","0","0","0","0","0","0","0","1","0","1","0","0","0","0","0","0","1","0","0","0","0","0","0","0","0","0","0","0","0","0","0","0","0","0",
"860Z200US14082","ZCTA5 14082","421","416","410","0","0","3","0","3","5","4","0","1","2","0","1","0","0","0","0","0","0","0","0","0","0","1","0","0","0","1","0","0","0","0","0","0","0","0","0","0","0","0","0","0","0","0","0","0","0","0","0","0","0","0","0","0","0","0","0","0","0","0","0","0","0","0","0","0","0","0","0",
"860Z200US14083","ZCTA5 14083","57","57","57","0","0","0","0","0","0","0","0","0","0","0","0","0","0","0","0","0","0","0","0","0","0","0","0","0","0","0","0","0","0","0","0","0","0","0","0","0","0","0","0","0","0","0","0","0","0","0","0","0","0","0","0","0","0","0","0","0","0","0","0","0","0","0","0","0","0","0","0",
"860Z200US14085","ZCTA5 14085","8157","7803","7611","67","24","60","0","41","354","341","41","98","33","2","154","2","3","0","6","2","0","0","0","0","0","12","2","0","0","0","2","0","7","0","1","0","0","0","0","0","0","0","0","0","0","0","1","1","0","0","0","0","0","0","0","0","0","0","0","0","0","0","0","0","0","0","0","0","0","0","0",
"860Z200US14086","ZCTA5 14086","35010","33752","32672","414","59","427","4","176","1258","1199","146","232","146","10","627","16","0","0","12","0","0","2","3","4","1","57","17","6","0","12","5","0","3","7","4","0","1","0","2","0","0","0","0","0","0","0","1","0","0","0","0","0","0","0","0","0","1","0","0","0","0","0","1","0","1","0","0","0","0","0","0",
"860Z200US14091","ZCTA5 14091","1128","1059","800","5","250","1","0","3","69","63","8","28","1","0","18","5","0","0","2","0","0","1","0","0","0","4","1","0","0","2","0","0","0","0","0","0","0","0","0","1","0","0","0","0","0","0","2","1","0","0","0","0","0","1","0","0","0","0","0","0","0","0","0","0","0","0","0","0","0","0","0",
"860Z200US14092","ZCTA5 14092","11030","10543","9856","92","397","141","2","55","487","467","51","121","41","1","245","4","1","2","0","0","0","1","0","0","0","17","6","0","1","1","0","0","7","0","0","0","0","0","0","0","0","0","0","0","0","2","2","0","0","1","0","1","0","0","0","0","0","0","0","0","0","0","1","1","0","0","0","0","0","0","0",
"860Z200US14094","ZCTA5 14094","50969","47681","43579","2764","208","357","15","758","3288","3081","1032","715","181","9","974","39","7","4","81","0","3","22","10","3","1","191","85","23","0","45","12","0","14","5","1","0","0","0","4","0","0","0","0","0","0","2","16","3","2","5","0","1","0","0","0","0","2","3","0","0","0","0","0","0","0","0","0","0","0","0","0",
"860Z200US14098","ZCTA5 14098","2944","2822","2755","22","19","8","0","18","122","116","10","38","5","0","58","0","2","0","0","1","0","0","2","0","0","6","5","0","0","1","0","0","0","0","0","0","0","0","0","0","0","0","0","0","0","0","0","0","0","0","0","0","0","0","0","0","0","0","0","0","0","0","0","0","0","0","0","0","0","0","0",
"860Z200US14101","ZCTA5 14101","1853","1762","1734","6","13","2","1","6","91","87","8","46","8","0","22","0","0","0","3","0","0","0","0","0","0","3","2","0","0","0","0","0","0","0","0","0","0","0","1","0","0","0","0","0","0","0","1","0","0","1","0","0","0","0","0","0","0","0","0","0","0","0","0","0","0","0","0","0","0","0","0",
"860Z200US14102","ZCTA5 14102","1130","1104","1100","2","0","2","0","0","26","26","0","2","1","0","21","0","0","0","2","0","0","0","0","0","0","0","0","0","0","0","0","0","0","0","0","0","0","0","0","0","0","0","0","0","0","0","0","0","0","0","0","0","0","0","0","0","0","0","0","0","0","0","0","0","0","0","0","0","0","0","0",
"860Z200US14103","ZCTA5 14103","10589","9922","9135","437","46","61","4","239","667","623","237","145","17","0","183","7","4","3","13","0","0","5","5","4","0","33","9","5","3","1","0","0","4","4","1","4","1","0","0","0","0","0","0","1","0","0","11","3","0","1","0","3","0","0","1","0","0","1","0","2","0","0","0","0","0","0","0","0","0","0","0",
"860Z200US14105","ZCTA5 14105","4388","4214","4084","70","20","16","0","24","174","166","27","58","12","2","66","0","0","0","1","0","0","0","0","0","0","7","2","0","0","0","1","0","3","0","0","1","0","0","0","0","0","0","0","0","0","0","0","0","0","0","0","0","0","0","0","0","0","0","0","0","0","0","1","0","1","0","0","0","0","0","0",
"860Z200US14108","ZCTA5 14108","5654","5443","5279","54","33","26","1","50","211","205","50","74","5","3","70","2","0","0","0","0","0","0","1","0","0","4","3","0","0","0","1","0","0","0","0","0","0","0","0","0","0","0","0","0","0","0","2","0","0","0","0","0","0","0","0","0","0","2","0","0","0","0","0","0","0","0","0","0","0","0","0",
"860Z200US14109","ZCTA5 14109","940","932","757","100","4","19","1","51","8","5","0","1","2","0","2","0","0","0","0","0","0","0","0","0","0","3","0","0","0","2","0","1","0","0","0","0","0","0","0","0","0","0","0","0","0","0","0","0","0","0","0","0","0","0","0","0","0","0","0","0","0","0","0","0","0","0","0","0","0","0","0",
"860Z200US14111","ZCTA5 14111","3198","3059","2946","22","61","1","0","29","139","139","13","65","5","1","53","2","0","0","0","0","0","0","0","0","0","0","0","0","0","0","0","0","0","0","0","0","0","0","0","0","0","0","0","0","0","0","0","0","0","0","0","0","0","0","0","0","0","0","0","0","0","0","0","0","0","0","0","0","0","0","0",
"860Z200US14112","ZCTA5 14112","56","43","43","0","0","0","0","0","13","13","0","8","1","0","4","0","0","0","0","0","0","0","0","0","0","0","0","0","0","0","0","0","0","0","0","0","0","0","0","0","0","0","0","0","0","0","0","0","0","0","0","0","0","0","0","0","0","0","0","0","0","0","0","0","0","0","0","0","0","0","0",
"860Z200US14113","ZCTA5 14113","768","739","728","2","1","2","0","6","29","25","0","10","6","0","8","0","0","0","1","0","0","0","0","0","0","2","1","0","0","0","1","0","0","0","0","0","0","0","0","0","0","0","0","0","0","0","2","2","0","0","0","0","0","0","0","0","0","0","0","0","0","0","0","0","0","0","0","0","0","0","0",
"860Z200US14120","ZCTA5 14120","44538","42602","40932","711","224","416","8","311","1936","1830","328","525","212","9","674","13","11","0","36","3","0","9","2","7","1","93","38","10","0","17","6","0","10","1","8","0","0","1","0","0","1","0","0","0","0","1","12","1","2","8","0","0","0","0","0","0","1","0","0","0","0","0","1","1","0","0","0","0","0","0","0",
"860Z200US14125","ZCTA5 14125","3717","3495","3286","51","10","12","0","136","222","219","27","53","5","0","129","0","0","0","3","2","0","0","0","0","0","3","0","0","0","0","1","0","1","0","0","0","0","0","0","0","0","1","0","0","0","0","0","0","0","0","0","0","0","0","0","0","0","0","0","0","0","0","0","0","0","0","0","0","0","0","0",
"860Z200US14126","ZCTA5 14126","560","544","526","9","4","0","0","5","16","13","1","7","1","1","3","0","0","0","0","0","0","0","0","0","0","3","2","0","0","1","0","0","0","0","0","0","0","0","0","0","0","0","0","0","0","0","0","0","0","0","0","0","0","0","0","0","0","0","0","0","0","0","0","0","0","0","0","0","0","0","0",
"860Z200US14127","ZCTA5 14127","30565","29423","28593","243","56","375","7","149","1142","1089","128","218","150","4","558","5","1","0","12","1","0","2","2","5","3","49","22","5","0","10","1","0","7","0","2","0","0","0","0","0","0","1","0","1","0","0","2","1","0","0","0","0","1","0","0","0","0","0","0","0","0","0","2","2","0","0","0","0","0","0","0",
"860Z200US14129","ZCTA5 14129","1638","1572","1294","8","252","0","0","18","66","61","4","34","4","0","14","0","0","0","1","3","0","0","0","0","1","4","1","0","0","0","0","0","2","0","0","0","0","0","1","0","0","0","0","0","0","0","1","0","0","1","0","0","0","0","0","0","0","0","0","0","0","0","0","0","0","0","0","0","0","0","0",
"860Z200US14130","ZCTA5 14130","88","87","85","0","0","0","0","2","1","1","0","0","0","0","1","0","0","0","0","0","0","0","0","0","0","0","0","0","0","0","0","0","0","0","0","0","0","0","0","0","0","0","0","0","0","0","0","0","0","0","0","0","0","0","0","0","0","0","0","0","0","0","0","0","0","0","0","0","0","0","0",
"860Z200US14131","ZCTA5 14131","5207","4984","4770","41","67","26","1","79","223","214","20","98","21","1","71","0","0","0","1","0","0","1","0","0","1","9","5","0","0","1","0","0","2","1","0","0","0","0","0","0","0","0","0","0","0","0","0","0","0","0","0","0","0","0","0","0","0","0","0","0","0","0","0","0","0","0","0","0","0","0","0",
"860Z200US14132","ZCTA5 14132","6155","5902","5341","155","321","41","2","42","253","239","26","74","18","3","105","6","0","1","0","1","3","1","0","1","0","13","2","0","0","2","1","0","3","1","3","0","0","0","0","0","0","0","0","1","0","0","1","0","0","0","0","1","0","0","0","0","0","0","0","0","0","0","0","0","0","0","0","0","0","0","0",
"860Z200US14134","ZCTA5 14134","71","69","69","0","0","0","0","0","2","2","0","1","0","0","1","0","0","0","0","0","0","0","0","0","0","0","0","0","0","0","0","0","0","0","0","0","0","0","0","0","0","0","0","0","0","0","0","0","0","0","0","0","0","0","0","0","0","0","0","0","0","0","0","0","0","0","0","0","0","0","0",
"860Z200US14135","ZCTA5 14135","78","78","76","0","0","0","0","2","0","0","0","0","0","0","0","0","0","0","0","0","0","0","0","0","0","0","0","0","0","0","0","0","0","0","0","0","0","0","0","0","0","0","0","0","0","0","0","0","0","0","0","0","0","0","0","0","0","0","0","0","0","0","0","0","0","0","0","0","0","0","0",
"860Z200US14136","ZCTA5 14136","5029","4752","4529","37","66","24","1","95","277","261","42","84","8","3","112","6","0","0","6","0","0","0","0","0","0","15","12","0","0","0","0","1","2","0","0","0","0","0","0","0","0","0","0","0","0","0","1","0","0","0","1","0","0","0","0","0","0","0","0","0","0","0","0","0","0","0","0","0","0","0","0",
"860Z200US14138","ZCTA5 14138","1841","1770","1718","11","20","6","0","15","71","64","3","31","2","0","27","0","0","0","0","0","0","0","0","0","1","4","0","0","0","3","0","0","0","0","0","0","0","0","1","0","0","0","0","0","0","0","3","0","0","2","0","0","0","1","0","0","0","0","0","0","0","0","0","0","0","0","0","0","0","0","0",
"860Z200US14139","ZCTA5 14139","2231","2114","2081","6","8","7","0","12","117","117","6","15","11","0","81","0","0","0","2","0","0","1","1","0","0","0","0","0","0","0","0","0","0","0","0","0","0","0","0","0","0","0","0","0","0","0","0","0","0","0","0","0","0","0","0","0","0","0","0","0","0","0","0","0","0","0","0","0","0","0","0",
"860Z200US14141","ZCTA5 14141","7585","7363","7208","50","30","36","0","39","222","207","28","82","7","0","83","1","0","0","2","2","0","2","0","0","0","15","8","0","0","3","0","0","0","2","1","0","0","0","0","0","0","0","0","0","0","1","0","0","0","0","0","0","0","0","0","0","0","0","0","0","0","0","0","0","0","0","0","0","0","0","0",
"860Z200US14143","ZCTA5 14143","1310","1277","1212","6","6","5","0","48","33","30","6","9","1","0","14","0","0","0","0","0","0","0","0","0","0","3","0","0","0","0","0","0","2","0","0","0","0","0","0","0","0","1","0","0","0","0","0","0","0","0","0","0","0","0","0","0","0","0","0","0","0","0","0","0","0","0","0","0","0","0","0",
"860Z200US14145","ZCTA5 14145","1536","1487","1466","3","0","3","1","14","49","45","2","14","0","1","28","0","0","0","0","0","0","0","0","0","0","3","0","0","0","0","2","0","0","0","1","0","0","0","0","0","0","0","0","0","0","0","0","0","0","0","0","0","0","0","0","0","0","0","0","0","0","0","1","1","0","0","0","0","0","0","0",
"860Z200US14150","ZCTA5 14150","41161","38939","36041","1512","167","743","3","473","2222","2065","469","440","230","9","821","26","12","2","45","0","0","0","3","7","1","123","43","11","0","20","9","0","21","4","7","0","0","0","4","2","0","1","0","1","0","0","32","5","0","22","1","1","1","0","2","0","0","0","0","0","0","0","2","1","1","0","0","0","0","0","0",
"860Z200US14166","ZCTA5 14166","36","29","29","0","0","0","0","0","7","7","1","2","1","0","3","0","0","0","0","0","0","0","0","0","0","0","0","0","0","0","0","0","0","0","0","0","0","0","0","0","0","0","0","0","0","0","0","0","0","0","0","0","0","0","0","0","0","0","0","0","0","0","0","0","0","0","0","0","0","0","0",
"860Z200US14167","ZCTA5 14167","1567","1534","1498","2","1","2","0","31","33","27","1","8","1","0","17","0","0","0","0","0","0","0","0","0","0","5","3","0","1","0","0","0","0","0","0","0","0","0","0","0","0","0","0","0","0","1","1","1","0","0","0","0","0","0","0","0","0","0","0","0","0","0","0","0","0","0","0","0","0","0","0",
"860Z200US14168","ZCTA5 14168","60","59","46","0","11","0","0","2","1","1","0","0","0","0","1","0","0","0","0","0","0","0","0","0","0","0","0","0","0","0","0","0","0","0","0","0","0","0","0","0","0","0","0","0","0","0","0","0","0","0","0","0","0","0","0","0","0","0","0","0","0","0","0","0","0","0","0","0","0","0","0",
"860Z200US14169","ZCTA5 14169","88","72","72","0","0","0","0","0","16","16","3","0","0","0","13","0","0","0","0","0","0","0","0","0","0","0","0","0","0","0","0","0","0","0","0","0","0","0","0","0","0","0","0","0","0","0","0","0","0","0","0","0","0","0","0","0","0","0","0","0","0","0","0","0","0","0","0","0","0","0","0",
"860Z200US14170","ZCTA5 14170","2248","2153","2115","9","3","14","2","10","95","92","8","30","8","1","44","0","0","0","0","0","0","1","0","0","0","2","1","0","0","0","0","0","1","0","0","0","0","0","0","0","0","0","0","0","0","0","1","0","0","0","0","0","0","0","0","0","1","0","0","0","0","0","0","0","0","0","0","0","0","0","0",
"860Z200US14171","ZCTA5 14171","1852","1776","1740","9","18","6","1","2","76","75","6","20","6","0","41","1","0","0","1","0","0","0","0","0","0","1","0","0","0","0","0","0","0","0","1","0","0","0","0","0","0","0","0","0","0","0","0","0","0","0","0","0","0","0","0","0","0","0","0","0","0","0","0","0","0","0","0","0","0","0","0",
"860Z200US14172","ZCTA5 14172","3301","3140","3039","23","21","5","0","52","161","152","20","67","9","3","51","1","0","0","1","0","0","0","0","0","0","7","5","0","0","1","0","0","0","0","0","0","0","0","0","0","0","0","0","0","0","1","2","0","0","1","0","0","0","0","0","0","0","0","1","0","0","0","0","0","0","0","0","0","0","0","0",
"860Z200US14173","ZCTA5 14173","386","371","362","1","0","8","0","0","15","15","0","2","1","0","12","0","0","0","0","0","0","0","0","0","0","0","0","0","0","0","0","0","0","0","0","0","0","0","0","0","0","0","0","0","0","0","0","0","0","0","0","0","0","0","0","0","0","0","0","0","0","0","0","0","0","0","0","0","0","0","0",
"860Z200US14174","ZCTA5 14174","5654","5426","5251","30","46","51","1","47","228","223","31","65","15","3","96","3","1","0","3","1","1","4","0","0","0","4","2","0","0","1","0","0","1","0","0","0","0","0","0","0","0","0","0","0","0","0","1","1","0","0","0","0","0","0","0","0","0","0","0","0","0","0","0","0","0","0","0","0","0","0","0",
"860Z200US14201","ZCTA5 14201","12364","10894","5565","2610","144","318","10","2247","1470","1372","150","74","56","0","841","52","6","0","158","0","0","11","2","10","12","91","22","2","1","32","1","0","10","2","0","2","0","0","17","0","0","1","0","1","0","0","6","0","0","6","0","0","0","0","0","0","0","0","0","0","0","0","1","1","0","0","0","0","0","0","0",
"860Z200US14202","ZCTA5 14202","3850","3499","2030","1003","16","133","4","313","351","325","42","17","19","1","216","5","2","0","20","0","0","0","2","1","0","20","10","1","0","4","2","0","1","1","0","0","0","0","1","0","0","0","0","0","0","0","6","1","0","3","0","0","0","0","1","0","1","0","0","0","0","0","0","0","0","0","0","0","0","0","0",
"860Z200US14203","ZCTA5 14203","2006","1870","963","745","12","85","1","64","136","129","36","16","14","0","43","5","1","0","14","0","0","0","0","0","0","7","5","0","0","1","0","0","0","0","0","0","0","0","0","0","0","0","0","0","0","1","0","0","0","0","0","0","0","0","0","0","0","0","0","0","0","0","0","0","0","0","0","0","0","0","0",
"860Z200US14204","ZCTA5 14204","9026","8378","1893","5797","57","92","1","538","648","582","137","32","28","0","273","46","3","0","50","1","0","3","1","7","1","51","27","6","0","4","1","0","4","0","3","0","2","0","3","0","0","1","0","0","0","0","13","8","0","4","0","0","0","0","0","0","1","0","0","0","0","0","2","2","0","0","0","0","0","0","0",
"860Z200US14206","ZCTA5 14206","21706","20011","14633","3788","138","676","9","767","1695","1608","579","211","95","2","558","37","15","1","88","6","0","4","3","5","4","79","40","3","0","21","0","0","13","0","2","0","0","0","0","0","0","0","0","0","0","0","7","1","0","6","0","0","0","0","0","0","0","0","0","0","0","0","1","1","0","0","0","0","0","0","0",
"860Z200US14207","ZCTA5 14207","26006","23298","11209","5194","333","3976","11","2575","2708","2553","559","247","156","11","1250","83","17","5","166","9","2","8","13","18","9","129","52","6","0","37","3","0","12","4","5","1","0","0","8","0","1","0","0","0","0","0","25","3","0","19","2","0","0","0","0","0","1","0","0","0","0","0","1","1","0","0","0","0","0","0","0",
"860Z200US14208","ZCTA5 14208","12088","11477","1647","8956","40","474","9","351","611","555","184","21","33","0","160","70","13","3","56","0","0","3","11","0","1","49","31","2","0","5","2","0","1","0","2","0","0","0","4","0","2","0","0","0","0","0","6","2","0","4","0","0","0","0","0","0","0","0","0","0","0","0","1","0","1","0","0","0","0","0","0",
"860Z200US14209","ZCTA5 14209","8251","7725","4301","2906","27","288","1","202","526","474","125","50","49","0","182","27","12","0","22","1","0","2","2","2","0","41","23","2","0","6","0","0","3","1","2","0","0","0","3","1","0","0","0","0","0","0","10","1","0","6","0","2","0","0","0","0","0","0","0","1","0","0","1","1","0","0","0","0","0","0","0",
"860Z200US14210","ZCTA5 14210","15480","14052","11185","1759","135","241","1","731","1428","1341","402","163","65","2","608","16","5","1","57","6","0","4","2","6","4","79","44","1","0","22","1","0","1","4","2","0","0","0","2","0","1","0","0","0","1","0","7","0","0","6","0","0","0","0","1","0","0","0","0","0","0","0","1","1","0","0","0","0","0","0","0",
"860Z200US14211","ZCTA5 14211","26449","24994","3153","16927","119","3882","11","902","1455","1313","525","65","94","7","280","165","20","2","105","16","1","0","1","20","12","118","64","12","0","20","3","0","8","7","1","0","0","0","3","0","0","0","0","0","0","0","22","2","0","18","2","0","0","0","0","0","0","0","0","0","0","0","2","2","0","0","0","0","0","0","0",
"860Z200US14212","ZCTA5 14212","13533","12638","4391","5024","90","2628","28","477","895","847","299","88","65","0","249","46","15","6","54","6","0","4","5","10","0","45","18","2","2","10","3","0","3","0","3","1","0","0","1","0","1","0","1","0","0","0","2","0","0","1","1","0","0","0","0","0","0","0","0","0","0","0","1","0","1","0","0","0","0","0","0",
"860Z200US14213","ZCTA5 14213","25834","23288","10541","6267","333","3551","23","2573","2546","2384","459","208","163","3","1185","59","18","14","191","5","3","13","11","44","8","133","46","13","3","47","2","1","9","5","2","1","0","0","3","0","0","1","0","0","0","0","26","9","0","16","0","0","1","0","0","0","0","0","0","0","0","0","3","2","1","0","0","0","0","0","0",
"860Z200US14214","ZCTA5 14214","20732","19481","9293","7287","55","2308","11","527","1251","1110","325","87","122","6","376","73","21","1","78","1","0","2","16","1","1","122","67","9","2","27","2","1","4","1","2","0","0","0","4","1","0","0","0","1","1","0","17","11","0","5","1","0","0","0","0","0","0","0","0","0","0","0","2","0","2","0","0","0","0","0","0",
"860Z200US14215","ZCTA5 14215","42447","40304","5039","31432","130","2536","16","1151","2143","1943","816","75","98","4","448","194","44","3","232","6","1","3","3","13","3","184","104","5","1","32","6","1","6","2","2","0","2","0","5","4","5","3","1","5","0","0","12","1","0","7","0","0","2","0","1","0","1","0","0","0","0","0","4","3","1","0","0","0","0","0","0",
"860Z200US14216","ZCTA5 14216","22979","21294","16021","3982","139","527","6","619","1685","1538","451","184","142","11","591","67","12","1","59","2","0","3","2","7","6","138","65","15","1","38","0","0","9","6","1","0","0","0","0","0","1","2","0","0","0","0","9","0","0","2","2","0","1","0","3","0","0","1","0","0","0","0","0","0","0","0","0","0","0","0","0",
"860Z200US14217","ZCTA5 14217","23085","21766","19641","1232","135","450","6","302","1319","1240","275","223","165","3","492","24","4","1","38","0","0","3","2","10","0","72","25","13","3","15","1","0","8","0","2","0","0","0","1","0","1","1","0","0","0","2","6","0","0","4","1","0","0","0","1","0","0","0","0","0","0","0","1","0","1","0","0","0","0","0","0",
"860Z200US14218","ZCTA5 14218","20878","19294","16018","2216","97","331","3","629","1584","1478","325","189","235","2","647","27","3","0","37","1","0","7","1","4","0","103","38","7","0","28","3","0","13","3","2","0","2","0","3","0","4","0","0","0","0","0","3","1","0","0","0","0","1","0","0","0","0","1","0","0","0","0","0","0","0","0","0","0","0","0","0",
"860Z200US14219","ZCTA5 14219","11593","10914","10387","228","42","112","1","144","679","652","147","152","47","3","284","9","0","0","10","0","0","0","0","0","0","24","4","2","0","5","0","0","6","1","5","0","0","0","0","0","0","0","1","0","0","0","3","1","0","1","0","0","1","0","0","0","0","0","0","0","0","0","0","0","0","0","0","0","0","0","0",
"860Z200US14220","ZCTA5 14220","23959","22240","19711","1371","131","268","5","754","1719","1649","450","290","66","8","765","18","2","0","28","1","0","5","5","5","6","68","22","6","3","9","8","0","10","5","3","1","0","0","0","0","0","0","0","0","0","1","2","1","0","1","0","0","0","0","0","0","0","0","0","0","0","0","0","0","0","0","0","0","0","0","0",
"860Z200US14221","ZCTA5 14221","55275","52836","44776","1999","85","5492","7","477","2439","2291","318","229","574","14","1024","32","14","3","48","6","1","2","5","18","3","137","50","14","1","23","9","0","24","7","5","1","0","0","1","0","0","2","0","0","0","0","11","3","0","4","1","1","0","0","2","0","0","0","0","0","0","0","0","0","0","0","0","0","0","0","0",
"860Z200US14222","ZCTA5 14222","13629","12778","9891","2004","76","362","4","441","851","787","173","80","123","2","312","7","16","1","55","0","0","6","6","4","2","57","30","0","1","15","0","0","2","3","6","0","0","0","0","0","0","0","0","0","0","0","5","1","0","3","0","0","0","0","0","0","0","1","0","0","0","0","2","1","1","0","0","0","0","0","0",
"860Z200US14223","ZCTA5 14223","22658","21339","19083","1263","64","612","11","306","1319","1225","355","178","160","6","462","18","6","1","31","4","0","0","3","1","0","81","28","9","1","25","2","0","11","1","0","0","0","0","0","4","0","0","0","0","0","0","13","0","0","11","0","2","0","0","0","0","0","0","0","0","0","0","0","0","0","0","0","0","0","0","0",
"860Z200US14224","ZCTA5 14224","40736","39192","37809","606","88","372","10","307","1544","1464","224","318","154","7","724","9","5","0","16","1","0","1","1","4","0","76","26","4","0","10","5","0","14","5","6","0","1","0","4","0","0","0","0","0","0","1","4","0","0","2","1","0","0","0","0","0","1","0","0","0","0","0","0","0","0","0","0","0","0","0","0",
"860Z200US14225","ZCTA5 14225","34066","32174","25618","4609","73","1376","9","489","1892","1805","564","277","227","2","593","27","10","1","66","4","0","13","6","11","4","77","42","7","0","19","2","0","3","1","1","0","0","0","0","0","1","0","0","1","0","0","7","2","0","3","0","0","0","0","2","0","0","0","0","0","0","0","3","3","0","0","0","0","0","0","0",
"860Z200US14226","ZCTA5 14226","29861","28259","21639","3202","77","2954","6","381","1602","1463","317","154","339","1","529","18","12","0","68","1","2","9","3","8","2","119","45","14","0","24","11","0","6","11","4","1","0","0","1","0","1","0","0","0","0","1","20","4","0","16","0","0","0","0","0","0","0","0","0","0","0","0","0","0","0","0","0","0","0","0","0",
"860Z200US14227","ZCTA5 14227","23130","22201","19297","1932","62","665","6","239","929","853","191","135","117","1","354","22","4","0","20","0","0","3","2","4","0","68","43","8","0","7","0","0","3","6","1","0","0","0","0","0","0","0","0","0","0","0","8","1","0","6","1","0","0","0","0","0","0","0","0","0","0","0","0","0","0","0","0","0","0","0","0",
"860Z200US14228","ZCTA5 14228","23945","22569","15926","2482","65","3704","7","385","1376","1291","273","130","283","5","500","34","11","0","40","0","0","4","5","5","1","77","25","8","0","25","6","0","7","1","1","0","2","0","2","0","0","0","0","0","0","0","7","5","0","1","0","1","0","0","0","0","0","0","0","0","0","0","1","1","0","0","0","0","0","0","0",
"860Z200US14260","ZCTA5 14260","787","758","534","80","2","115","0","27","29","27","3","0","18","0","1","0","0","0","5","0","0","0","0","0","0","2","2","0","0","0","0","0","0","0","0","0","0","0","0","0","0","0","0","0","0","0","0","0","0","0","0","0","0","0","0","0","0","0","0","0","0","0","0","0","0","0","0","0","0","0","0",
"860Z200US14261","ZCTA5 14261","5686","5510","3278","895","12","1088","3","234","176","168","53","5","74","3","13","0","9","0","7","3","0","0","0","1","0","7","6","0","0","0","0","0","0","0","1","0","0","0","0","0","0","0","0","0","0","0","1","0","0","0","0","0","0","0","0","0","1","0","0","0","0","0","0","0","0","0","0","0","0","0","0",
"860Z200US14301","ZCTA5 14301","12618","11447","6444","4108","282","275","3","335","1171","1047","508","226","21","1","160","55","10","0","52","3","0","5","1","3","2","110","64","7","0","19","2","0","8","1","3","0","0","0","2","0","0","0","0","3","0","1","9","3","0","3","0","0","1","0","0","0","0","1","1","0","0","0","5","2","3","0","0","0","0","0","0",
"860Z200US14302","ZCTA5 14302","105","105","86","14","4","1","0","0","0","0","0","0","0","0","0","0","0","0","0","0","0","0","0","0","0","0","0","0","0","0","0","0","0","0","0","0","0","0","0","0","0","0","0","0","0","0","0","0","0","0","0","0","0","0","0","0","0","0","0","0","0","0","0","0","0","0","0","0","0","0","0",
"860Z200US14303","ZCTA5 14303","5958","5298","3065","1732","133","192","1","175","660","585","268","109","17","3","131","20","5","1","23","1","0","1","0","6","0","70","42","3","0","15","1","0","5","0","3","0","0","0","1","0","0","0","0","0","0","0","4","4","0","0","0","0","0","0","0","0","0","0","0","0","0","0","1","0","1","0","0","0","0","0","0",
"860Z200US14304","ZCTA5 14304","28923","27186","24447","1442","379","660","4","254","1737","1656","472","463","116","7","522","23","5","0","31","4","0","3","3","6","1","73","38","10","0","7","9","0","5","0","1","0","0","1","0","0","1","0","0","0","0","1","7","3","0","4","0","0","0","0","0","0","0","0","0","0","0","0","1","0","1","0","0","0","0","0","0",
"860Z200US14305","ZCTA5 14305","16427","15125","8974","5305","244","198","7","397","1302","1205","542","241","51","2","233","73","6","1","44","0","1","7","2","0","2","91","59","3","1","10","1","0","10","1","1","0","0","0","3","0","0","0","0","1","0","1","5","0","0","3","0","1","0","0","0","0","0","1","0","0","0","0","1","0","0","0","0","0","1","0","0",
"860Z200US14411","ZCTA5 14411","13334","12459","10647","1318","73","43","7","371","875","837","228","245","33","1","313","3","2","0","6","0","0","0","2","4","0","25","3","1","3","4","0","0","1","2","1","0","4","0","1","4","1","0","0","0","0","0","12","0","0","7","0","1","0","0","1","0","0","0","0","3","0","0","1","0","0","0","0","1","0","0","0",
"860Z200US14413","ZCTA5 14413","171","152","83","16","5","0","0","48","19","15","13","0","0","0","1","0","0","0","0","0","0","0","0","1","0","4","4","0","0","0","0","0","0","0","0","0","0","0","0","0","0","0","0","0","0","0","0","0","0","0","0","0","0","0","0","0","0","0","0","0","0","0","0","0","0","0","0","0","0","0","0",
"860Z200US14414","ZCTA5 14414","6935","6537","6295","73","15","49","1","104","398","374","48","97","26","6","183","4","8","0","0","2","0","0","0","0","0","17","4","0","0","4","2","0","2","0","0","2","0","0","0","0","3","0","0","0","0","0","7","2","1","3","1","0","0","0","0","0","0","0","0","0","0","0","0","0","0","0","0","0","0","0","0",
"860Z200US14415","ZCTA5 14415","194","191","191","0","0","0","0","0","3","3","0","0","0","0","3","0","0","0","0","0","0","0","0","0","0","0","0","0","0","0","0","0","0","0","0","0","0","0","0","0","0","0","0","0","0","0","0","0","0","0","0","0","0","0","0","0","0","0","0","0","0","0","0","0","0","0","0","0","0","0","0",
"860Z200US14416","ZCTA5 14416","3971","3765","3500","17","8","29","0","211","206","198","20","64","7","0","103","0","0","0","2","1","0","1","0","0","0","7","7","0","0","0","0","0","0","0","0","0","0","0","0","0","0","0","0","0","0","0","1","0","0","0","0","1","0","0","0","0","0","0","0","0","0","0","0","0","0","0","0","0","0","0","0",
"860Z200US14418","ZCTA5 14418","1296","1233","1220","5","0","3","0","5","63","61","4","26","4","1","26","0","0","0","0","0","0","0","0","0","0","1","0","0","0","1","0","0","0","0","0","0","0","0","0","0","0","0","0","0","0","0","0","0","0","0","0","0","0","0","0","0","0","0","0","0","0","0","1","0","1","0","0","0","0","0","0",
"860Z200US14420","ZCTA5 14420","19567","18153","16683","860","50","239","3","318","1414","1356","303","275","117","15","576","15","6","3","31","2","0","2","0","5","6","49","19","7","0","8","1","0","7","1","1","0","0","0","4","0","0","1","0","0","0","0","7","0","0","4","1","1","0","0","0","0","1","0","0","0","0","0","2","0","0","2","0","0","0","0","0",
"860Z200US14422","ZCTA5 14422","2182","2078","2013","7","7","2","0","49","104","95","9","26","8","1","49","0","0","0","1","1","0","0","0","0","0","6","4","0","0","1","0","0","1","0","0","0","0","0","0","0","0","0","0","0","0","0","2","1","0","1","0","0","0","0","0","0","0","0","0","0","0","0","1","0","1","0","0","0","0","0","0",
"860Z200US14423","ZCTA5 14423","4557","4338","4168","106","5","35","0","24","219","217","52","82","16","0","66","0","0","0","1","0","0","0","0","0","0","2","0","0","0","0","0","0","1","0","1","0","0","0","0","0","0","0","0","0","0","0","0","0","0","0","0","0","0","0","0","0","0","0","0","0","0","0","0","0","0","0","0","0","0","0","0",
"860Z200US14424","ZCTA5 14424","28353","26828","25642","514","62","278","8","324","1525","1453","213","462","130","15","575","9","6","0","31","1","0","2","6","3","0","65","20","4","2","11","11","0","4","7","0","2","1","0","2","0","0","0","1","0","0","0","6","0","0","2","0","0","0","1","0","0","3","0","0","0","0","0","0","0","0","0","0","0","0","1","1",
"860Z200US14425","ZCTA5 14425","13068","12113","11073","431","34","193","2","380","955","912","177","184","87","10","425","0","1","0","20","0","0","6","0","2","0","31","9","7","0","4","2","0","3","0","3","1","0","0","0","0","0","2","0","0","0","0","11","0","0","4","0","0","0","0","1","0","4","1","1","0","0","0","1","0","1","0","0","0","0","0","0",
"860Z200US14427","ZCTA5 14427","1990","1878","1836","4","2","15","0","21","112","112","10","54","3","0","37","0","0","0","8","0","0","0","0","0","0","0","0","0","0","0","0","0","0","0","0","0","0","0","0","0","0","0","0","0","0","0","0","0","0","0","0","0","0","0","0","0","0","0","0","0","0","0","0","0","0","0","0","0","0","0","0",
"860Z200US14428","ZCTA5 14428","8259","7856","7490","159","10","113","0","84","403","384","46","90","45","2","167","0","11","0","12","2","1","6","1","1","0","19","8","1","0","5","0","0","1","0","1","0","0","2","1","0","0","0","0","0","0","0","0","0","0","0","0","0","0","0","0","0","0","0","0","0","0","0","0","0","0","0","0","0","0","0","0",
"860Z200US14432","ZCTA5 14432","5746","5455","5215","73","8","20","2","137","291","269","46","79","23","1","104","1","2","2","10","0","0","1","0","0","0","18","4","0","0","5","3","0","3","1","0","2","0","0","0","0","0","0","0","0","0","0","3","0","0","0","0","0","0","3","0","0","0","0","0","0","0","0","0","0","0","0","0","0","0","1","1",
"860Z200US14433","ZCTA5 14433","4707","4392","4192","103","13","14","2","68","315","297","99","59","22","0","110","1","0","0","5","0","0","0","0","1","0","14","5","0","0","5","0","0","4","0","0","0","0","0","0","0","0","0","0","0","0","0","4","1","0","0","0","3","0","0","0","0","0","0","0","0","0","0","0","0","0","0","0","0","0","0","0",
"860Z200US14435","ZCTA5 14435","2761","2633","2578","10","11","17","0","17","128","121","9","39","3","3","60","0","3","0","0","2","0","2","0","0","0","7","1","1","0","1","0","0","2","0","1","1","0","0","0","0","0","0","0","0","0","0","0","0","0","0","0","0","0","0","0","0","0","0","0","0","0","0","0","0","0","0","0","0","0","0","0",
"860Z200US14437","ZCTA5 14437","9141","8736","8477","83","25","53","1","97","405","392","54","149","11","2","173","0","1","0","2","0","0","0","0","0","0","11","9","0","0","0","1","0","0","0","0","0","0","0","0","0","0","0","0","0","0","1","2","0","1","1","0","0","0","0","0","0","0","0","0","0","0","0","0","0","0","0","0","0","0","0","0",
"860Z200US14441","ZCTA5 14441","326","316","281","6","19","4","0","6","10","9","4","3","0","0","2","0","0","0","0","0","0","0","0","0","0","1","0","1","0","0","0","0","0","0","0","0","0","0","0","0","0","0","0","0","0","0","0","0","0","0","0","0","0","0","0","0","0","0","0","0","0","0","0","0","0","0","0","0","0","0","0",
"860Z200US14445","ZCTA5 14445","7781","7195","6609","323","21","124","8","110","586","537","157","83","66","2","196","8","2","1","12","1","0","1","6","1","1","43","19","3","0","4","0","0","11","3","1","0","0","0","1","0","0","1","0","0","0","0","6","0","0","4","0","1","0","0","0","0","1","0","0","0","0","0","0","0","0","0","0","0","0","0","0",
"860Z200US14450","ZCTA5 14450","42633","40489","37803","966","48","1268","10","394","2144","2044","311","352","327","6","976","12","11","4","25","3","1","2","6","7","1","86","24","6","0","23","3","0","14","2","8","0","0","1","4","0","0","0","0","1","0","0","14","5","0","9","0","0","0","0","0","0","0","0","0","0","0","0","0","0","0","0","0","0","0","0","0",
"860Z200US14453","ZCTA5 14453","44","36","28","0","0","4","0","4","8","4","0","0","0","0","4","0","0","0","0","0","0","0","0","0","0","4","0","0","0","0","4","0","0","0","0","0","0","0","0","0","0","0","0","0","0","0","0","0","0","0","0","0","0","0","0","0","0","0","0","0","0","0","0","0","0","0","0","0","0","0","0",
"860Z200US14454","ZCTA5 14454","10759","10159","9239","333","15","367","0","205","600","572","45","87","98","1","317","0","0","0","11","1","0","0","1","3","8","18","2","1","0","5","5","1","1","0","0","2","1","0","0","0","0","0","0","0","0","0","8","2","1","4","0","1","0","0","0","0","0","0","0","0","0","0","2","0","0","2","0","0","0","0","0",
"860Z200US14456","ZCTA5 14456","19602","18016","14978","1340","35","322","7","1334","1586","1493","481","135","89","4","680","10","8","2","72","0","0","8","1","3","0","81","22","3","0","32","4","0","8","5","2","0","0","0","3","0","2","0","0","0","0","0","6","0","0","2","1","0","0","1","0","0","1","1","0","0","0","0","3","0","3","0","0","0","0","3","3",
"860Z200US14462","ZCTA5 14462","614","570","553","1","1","2","1","12","44","44","3","20","4","0","17","0","0","0","0","0","0","0","0","0","0","0","0","0","0","0","0","0","0","0","0","0","0","0","0","0","0","0","0","0","0","0","0","0","0","0","0","0","0","0","0","0","0","0","0","0","0","0","0","0","0","0","0","0","0","0","0",
"860Z200US14463","ZCTA5 14463","181","175","172","0","0","0","0","3","6","6","0","0","2","0","4","0","0","0","0","0","0","0","0","0","0","0","0","0","0","0","0","0","0","0","0","0","0","0","0","0","0","0","0","0","0","0","0","0","0","0","0","0","0","0","0","0","0","0","0","0","0","0","0","0","0","0","0","0","0","0","0",
"860Z200US14464","ZCTA5 14464","7065","6611","6331","124","26","22","1","107","454","442","73","128","32","2","193","2","1","0","8","0","0","0","2","0","1","12","7","0","0","2","1","1","1","0","0","0","0","0","0","0","0","0","0","0","0","0","0","0","0","0","0","0","0","0","0","0","0","0","0","0","0","0","0","0","0","0","0","0","0","0","0",
"860Z200US14466","ZCTA5 14466","1616","1546","1516","14","4","5","1","6","70","68","5","28","3","0","31","0","1","0","0","0","0","0","0","0","0","2","0","0","0","1","0","0","1","0","0","0","0","0","0","0","0","0","0","0","0","0","0","0","0","0","0","0","0","0","0","0","0","0","0","0","0","0","0","0","0","0","0","0","0","0","0",
"860Z200US14467","ZCTA5 14467","9526","8873","7185","726","20","797","3","142","653","612","127","95","137","3","213","5","11","1","16","0","0","0","2","2","0","38","14","6","0","4","4","0","6","1","2","0","0","0","1","0","0","0","0","0","0","0","3","0","0","3","0","0","0","0","0","0","0","0","0","0","0","0","0","0","0","0","0","0","0","0","0",
"860Z200US14468","ZCTA5 14468","19174","18288","17546","371","43","121","3","204","886","851","103","240","82","4","382","8","4","1","18","0","0","1","3","2","3","35","7","5","0","11","4","0","7","0","1","0","0","0","0","0","0","0","0","0","0","0","0","0","0","0","0","0","0","0","0","0","0","0","0","0","0","0","0","0","0","0","0","0","0","0","0",
"860Z200US14469","ZCTA5 14469","6265","5929","5763","35","24","32","1","74","336","311","46","123","20","1","121","0","0","0","0","0","0","0","0","0","0","22","6","0","1","5","0","0","4","3","0","3","0","0","0","0","0","0","0","0","0","0","3","0","0","0","0","0","0","0","2","0","0","1","0","0","0","0","0","0","0","0","0","0","0","0","0",
"860Z200US14470","ZCTA5 14470","7648","7233","6933","85","43","36","3","133","415","400","54","142","22","0","173","4","0","0","0","1","0","2","1","1","0","14","3","3","0","0","0","0","1","3","0","2","0","0","1","1","0","0","0","0","0","0","1","0","0","0","0","1","0","0","0","0","0","0","0","0","0","0","0","0","0","0","0","0","0","0","0",
"860Z200US14471","ZCTA5 14471","2610","2503","2464","10","3","15","0","11","107","95","7","47","2","1","35","0","0","0","2","1","0","0","0","0","0","11","0","0","0","0","0","0","7","0","2","1","0","0","0","0","0","0","1","0","0","0","0","0","0","0","0","0","0","0","0","0","0","0","0","0","0","0","0","0","0","0","0","0","0","1","1",
"860Z200US14472","ZCTA5 14472","8566","8162","7896","75","18","100","2","71","404","387","41","90","60","1","179","3","3","2","4","0","0","0","2","2","0","14","4","1","0","5","2","0","2","0","0","0","0","0","0","0","0","0","0","0","0","0","2","1","0","1","0","0","0","0","0","0","0","0","0","0","0","0","1","0","1","0","0","0","0","0","0",
"860Z200US14475","ZCTA5 14475","334","323","319","0","1","1","0","2","11","9","1","2","0","0","5","0","0","0","1","0","0","0","0","0","0","2","0","0","0","1","0","0","1","0","0","0","0","0","0","0","0","0","0","0","0","0","0","0","0","0","0","0","0","0","0","0","0","0","0","0","0","0","0","0","0","0","0","0","0","0","0",
"860Z200US14476","ZCTA5 14476","2250","2167","2083","28","11","0","0","45","83","80","11","28","3","0","34","1","0","0","2","0","0","0","1","0","0","3","1","0","0","0","0","2","0","0","0","0","0","0","0","0","0","0","0","0","0","0","0","0","0","0","0","0","0","0","0","0","0","0","0","0","0","0","0","0","0","0","0","0","0","0","0",
"860Z200US14477","ZCTA5 14477","1501","1417","1358","22","17","0","0","20","84","82","7","21","4","3","44","1","0","0","1","0","0","0","1","0","0","1","1","0","0","0","0","0","0","0","0","0","0","0","0","0","0","0","0","0","0","0","1","0","0","0","0","0","0","0","0","0","0","1","0","0","0","0","0","0","0","0","0","0","0","0","0",
"860Z200US14478","ZCTA5 14478","1646","1591","1511","35","5","23","2","15","55","51","9","19","0","0","17","5","0","0","0","0","0","0","0","0","1","1","0","0","0","0","0","0","0","0","1","0","0","0","0","0","0","0","0","0","0","0","0","0","0","0","0","0","0","0","0","0","0","0","0","0","0","0","3","0","3","0","0","0","0","0","0",
"860Z200US14479","ZCTA5 14479","263","244","244","0","0","0","0","0","19","19","6","9","1","0","2","0","0","1","0","0","0","0","0","0","0","0","0","0","0","0","0","0","0","0","0","0","0","0","0","0","0","0","0","0","0","0","0","0","0","0","0","0","0","0","0","0","0","0","0","0","0","0","0","0","0","0","0","0","0","0","0",
"860Z200US14480","ZCTA5 14480","826","781","745","2","9","9","0","16","45","43","3","19","1","1","17","0","1","0","1","0","0","0","0","0","0","2","0","0","0","0","0","0","0","0","2","0","0","0","0","0","0","0","0","0","0","0","0","0","0","0","0","0","0","0","0","0","0","0","0","0","0","0","0","0","0","0","0","0","0","0","0",
"860Z200US14481","ZCTA5 14481","1711","1612","1540","2","0","13","0","57","99","97","13","27","9","0","45","0","1","1","1","0","0","0","0","0","0","1","1","0","0","0","0","0","0","0","0","0","0","0","0","0","0","0","0","0","0","0","1","0","0","1","0","0","0","0","0","0","0","0","0","0","0","0","0","0","0","0","0","0","0","0","0",
"860Z200US14482","ZCTA5 14482","8365","7972","7674","145","20","29","4","100","393","375","70","135","42","1","109","5","2","0","8","0","0","0","3","0","0","15","7","1","0","2","3","0","2","0","0","0","0","0","0","0","0","0","0","0","0","0","2","0","1","0","1","0","0","0","0","0","0","0","0","0","0","0","1","0","1","0","0","0","0","0","0",
"860Z200US14485","ZCTA5 14485","4111","3876","3765","39","4","34","0","34","235","222","39","45","28","0","102","1","1","0","2","1","0","3","0","0","0","13","2","0","0","4","2","0","5","0","0","0","0","0","0","0","0","0","0","0","0","0","0","0","0","0","0","0","0","0","0","0","0","0","0","0","0","0","0","0","0","0","0","0","0","0","0",
"860Z200US14486","ZCTA5 14486","305","295","286","1","0","1","0","7","10","9","2","2","2","0","0","0","0","0","3","0","0","0","0","0","0","1","0","0","0","0","1","0","0","0","0","0","0","0","0","0","0","0","0","0","0","0","0","0","0","0","0","0","0","0","0","0","0","0","0","0","0","0","0","0","0","0","0","0","0","0","0",
"860Z200US14487","ZCTA5 14487","5889","5536","5424","51","5","24","1","31","353","333","30","114","25","8","140","4","2","0","7","1","0","2","0","0","0","17","5","3","0","1","0","0","1","1","3","3","0","0","0","0","0","0","0","0","0","0","2","0","0","0","1","1","0","0","0","0","0","0","0","0","0","0","1","0","0","1","0","0","0","0","0",
"860Z200US14489","ZCTA5 14489","7347","6728","6136","454","27","16","0","95","619","596","217","120","11","3","222","8","0","1","9","1","0","1","1","2","0","20","8","2","0","5","0","0","3","0","0","0","0","0","1","0","1","0","0","0","0","0","2","0","1","0","0","0","1","0","0","0","0","0","0","0","0","0","1","1","0","0","0","0","0","0","0",
"860Z200US14502","ZCTA5 14502","10760","10160","9781","121","29","126","0","103","600","558","70","150","61","3","244","10","0","0","14","2","1","1","0","2","0","35","19","2","0","1","2","0","5","2","0","1","1","0","0","0","1","1","0","0","0","0","5","3","0","1","0","0","0","0","1","0","0","0","0","0","0","0","2","1","1","0","0","0","0","0","0",
"860Z200US14504","ZCTA5 14504","1648","1573","1523","5","7","4","0","34","75","74","12","29","0","0","33","0","0","0","0","0","0","0","0","0","0","1","0","0","0","0","1","0","0","0","0","0","0","0","0","0","0","0","0","0","0","0","0","0","0","0","0","0","0","0","0","0","0","0","0","0","0","0","0","0","0","0","0","0","0","0","0",
"860Z200US14505","ZCTA5 14505","5202","4912","4689","68","12","11","1","131","290","279","33","117","9","0","116","2","0","0","1","0","1","0","0","0","0","8","2","0","0","1","1","0","3","0","0","0","0","1","0","0","0","0","0","0","0","0","1","0","0","0","0","0","0","0","1","0","0","0","0","0","0","0","2","2","0","0","0","0","0","0","0",
"860Z200US14506","ZCTA5 14506","1289","1235","1193","7","2","27","0","6","54","52","4","12","12","0","23","1","0","0","0","0","0","0","0","0","0","2","1","0","0","1","0","0","0","0","0","0","0","0","0","0","0","0","0","0","0","0","0","0","0","0","0","0","0","0","0","0","0","0","0","0","0","0","0","0","0","0","0","0","0","0","0",
"860Z200US14507","ZCTA5 14507","1298","1261","1243","4","2","0","0","12","37","36","6","11","1","0","18","0","0","0","0","0","0","0","0","0","0","1","0","0","0","0","0","0","0","1","0","0","0","0","0","0","0","0","0","0","0","0","0","0","0","0","0","0","0","0","0","0","0","0","0","0","0","0","0","0","0","0","0","0","0","0","0",
"860Z200US14510","ZCTA5 14510","4902","4536","4181","75","25","34","0","221","366","354","47","86","16","3","180","2","2","0","12","1","0","0","0","4","1","4","0","0","0","0","0","0","2","1","0","1","0","0","0","0","0","0","0","0","0","0","5","0","0","2","3","0","0","0","0","0","0","0","0","0","0","0","3","0","0","3","0","0","0","0","0",
"860Z200US14511","ZCTA5 14511","520","497","489","5","1","0","0","2","23","22","0","6","3","0","13","0","0","0","0","0","0","0","0","0","0","1","0","0","0","0","0","0","1","0","0","0","0","0","0","0","0","0","0","0","0","0","0","0","0","0","0","0","0","0","0","0","0","0","0","0","0","0","0","0","0","0","0","0","0","0","0",
"860Z200US14512","ZCTA5 14512","4533","4319","4245","18","7","39","0","10","214","203","22","68","27","1","78","0","0","0","6","0","0","0","0","1","0","11","3","1","1","1","0","0","3","0","0","1","0","0","0","0","0","0","1","0","0","0","0","0","0","0","0","0","0","0","0","0","0","0","0","0","0","0","0","0","0","0","0","0","0","0","0",
"860Z200US14513","ZCTA5 14513","13459","12449","11263","706","28","80","0","372","1010","966","360","151","42","1","380","6","0","0","17","1","0","3","0","5","0","39","10","2","0","20","1","0","5","0","0","0","0","0","0","0","0","0","0","1","0","0","2","0","1","0","0","1","0","0","0","0","0","0","0","0","0","0","3","2","1","0","0","0","0","0","0",
"860Z200US14514","ZCTA5 14514","6734","6314","5534","503","10","162","0","105","420","392","78","74","53","0","151","3","7","0","21","0","0","4","0","1","0","25","10","4","0","4","1","0","1","0","0","0","0","0","5","0","0","0","0","0","0","0","3","1","0","2","0","0","0","0","0","0","0","0","0","0","0","0","0","0","0","0","0","0","0","0","0",
"860Z200US14515","ZCTA5 14515","72","65","53","5","0","4","0","3","7","7","2","5","0","0","0","0","0","0","0","0","0","0","0","0","0","0","0","0","0","0","0","0","0","0","0","0","0","0","0","0","0","0","0","0","0","0","0","0","0","0","0","0","0","0","0","0","0","0","0","0","0","0","0","0","0","0","0","0","0","0","0",
"860Z200US14516","ZCTA5 14516","2190","2051","1991","27","3","4","0","26","139","134","21","35","6","1","66","2","0","0","3","0","0","0","0","0","0","4","1","0","0","0","2","0","1","0","0","0","0","0","0","0","0","0","0","0","0","0","1","1","0","0","0","0","0","0","0","0","0","0","0","0","0","0","0","0","0","0","0","0","0","0","0",
"860Z200US14517","ZCTA5 14517","2549","2421","2367","13","5","5","0","31","128","125","12","49","8","0","55","0","0","0","0","0","0","0","0","0","1","1","1","0","0","0","0","0","0","0","0","0","0","0","0","0","0","0","0","0","0","0","2","0","0","2","0","0","0","0","0","0","0","0","0","0","0","0","0","0","0","0","0","0","0","0","0",
"860Z200US14519","ZCTA5 14519","12354","11751","11337","168","27","82","2","135","603","563","90","197","27","0","239","3","0","0","4","1","0","0","0","2","0","34","7","4","0","7","3","0","7","3","0","0","0","0","1","1","0","0","0","0","0","1","5","1","0","0","2","2","0","0","0","0","0","0","0","0","0","0","1","0","1","0","0","0","0","0","0",
"860Z200US14521","ZCTA5 14521","3473","3312","2930","301","4","22","0","55","161","155","15","99","5","0","35","1","0","0","0","0","0","0","0","0","0","5","2","2","0","0","1","0","0","0","0","0","0","0","0","0","0","0","0","0","0","0","1","0","0","1","0","0","0","0","0","0","0","0","0","0","0","0","0","0","0","0","0","0","0","0","0",
"860Z200US14522","ZCTA5 14522","9028","8478","8232","83","32","43","6","82","550","514","98","171","29","5","191","9","0","0","11","0","0","0","0","0","0","28","10","0","0","16","1","0","0","1","0","0","0","0","0","0","0","0","0","0","0","0","6","3","0","2","0","1","0","0","0","0","0","0","0","0","0","0","2","1","1","0","0","0","0","0","0",
"860Z200US14525","ZCTA5 14525","2921","2795","2699","25","16","9","0","46","126","117","19","28","3","0","65","1","0","0","1","0","0","0","0","0","0","8","2","0","0","0","4","0","2","0","0","0","0","0","0","0","0","0","0","0","0","0","1","1","0","0","0","0","0","0","0","0","0","0","0","0","0","0","0","0","0","0","0","0","0","0","0",
"860Z200US14526","ZCTA5 14526","20932","19818","18313","520","20","767","3","195","1114","1054","142","134","174","3","562","12","3","0","15","0","1","0","2","3","3","51","12","1","1","18","1","0","11","1","4","0","0","1","0","0","1","0","0","0","0","0","9","0","0","8","0","1","0","0","0","0","0","0","0","0","0","0","0","0","0","0","0","0","0","0","0",
"860Z200US14527","ZCTA5 14527","12716","12216","11904","87","14","40","7","164","500","473","76","169","28","0","189","1","0","0","2","3","0","0","3","0","2","26","8","0","0","4","0","0","5","3","0","0","3","0","3","0","0","0","0","0","0","0","1","0","1","0","0","0","0","0","0","0","0","0","0","0","0","0","0","0","0","0","0","0","0","0","0",
"860Z200US14529","ZCTA5 14529","57","55","54","1","0","0","0","0","2","2","2","0","0","0","0","0","0","0","0","0","0","0","0","0","0","0","0","0","0","0","0","0","0","0","0","0","0","0","0","0","0","0","0","0","0","0","0","0","0","0","0","0","0","0","0","0","0","0","0","0","0","0","0","0","0","0","0","0","0","0","0",
"860Z200US14530","ZCTA5 14530","6583","6242","5347","636","23","49","1","186","341","322","40","75","15","0","182","1","0","0","7","1","0","1","0","0","0","16","4","1","1","4","3","0","1","0","1","0","0","0","0","0","0","0","0","0","0","1","1","1","0","0","0","0","0","0","0","0","0","0","0","0","0","0","2","0","0","2","0","0","0","0","0",
"860Z200US14532","ZCTA5 14532","4174","3965","3851","36","7","18","0","53","209","202","26","57","11","1","106","0","0","0","1","0","0","0","0","0","0","7","2","0","0","4","1","0","0","0","0","0","0","0","0","0","0","0","0","0","0","0","0","0","0","0","0","0","0","0","0","0","0","0","0","0","0","0","0","0","0","0","0","0","0","0","0",
"860Z200US14533","ZCTA5 14533","1753","1653","1590","10","3","8","0","42","100","91","13","43","7","0","25","0","0","0","3","0","0","0","0","0","0","7","2","0","0","0","4","0","0","0","0","1","0","0","0","0","0","0","0","0","0","0","2","0","0","1","0","0","0","0","0","0","0","0","1","0","0","0","0","0","0","0","0","0","0","0","0",
"860Z200US14534","ZCTA5 14534","32834","30928","26526","700","42","3408","13","239","1906","1785","195","131","518","12","858","10","13","1","19","1","0","7","1","16","3","101","44","13","0","11","5","0","20","3","3","0","1","0","0","0","0","0","1","0","0","0","17","9","0","4","4","0","0","0","0","0","0","0","0","0","0","0","3","1","2","0","0","0","0","0","0",
"860Z200US14536","ZCTA5 14536","607","576","556","9","2","3","0","6","31","30","0","10","6","0","14","0","0","0","0","0","0","0","0","0","0","1","0","0","1","0","0","0","0","0","0","0","0","0","0","0","0","0","0","0","0","0","0","0","0","0","0","0","0","0","0","0","0","0","0","0","0","0","0","0","0","0","0","0","0","0","0",
"860Z200US14537","ZCTA5 14537","203","198","198","0","0","0","0","0","5","5","2","2","0","0","1","0","0","0","0","0","0","0","0","0","0","0","0","0","0","0","0","0","0","0","0","0","0","0","0","0","0","0","0","0","0","0","0","0","0","0","0","0","0","0","0","0","0","0","0","0","0","0","0","0","0","0","0","0","0","0","0",
"860Z200US14539","ZCTA5 14539","225","222","221","0","0","1","0","0","3","1","0","1","0","0","0","0","0","0","0","0","0","0","0","0","0","2","0","0","0","2","0","0","0","0","0","0","0","0","0","0","0","0","0","0","0","0","0","0","0","0","0","0","0","0","0","0","0","0","0","0","0","0","0","0","0","0","0","0","0","0","0",
"860Z200US14541","ZCTA5 14541","3298","3192","2451","636","16","11","0","78","106","101","20","31","5","1","44","0","0","0","0","0","0","0","0","0","0","4","1","0","0","1","0","0","0","2","0","0","0","0","0","0","0","0","0","0","0","0","1","0","0","1","0","0","0","0","0","0","0","0","0","0","0","0","0","0","0","0","0","0","0","0","0",
"860Z200US14542","ZCTA5 14542","68","64","61","0","0","0","0","3","4","4","2","2","0","0","0","0","0","0","0","0","0","0","0","0","0","0","0","0","0","0","0","0","0","0","0","0","0","0","0","0","0","0","0","0","0","0","0","0","0","0","0","0","0","0","0","0","0","0","0","0","0","0","0","0","0","0","0","0","0","0","0",
"860Z200US14543","ZCTA5 14543","3160","3011","2825","87","7","71","0","21","149","140","15","28","9","0","74","2","5","0","4","0","0","0","3","0","0","7","3","0","0","0","2","0","1","0","1","0","0","0","0","0","0","0","0","0","0","0","1","0","0","1","0","0","0","0","0","0","0","0","0","0","0","0","0","0","0","0","0","0","0","1","1",
"860Z200US14544","ZCTA5 14544","2035","1967","1936","5","4","8","0","14","68","64","5","36","5","0","17","0","0","0","0","1","0","0","0","0","0","2","0","0","0","0","0","0","0","0","2","0","0","0","0","0","0","0","0","0","0","0","2","0","0","1","0","0","0","0","0","0","1","0","0","0","0","0","0","0","0","0","0","0","0","0","0",
"860Z200US14545","ZCTA5 14545","157","147","146","1","0","0","0","0","10","10","1","5","0","0","4","0","0","0","0","0","0","0","0","0","0","0","0","0","0","0","0","0","0","0","0","0","0","0","0","0","0","0","0","0","0","0","0","0","0","0","0","0","0","0","0","0","0","0","0","0","0","0","0","0","0","0","0","0","0","0","0",
"860Z200US14546","ZCTA5 14546","4872","4582","4157","218","24","84","11","88","290","273","52","62","46","1","92","9","4","0","7","0","0","0","0","0","0","14","0","4","0","1","1","0","1","0","3","0","0","3","0","0","0","0","0","1","0","0","3","0","0","3","0","0","0","0","0","0","0","0","0","0","0","0","0","0","0","0","0","0","0","0","0",
"860Z200US14548","ZCTA5 14548","3972","3771","3648","31","13","25","1","53","201","196","25","65","12","2","82","0","0","0","10","0","0","0","0","0","0","4","0","0","0","0","3","0","0","0","0","0","0","0","0","0","1","0","0","0","0","0","1","0","0","0","0","0","0","0","0","0","1","0","0","0","0","0","0","0","0","0","0","0","0","0","0",
"860Z200US14549","ZCTA5 14549","137","136","136","0","0","0","0","0","1","1","0","0","1","0","0","0","0","0","0","0","0","0","0","0","0","0","0","0","0","0","0","0","0","0","0","0","0","0","0","0","0","0","0","0","0","0","0","0","0","0","0","0","0","0","0","0","0","0","0","0","0","0","0","0","0","0","0","0","0","0","0",
"860Z200US14550","ZCTA5 14550","1564","1489","1471","3","2","4","0","9","75","74","1","37","5","0","30","0","0","0","0","0","0","0","0","0","1","1","0","0","0","0","0","0","1","0","0","0","0","0","0","0","0","0","0","0","0","0","0","0","0","0","0","0","0","0","0","0","0","0","0","0","0","0","0","0","0","0","0","0","0","0","0",
"860Z200US14551","ZCTA5 14551","5163","4661","3934","423","34","24","0","246","502","483","72","97","14","0","281","4","0","0","5","1","0","6","0","3","0","14","2","0","0","2","1","0","8","0","0","0","0","0","0","0","0","1","0","0","0","0","5","0","1","4","0","0","0","0","0","0","0","0","0","0","0","0","0","0","0","0","0","0","0","0","0",
"860Z200US14555","ZCTA5 14555","934","880","854","17","3","2","0","4","54","50","10","10","0","0","27","1","0","0","0","1","0","0","0","1","0","4","3","0","0","1","0","0","0","0","0","0","0","0","0","0","0","0","0","0","0","0","0","0","0","0","0","0","0","0","0","0","0","0","0","0","0","0","0","0","0","0","0","0","0","0","0",
"860Z200US14556","ZCTA5 14556","875","860","429","371","13","3","1","43","15","9","0","0","0","1","3","2","0","0","1","0","0","0","1","1","0","3","0","0","1","0","0","0","1","0","0","0","0","0","0","0","0","0","0","1","0","0","2","0","1","1","0","0","0","0","0","0","0","0","0","0","0","0","1","0","1","0","0","0","0","0","0",
"860Z200US14557","ZCTA5 14557","136","130","127","0","1","2","0","0","6","6","0","0","0","1","4","0","0","0","0","1","0","0","0","0","0","0","0","0","0","0","0","0","0","0","0","0","0","0","0","0","0","0","0","0","0","0","0","0","0","0","0","0","0","0","0","0","0","0","0","0","0","0","0","0","0","0","0","0","0","0","0",
"860Z200US14559","ZCTA5 14559","17964","17043","16349","349","21","155","2","167","921","881","179","197","75","2","401","1","4","0","15","0","1","5","0","0","1","35","9","3","0","5","1","0","6","1","8","1","0","0","0","0","0","1","0","0","0","0","5","0","1","3","0","0","0","0","0","0","0","0","1","0","0","0","0","0","0","0","0","0","0","0","0",
"860Z200US14560","ZCTA5 14560","2167","2052","2020","12","8","2","0","10","115","107","10","40","2","0","53","0","1","0","1","0","0","0","0","0","0","5","2","1","0","1","0","0","0","0","0","0","1","0","0","0","0","0","0","0","0","0","1","1","0","0","0","0","0","0","0","0","0","0","0","0","0","0","1","0","1","0","0","0","0","1","1",
"860Z200US14561","ZCTA5 14561","3026","2884","2781","21","6","6","0","70","142","138","13","47","13","1","61","0","1","0","1","0","1","0","0","0","0","4","0","0","0","1","1","0","1","0","0","0","0","0","1","0","0","0","0","0","0","0","0","0","0","0","0","0","0","0","0","0","0","0","0","0","0","0","0","0","0","0","0","0","0","0","0",
"860Z200US14564","ZCTA5 14564","16138","15336","14591","164","32","402","2","145","802","761","93","120","128","4","406","0","1","0","5","1","0","0","2","1","0","29","9","3","0","6","4","0","0","4","1","0","0","0","0","0","0","1","0","0","1","0","8","0","2","0","1","0","0","1","1","0","0","1","2","0","0","0","0","0","0","0","0","0","0","4","4",
"860Z200US14568","ZCTA5 14568","5975","5639","5482","49","7","52","4","45","336","321","39","103","25","1","149","0","0","0","1","0","1","1","1","0","0","14","9","0","0","4","0","0","0","0","0","0","0","0","0","1","0","0","0","0","0","0","1","1","0","0","0","0","0","0","0","0","0","0","0","0","0","0","0","0","0","0","0","0","0","0","0",
"860Z200US14569","ZCTA5 14569","6302","6002","5814","38","14","53","2","81","300","290","28","129","12","0","119","0","1","0","1","0","0","0","0","0","0","9","4","0","0","2","0","0","0","0","3","0","0","0","0","0","0","0","0","0","0","0","1","0","0","0","0","0","0","0","0","0","1","0","0","0","0","0","0","0","0","0","0","0","0","0","0",
"860Z200US14571","ZCTA5 14571","1207","1120","996","30","8","9","0","77","87","80","15","22","9","0","34","0","0","0","0","0","0","0","0","0","0","7","7","0","0","0","0","0","0","0","0","0","0","0","0","0","0","0","0","0","0","0","0","0","0","0","0","0","0","0","0","0","0","0","0","0","0","0","0","0","0","0","0","0","0","0","0",
"860Z200US14572","ZCTA5 14572","4636","4424","4322","23","20","15","0","44","212","204","36","85","4","2","77","0","0","0","0","0","0","0","0","0","0","5","0","0","0","0","0","0","2","0","0","0","2","0","1","0","0","0","0","0","0","0","3","1","0","1","0","1","0","0","0","0","0","0","0","0","0","0","0","0","0","0","0","0","0","0","0",
"860Z200US14580","ZCTA5 14580","54148","51197","47433","1616","85","1352","10","701","2951","2751","395","433","407","13","1373","23","14","11","52","1","0","11","3","7","8","167","55","7","0","38","6","0","39","5","5","0","2","0","5","1","4","0","0","0","0","0","31","2","0","24","1","0","0","0","0","0","0","3","1","0","0","0","2","2","0","0","0","0","0","0","0",
"860Z200US14585","ZCTA5 14585","187","185","185","0","0","0","0","0","2","2","1","0","0","0","1","0","0","0","0","0","0","0","0","0","0","0","0","0","0","0","0","0","0","0","0","0","0","0","0","0","0","0","0","0","0","0","0","0","0","0","0","0","0","0","0","0","0","0","0","0","0","0","0","0","0","0","0","0","0","0","0",
"860Z200US14586","ZCTA5 14586","13089","12226","8066","1429","34","2469","0","228","863","804","175","106","139","1","307","15","16","1","34","0","0","1","3","4","2","54","17","8","2","17","1","0","5","1","3","0","0","0","0","0","0","0","0","0","0","0","5","3","0","2","0","0","0","0","0","0","0","0","0","0","0","0","0","0","0","0","0","0","0","0","0",
"860Z200US14588","ZCTA5 14588","8","3","3","0","0","0","0","0","5","1","0","0","0","0","1","0","0","0","0","0","0","0","0","0","0","4","4","0","0","0","0","0","0","0","0","0","0","0","0","0","0","0","0","0","0","0","0","0","0","0","0","0","0","0","0","0","0","0","0","0","0","0","0","0","0","0","0","0","0","0","0",
"860Z200US14589","ZCTA5 14589","7637","7122","6589","237","29","23","3","241","515","491","91","139","21","0","222","2","0","0","9","0","0","5","0","0","2","23","12","0","0","2","0","0","7","0","0","0","0","0","0","2","0","0","0","0","0","0","1","0","0","1","0","0","0","0","0","0","0","0","0","0","0","0","0","0","0","0","0","0","0","0","0",
"860Z200US14590","ZCTA5 14590","4902","4659","4470","75","9","24","0","81","243","238","52","58","5","0","113","1","0","2","6","0","0","1","0","0","0","4","1","0","0","0","2","0","0","0","0","0","0","0","1","0","0","0","0","0","0","0","0","0","0","0","0","0","0","0","0","0","0","0","0","0","0","0","1","1","0","0","0","0","0","0","0",
"860Z200US14591","ZCTA5 14591","1451","1391","1376","2","1","2","0","10","60","59","2","42","1","0","13","0","0","0","0","0","0","1","0","0","0","1","0","0","0","0","1","0","0","0","0","0","0","0","0","0","0","0","0","0","0","0","0","0","0","0","0","0","0","0","0","0","0","0","0","0","0","0","0","0","0","0","0","0","0","0","0",
"860Z200US14592","ZCTA5 14592","222","218","214","4","0","0","0","0","4","4","2","0","0","0","2","0","0","0","0","0","0","0","0","0","0","0","0","0","0","0","0","0","0","0","0","0","0","0","0","0","0","0","0","0","0","0","0","0","0","0","0","0","0","0","0","0","0","0","0","0","0","0","0","0","0","0","0","0","0","0","0",
"860Z200US14604","ZCTA5 14604","3138","2872","1638","760","10","264","1","199","266","240","35","23","17","0","132","10","0","0","18","2","0","0","0","1","2","21","11","1","0","3","1","0","0","1","2","0","0","0","0","0","0","0","0","0","0","2","5","0","0","3","2","0","0","0","0","0","0","0","0","0","0","0","0","0","0","0","0","0","0","0","0",
"860Z200US14605","ZCTA5 14605","12172","10680","1726","5950","62","497","14","2431","1492","1388","260","41","66","4","730","53","18","0","192","0","1","5","0","3","15","89","39","1","1","24","1","0","13","0","3","0","0","0","7","0","0","0","0","0","0","0","15","0","0","13","0","1","0","0","0","0","1","0","0","0","0","0","0","0","0","0","0","0","0","0","0",
"860Z200US14606","ZCTA5 14606","28252","25655","15151","7120","108","1506","15","1755","2597","2418","686","245","170","9","1015","48","25","5","159","6","1","17","4","8","20","159","60","10","0","44","1","2","12","10","4","2","0","0","13","1","0","0","0","0","0","0","18","3","1","13","0","0","0","1","0","0","0","0","0","0","0","0","1","1","0","0","0","0","0","1","1",
"860Z200US14607","ZCTA5 14607","16298","15238","12328","1968","45","441","7","449","1060","972","207","128","127","13","421","15","11","1","31","7","0","4","1","3","3","71","36","5","1","9","4","1","9","1","1","1","1","0","0","0","0","0","0","0","0","2","15","1","0","11","3","0","0","0","0","0","0","0","0","0","0","0","2","0","2","0","0","0","0","0","0",
"860Z200US14608","ZCTA5 14608","13177","12012","2835","7257","55","824","11","1030","1165","1054","359","67","42","4","325","67","29","0","129","0","0","17","3","7","5","102","43","2","2","38","2","0","5","0","6","1","0","0","3","0","0","0","0","0","0","0","9","4","0","2","0","1","0","1","0","0","0","1","0","0","0","0","0","0","0","0","0","0","0","0","0",
"860Z200US14609","ZCTA5 14609","41329","37475","19512","13593","178","465","15","3712","3854","3500","904","242","223","4","1466","165","41","1","407","0","3","14","10","10","10","287","152","11","0","71","6","0","25","13","0","0","5","1","3","0","0","0","0","0","0","0","64","9","1","44","0","5","0","0","0","0","0","0","3","0","0","2","3","0","2","0","1","0","0","0","0",
"860Z200US14610","ZCTA5 14610","14311","13371","11628","1053","45","440","1","204","940","856","160","87","168","5","363","18","14","0","30","1","0","5","0","4","1","74","35","7","0","15","1","0","10","0","5","0","0","0","0","0","1","0","0","0","0","0","10","1","0","7","0","0","0","0","0","0","0","0","1","0","0","1","0","0","0","0","0","0","0","0","0",
"860Z200US14611","ZCTA5 14611","18586","16890","3784","11291","88","513","6","1208","1696","1519","514","89","76","4","472","130","24","4","184","0","0","11","3","6","2","144","82","6","1","34","1","0","4","3","4","0","2","0","3","3","1","0","0","0","0","0","33","4","3","21","0","3","0","0","0","0","1","1","0","0","0","0","0","0","0","0","0","0","0","0","0",
"860Z200US14612","ZCTA5 14612","34844","32409","27738","2847","91","687","3","1043","2435","2261","464","333","184","7","1083","49","6","1","104","1","0","14","3","3","9","148","85","2","0","43","1","0","9","2","1","0","0","0","1","3","0","0","1","0","0","0","25","1","0","21","0","1","0","0","1","0","1","0","0","0","0","0","1","1","0","0","0","0","0","0","0",
"860Z200US14613","ZCTA5 14613","14882","13289","3698","7097","84","887","6","1517","1593","1464","462","87","51","0","535","74","11","15","184","0","0","10","3","4","28","121","57","7","0","34","0","1","6","3","3","0","4","0","5","0","0","0","0","1","0","0","8","2","0","3","0","2","0","1","0","0","0","0","0","0","0","0","0","0","0","0","0","0","0","0","0",
"860Z200US14614","ZCTA5 14614","1109","1075","473","533","2","42","0","25","34","26","5","6","3","2","3","2","1","1","2","0","0","0","1","0","0","6","0","2","1","1","0","1","0","0","0","0","1","0","0","0","0","0","0","0","0","0","2","0","1","0","0","0","0","1","0","0","0","0","0","0","0","0","0","0","0","0","0","0","0","0","0",
"860Z200US14615","ZCTA5 14615","16862","15246","8377","4875","85","566","9","1334","1616","1500","406","150","60","1","615","47","18","1","172","0","1","4","6","3","16","106","55","4","0","24","3","0","15","1","2","0","0","0","2","0","0","0","0","0","0","0","8","1","2","4","0","0","0","0","0","0","1","0","0","0","0","0","2","1","1","0","0","0","0","0","0",
"860Z200US14616","ZCTA5 14616","27946","25836","20287","3701","94","690","5","1059","2110","1975","536","252","137","7","881","29","16","1","100","0","0","7","5","2","2","119","54","5","1","30","1","0","18","2","5","0","0","1","1","1","0","0","0","0","0","0","15","2","0","13","0","0","0","0","0","0","0","0","0","0","0","0","1","0","1","0","0","0","0","0","0",
"860Z200US14617","ZCTA5 14617","22599","20990","18859","1322","41","323","6","439","1609","1495","301","216","164","0","707","16","6","0","69","1","0","3","6","3","3","82","30","4","0","25","7","0","4","5","3","0","0","2","1","0","0","1","0","0","0","0","30","1","0","22","0","2","0","0","4","0","0","0","1","0","0","0","2","2","0","0","0","0","0","0","0",
"860Z200US14618","ZCTA5 14618","23998","22332","18965","1110","58","1840","11","348","1666","1587","232","180","420","2","659","19","5","2","50","0","0","3","4","5","6","66","21","5","0","20","2","1","9","0","5","0","2","0","1","0","0","0","0","0","0","0","13","1","3","9","0","0","0","0","0","0","0","0","0","0","0","0","0","0","0","0","0","0","0","0","0",
"860Z200US14619","ZCTA5 14619","14061","13221","2606","10070","34","127","4","380","840","747","271","53","40","0","167","92","7","2","107","0","0","2","0","3","3","85","39","4","2","23","4","0","2","4","4","0","0","0","3","0","0","0","0","0","0","0","7","2","0","5","0","0","0","0","0","0","0","0","0","0","0","0","1","0","0","1","0","0","0","0","0",
"860Z200US14620","ZCTA5 14620","24185","22505","15668","3567","91","2441","14","724","1680","1575","316","193","237","7","621","41","25","7","90","1","0","10","9","16","2","87","26","12","3","25","2","0","12","3","1","0","0","0","1","0","0","1","0","1","0","0","13","2","0","4","3","1","0","1","1","0","0","0","1","0","0","0","5","0","4","0","0","1","0","0","0",
"860Z200US14621","ZCTA5 14621","32891","28864","6681","14676","132","690","25","6660","4027","3672","735","108","91","5","1920","135","23","6","540","6","2","19","14","33","35","304","133","30","0","93","6","0","21","3","3","0","1","1","9","0","0","0","0","0","2","2","48","5","1","33","2","0","0","0","0","0","1","2","0","0","0","4","3","0","3","0","0","0","0","0","0",
"860Z200US14622","ZCTA5 14622","11930","11181","9641","917","33","186","1","403","749","714","136","129","50","2","330","5","5","7","27","3","1","6","3","6","4","27","13","3","0","3","1","0","2","1","4","0","0","0","0","0","0","0","0","0","0","0","7","1","0","6","0","0","0","0","0","0","0","0","0","0","0","0","1","0","0","0","1","0","0","0","0",
"860Z200US14623","ZCTA5 14623","27865","25929","17834","2754","108","4595","6","632","1936","1802","355","271","395","1","649","13","15","1","58","4","2","4","3","21","10","125","56","12","0","33","4","0","12","1","5","1","0","0","1","0","0","0","0","0","0","0","7","0","0","3","0","2","0","0","1","0","1","0","0","0","0","0","2","0","2","0","0","0","0","0","0",
"860Z200US14624","ZCTA5 14624","37200","34756","28675","4103","79","1156","19","724","2444","2311","492","336","271","4","1021","36","32","6","81","3","0","11","8","9","1","116","34","19","0","25","6","0","12","6","7","0","2","0","4","0","1","0","0","0","0","0","17","4","0","11","2","0","0","0","0","0","0","0","0","0","0","0","0","0","0","0","0","0","0","0","0",
"860Z200US14625","ZCTA5 14625","10487","9918","9426","167","23","234","4","64","569","535","70","102","87","1","248","4","2","0","10","0","0","2","2","4","3","29","9","0","0","5","3","0","5","1","3","0","0","0","0","1","0","0","0","1","0","1","5","1","0","4","0","0","0","0","0","0","0","0","0","0","0","0","0","0","0","0","0","0","0","0","0",
"860Z200US14626","ZCTA5 14626","30032","28060","23462","2782","63","1028","15","710","1972","1846","391","238","205","2","890","35","13","2","57","0","0","1","3","5","4","110","44","12","3","31","2","0","9","4","2","0","1","0","2","0","0","0","0","0","0","0","14","0","2","10","1","1","0","0","0","0","0","0","0","0","0","0","2","1","0","0","1","0","0","0","0",
"860Z200US14627","ZCTA5 14627","2986","2880","1546","293","8","892","1","140","106","106","20","2","65","0","8","1","0","0","5","0","0","0","3","2","0","0","0","0","0","0","0","0","0","0","0","0","0","0","0","0","0","0","0","0","0","0","0","0","0","0","0","0","0","0","0","0","0","0","0","0","0","0","0","0","0","0","0","0","0","0","0",
"860Z200US14642","ZCTA5 14642","8","8","3","3","0","1","0","1","0","0","0","0","0","0","0","0","0","0","0","0","0","0","0","0","0","0","0","0","0","0","0","0","0","0","0","0","0","0","0","0","0","0","0","0","0","0","0","0","0","0","0","0","0","0","0","0","0","0","0","0","0","0","0","0","0","0","0","0","0","0","0",
"860Z200US14701","ZCTA5 14701","38428","34974","31696","1394","189","223","16","1456","3454","3210","820","726","86","3","1429","25","6","1","81","3","0","9","1","7","13","225","83","0","1","118","2","0","14","1","0","0","1","1","1","0","0","0","2","0","1","0","17","0","3","7","5","0","0","0","1","0","0","0","0","0","1","0","1","1","0","0","0","0","0","1","1",
"860Z200US14706","ZCTA5 14706","5910","5674","5481","52","31","79","2","29","236","218","49","59","19","0","85","1","0","0","3","0","0","0","1","0","1","13","3","0","0","0","2","0","1","1","1","1","0","0","4","0","0","0","0","0","0","0","5","2","0","0","0","0","0","0","3","0","0","0","0","0","0","0","0","0","0","0","0","0","0","0","0",
"860Z200US14707","ZCTA5 14707","151","145","144","1","0","0","0","0","6","6","0","4","0","2","0","0","0","0","0","0","0","0","0","0","0","0","0","0","0","0","0","0","0","0","0","0","0","0","0","0","0","0","0","0","0","0","0","0","0","0","0","0","0","0","0","0","0","0","0","0","0","0","0","0","0","0","0","0","0","0","0",
"860Z200US14708","ZCTA5 14708","148","145","140","2","0","1","0","2","3","3","1","1","1","0","0","0","0","0","0","0","0","0","0","0","0","0","0","0","0","0","0","0","0","0","0","0","0","0","0","0","0","0","0","0","0","0","0","0","0","0","0","0","0","0","0","0","0","0","0","0","0","0","0","0","0","0","0","0","0","0","0",
"860Z200US14709","ZCTA5 14709","1423","1379","1363","1","4","7","0","4","44","42","1","21","1","0","19","0","0","0","0","0","0","0","0","0","0","2","1","0","0","0","0","0","0","0","1","0","0","0","0","0","0","0","0","0","0","0","0","0","0","0","0","0","0","0","0","0","0","0","0","0","0","0","0","0","0","0","0","0","0","0","0",
"860Z200US14710","ZCTA5 14710","3367","3227","3188","13","7","7","0","12","140","132","15","46","7","2","55","1","0","0","4","0","0","0","2","0","0","6","4","0","0","1","0","0","0","0","0","0","0","0","1","0","0","0","0","0","0","0","2","0","0","0","2","0","0","0","0","0","0","0","0","0","0","0","0","0","0","0","0","0","0","0","0",
"860Z200US14711","ZCTA5 14711","1822","1754","1732","6","3","1","0","12","68","64","12","32","4","1","15","0","0","0","0","0","0","0","0","0","0","3","0","0","0","0","0","0","2","0","0","0","0","0","0","0","1","0","0","0","0","0","1","1","0","0","0","0","0","0","0","0","0","0","0","0","0","0","0","0","0","0","0","0","0","0","0",
"860Z200US14712","ZCTA5 14712","3242","3110","3062","7","9","14","0","18","132","126","15","40","13","0","57","1","0","0","0","0","0","0","0","0","0","6","3","0","0","0","0","0","3","0","0","0","0","0","0","0","0","0","0","0","0","0","0","0","0","0","0","0","0","0","0","0","0","0","0","0","0","0","0","0","0","0","0","0","0","0","0",
"860Z200US14714","ZCTA5 14714","361","343","341","0","0","0","1","1","18","18","1","12","0","0","5","0","0","0","0","0","0","0","0","0","0","0","0","0","0","0","0","0","0","0","0","0","0","0","0","0","0","0","0","0","0","0","0","0","0","0","0","0","0","0","0","0","0","0","0","0","0","0","0","0","0","0","0","0","0","0","0",
"860Z200US14715","ZCTA5 14715","2613","2507","2485","8","6","3","0","5","106","104","11","34","13","0","45","0","0","0","0","0","0","0","1","0","0","2","0","0","0","0","0","0","1","0","1","0","0","0","0","0","0","0","0","0","0","0","0","0","0","0","0","0","0","0","0","0","0","0","0","0","0","0","0","0","0","0","0","0","0","0","0",
"860Z200US14716","ZCTA5 14716","2638","2503","2115","278","13","7","1","89","135","131","9","35","1","1","82","0","0","0","3","0","0","0","0","0","0","4","4","0","0","0","0","0","0","0","0","0","0","0","0","0","0","0","0","0","0","0","0","0","0","0","0","0","0","0","0","0","0","0","0","0","0","0","0","0","0","0","0","0","0","0","0",
"860Z200US14717","ZCTA5 14717","689","648","625","7","4","4","0","8","41","36","5","14","0","2","12","1","0","0","1","0","0","0","1","0","0","4","2","0","0","0","0","0","1","0","0","0","0","0","0","0","1","0","0","0","0","0","0","0","0","0","0","0","0","0","0","0","0","0","0","0","0","0","1","0","1","0","0","0","0","0","0",
"860Z200US14718","ZCTA5 14718","1845","1760","1704","28","7","9","6","6","85","82","8","30","2","0","37","0","0","1","1","0","0","1","0","2","0","3","3","0","0","0","0","0","0","0","0","0","0","0","0","0","0","0","0","0","0","0","0","0","0","0","0","0","0","0","0","0","0","0","0","0","0","0","0","0","0","0","0","0","0","0","0",
"860Z200US14719","ZCTA5 14719","3449","3323","3278","15","25","1","0","4","126","118","13","56","2","0","46","0","0","0","1","0","0","0","0","0","0","8","1","0","0","1","0","0","2","0","4","0","0","0","0","0","0","0","0","0","0","0","0","0","0","0","0","0","0","0","0","0","0","0","0","0","0","0","0","0","0","0","0","0","0","0","0",
"860Z200US14720","ZCTA5 14720","633","591","561","16","4","5","0","5","42","42","4","23","1","0","14","0","0","0","0","0","0","0","0","0","0","0","0","0","0","0","0","0","0","0","0","0","0","0","0","0","0","0","0","0","0","0","0","0","0","0","0","0","0","0","0","0","0","0","0","0","0","0","0","0","0","0","0","0","0","0","0",
"860Z200US14721","ZCTA5 14721","177","167","167","0","0","0","0","0","10","10","0","2","5","0","3","0","0","0","0","0","0","0","0","0","0","0","0","0","0","0","0","0","0","0","0","0","0","0","0","0","0","0","0","0","0","0","0","0","0","0","0","0","0","0","0","0","0","0","0","0","0","0","0","0","0","0","0","0","0","0","0",
"860Z200US14722","ZCTA5 14722","194","179","174","0","0","4","0","1","15","15","5","4","1","0","5","0","0","0","0","0","0","0","0","0","0","0","0","0","0","0","0","0","0","0","0","0","0","0","0","0","0","0","0","0","0","0","0","0","0","0","0","0","0","0","0","0","0","0","0","0","0","0","0","0","0","0","0","0","0","0","0",
"860Z200US14723","ZCTA5 14723","1222","1180","1150","14","2","4","0","10","42","42","3","13","1","0","24","0","0","0","0","0","0","1","0","0","0","0","0","0","0","0","0","0","0","0","0","0","0","0","0","0","0","0","0","0","0","0","0","0","0","0","0","0","0","0","0","0","0","0","0","0","0","0","0","0","0","0","0","0","0","0","0",
"860Z200US14724","ZCTA5 14724","2595","2515","2479","4","1","11","2","18","80","71","9","29","5","1","27","0","0","0","0","0","0","0","0","0","0","7","3","0","0","2","0","0","0","0","0","1","0","0","0","0","0","0","1","0","0","0","2","0","0","2","0","0","0","0","0","0","0","0","0","0","0","0","0","0","0","0","0","0","0","0","0",
"860Z200US14726","ZCTA5 14726","2016","1962","1939","8","3","4","0","8","54","51","6","17","0","0","28","0","0","0","0","0","0","0","0","0","0","3","0","0","0","2","0","0","0","0","0","0","0","0","0","0","0","0","0","1","0","0","0","0","0","0","0","0","0","0","0","0","0","0","0","0","0","0","0","0","0","0","0","0","0","0","0",
"860Z200US14727","ZCTA5 14727","5257","4977","4857","40","14","41","0","25","280","262","32","99","21","4","96","1","0","0","6","2","0","0","0","0","1","17","6","1","0","0","0","0","2","2","0","0","0","0","3","0","0","1","0","0","0","2","0","0","0","0","0","0","0","0","0","0","0","0","0","0","0","0","1","0","0","0","0","0","1","0","0",
"860Z200US14728","ZCTA5 14728","937","908","892","1","4","0","3","8","29","28","9","6","1","0","10","0","0","0","2","0","0","0","0","0","0","0","0","0","0","0","0","0","0","0","0","0","0","0","0","0","0","0","0","0","0","0","1","0","0","0","1","0","0","0","0","0","0","0","0","0","0","0","0","0","0","0","0","0","0","0","0",
"860Z200US14729","ZCTA5 14729","763","739","727","4","3","2","0","3","24","21","2","8","1","0","9","0","0","0","1","0","0","0","0","0","0","3","0","0","0","0","0","2","1","0","0","0","0","0","0","0","0","0","0","0","0","0","0","0","0","0","0","0","0","0","0","0","0","0","0","0","0","0","0","0","0","0","0","0","0","0","0",
"860Z200US14731","ZCTA5 14731","1269","1216","1182","6","13","8","0","7","53","45","2","16","3","2","21","0","0","0","1","0","0","0","0","0","0","7","3","1","0","0","0","0","0","0","0","0","0","0","0","0","0","2","0","1","0","0","1","0","0","0","0","0","0","0","1","0","0","0","0","0","0","0","0","0","0","0","0","0","0","0","0",
"860Z200US14732","ZCTA5 14732","56","56","56","0","0","0","0","0","0","0","0","0","0","0","0","0","0","0","0","0","0","0","0","0","0","0","0","0","0","0","0","0","0","0","0","0","0","0","0","0","0","0","0","0","0","0","0","0","0","0","0","0","0","0","0","0","0","0","0","0","0","0","0","0","0","0","0","0","0","0","0",
"860Z200US14733","ZCTA5 14733","3663","3476","3419","20","5","11","0","21","187","185","42","66","9","0","65","1","0","0","2","0","0","0","0","0","0","2","0","0","0","0","2","0","0","0","0","0","0","0","0","0","0","0","0","0","0","0","0","0","0","0","0","0","0","0","0","0","0","0","0","0","0","0","0","0","0","0","0","0","0","0","0",
"860Z200US14735","ZCTA5 14735","2836","2724","2684","5","9","6","0","20","112","111","5","53","4","4","42","0","1","0","0","1","0","0","0","0","1","1","0","0","0","0","0","0","0","0","0","0","0","0","1","0","0","0","0","0","0","0","0","0","0","0","0","0","0","0","0","0","0","0","0","0","0","0","0","0","0","0","0","0","0","0","0",
"860Z200US14736","ZCTA5 14736","271","259","256","0","0","1","0","2","12","12","1","2","1","0","8","0","0","0","0","0","0","0","0","0","0","0","0","0","0","0","0","0","0","0","0","0","0","0","0","0","0","0","0","0","0","0","0","0","0","0","0","0","0","0","0","0","0","0","0","0","0","0","0","0","0","0","0","0","0","0","0",
"860Z200US14737","ZCTA5 14737","4101","3945","3871","14","22","15","1","22","156","149","18","34","18","0","75","0","0","0","2","0","0","0","2","0","0","4","0","1","0","1","0","0","0","1","1","0","0","0","0","0","0","0","0","0","0","0","1","0","0","1","0","0","0","0","0","0","0","0","0","0","0","0","0","0","0","0","0","0","0","2","2",
"860Z200US14738","ZCTA5 14738","3561","3427","3382","15","7","9","0","14","134","133","21","60","7","0","43","0","0","0","0","0","0","1","0","0","1","0","0","0","0","0","0","0","0","0","0","0","0","0","0","0","0","0","0","0","0","0","1","1","0","0","0","0","0","0","0","0","0","0","0","0","0","0","0","0","0","0","0","0","0","0","0",
"860Z200US14739","ZCTA5 14739","2853","2715","2670","14","8","12","0","11","138","131","23","55","6","1","42","1","1","0","1","0","0","0","1","0","0","4","1","0","0","0","1","0","1","0","1","0","0","0","0","0","0","0","0","0","0","0","3","1","0","0","0","2","0","0","0","0","0","0","0","0","0","0","0","0","0","0","0","0","0","0","0",
"860Z200US14740","ZCTA5 14740","1301","1258","1245","5","2","3","0","3","43","41","2","8","2","1","27","0","0","0","0","0","0","0","1","0","0","2","0","0","0","1","0","0","0","1","0","0","0","0","0","0","0","0","0","0","0","0","0","0","0","0","0","0","0","0","0","0","0","0","0","0","0","0","0","0","0","0","0","0","0","0","0",
"860Z200US14741","ZCTA5 14741","1881","1730","1673","4","24","4","0","25","151","151","5","58","4","0","81","2","0","0","0","0","0","0","1","0","0","0","0","0","0","0","0","0","0","0","0","0","0","0","0","0","0","0","0","0","0","0","0","0","0","0","0","0","0","0","0","0","0","0","0","0","0","0","0","0","0","0","0","0","0","0","0",
"860Z200US14742","ZCTA5 14742","119","115","115","0","0","0","0","0","4","4","0","3","0","0","1","0","0","0","0","0","0","0","0","0","0","0","0","0","0","0","0","0","0","0","0","0","0","0","0","0","0","0","0","0","0","0","0","0","0","0","0","0","0","0","0","0","0","0","0","0","0","0","0","0","0","0","0","0","0","0","0",
"860Z200US14743","ZCTA5 14743","1584","1516","1491","10","5","5","0","5","68","61","9","20","5","0","25","0","0","0","0","0","0","0","2","0","0","7","3","0","0","1","0","0","0","3","0","0","0","0","0","0","0","0","0","0","0","0","0","0","0","0","0","0","0","0","0","0","0","0","0","0","0","0","0","0","0","0","0","0","0","0","0",
"860Z200US14744","ZCTA5 14744","1937","1889","1696","75","5","68","1","44","48","42","9","6","1","0","19","0","0","0","4","0","0","0","2","1","0","6","0","4","0","0","0","0","0","0","0","0","1","0","1","0","0","0","0","0","0","0","0","0","0","0","0","0","0","0","0","0","0","0","0","0","0","0","0","0","0","0","0","0","0","0","0",
"860Z200US14747","ZCTA5 14747","2197","2124","2075","11","9","3","0","26","73","72","5","31","0","0","34","1","0","0","0","0","0","0","0","0","1","0","0","0","0","0","0","0","0","0","0","0","0","0","0","0","0","0","0","0","0","0","1","0","0","0","0","0","0","0","1","0","0","0","0","0","0","0","0","0","0","0","0","0","0","0","0",
"860Z200US14748","ZCTA5 14748","659","632","490","6","128","4","0","4","27","26","4","19","0","0","2","0","0","0","0","0","0","1","0","0","0","0","0","0","0","0","0","0","0","0","0","0","0","0","0","0","0","0","0","0","0","0","0","0","0","0","0","0","0","0","0","0","0","0","0","0","0","0","1","0","0","0","0","0","1","0","0",
"860Z200US14750","ZCTA5 14750","4673","4457","4279","23","21","96","2","36","216","200","26","41","27","2","92","0","4","0","7","0","0","0","0","1","0","10","4","0","0","4","0","0","1","0","0","0","0","0","0","0","0","0","0","0","0","1","5","0","0","4","0","1","0","0","0","0","0","0","0","0","0","0","1","0","0","0","0","0","1","0","0",
"860Z200US14752","ZCTA5 14752","168","159","152","3","3","1","0","0","9","9","3","3","0","0","2","0","0","0","1","0","0","0","0","0","0","0","0","0","0","0","0","0","0","0","0","0","0","0","0","0","0","0","0","0","0","0","0","0","0","0","0","0","0","0","0","0","0","0","0","0","0","0","0","0","0","0","0","0","0","0","0",
"860Z200US14753","ZCTA5 14753","1067","1004","977","4","16","2","0","5","63","61","1","25","0","0","33","0","0","0","1","0","0","1","0","0","0","2","1","0","0","0","0","0","0","0","0","0","0","0","1","0","0","0","0","0","0","0","0","0","0","0","0","0","0","0","0","0","0","0","0","0","0","0","0","0","0","0","0","0","0","0","0",
"860Z200US14754","ZCTA5 14754","721","691","680","0","2","7","0","2","30","30","2","13","5","0","8","1","0","0","0","1","0","0","0","0","0","0","0","0","0","0","0","0","0","0","0","0","0","0","0","0","0","0","0","0","0","0","0","0","0","0","0","0","0","0","0","0","0","0","0","0","0","0","0","0","0","0","0","0","0","0","0",
"860Z200US14755","ZCTA5 14755","2855","2753","2632","47","46","8","0","20","102","99","9","45","1","0","41","2","0","0","1","0","0","0","0","0","0","3","0","0","0","1","0","0","0","2","0","0","0","0","0","0","0","0","0","0","0","0","0","0","0","0","0","0","0","0","0","0","0","0","0","0","0","0","0","0","0","0","0","0","0","0","0",
"860Z200US14756","ZCTA5 14756","43","42","41","1","0","0","0","0","1","1","0","0","0","0","1","0","0","0","0","0","0","0","0","0","0","0","0","0","0","0","0","0","0","0","0","0","0","0","0","0","0","0","0","0","0","0","0","0","0","0","0","0","0","0","0","0","0","0","0","0","0","0","0","0","0","0","0","0","0","0","0",
"860Z200US14757","ZCTA5 14757","3072","2960","2831","61","10","9","2","47","112","112","25","27","3","0","52","2","2","0","0","0","0","0","1","0","0","0","0","0","0","0","0","0","0","0","0","0","0","0","0","0","0","0","0","0","0","0","0","0","0","0","0","0","0","0","0","0","0","0","0","0","0","0","0","0","0","0","0","0","0","0","0",
"860Z200US14760","ZCTA5 14760","18031","16813","15727","547","97","290","3","149","1218","1150","404","322","78","3","314","9","1","0","16","0","0","0","1","0","2","56","28","0","0","10","4","0","4","6","2","0","0","0","1","0","0","1","0","0","0","0","11","2","0","4","0","0","0","0","4","0","0","1","0","0","0","0","0","0","0","0","0","0","0","1","1",
"860Z200US14767","ZCTA5 14767","2171","2102","2067","5","4","5","2","19","69","69","11","24","4","0","27","0","2","0","0","0","0","0","1","0","0","0","0","0","0","0","0","0","0","0","0","0","0","0","0","0","0","0","0","0","0","0","0","0","0","0","0","0","0","0","0","0","0","0","0","0","0","0","0","0","0","0","0","0","0","0","0",
"860Z200US14769","ZCTA5 14769","948","863","814","11","4","8","4","22","85","81","11","26","2","1","39","1","0","0","1","0","0","0","0","0","0","4","3","0","0","0","0","0","0","0","0","0","0","0","0","0","0","0","1","0","0","0","0","0","0","0","0","0","0","0","0","0","0","0","0","0","0","0","0","0","0","0","0","0","0","0","0",
"860Z200US14770","ZCTA5 14770","2747","2619","2569","24","12","7","0","7","128","125","13","57","4","0","50","0","0","0","0","0","0","0","0","0","1","3","0","0","0","0","0","0","0","2","1","0","0","0","0","0","0","0","0","0","0","0","0","0","0","0","0","0","0","0","0","0","0","0","0","0","0","0","0","0","0","0","0","0","0","0","0",
"860Z200US14772","ZCTA5 14772","4141","4007","3865","19","58","7","5","53","134","116","23","50","4","5","32","0","0","0","1","0","0","0","0","0","1","8","3","0","0","0","0","0","0","3","2","0","0","0","0","0","0","0","0","0","0","0","2","1","0","0","0","0","0","0","1","0","0","0","0","0","0","0","8","8","0","0","0","0","0","0","0",
"860Z200US14774","ZCTA5 14774","142","139","138","0","0","1","0","0","3","3","0","0","1","0","2","0","0","0","0","0","0","0","0","0","0","0","0","0","0","0","0","0","0","0","0","0","0","0","0","0","0","0","0","0","0","0","0","0","0","0","0","0","0","0","0","0","0","0","0","0","0","0","0","0","0","0","0","0","0","0","0",
"860Z200US14775","ZCTA5 14775","2402","2302","2262","11","7","1","1","20","100","98","8","34","1","0","54","0","1","0","0","0","0","0","0","0","0","1","0","0","0","0","0","0","0","0","0","0","0","0","0","0","0","0","1","0","0","0","1","0","0","0","1","0","0","0","0","0","0","0","0","0","0","0","0","0","0","0","0","0","0","0","0",
"860Z200US14777","ZCTA5 14777","509","497","494","0","0","0","0","3","12","12","3","1","1","0","7","0","0","0","0","0","0","0","0","0","0","0","0","0","0","0","0","0","0","0","0","0","0","0","0","0","0","0","0","0","0","0","0","0","0","0","0","0","0","0","0","0","0","0","0","0","0","0","0","0","0","0","0","0","0","0","0",
"860Z200US14778","ZCTA5 14778","1352","1327","1121","139","2","48","0","17","25","23","0","2","1","0","9","6","0","0","3","0","0","2","0","0","0","2","1","0","0","0","0","0","0","1","0","0","0","0","0","0","0","0","0","0","0","0","0","0","0","0","0","0","0","0","0","0","0","0","0","0","0","0","0","0","0","0","0","0","0","0","0",
"860Z200US14779","ZCTA5 14779","7191","6486","4724","68","1555","25","0","114","705","670","65","405","10","2","153","14","2","1","1","5","3","6","3","0","0","25","14","0","0","0","1","0","5","0","0","0","1","0","0","0","0","0","0","2","2","0","6","1","3","1","0","0","0","0","0","1","0","0","0","0","0","0","4","0","0","0","0","0","4","0","0",
"860Z200US14781","ZCTA5 14781","2114","1994","1975","3","3","8","0","5","120","116","8","39","8","0","60","0","0","0","0","0","0","1","0","0","0","3","0","0","0","0","0","0","1","0","0","1","1","0","0","0","0","0","0","0","0","0","1","0","0","0","1","0","0","0","0","0","0","0","0","0","0","0","0","0","0","0","0","0","0","0","0",
"860Z200US14782","ZCTA5 14782","2236","2129","2096","16","7","4","0","6","107","105","9","42","4","0","49","0","0","0","0","0","0","0","1","0","0","1","1","0","0","0","0","0","0","0","0","0","0","0","0","0","0","0","0","0","0","0","1","0","1","0","0","0","0","0","0","0","0","0","0","0","0","0","0","0","0","0","0","0","0","0","0",
"860Z200US14783","ZCTA5 14783","352","323","117","0","205","0","0","1","29","25","0","16","0","0","9","0","0","0","0","0","0","0","0","0","0","3","2","0","0","0","0","0","1","0","0","0","0","0","0","0","0","0","0","0","0","0","1","0","0","0","0","0","0","0","0","0","0","0","0","0","0","1","0","0","0","0","0","0","0","0","0",
"860Z200US14784","ZCTA5 14784","967","901","881","5","4","2","1","8","66","60","9","25","1","0","23","0","0","0","2","0","0","0","0","0","0","6","6","0","0","0","0","0","0","0","0","0","0","0","0","0","0","0","0","0","0","0","0","0","0","0","0","0","0","0","0","0","0","0","0","0","0","0","0","0","0","0","0","0","0","0","0",
"860Z200US14785","ZCTA5 14785","54","48","48","0","0","0","0","0","6","6","1","2","0","0","3","0","0","0","0","0","0","0","0","0","0","0","0","0","0","0","0","0","0","0","0","0","0","0","0","0","0","0","0","0","0","0","0","0","0","0","0","0","0","0","0","0","0","0","0","0","0","0","0","0","0","0","0","0","0","0","0",
"860Z200US14787","ZCTA5 14787","4825","4628","4475","22","14","37","4","76","197","187","21","40","17","0","100","4","0","0","5","0","0","0","0","0","0","8","5","0","0","0","0","0","0","3","0","0","0","0","0","0","0","0","0","0","0","0","2","0","1","0","0","0","0","0","1","0","0","0","0","0","0","0","0","0","0","0","0","0","0","0","0",
"860Z200US14788","ZCTA5 14788","217","204","198","4","0","1","0","1","13","13","2","6","0","0","4","1","0","0","0","0","0","0","0","0","0","0","0","0","0","0","0","0","0","0","0","0","0","0","0","0","0","0","0","0","0","0","0","0","0","0","0","0","0","0","0","0","0","0","0","0","0","0","0","0","0","0","0","0","0","0","0",
"860Z200US14801","ZCTA5 14801","5202","5020","4931","24","10","32","1","22","182","174","30","70","12","2","58","2","0","0","0","0","0","0","0","0","0","5","2","0","0","1","0","0","1","0","1","0","0","0","0","0","0","0","0","0","0","0","2","0","0","2","0","0","0","0","0","0","0","0","0","0","0","0","1","1","0","0","0","0","0","0","0",
"860Z200US14802","ZCTA5 14802","4016","3896","2827","522","11","118","5","413","120","103","11","14","19","0","19","0","5","0","11","0","0","0","24","0","0","17","4","2","0","1","0","0","0","9","1","0","0","0","0","0","0","0","0","0","0","0","0","0","0","0","0","0","0","0","0","0","0","0","0","0","0","0","0","0","0","0","0","0","0","0","0",
"860Z200US14803","ZCTA5 14803","1216","1154","1115","15","0","20","0","4","62","60","4","15","8","0","31","2","0","0","0","0","0","0","0","0","0","2","1","0","0","0","0","0","0","0","1","0","0","0","0","0","0","0","0","0","0","0","0","0","0","0","0","0","0","0","0","0","0","0","0","0","0","0","0","0","0","0","0","0","0","0","0",
"860Z200US14804","ZCTA5 14804","1300","1226","1183","3","0","21","0","19","74","71","6","28","6","0","30","0","0","0","0","0","0","0","1","0","0","2","0","0","0","1","0","0","1","0","0","0","0","0","0","0","0","0","0","0","0","0","1","1","0","0","0","0","0","0","0","0","0","0","0","0","0","0","0","0","0","0","0","0","0","0","0",
"860Z200US14805","ZCTA5 14805","1108","1038","1020","2","3","3","0","10","70","68","7","29","2","0","28","0","0","0","0","0","0","1","0","1","0","2","1","0","0","1","0","0","0","0","0","0","0","0","0","0","0","0","0","0","0","0","0","0","0","0","0","0","0","0","0","0","0","0","0","0","0","0","0","0","0","0","0","0","0","0","0",
"860Z200US14806","ZCTA5 14806","1963","1872","1844","6","2","14","1","5","91","89","10","28","2","0","47","0","0","0","0","2","0","0","0","0","0","1","1","0","0","0","0","0","0","0","0","0","0","0","0","0","0","0","0","0","0","0","1","0","0","1","0","0","0","0","0","0","0","0","0","0","0","0","0","0","0","0","0","0","0","0","0",
"860Z200US14807","ZCTA5 14807","2834","2709","2653","9","8","6","0","33","125","124","13","44","11","0","54","0","1","0","0","0","0","0","0","0","1","1","0","0","0","0","1","0","0","0","0","0","0","0","0","0","0","0","0","0","0","0","0","0","0","0","0","0","0","0","0","0","0","0","0","0","0","0","0","0","0","0","0","0","0","0","0",
"860Z200US14808","ZCTA5 14808","588","580","577","1","0","1","0","1","8","8","4","0","0","0","4","0","0","0","0","0","0","0","0","0","0","0","0","0","0","0","0","0","0","0","0","0","0","0","0","0","0","0","0","0","0","0","0","0","0","0","0","0","0","0","0","0","0","0","0","0","0","0","0","0","0","0","0","0","0","0","0",
"860Z200US14809","ZCTA5 14809","2258","2147","2100","25","8","7","0","7","111","109","10","41","6","3","47","2","0","0","0","0","0","0","0","0","0","2","1","0","0","0","1","0","0","0","0","0","0","0","0","0","0","0","0","0","0","0","0","0","0","0","0","0","0","0","0","0","0","0","0","0","0","0","0","0","0","0","0","0","0","0","0",
"860Z200US14810","ZCTA5 14810","11620","11126","10736","225","41","55","0","69","494","477","92","228","17","2","128","7","0","0","2","0","0","0","0","1","0","12","7","0","0","0","0","0","3","1","0","0","0","0","0","0","0","0","0","0","0","1","4","0","1","0","2","1","0","0","0","0","0","0","0","0","0","0","1","1","0","0","0","0","0","0","0",
"860Z200US14812","ZCTA5 14812","3273","3096","3048","12","1","18","1","16","177","169","26","75","2","1","61","0","0","0","1","1","0","2","0","0","0","7","2","0","0","4","0","0","1","0","0","0","0","0","0","0","0","0","0","0","0","0","1","0","0","0","0","0","0","1","0","0","0","0","0","0","0","0","0","0","0","0","0","0","0","0","0",
"860Z200US14813","ZCTA5 14813","2307","2194","2130","46","2","3","0","13","113","109","5","46","10","0","44","2","0","0","2","0","0","0","0","0","0","4","1","0","0","0","1","0","1","0","1","0","0","0","0","0","0","0","0","0","0","0","0","0","0","0","0","0","0","0","0","0","0","0","0","0","0","0","0","0","0","0","0","0","0","0","0",
"860Z200US14814","ZCTA5 14814","1938","1827","1746","17","4","50","0","10","111","110","13","29","9","0","57","0","0","0","2","0","0","0","0","0","0","1","0","0","0","0","0","0","1","0","0","0","0","0","0","0","0","0","0","0","0","0","0","0","0","0","0","0","0","0","0","0","0","0","0","0","0","0","0","0","0","0","0","0","0","0","0",
"860Z200US14815","ZCTA5 14815","928","884","876","5","0","0","1","2","44","43","3","21","4","1","12","0","0","0","0","0","0","2","0","0","0","0","0","0","0","0","0","0","0","0","0","0","0","0","0","0","0","0","0","0","0","0","1","0","0","0","1","0","0","0","0","0","0","0","0","0","0","0","0","0","0","0","0","0","0","0","0",
"860Z200US14816","ZCTA5 14816","583","524","504","9","2","5","0","4","59","56","11","26","3","0","16","0","0","0","0","0","0","0","0","0","0","3","0","0","0","0","0","0","1","0","1","0","0","0","0","1","0","0","0","0","0","0","0","0","0","0","0","0","0","0","0","0","0","0","0","0","0","0","0","0","0","0","0","0","0","0","0",
"860Z200US14817","ZCTA5 14817","2474","2277","2118","61","17","47","2","32","197","179","24","35","25","7","79","4","0","0","2","0","0","1","0","2","0","15","8","1","0","1","0","0","2","0","2","0","0","1","0","0","0","0","0","0","0","0","3","0","1","0","0","1","0","0","1","0","0","0","0","0","0","0","0","0","0","0","0","0","0","0","0",
"860Z200US14818","ZCTA5 14818","1830","1769","1735","6","6","9","0","13","61","56","10","17","5","0","18","0","0","0","0","1","0","0","5","0","0","5","1","1","0","0","0","0","2","0","0","0","1","0","0","0","0","0","0","0","0","0","0","0","0","0","0","0","0","0","0","0","0","0","0","0","0","0","0","0","0","0","0","0","0","0","0",
"860Z200US14819","ZCTA5 14819","684","654","644","4","0","1","0","5","30","30","4","19","2","0","5","0","0","0","0","0","0","0","0","0","0","0","0","0","0","0","0","0","0","0","0","0","0","0","0","0","0","0","0","0","0","0","0","0","0","0","0","0","0","0","0","0","0","0","0","0","0","0","0","0","0","0","0","0","0","0","0",
"860Z200US14820","ZCTA5 14820","659","625","614","0","2","0","0","9","34","31","6","16","2","0","7","0","0","0","0","0","0","0","0","0","0","2","2","0","0","0","0","0","0","0","0","0","0","0","0","0","0","0","0","0","0","0","1","0","0","1","0","0","0","0","0","0","0","0","0","0","0","0","0","0","0","0","0","0","0","0","0",
"860Z200US14821","ZCTA5 14821","3115","3000","2950","17","6","9","1","17","115","114","8","62","2","1","38","1","0","0","2","0","0","0","0","0","0","1","0","0","0","1","0","0","0","0","0","0","0","0","0","0","0","0","0","0","0","0","0","0","0","0","0","0","0","0","0","0","0","0","0","0","0","0","0","0","0","0","0","0","0","0","0",
"860Z200US14822","ZCTA5 14822","926","903","897","1","2","0","0","3","23","21","0","6","5","0","10","0","0","0","0","0","0","0","0","0","0","1","0","0","0","0","0","0","1","0","0","0","0","0","0","0","0","0","0","0","0","0","0","0","0","0","0","0","0","0","0","0","0","0","0","0","0","0","1","0","1","0","0","0","0","0","0",
"860Z200US14823","ZCTA5 14823","3686","3509","3449","19","7","17","0","17","177","176","23","75","6","0","71","0","0","0","1","0","0","0","0","0","0","1","0","0","0","0","0","0","1","0","0","0","0","0","0","0","0","0","0","0","0","0","0","0","0","0","0","0","0","0","0","0","0","0","0","0","0","0","0","0","0","0","0","0","0","0","0",
"860Z200US14824","ZCTA5 14824","663","628","620","1","4","2","0","1","35","32","4","16","1","0","11","0","0","0","0","0","0","0","0","0","0","3","1","0","0","0","0","0","0","0","2","0","0","0","0","0","0","0","0","0","0","0","0","0","0","0","0","0","0","0","0","0","0","0","0","0","0","0","0","0","0","0","0","0","0","0","0",
"860Z200US14825","ZCTA5 14825","763","733","721","3","1","6","0","2","30","30","4","7","1","0","18","0","0","0","0","0","0","0","0","0","0","0","0","0","0","0","0","0","0","0","0","0","0","0","0","0","0","0","0","0","0","0","0","0","0","0","0","0","0","0","0","0","0","0","0","0","0","0","0","0","0","0","0","0","0","0","0",
"860Z200US14826","ZCTA5 14826","1936","1854","1791","13","11","6","0","33","82","79","11","37","1","0","30","0","0","0","0","0","0","0","0","0","0","2","0","0","0","0","0","0","0","0","2","0","0","0","0","0","0","0","0","0","0","0","1","0","0","0","0","1","0","0","0","0","0","0","0","0","0","0","0","0","0","0","0","0","0","0","0",
"860Z200US14827","ZCTA5 14827","204","198","186","3","1","5","0","3","6","6","0","5","0","0","1","0","0","0","0","0","0","0","0","0","0","0","0","0","0","0","0","0","0","0","0","0","0","0","0","0","0","0","0","0","0","0","0","0","0","0","0","0","0","0","0","0","0","0","0","0","0","0","0","0","0","0","0","0","0","0","0",
"860Z200US14830","ZCTA5 14830","18949","17855","16691","496","55","412","3","198","1094","1043","219","286","128","11","379","11","0","0","8","1","0","0","0","0","0","37","5","1","0","7","0","2","8","1","11","0","1","0","0","0","0","0","0","0","0","1","13","0","4","1","2","3","0","0","1","0","1","0","0","0","1","0","1","1","0","0","0","0","0","0","0",
"860Z200US14836","ZCTA5 14836","963","899","894","0","0","1","0","4","64","64","6","30","2","0","25","0","0","0","0","0","0","0","0","0","1","0","0","0","0","0","0","0","0","0","0","0","0","0","0","0","0","0","0","0","0","0","0","0","0","0","0","0","0","0","0","0","0","0","0","0","0","0","0","0","0","0","0","0","0","0","0",
"860Z200US14837","ZCTA5 14837","5345","5143","5067","20","6","18","0","32","202","192","28","84","4","0","72","2","0","0","0","1","0","0","0","0","1","10","4","0","0","0","1","0","1","2","0","1","1","0","0","0","0","0","0","0","0","0","0","0","0","0","0","0","0","0","0","0","0","0","0","0","0","0","0","0","0","0","0","0","0","0","0",
"860Z200US14838","ZCTA5 14838","1820","1725","1709","3","4","6","0","3","95","95","16","42","5","2","29","1","0","0","0","0","0","0","0","0","0","0","0","0","0","0","0","0","0","0","0","0","0","0","0","0","0","0","0","0","0","0","0","0","0","0","0","0","0","0","0","0","0","0","0","0","0","0","0","0","0","0","0","0","0","0","0",
"860Z200US14839","ZCTA5 14839","686","660","654","1","2","1","0","2","26","25","1","9","1","1","13","0","0","0","0","0","0","0","0","0","0","1","0","0","0","0","0","0","0","0","0","0","0","0","0","0","0","0","1","0","0","0","0","0","0","0","0","0","0","0","0","0","0","0","0","0","0","0","0","0","0","0","0","0","0","0","0",
"860Z200US14840","ZCTA5 14840","2905","2779","2723","16","10","11","0","19","126","116","8","46","14","3","45","0","0","0","0","0","0","0","0","0","0","8","0","3","0","3","0","1","1","0","0","0","0","0","0","0","0","0","0","0","0","0","2","0","0","0","1","1","0","0","0","0","0","0","0","0","0","0","0","0","0","0","0","0","0","0","0",
"860Z200US14841","ZCTA5 14841","809","766","757","0","4","1","0","4","43","42","4","17","2","0","16","0","0","0","0","0","0","2","0","1","0","1","1","0","0","0","0","0","0","0","0","0","0","0","0","0","0","0","0","0","0","0","0","0","0","0","0","0","0","0","0","0","0","0","0","0","0","0","0","0","0","0","0","0","0","0","0",
"860Z200US14842","ZCTA5 14842","797","772","767","1","0","2","0","2","25","21","1","12","3","2","3","0","0","0","0","0","0","0","0","0","0","2","1","1","0","0","0","0","0","0","0","0","0","0","0","0","0","0","0","0","0","0","2","0","0","2","0","0","0","0","0","0","0","0","0","0","0","0","0","0","0","0","0","0","0","0","0",
"860Z200US14843","ZCTA5 14843","12637","11797","11219","314","26","144","2","92","840","813","211","255","40","0","298","1","3","0","5","0","0","0","0","0","0","20","4","0","0","4","3","0","3","4","1","0","0","0","0","0","0","0","1","0","0","0","7","0","0","0","6","1","0","0","0","0","0","0","0","0","0","0","0","0","0","0","0","0","0","0","0",
"860Z200US14845","ZCTA5 14845","20628","19519","18091","361","53","878","0","136","1109","1040","189","268","110","7","439","11","0","1","11","0","0","3","0","1","0","57","15","0","2","9","3","0","21","3","2","0","0","0","0","2","0","0","0","0","0","0","11","3","0","7","1","0","0","0","0","0","0","0","0","0","0","0","1","0","1","0","0","0","0","0","0",
"860Z200US14846","ZCTA5 14846","653","620","613","3","1","0","0","3","33","32","1","19","0","0","11","0","0","0","1","0","0","0","0","0","0","1","1","0","0","0","0","0","0","0","0","0","0","0","0","0","0","0","0","0","0","0","0","0","0","0","0","0","0","0","0","0","0","0","0","0","0","0","0","0","0","0","0","0","0","0","0",
"860Z200US14847","ZCTA5 14847","2443","2317","2245","19","8","14","0","31","126","123","13","52","7","0","50","0","0","0","0","1","0","0","0","0","0","3","1","0","0","1","0","0","0","0","0","1","0","0","0","0","0","0","0","0","0","0","0","0","0","0","0","0","0","0","0","0","0","0","0","0","0","0","0","0","0","0","0","0","0","0","0",
"860Z200US14850","ZCTA5 14850","69271","63392","47610","3583","199","9907","30","2063","5879","5428","943","582","1318","24","2208","79","39","5","161","1","0","28","13","26","1","377","114","32","4","71","18","2","51","20","31","8","0","5","2","0","13","2","0","0","0","4","61","10","1","30","2","7","0","0","2","0","5","0","3","1","0","0","10","2","5","0","0","3","0","3","3",
"860Z200US14853","ZCTA5 14853","1993","1945","1319","136","26","220","0","244","48","45","1","2","36","0","4","1","0","0","1","0","0","0","0","0","0","0","0","0","0","0","0","0","0","0","0","0","0","0","0","0","0","0","0","0","0","0","2","0","0","2","0","0","0","0","0","0","0","0","0","0","0","0","1","0","1","0","0","0","0","0","0",
"860Z200US14854","ZCTA5 14854","47","44","43","0","0","0","0","1","3","3","0","2","0","0","1","0","0","0","0","0","0","0","0","0","0","0","0","0","0","0","0","0","0","0","0","0","0","0","0","0","0","0","0","0","0","0","0","0","0","0","0","0","0","0","0","0","0","0","0","0","0","0","0","0","0","0","0","0","0","0","0",
"860Z200US14855","ZCTA5 14855","1029","1010","1008","1","0","0","0","1","19","19","1","9","1","0","8","0","0","0","0","0","0","0","0","0","0","0","0","0","0","0","0","0","0","0","0","0","0","0","0","0","0","0","0","0","0","0","0","0","0","0","0","0","0","0","0","0","0","0","0","0","0","0","0","0","0","0","0","0","0","0","0",
"860Z200US14856","ZCTA5 14856","72","70","69","1","0","0","0","0","2","2","0","2","0","0","0","0","0","0","0","0","0","0","0","0","0","0","0","0","0","0","0","0","0","0","0","0","0","0","0","0","0","0","0","0","0","0","0","0","0","0","0","0","0","0","0","0","0","0","0","0","0","0","0","0","0","0","0","0","0","0","0",
"860Z200US14858","ZCTA5 14858","1672","1588","1572","5","0","3","2","6","84","84","8","37","1","0","37","0","0","0","1","0","0","0","0","0","0","0","0","0","0","0","0","0","0","0","0","0","0","0","0","0","0","0","0","0","0","0","0","0","0","0","0","0","0","0","0","0","0","0","0","0","0","0","0","0","0","0","0","0","0","0","0",
"860Z200US14859","ZCTA5 14859","1153","1088","1078","3","3","2","0","2","65","60","0","38","5","0","17","0","0","0","0","0","0","0","0","0","0","2","2","0","0","0","0","0","0","0","0","0","0","0","0","0","0","0","0","0","0","0","3","0","1","0","0","0","0","0","0","1","0","0","1","0","0","0","0","0","0","0","0","0","0","0","0",
"860Z200US14860","ZCTA5 14860","1000","954","931","11","2","4","0","6","46","43","6","16","0","0","20","0","0","0","0","0","0","0","1","0","0","3","2","0","0","0","0","0","0","0","0","0","0","0","0","1","0","0","0","0","0","0","0","0","0","0","0","0","0","0","0","0","0","0","0","0","0","0","0","0","0","0","0","0","0","0","0",
"860Z200US14861","ZCTA5 14861","1303","1267","1249","9","1","5","0","3","36","36","5","14","4","0","13","0","0","0","0","0","0","0","0","0","0","0","0","0","0","0","0","0","0","0","0","0","0","0","0","0","0","0","0","0","0","0","0","0","0","0","0","0","0","0","0","0","0","0","0","0","0","0","0","0","0","0","0","0","0","0","0",
"860Z200US14864","ZCTA5 14864","1311","1254","1222","9","5","8","0","10","57","55","7","19","3","1","25","0","0","0","0","0","0","0","0","0","0","2","2","0","0","0","0","0","0","0","0","0","0","0","0","0","0","0","0","0","0","0","0","0","0","0","0","0","0","0","0","0","0","0","0","0","0","0","0","0","0","0","0","0","0","0","0",
"860Z200US14865","ZCTA5 14865","2598","2485","2427","26","0","18","0","14","113","109","11","60","7","0","29","0","0","0","0","0","1","0","1","0","0","4","1","0","0","2","1","0","0","0","0","0","0","0","0","0","0","0","0","0","0","0","0","0","0","0","0","0","0","0","0","0","0","0","0","0","0","0","0","0","0","0","0","0","0","0","0",
"860Z200US14867","ZCTA5 14867","5490","5057","4739","171","27","41","1","78","433","411","99","145","26","0","127","2","0","0","8","0","0","1","0","3","0","22","11","0","0","4","2","0","2","0","2","0","0","0","0","0","1","0","0","0","0","0","0","0","0","0","0","0","0","0","0","0","0","0","0","0","0","0","0","0","0","0","0","0","0","0","0",
"860Z200US14869","ZCTA5 14869","1208","1128","1100","7","4","7","0","10","80","76","10","32","3","0","20","0","0","0","0","1","0","10","0","0","0","4","1","0","0","1","0","0","1","0","0","0","0","0","0","1","0","0","0","0","0","0","0","0","0","0","0","0","0","0","0","0","0","0","0","0","0","0","0","0","0","0","0","0","0","0","0",
"860Z200US14870","ZCTA5 14870","9648","9167","7997","221","20","877","1","51","481","455","73","137","88","0","140","7","0","0","8","0","0","0","0","2","0","26","20","1","0","1","0","0","2","0","1","0","1","0","0","0","0","0","0","0","0","0","0","0","0","0","0","0","0","0","0","0","0","0","0","0","0","0","0","0","0","0","0","0","0","0","0",
"860Z200US14871","ZCTA5 14871","4025","3885","3803","54","6","15","0","7","140","136","28","63","6","0","35","1","1","0","1","0","0","1","0","0","0","4","2","0","0","1","1","0","0","0","0","0","0","0","0","0","0","0","0","0","0","0","0","0","0","0","0","0","0","0","0","0","0","0","0","0","0","0","0","0","0","0","0","0","0","0","0",
"860Z200US14872","ZCTA5 14872","641","599","582","5","2","1","0","9","42","42","4","6","2","0","29","0","0","0","1","0","0","0","0","0","0","0","0","0","0","0","0","0","0","0","0","0","0","0","0","0","0","0","0","0","0","0","0","0","0","0","0","0","0","0","0","0","0","0","0","0","0","0","0","0","0","0","0","0","0","0","0",
"860Z200US14873","ZCTA5 14873","2348","2219","2131","32","4","13","0","39","129","122","21","59","4","1","36","0","0","0","1","0","0","0","0","0","0","5","0","0","0","5","0","0","0","0","0","0","0","0","0","0","0","0","0","0","0","0","2","0","0","1","1","0","0","0","0","0","0","0","0","0","0","0","0","0","0","0","0","0","0","0","0",
"860Z200US14874","ZCTA5 14874","180","177","177","0","0","0","0","0","3","1","1","0","0","0","0","0","0","0","0","0","0","0","0","0","0","2","0","1","0","0","0","0","0","1","0","0","0","0","0","0","0","0","0","0","0","0","0","0","0","0","0","0","0","0","0","0","0","0","0","0","0","0","0","0","0","0","0","0","0","0","0",
"860Z200US14877","ZCTA5 14877","505","487","485","1","0","0","0","1","18","17","1","5","2","0","9","0","0","0","0","0","0","0","0","0","0","1","0","0","0","0","0","0","0","0","1","0","0","0","0","0","0","0","0","0","0","0","0","0","0","0","0","0","0","0","0","0","0","0","0","0","0","0","0","0","0","0","0","0","0","0","0",
"860Z200US14878","ZCTA5 14878","780","755","745","3","1","3","0","3","25","21","0","7","2","0","12","0","0","0","0","0","0","0","0","0","0","2","0","0","0","0","1","0","0","1","0","0","0","0","0","0","0","0","0","0","0","0","1","0","0","0","0","0","0","1","0","0","0","0","0","0","0","0","0","0","0","0","0","0","0","1","1",
"860Z200US14879","ZCTA5 14879","2152","2057","2026","8","5","12","1","5","95","95","19","42","0","0","33","0","0","0","1","0","0","0","0","0","0","0","0","0","0","0","0","0","0","0","0","0","0","0","0","0","0","0","0","0","0","0","0","0","0","0","0","0","0","0","0","0","0","0","0","0","0","0","0","0","0","0","0","0","0","0","0",
"860Z200US14880","ZCTA5 14880","1545","1451","1425","7","3","5","0","11","94","92","11","46","0","0","28","2","0","0","2","1","0","0","2","0","0","2","0","0","0","0","1","1","0","0","0","0","0","0","0","0","0","0","0","0","0","0","0","0","0","0","0","0","0","0","0","0","0","0","0","0","0","0","0","0","0","0","0","0","0","0","0",
"860Z200US14881","ZCTA5 14881","254","219","199","2","0","14","1","3","35","30","1","16","1","0","11","0","0","0","0","0","0","1","0","0","0","4","2","0","0","0","0","2","0","0","0","0","0","0","0","0","0","0","0","0","0","0","1","0","0","0","0","0","0","0","1","0","0","0","0","0","0","0","0","0","0","0","0","0","0","0","0",
"860Z200US14882","ZCTA5 14882","3890","3609","3339","112","15","64","4","75","281","267","57","66","42","5","86","3","1","0","5","0","0","1","0","1","0","12","4","5","0","0","0","0","2","1","0","0","0","0","0","0","0","0","0","0","0","0","2","0","1","0","0","0","1","0","0","0","0","0","0","0","0","0","0","0","0","0","0","0","0","0","0",
"860Z200US14883","ZCTA5 14883","3998","3736","3567","54","13","42","5","55","262","246","45","76","18","0","98","1","1","0","4","0","0","1","0","2","0","15","7","4","0","1","1","0","1","0","0","0","0","0","0","0","0","0","1","0","0","0","1","0","0","0","0","0","0","0","0","1","0","0","0","0","0","0","0","0","0","0","0","0","0","0","0",
"860Z200US14884","ZCTA5 14884","309","302","300","0","0","0","0","2","7","7","0","3","0","0","4","0","0","0","0","0","0","0","0","0","0","0","0","0","0","0","0","0","0","0","0","0","0","0","0","0","0","0","0","0","0","0","0","0","0","0","0","0","0","0","0","0","0","0","0","0","0","0","0","0","0","0","0","0","0","0","0",
"860Z200US14885","ZCTA5 14885","689","685","677","1","2","0","0","5","4","3","1","1","0","0","1","0","0","0","0","0","0","0","0","0","0","1","0","0","0","0","0","0","0","0","1","0","0","0","0","0","0","0","0","0","0","0","0","0","0","0","0","0","0","0","0","0","0","0","0","0","0","0","0","0","0","0","0","0","0","0","0",
"860Z200US14886","ZCTA5 14886","6648","6178","5983","78","14","51","6","46","470","441","79","121","41","5","177","1","1","1","6","1","1","3","1","3","0","27","5","0","1","6","2","0","7","0","4","0","1","0","0","0","1","0","0","0","0","0","2","0","2","0","0","0","0","0","0","0","0","0","0","0","0","0","0","0","0","0","0","0","0","0","0",
"860Z200US14889","ZCTA5 14889","1514","1429","1398","7","2","5","1","16","85","79","11","22","7","2","35","2","0","0","0","0","0","0","0","0","0","6","4","0","0","0","0","0","2","0","0","0","0","0","0","0","0","0","0","0","0","0","0","0","0","0","0","0","0","0","0","0","0","0","0","0","0","0","0","0","0","0","0","0","0","0","0",
"860Z200US14891","ZCTA5 14891","4140","3954","3820","40","24","50","0","20","186","171","23","83","9","0","45","2","2","0","3","0","0","1","1","2","0","14","7","1","0","1","0","0","2","0","2","0","0","0","0","1","0","0","0","0","0","0","1","0","0","0","0","0","0","0","1","0","0","0","0","0","0","0","0","0","0","0","0","0","0","0","0",
"860Z200US14892","ZCTA5 14892","7949","7572","7395","82","10","34","0","51","377","359","63","166","17","0","106","0","0","0","4","0","0","2","0","0","1","14","11","0","0","0","0","0","2","0","0","1","0","0","0","0","0","0","0","0","0","0","4","4","0","0","0","0","0","0","0","0","0","0","0","0","0","0","0","0","0","0","0","0","0","0","0",
"860Z200US14893","ZCTA5 14893","21","16","16","0","0","0","0","0","5","5","0","5","0","0","0","0","0","0","0","0","0","0","0","0","0","0","0","0","0","0","0","0","0","0","0","0","0","0","0","0","0","0","0","0","0","0","0","0","0","0","0","0","0","0","0","0","0","0","0","0","0","0","0","0","0","0","0","0","0","0","0",
"860Z200US14894","ZCTA5 14894","1716","1622","1257","283","9","5","1","67","94","77","13","20","9","0","32","0","0","0","3","0","0","0","0","0","0","17","8","1","0","4","1","0","3","0","0","0","0","0","0","0","0","0","0","0","0","0","0","0","0","0","0","0","0","0","0","0","0","0","0","0","0","0","0","0","0","0","0","0","0","0","0",
"860Z200US14895","ZCTA5 14895","9375","9040","8860","61","19","53","1","46","335","323","58","117","19","1","120","2","1","0","5","0","0","0","0","0","0","12","3","0","0","1","1","0","7","0","0","0","0","0","0","0","0","0","0","0","0","0","0","0","0","0","0","0","0","0","0","0","0","0","0","0","0","0","0","0","0","0","0","0","0","0","0",
"860Z200US14897","ZCTA5 14897","850","816","800","1","1","0","0","14","34","32","4","17","0","2","8","0","0","0","0","1","0","0","0","0","0","2","0","0","0","1","0","0","1","0","0","0","0","0","0","0","0","0","0","0","0","0","0","0","0","0","0","0","0","0","0","0","0","0","0","0","0","0","0","0","0","0","0","0","0","0","0",
"860Z200US14898","ZCTA5 14898","1573","1529","1518","4","1","0","0","6","44","43","3","26","3","0","9","0","0","0","2","0","0","0","0","0","0","0","0","0","0","0","0","0","0","0","0","0","0","0","0","0","0","0","0","0","0","0","1","0","0","0","0","1","0","0","0","0","0","0","0","0","0","0","0","0","0","0","0","0","0","0","0",
"860Z200US14901","ZCTA5 14901","14893","13646","10465","2686","73","107","7","308","1247","1145","606","193","38","1","253","16","5","0","24","0","0","5","1","1","2","95","47","7","0","16","6","0","11","0","2","0","1","0","0","0","0","2","0","0","0","3","6","4","0","1","1","0","0","0","0","0","0","0","0","0","0","0","1","0","1","0","0","0","0","0","0",
"860Z200US14903","ZCTA5 14903","7279","6796","6390","199","15","128","0","64","483","463","136","124","38","8","144","5","0","0","8","0","0","0","0","0","0","17","9","3","1","0","2","0","2","0","0","0","0","0","0","0","0","0","0","0","0","0","3","1","0","2","0","0","0","0","0","0","0","0","0","0","0","0","0","0","0","0","0","0","0","0","0",
"860Z200US14904","ZCTA5 14904","15102","13675","12318","1021","44","93","2","197","1427","1356","627","302","54","5","303","11","3","1","48","0","0","1","0","0","1","68","37","1","0","14","4","0","10","0","0","1","1","0","0","0","0","0","0","0","0","0","2","0","0","2","0","0","0","0","0","0","0","0","0","0","0","0","1","0","1","0","0","0","0","0","0",
"860Z200US14905","ZCTA5 14905","8645","8040","7168","636","12","112","4","108","605","569","206","119","59","7","157","4","0","0","13","1","3","0","0","0","0","35","15","2","0","10","1","0","5","0","0","0","0","0","0","1","0","1","0","0","0","0","0","0","0","0","0","0","0","0","0","0","0","0","0","0","0","0","1","0","0","0","0","0","1","0","0",
