Total,Owner Occupied,Owner occupied: Moved in 2021 or later,Owner occupied: Moved in 2018 to 2020,Owner occupied: Moved in 2010 to 2017,Owner occupied: Moved in 2000 to 2009,Owner occupied: Moved in 1990 to 1999,Owner occupied: Moved in 1989 or earlier,Rent Occupied,Renter occupied: Moved in 2021 or later,Renter occupied: Moved in 2018 to 2020,Renter occupied: Moved in 2010 to 2017,Renter occupied: Moved in 2000 to 2009,Renter occupied: Moved in 1990 to 1999,Renter occupied: Moved in 1989 or earlier,ZIP Code
17,3,0,0,0,3,0,0,14,0,0,14,0,0,0,06390
"15,097","3,570",258,715,"1,106",787,372,332,"11,527","2,319","3,526","3,241","1,181",609,651,10001
"35,771","6,660",339,597,"1,506","1,488","1,402","1,328","29,111","2,538","5,930","6,925","4,996","3,300","5,422",10002
"25,080","8,701",628,844,"2,085","1,970","1,734","1,440","16,379","3,313","4,912","3,282","1,318","1,371","2,183",10003
"1,775",630,47,243,195,141,0,4,"1,145",217,452,435,14,27,0,10004
"5,156",880,40,193,349,181,117,0,"4,276","1,151","2,160",683,137,87,58,10005
"2,305",402,31,91,196,84,0,0,"1,903",675,471,567,141,49,0,10006
"3,309","1,159",211,259,273,182,61,173,"2,150",642,632,658,138,48,32,10007
"30,025","2,687",136,346,572,296,284,"1,053","27,338","3,519","7,306","5,126","2,849","3,499","5,039",10009
"16,192","4,453",204,709,"1,065",754,755,966,"11,739","2,293","3,052","2,743",797,960,"1,894",10010
"28,277","10,180",487,"1,319","2,861","2,264","1,573","1,676","18,097","3,349","4,945","4,113","1,855","1,281","2,554",10011
"11,909","2,562",189,348,820,332,364,509,"9,347","1,691","2,578","2,068",617,"1,003","1,390",10012
"12,609","3,723",260,358,"1,282",781,328,714,"8,886","1,425","2,076","1,977","1,412",469,"1,527",10013
"17,682","5,052",496,523,"1,297","1,040",934,762,"12,630","2,520","3,164","2,919","1,133","1,147","1,747",10014
"30,164","8,345",646,"1,350","2,525","1,674","1,031","1,119","21,819","6,060","7,004","4,579","1,650","1,081","1,445",10016
"9,529","2,914",114,594,833,542,514,317,"6,615","1,286","2,363","1,384",537,272,773,10017
"4,901",580,13,45,162,92,154,114,"4,321","1,051","1,557","1,268",297,21,127,10018
"26,900","5,813",583,704,"1,688","1,433",811,594,"21,087","3,608","6,627","5,102","2,156","1,819","1,775",10019
0,0,0,0,0,0,0,0,0,0,0,0,0,0,0,10020
"20,319","9,165",657,"1,855","2,150","1,556","1,602","1,345","11,154","2,537","3,518","2,519",494,716,"1,370",10021
"18,627","9,017",709,"1,035","3,161","1,691","1,238","1,183","9,610","1,923","2,757","2,935",793,380,822,10022
"36,881","14,576",578,"2,098","5,051","2,581","2,380","1,888","22,305","4,426","5,957","5,974","1,477","1,727","2,744",10023
"29,447","11,398",658,"1,329","2,525","2,320","1,981","2,585","18,049","3,604","4,776","4,146","1,204","1,238","3,081",10024
"41,029","12,584",703,"1,295","3,063","2,610","1,894","3,019","28,445","4,324","5,818","5,736","2,499","3,380","6,688",10025
"15,537","3,574",329,335,"1,284","1,141",262,223,"11,963","1,611","2,325","2,968","2,090","1,697","1,272",10026
"24,509","3,846",130,290,"1,540",811,628,447,"20,663","2,597","4,002","5,417","3,658","2,371","2,618",10027
"24,901","9,447",587,"1,275","2,126","2,067","1,865","1,527","15,454","2,646","5,021","3,422",953,"1,273","2,139",10028
"33,098","2,304",63,280,835,672,198,256,"30,794","2,455","5,557","9,165","6,318","3,547","3,752",10029
"13,180","1,754",70,383,321,637,222,121,"11,426","1,063","1,637","2,997","2,936","1,964",829,10030
"21,991","3,008",101,455,670,624,341,817,"18,983","2,054","3,395","4,954","2,985","3,015","2,580",10031
"21,359","1,780",121,225,572,283,168,411,"19,579","2,079","4,452","4,413","2,474","2,671","3,490",10032
"19,747","3,035",170,293,"1,306",751,226,289,"16,712","1,358","2,481","4,588","2,568","2,901","2,816",10033
"15,462","1,547",94,141,550,402,161,199,"13,915","1,751","2,220","4,114","1,848","1,776","2,206",10034
"15,056","1,484",161,56,549,431,229,58,"13,572","1,536","2,644","4,042","2,991",994,"1,365",10035
"18,886","1,673",224,262,522,349,198,118,"17,213","3,399","4,504","4,784","2,630",984,912,10036
"10,205",912,62,48,395,282,80,45,"9,293",729,"2,193","2,507","1,558","1,389",917,10037
"10,694","3,040",133,380,"1,021",372,617,517,"7,654","1,319","2,555","1,699","1,065",497,519,10038
"12,427","1,841",54,71,674,724,154,164,"10,586",528,"1,711","3,334","2,545","1,055","1,413",10039
"16,260","2,511",127,351,826,486,335,386,"13,749","1,340","2,456","3,717","2,540","1,883","1,813",10040
"5,146","1,072",39,103,226,275,183,246,"4,074",893,"1,207",815,657,290,212,10044
"16,706","5,542",327,"1,095","1,264","1,290",863,703,"11,164","1,884","3,165","3,243",450,"1,057","1,365",10065
"3,202",935,203,252,156,217,107,0,"2,267",536,"1,094",435,165,37,0,10069
"12,536","5,732",234,596,946,"1,697","1,158","1,101","6,804","1,798","2,398",897,397,556,758,10075
0,0,0,0,0,0,0,0,0,0,0,0,0,0,0,10103
0,0,0,0,0,0,0,0,0,0,0,0,0,0,0,10110
0,0,0,0,0,0,0,0,0,0,0,0,0,0,0,10111
0,0,0,0,0,0,0,0,0,0,0,0,0,0,0,10112
0,0,0,0,0,0,0,0,0,0,0,0,0,0,0,10115
0,0,0,0,0,0,0,0,0,0,0,0,0,0,0,10119
"30,154","9,725",609,"1,016","2,098","2,336","1,857","1,809","20,429","3,790","5,775","4,674","1,578","1,681","2,931",10128
0,0,0,0,0,0,0,0,0,0,0,0,0,0,0,10152
0,0,0,0,0,0,0,0,0,0,0,0,0,0,0,10153
0,0,0,0,0,0,0,0,0,0,0,0,0,0,0,10154
883,0,0,0,0,0,0,0,883,102,172,97,129,55,328,10162
0,0,0,0,0,0,0,0,0,0,0,0,0,0,0,10165
0,0,0,0,0,0,0,0,0,0,0,0,0,0,0,10167
0,0,0,0,0,0,0,0,0,0,0,0,0,0,0,10168
0,0,0,0,0,0,0,0,0,0,0,0,0,0,0,10169
0,0,0,0,0,0,0,0,0,0,0,0,0,0,0,10170
0,0,0,0,0,0,0,0,0,0,0,0,0,0,0,10171
0,0,0,0,0,0,0,0,0,0,0,0,0,0,0,10172
0,0,0,0,0,0,0,0,0,0,0,0,0,0,0,10173
0,0,0,0,0,0,0,0,0,0,0,0,0,0,0,10174
0,0,0,0,0,0,0,0,0,0,0,0,0,0,0,10177
0,0,0,0,0,0,0,0,0,0,0,0,0,0,0,10199
0,0,0,0,0,0,0,0,0,0,0,0,0,0,0,10271
0,0,0,0,0,0,0,0,0,0,0,0,0,0,0,10278
62,0,0,0,0,0,0,0,62,16,28,18,0,0,0,10279
"4,222","1,368",147,73,439,265,254,190,"2,854",568,475,"1,103",477,143,88,10280
"2,584",280,89,0,191,0,0,0,"2,304",399,999,692,150,64,0,10282
"14,430","6,435",340,671,"1,484","1,707","1,009","1,224","7,995",782,"1,929","3,240","1,042",674,328,10301
"6,159","3,493",189,327,833,"1,080",634,430,"2,666",170,496,"1,410",484,97,9,10302
"8,742","5,448",176,496,"1,172","1,702",865,"1,037","3,294",223,615,"1,299",678,295,184,10303
"15,900","7,856",236,649,"1,697","2,444","1,655","1,175","8,044",718,"1,932","3,304","1,164",561,365,10304
"15,637","10,158",433,"1,244","2,083","2,994","1,379","2,025","5,479",686,"1,396","1,817","1,034",369,177,10305
"19,846","14,143",644,"1,715","3,246","3,181","2,010","3,347","5,703",695,"1,225","2,549",592,467,175,10306
"5,135","4,285",307,153,"1,216","1,189",943,477,850,188,239,264,119,40,0,10307
"10,323","8,231",437,460,"2,164","1,396","1,828","1,946","2,092",173,366,857,490,112,94,10308
"12,108","9,535",385,"1,168","2,473","2,446","1,527","1,536","2,573",329,629,898,205,175,337,10309
"8,982","5,078",104,556,"1,371","1,223",867,957,"3,904",222,995,"1,728",750,107,102,10310
0,0,0,0,0,0,0,0,0,0,0,0,0,0,0,10311
"21,366","17,426",728,"1,588","3,894","4,623","2,995","3,598","3,940",466,"1,176","1,572",290,287,149,10312
"31,419","23,446",961,"1,979","5,181","5,882","3,815","5,628","7,973",552,"2,315","2,998","1,177",517,414,10314
"21,414","2,919",91,692,872,605,272,387,"18,495","1,295","2,656","6,428","3,886","2,095","2,135",10451
"28,397",951,78,88,363,109,124,189,"27,446","1,521","4,516","8,522","7,126","3,641","2,120",10452
"28,462","1,404",25,110,453,334,329,153,"27,058","1,110","4,008","10,924","5,854","3,013","2,149",10453
"14,910",948,71,96,199,324,217,41,"13,962","1,024","1,947","4,887","3,080","1,325","1,699",10454
"16,366","1,692",25,180,325,281,429,452,"14,674",644,"2,194","4,468","3,614","2,030","1,724",10455
"32,601","2,144",39,126,697,566,378,338,"30,457","1,002","4,044","11,238","7,715","3,501","2,957",10456
"26,715","1,667",0,165,475,467,334,226,"25,048","1,589","4,321","10,145","5,136","1,956","1,901",10457
"28,856","1,134",77,117,210,359,161,210,"27,722","1,603","6,012","10,635","5,295","2,497","1,680",10458
"17,919","2,119",95,235,247,554,790,198,"15,800",853,"2,942","6,181","3,186","1,656",982,10459
"22,734","2,431",40,241,588,611,573,378,"20,303","1,692","5,131","6,714","3,639","1,757","1,370",10460
"19,078","5,990",246,657,"1,338","1,423",977,"1,349","13,088","1,458","3,416","4,607","2,115",891,601,10461
"29,538","6,755",303,759,"1,404","2,277",842,"1,170","22,783","1,858","4,775","8,841","4,248","1,519","1,542",10462
"29,575","10,342",669,840,"3,346","2,421","1,668","1,398","19,233","1,404","3,494","6,472","3,046","1,988","2,829",10463
"2,081","1,434",18,113,271,345,131,556,647,0,109,372,142,0,24,10464
"16,221","9,109",453,953,"1,944","2,366","1,291","2,102","7,112",458,"1,811","2,888","1,013",496,446,10465
"25,262","10,255",702,815,"2,453","2,088","1,920","2,277","15,007","1,195","2,968","5,416","3,114","1,286","1,028",10466
"38,210","5,195",219,615,"1,196","1,620",746,799,"33,015","2,513","7,709","11,528","6,476","2,690","2,099",10467
"28,608","2,442",81,245,368,826,403,519,"26,166","1,854","5,089","9,471","4,638","2,644","2,470",10468
"23,582","11,942",600,816,"2,248","3,001","2,388","2,889","11,640",688,"3,018","4,391","2,051",788,704,10469
"6,625","2,851",150,468,500,582,417,734,"3,774",432,834,"1,195",746,120,447,10470
"9,205","5,292",201,804,"1,858","1,055",695,679,"3,913",252,"1,092","1,103",537,265,664,10471
"21,950","3,445",88,195,541,"1,025",834,762,"18,505","1,406","3,723","6,336","3,624","1,826","1,590",10472
"22,734","6,442",129,394,"1,460","1,768","1,014","1,677","16,292",527,"2,273","4,162","3,653","2,360","3,317",10473
"3,917",330,0,34,44,142,54,56,"3,587",291,676,"1,170",782,445,223,10474
"18,692","8,388",427,"1,119","2,336","2,307","1,191","1,008","10,304",408,855,"2,532","2,322","2,012","2,175",10475
469,453,0,52,102,100,64,135,16,0,0,0,16,0,0,10501
"1,879","1,585",84,126,504,222,284,365,294,69,197,23,5,0,0,10502
63,63,0,0,26,0,37,0,0,0,0,0,0,0,0,10503
"2,540","2,410",68,397,525,545,500,375,130,9,37,17,23,44,0,10504
495,343,0,16,91,202,34,0,152,13,58,81,0,0,0,10505
"2,225","2,152",71,248,416,752,299,366,73,21,11,41,0,0,0,10506
"1,805","1,169",57,146,315,300,205,146,636,37,285,158,131,21,4,10507
"7,326","5,727",334,653,"1,128","1,641",938,"1,033","1,599",152,478,553,256,120,40,10509
"3,734","3,080",123,254,885,666,658,494,654,71,352,167,32,0,32,10510
817,715,15,52,184,206,140,118,102,0,15,45,30,5,7,10511
"9,170","7,616",580,"1,085","1,527","1,696","1,161","1,567","1,554",143,631,492,192,51,45,10512
"4,076","3,593",185,428,960,845,553,622,483,53,216,95,29,0,90,10514
"2,289","1,666",38,205,416,526,267,214,623,101,115,306,55,34,12,10516
165,111,4,0,11,31,0,65,54,10,14,5,25,0,0,10517
374,359,19,0,69,164,79,28,15,0,0,15,0,0,0,10518
107,0,0,0,0,0,0,0,107,0,0,47,60,0,0,10519
"4,989","3,461",189,383,730,808,730,621,"1,528",269,406,510,262,49,32,10520
"3,853","2,401",104,445,459,499,502,392,"1,452",204,618,285,254,36,55,10522
"3,320","1,808",143,250,493,381,241,300,"1,512",407,554,437,94,15,5,10523
"1,613","1,332",76,120,227,293,263,353,281,75,62,89,24,0,31,10524
722,666,36,41,317,125,71,76,56,0,0,40,10,6,0,10526
191,173,0,29,67,24,29,24,18,0,0,18,0,0,0,10527
"4,959","2,667",75,266,632,489,510,695,"2,292",292,736,696,301,225,42,10528
"6,493","5,555",392,772,"1,552","1,016",953,870,938,157,314,212,59,32,164,10530
"1,822","1,588",64,111,308,353,395,357,234,37,173,11,13,0,0,10532
"2,587","2,146",36,368,567,477,367,331,441,40,237,150,0,14,0,10533
196,50,0,15,0,0,0,35,146,0,59,87,0,0,0,10535
"3,434","3,037",151,333,667,587,798,501,397,8,194,106,47,35,7,10536
811,670,25,98,63,161,244,79,141,54,12,61,0,14,0,10537
"6,715","5,260",336,864,"1,498","1,133",730,699,"1,455",144,719,371,78,49,94,10538
0,0,0,0,0,0,0,0,0,0,0,0,0,0,0,10540
"8,950","7,806",546,704,"1,696","1,509","1,920","1,431","1,144",41,461,339,211,43,49,10541
0,0,0,0,0,0,0,0,0,0,0,0,0,0,0,10542
"7,566","4,558",281,619,"1,138",894,826,800,"3,008",323,"1,116",973,339,81,176,10543
0,0,0,0,0,0,0,0,0,0,0,0,0,0,0,10545
456,407,26,34,102,135,29,81,49,10,0,11,0,12,16,10546
"2,787","1,850",121,232,321,322,520,334,937,99,288,236,236,32,46,10547
"1,228",979,88,74,224,191,247,155,249,119,38,79,0,6,7,10548
"5,807","4,320",172,403,"1,316",944,791,694,"1,487",141,225,609,312,159,41,10549
"15,837","4,394",90,519,"1,144",905,905,831,"11,443",892,"2,070","4,600","2,659",867,355,10550
"9,442","6,093",281,709,"1,301","1,602","1,120","1,080","3,349",154,547,"1,397",701,334,216,10552
"3,693","1,700",57,61,326,495,324,437,"1,993",332,227,768,272,297,97,10553
"1,642","1,397",121,137,338,274,298,229,245,9,96,129,11,0,0,10560
"12,230","7,490",472,830,"1,994","1,899","1,044","1,251","4,740",379,"1,816","1,916",462,149,18,10562
"10,806","6,308",250,895,"1,350","1,945",997,871,"4,498",545,"1,454","1,124","1,001",355,19,10566
"6,587","6,114",368,701,"1,036","1,269","1,380","1,360",473,70,106,196,62,24,15,10567
"4,285","3,674",121,425,871,722,746,789,611,88,125,287,65,10,36,10570
"13,951","7,910",261,"1,108","2,223","1,974","1,124","1,220","6,041",375,"1,219","2,262","1,145",616,424,10573
"1,814","1,696",92,100,536,316,317,335,118,9,36,49,6,9,9,10576
729,712,25,133,205,171,111,67,17,0,0,8,0,0,9,10577
568,568,0,313,41,120,54,40,0,0,0,0,0,0,0,10578
"3,011","2,720",137,354,287,"1,055",412,475,291,44,95,61,14,34,43,10579
"6,178","4,447",226,676,"1,325",816,739,665,"1,731",283,587,655,147,26,33,10580
"14,050","11,956",729,"1,751","3,109","2,074","2,114","2,179","2,094",176,811,739,170,118,80,10583
"1,108",723,57,59,178,108,122,199,385,13,125,231,12,0,4,10588
"3,536","3,212",197,412,811,768,645,379,324,8,235,59,22,0,0,10589
"2,628","2,482",155,175,803,561,302,486,146,57,35,0,45,9,0,10590
"10,094","5,133",281,919,"1,158",803,999,973,"4,961",661,"1,219","1,608",985,163,325,10591
"1,792","1,599",36,139,374,311,246,493,193,14,33,110,27,9,0,10594
"2,360","1,725",71,87,399,232,448,488,635,108,436,60,12,7,12,10595
389,239,0,56,7,66,19,91,150,28,56,66,0,0,0,10596
194,194,30,23,72,36,18,15,0,0,0,0,0,0,0,10597
"10,299","9,113",354,"1,033","2,149","1,767","1,794","2,016","1,186",214,251,512,109,53,47,10598
"5,313","2,003",197,253,673,519,191,170,"3,310",561,"1,009",858,463,255,164,10601
"7,277","4,577",391,569,"1,121","1,194",623,679,"2,700",332,632,"1,265",293,54,124,10603
"4,273","2,296",100,216,529,521,356,574,"1,977",388,387,816,137,196,53,10604
"7,933","5,909",230,961,"1,546","1,185",984,"1,003","2,024",328,718,588,215,74,101,10605
"6,420","2,411",104,340,418,714,335,500,"4,009",804,"1,121","1,127",557,312,88,10606
"2,224","1,844",73,179,474,361,361,396,380,46,124,38,57,0,115,10607
"27,163","7,563",280,881,"1,726","1,817","1,154","1,705","19,600","2,979","5,408","6,848","2,712","1,129",524,10701
"7,553","4,080",152,449,722,988,600,"1,169","3,473",268,713,"1,363",785,192,152,10703
"12,032","7,622",324,"1,012","1,744","1,628","1,222","1,692","4,410",677,"1,183","1,619",552,160,219,10704
"14,995","5,453",258,456,"1,256","1,650",693,"1,140","9,542",655,"2,373","3,769","1,604",507,634,10705
"3,357","2,673",183,289,676,651,348,526,684,62,234,197,46,99,46,10706
"3,957","2,227",129,190,537,445,480,446,"1,730",326,417,756,164,12,55,10707
"9,425","7,122",463,"1,139","1,905","1,560",934,"1,121","2,303",280,538,"1,138",135,113,99,10708
"3,690","2,851",157,350,601,706,538,499,839,52,301,340,92,25,29,10709
"9,979","7,060",397,556,"1,602","1,490","1,470","1,545","2,919",506,493,"1,009",504,66,341,10710
"16,030","6,237",197,562,"1,068","1,742","1,603","1,065","9,793","1,428","2,688","3,392","1,353",498,434,10801
"4,239","3,423",176,518,"1,034",851,344,500,816,78,302,305,111,8,12,10803
"5,267","4,996",211,622,"1,515","1,081",703,864,271,26,52,105,58,0,30,10804
"8,530","3,663",315,312,"1,161",832,448,595,"4,867",590,"1,227","1,473",897,313,367,10805
"9,273","6,737",444,943,"1,407","1,787",970,"1,186","2,536",144,785,"1,036",303,245,23,10901
0,0,0,0,0,0,0,0,0,0,0,0,0,0,0,10910
8,0,0,0,0,0,0,0,8,0,0,8,0,0,0,10911
"1,518","1,479",50,160,222,362,282,403,39,0,5,21,0,0,13,10913
156,156,0,37,33,32,42,12,0,0,0,0,0,0,0,10914
0,0,0,0,0,0,0,0,0,0,0,0,0,0,0,10915
"1,468","1,361",115,138,230,458,191,229,107,0,76,31,0,0,0,10916
480,422,84,43,20,42,104,129,58,0,44,14,0,0,0,10917
"4,185","3,423",185,441,657,901,575,664,762,179,195,277,107,4,0,10918
539,539,11,6,207,199,77,39,0,0,0,0,0,0,0,10919
"2,869","2,545",44,135,569,704,671,422,324,0,106,123,51,0,44,10920
"1,564","1,334",52,146,323,372,163,278,230,7,143,52,14,4,10,10921
543,287,0,47,30,65,56,89,256,68,20,57,0,0,111,10922
"2,866","1,775",95,123,212,433,440,472,"1,091",180,168,462,112,157,12,10923
"4,671","3,687",206,368,864,785,613,851,984,91,419,328,128,18,0,10924
"1,755","1,420",90,221,240,395,240,234,335,97,148,90,0,0,0,10925
"1,409",925,7,251,130,300,57,180,484,61,161,247,8,7,0,10926
"3,910","2,020",42,160,469,709,177,463,"1,890",272,696,643,173,51,55,10927
"2,277","1,352",141,195,444,225,79,268,925,27,446,194,121,58,79,10928
"3,423","3,164",180,199,886,987,449,463,259,103,34,105,17,0,0,10930
383,203,8,6,35,27,48,79,180,19,64,36,61,0,0,10931
7,7,0,0,7,0,0,0,0,0,0,0,0,0,0,10932
99,70,0,5,40,0,13,12,29,0,0,0,29,0,0,10933
"18,680","11,883",761,"1,804","2,764","3,102","1,595","1,857","6,797","1,365","2,275","2,247",734,127,49,10940
"5,428","3,221",73,445,675,"1,118",284,626,"2,207",503,909,602,104,76,13,10941
"16,009","9,966",558,"1,537","2,878","2,392","1,163","1,438","6,043",767,"1,412","2,746",791,121,206,10950
"11,031","4,778",113,473,"1,059","1,244",804,"1,085","6,253",659,"1,693","2,465",864,361,211,10952
0,0,0,0,0,0,0,0,0,0,0,0,0,0,0,10953
"9,590","6,597",231,659,"1,564","1,639","1,175","1,329","2,993",238,"1,029","1,146",464,23,93,10954
"9,592","9,009",448,741,"1,687","2,340","1,594","2,199",583,80,172,142,136,0,53,10956
816,751,56,66,219,183,89,138,65,4,48,7,0,0,6,10958
"6,212","3,455",176,412,804,887,620,556,"2,757",314,962,"1,076",205,63,137,10960
"1,646","1,430",76,35,250,389,252,428,216,0,62,92,36,13,13,10962
"1,178",799,59,100,201,192,132,115,379,31,47,246,45,0,10,10963
514,474,22,11,116,89,111,125,40,0,6,34,0,0,0,10964
"5,605","4,264",158,489,997,973,653,994,"1,341",94,329,694,155,39,30,10965
"1,122",716,140,73,165,123,103,112,406,25,241,109,31,0,0,10968
425,408,0,114,122,55,42,75,17,0,9,8,0,0,0,10969
"3,959","3,082",194,475,816,"1,005",218,374,877,42,262,361,113,46,53,10970
755,655,35,49,164,184,148,75,100,54,29,7,10,0,0,10973
"1,228","1,022",45,121,176,257,195,228,206,86,62,53,0,0,5,10974
125,46,0,28,18,0,0,0,79,0,58,12,0,0,9,10975
603,381,0,78,103,83,79,38,222,37,30,91,47,0,17,10976
"16,360","7,507",550,604,"2,121","1,837","1,224","1,171","8,853",884,"2,724","3,430","1,119",458,238,10977
43,43,43,0,0,0,0,0,0,0,0,0,0,0,0,10979
"4,816","4,207",147,397,978,862,911,912,609,62,236,234,77,0,0,10980
"1,899","1,757",30,151,465,419,234,458,142,0,9,64,22,47,0,10983
916,837,101,61,72,117,127,359,79,36,15,20,0,8,0,10984
6,6,0,0,6,0,0,0,0,0,0,0,0,0,0,10985
592,508,0,44,106,86,128,144,84,6,38,21,9,10,0,10986
"1,446","1,145",96,98,373,261,174,143,301,56,127,85,14,8,11,10987
222,134,5,29,5,39,28,28,88,0,45,23,20,0,0,10988
"3,179","2,810",115,412,497,675,346,765,369,106,153,42,49,0,19,10989
"7,774","6,013",240,722,"1,671","1,462",846,"1,072","1,761",130,568,892,118,30,23,10990
"3,303","2,758",193,465,535,692,416,457,545,42,248,189,50,0,16,10992
"1,462",828,28,34,205,165,104,292,634,135,338,47,100,14,0,10993
"2,131","2,075",44,291,350,272,373,745,56,0,20,0,17,0,19,10994
"1,118",0,0,0,0,0,0,0,"1,118",187,590,335,6,0,0,10996
"1,203","1,038",34,136,312,362,51,143,165,50,26,60,29,0,0,10998
"8,508","7,283",276,714,"1,554","1,942","1,000","1,797","1,225",140,262,466,180,63,114,11001
"12,068","9,710",411,"1,044","1,677","2,343","2,253","1,982","2,358",114,607,916,555,102,64,11003
"5,093","3,539",141,327,808,871,686,706,"1,554",246,543,261,201,29,274,11004
"1,535","1,476",89,208,691,156,131,201,59,0,0,7,10,25,17,11005
"8,380","7,038",276,579,"1,787","1,361","1,106","1,929","1,342",49,281,698,166,85,63,11010
"1,770","1,530",76,231,327,275,348,273,240,13,50,148,25,0,4,11020
"8,116","5,541",253,881,"1,855","1,098",558,896,"2,575",312,810,542,349,285,277,11021
"3,117","2,547",88,324,558,595,454,528,570,33,306,87,144,0,0,11023
"2,166","1,775",83,58,305,514,384,431,391,17,87,190,22,75,0,11024
"6,035","5,414",194,650,"1,639","1,236",966,729,621,74,223,173,103,28,20,11030
"13,884","12,326",467,892,"2,671","3,009","2,052","3,235","1,558",241,499,329,295,109,85,11040
0,0,0,0,0,0,0,0,0,0,0,0,0,0,0,11042
"11,656","8,161",207,864,"2,213","1,971","1,502","1,404","3,495",437,969,"1,327",410,216,136,11050
"2,553","1,252",16,47,359,272,180,378,"1,301",100,215,581,315,10,80,11096
"19,049","3,043",431,792,"1,152",397,179,92,"16,006","3,786","4,847","4,359","1,399",732,883,11101
"13,176","1,923",78,103,301,434,547,460,"11,253","1,714","3,080","3,847","1,136",733,743,11102
"16,211","2,676",110,442,541,317,583,683,"13,535","1,874","3,529","4,439","1,779",960,954,11103
"12,234","2,627",123,281,554,928,422,319,"9,607","1,589","2,009","2,869","1,366",863,911,11104
"16,068","3,855",157,257,639,701,743,"1,358","12,213","1,886","3,599","3,691","1,375","1,015",647,11105
"18,970","3,264",255,347,708,790,520,644,"15,706","2,355","3,404","5,077","1,932","1,560","1,378",11106
"3,638",729,0,120,379,114,116,0,"2,909",966,"1,117",803,0,23,0,11109
"33,141","11,776","1,157","1,759","3,673","2,100","1,503","1,584","21,365","4,754","7,574","5,504","1,536",683,"1,314",11201
"30,149","11,890",263,952,"1,964","2,726","2,217","3,768","18,259","1,297","3,673","6,664","3,066","1,864","1,695",11203
"25,306","8,943",303,863,"1,871","2,235","1,544","2,127","16,363","1,504","3,101","6,588","2,769","1,575",826,11204
"17,272","5,007",241,588,"1,740","1,097",415,926,"12,265","1,684","2,907","3,939","1,832",574,"1,329",11205
"33,696","3,670",162,302,933,"1,244",438,591,"30,026","3,835","6,751","7,669","6,080","2,678","3,013",11206
"35,309","9,492",160,796,"2,340","2,263","2,175","1,758","25,817","1,591","5,575","9,865","4,501","2,153","2,132",11207
"34,486","8,921",143,527,"2,102","2,687","1,542","1,920","25,565","2,296","5,001","9,993","4,697","2,055","1,523",11208
"30,376","10,879",413,"1,033","3,156","2,369","1,696","2,212","19,497","2,273","4,622","6,826","3,024","1,455","1,297",11209
"21,440","9,075",297,590,"1,904","1,840","1,791","2,653","12,365","1,059","2,642","4,130","2,403","1,172",959,11210
"27,497","4,520",464,806,"1,127","1,044",271,808,"22,977","4,566","6,949","5,369","2,266","2,052","1,775",11211
"32,588","4,512",157,464,640,996,953,"1,302","28,076","1,876","4,030","10,081","5,464","3,605","3,020",11212
"27,060","4,189",123,402,938,975,602,"1,149","22,871","2,056","4,755","7,188","4,219","2,453","2,200",11213
"31,006","10,520",402,879,"2,816","2,591","1,482","2,350","20,486","2,183","3,948","7,471","3,716","1,794","1,374",11214
"29,747","12,162","1,021","1,251","3,217","2,736","2,013","1,924","17,585","3,187","5,450","5,092","1,698",805,"1,353",11215
"26,664","6,207",383,926,"1,664","1,028","1,060","1,146","20,457","3,536","6,164","6,043","2,344","1,552",818,11216
"19,543","5,640",585,793,"1,382","1,384",773,723,"13,903","3,035","4,059","3,375","1,372",970,"1,092",11217
"26,053","9,880",486,871,"3,010","2,219","1,440","1,854","16,173","1,759","3,652","5,161","2,374","1,757","1,470",11218
"24,476","6,363",166,461,"1,232","1,502","1,346","1,656","18,113","1,417","3,850","6,350","3,857","1,389","1,250",11219
"28,336","7,824",230,633,"2,151","1,747","1,465","1,598","20,512","1,987","4,265","7,366","3,361","2,134","1,399",11220
"36,032","7,804",571,"1,010","1,747","1,836","1,265","1,375","28,228","5,225","7,311","8,350","4,260","1,645","1,437",11221
"20,277","3,586",227,629,822,549,404,955,"16,691","3,640","4,968","4,471","1,872",960,780,11222
"26,433","9,453",291,870,"2,239","2,440","1,633","1,980","16,980","1,623","3,728","5,663","3,042","1,776","1,148",11223
"19,991","5,654",221,541,"1,289",973,"1,662",968,"14,337","1,126","1,575","4,858","3,001","2,425","1,352",11224
"24,747","4,544",446,540,898,"1,203",506,951,"20,203","2,554","4,472","4,684","3,024","2,401","3,068",11225
"39,305","5,303",416,758,"1,334",951,628,"1,216","34,002","4,523","7,285","8,872","5,229","3,991","4,102",11226
"15,105","8,259",271,499,"2,167","1,827","1,320","2,175","6,846",525,"1,685","2,302","1,281",546,507,11228
"30,924","14,541",563,"1,200","3,615","3,174","2,500","3,489","16,383","1,064","3,039","5,959","3,281","1,857","1,183",11229
"31,802","9,452",465,888,"2,027","1,891","1,767","2,414","22,350","2,144","4,778","7,341","3,987","2,268","1,832",11230
"16,810","5,203",261,524,"1,878","1,026",708,806,"11,607","1,660","2,847","3,723","1,666",989,722,11231
"9,336","2,258",137,318,509,428,427,439,"7,078",670,"1,474","2,686","1,145",570,533,11232
"32,784","7,573",343,463,"2,047","2,222","1,390","1,108","25,211","2,840","4,603","10,202","4,076","1,989","1,501",11233
"32,178","21,652",631,"1,846","4,156","5,490","4,554","4,975","10,526",347,"2,085","3,838","2,691",830,735,11234
"35,333","13,081",310,"1,439","3,674","3,698","1,914","2,046","22,252","2,155","5,768","7,758","3,151","1,935","1,485",11235
"33,318","16,816",377,"1,208","2,711","4,488","5,325","2,707","16,502",927,"3,145","6,087","3,394","2,000",949,11236
"17,723","2,001",68,146,414,483,189,701,"15,722","2,450","3,995","4,992","2,452","1,198",635,11237
"27,371","7,691",747,"1,146","2,119","1,568",972,"1,139","19,680","3,589","5,621","5,760","2,077","1,383","1,250",11238
"8,320",625,11,108,263,169,74,0,"7,695",690,"1,038","2,790","1,149","1,373",655,11239
"17,621","3,019",313,445,"1,306",477,164,314,"14,602","2,653","5,035","3,654","1,762",689,809,11249
"21,275","8,641",449,907,"2,518","2,253","1,126","1,388","12,634","1,277","2,969","3,828","2,568","1,090",902,11354
"30,651","9,185",466,614,"2,371","2,446","1,756","1,532","21,466","1,652","4,561","8,121","3,363","1,881","1,888",11355
"8,372","4,122",114,383,"1,141",962,644,878,"4,250",474,945,"2,197",522,65,47,11356
"15,755","12,027",396,"1,146","2,745","2,729","1,404","3,607","3,728",301,953,"1,493",513,238,230,11357
"13,209","7,966",367,791,"1,964","1,555","1,336","1,953","5,243",543,"1,390","2,015",686,268,341,11358
0,0,0,0,0,0,0,0,0,0,0,0,0,0,0,11359
"8,822","6,639",410,539,"1,809","1,389","1,004","1,488","2,183",358,336,953,250,144,142,11360
"11,229","6,782",189,694,"1,558","1,472","1,220","1,649","4,447",569,"1,673","1,299",471,288,147,11361
"7,093","5,477",514,561,"1,041","1,033",819,"1,509","1,616",137,528,591,202,46,112,11362
"2,890","2,076",63,314,403,253,315,728,814,163,166,316,30,73,66,11363
"13,753","9,710",384,"1,025","2,277","2,858","1,491","1,675","4,043",386,"1,238","1,364",406,101,548,11364
"16,024","7,701",239,646,"1,884","1,882","1,141","1,909","8,323",848,"1,890","2,609","1,849",433,694,11365
"4,518","3,078",63,290,673,702,501,849,"1,440",236,601,487,70,14,32,11366
"14,716","7,050",272,647,"2,023","1,641","1,147","1,320","7,666",922,"1,929","2,454",987,622,752,11367
"29,859","6,590",311,411,"1,629","1,969","1,029","1,241","23,269","1,817","5,194","8,479","4,435","1,676","1,668",11368
"10,131","5,611",129,545,"1,100","1,403","1,164","1,270","4,520",645,874,"1,740",622,360,279,11369
"8,764","4,266",364,337,973,926,742,924,"4,498",647,725,"1,731","1,004",190,201,11370
0,0,0,0,0,0,0,0,0,0,0,0,0,0,0,11371
"25,384","8,773",185,"1,011","2,855","2,430","1,115","1,177","16,611","1,391","2,811","4,880","2,791","3,172","1,566",11372
"32,373","8,962",374,763,"2,185","2,522","1,247","1,871","23,411","2,368","5,646","7,508","3,957","2,104","1,828",11373
"19,503","7,761",349,"1,114","1,703","2,070","1,368","1,157","11,742","1,384","2,804","3,023","1,805","1,288","1,438",11374
"33,217","17,214",990,"1,937","5,057","4,091","2,618","2,521","16,003","1,856","3,945","4,706","2,424","1,555","1,517",11375
"33,371","9,815",517,970,"2,161","2,500","1,586","2,081","23,556","2,197","5,979","7,924","2,984","1,864","2,608",11377
"13,013","6,966",162,491,"1,335","1,658","1,278","2,042","6,047",564,"1,521","2,320",945,330,367,11378
"13,897","8,070",203,705,"1,502","1,662","1,465","2,533","5,827",462,"1,424","2,225","1,052",458,206,11379
"37,586","11,389",427,825,"2,448","2,715","1,973","3,001","26,197","3,348","6,775","8,273","4,443","2,021","1,337",11385
"6,518","5,530",207,454,929,"1,132",900,"1,908",988,37,199,303,157,136,156,11411
"12,095","8,989",168,"1,119","1,896","2,304","1,512","1,990","3,106",293,768,"1,182",604,143,116,11412
"13,712","9,967",322,884,"2,060","2,570","1,559","2,572","3,745",290,944,"1,609",588,142,172,11413
"11,523","8,826",430,947,"1,675","2,284","1,034","2,456","2,697",116,639,"1,083",370,167,322,11414
"8,967","3,812",321,407,937,"1,293",421,433,"5,155",639,"1,751","1,532",588,376,269,11415
"7,501","3,780",90,218,749,"1,100",855,768,"3,721",325,831,"1,402",690,406,67,11416
"9,371","5,472",224,436,"1,211","1,556",989,"1,056","3,899",468,"1,085","1,093",758,154,341,11417
"11,608","5,668",288,308,"1,209","1,731","1,138",994,"5,940",503,"1,148","1,964","1,169",843,313,11418
"13,020","8,063",256,525,"1,214","2,632","1,871","1,565","4,957",463,965,"1,860","1,251",266,152,11419
"13,975","10,026",278,812,"2,238","2,484","2,339","1,875","3,949",324,882,"1,450",694,474,125,11420
"11,986","6,300",170,557,"1,599","2,010","1,083",881,"5,686",548,"1,353","2,119","1,014",324,328,11421
"10,341","7,062",182,532,"1,419","1,684","1,824","1,421","3,279",329,883,"1,276",378,173,240,11422
"9,824","5,643",134,510,"1,127","1,442",898,"1,532","4,181",430,631,"1,364","1,130",356,270,11423
0,0,0,0,0,0,0,0,0,0,0,0,0,0,0,11424
"6,379","4,479",91,228,"1,224",689,"1,039","1,208","1,900",272,615,545,160,53,255,11426
"8,121","5,281",134,552,986,"1,438","1,028","1,143","2,840",302,594,956,462,315,211,11427
"6,022","4,415",77,420,695,"1,188","1,001","1,034","1,607",95,354,543,458,112,45,11428
"8,227","5,856",174,718,914,"1,413",924,"1,713","2,371",196,475,889,322,157,332,11429
0,0,0,0,0,0,0,0,0,0,0,0,0,0,0,11430
"20,404","7,549",275,796,"1,523","1,859","1,815","1,281","12,855","1,528","2,774","4,820","2,000","1,008",725,11432
"10,965","5,127",270,724,"1,158","1,273",812,890,"5,838",343,"1,213","2,406","1,028",373,475,11433
"22,737","11,090",281,"1,242","2,604","2,614","1,984","2,365","11,647",825,"1,723","4,458","1,936","1,501","1,204",11434
"19,928","7,080",355,546,"1,878","2,072","1,132","1,097","12,848","1,120","3,514","4,265","2,027","1,065",857,11435
"6,289","4,113",156,462,810,"1,174",732,779,"2,176",264,473,774,418,177,70,11436
0,0,0,0,0,0,0,0,0,0,0,0,0,0,0,11439
0,0,0,0,0,0,0,0,0,0,0,0,0,0,0,11451
"8,788","5,805",386,547,"1,296","1,465",621,"1,490","2,983",461,811,"1,050",382,100,179,11501
"2,296","2,028",30,182,505,341,539,431,268,78,115,68,0,7,0,11507
744,679,19,137,155,138,86,144,65,3,20,33,6,0,3,11509
"11,111","9,775",439,959,"2,341","2,421","1,995","1,620","1,336",192,309,347,211,263,14,11510
"1,677","1,273",45,225,217,244,210,332,404,99,149,82,34,21,19,11514
"3,141","2,190",142,193,511,444,321,579,951,178,90,215,338,18,112,11516
"4,077","3,108",64,395,594,900,559,596,969,94,245,406,141,9,74,11518
"14,129","10,061",491,"1,594","1,840","2,619","1,478","2,039","4,068",312,727,"1,830",510,279,410,11520
"9,539","8,499",254,498,"2,744","2,086","1,612","1,305","1,040",233,325,441,23,15,3,11530
"10,879","5,963",344,556,"1,334","1,323",774,"1,632","4,916",771,"1,851","1,633",468,43,150,11542
"4,358","3,937",201,286,941,"1,234",555,720,421,38,59,162,132,6,24,11545
328,262,0,0,8,81,40,133,66,24,0,20,22,0,0,11547
421,363,7,16,39,102,85,114,58,0,10,40,0,8,0,11548
0,0,0,0,0,0,0,0,0,0,0,0,0,0,0,11549
"18,025","8,669",258,"1,228","1,691","2,227","1,224","2,041","9,356",662,"2,400","3,017","2,167",753,357,11550
"7,477","6,773",241,709,"1,540","1,458","1,148","1,677",704,113,184,233,88,56,30,11552
"7,215","5,379",155,500,"1,329","1,215","1,267",913,"1,836",336,568,600,279,32,21,11553
"11,727","10,514",601,"1,121","2,173","1,986","2,240","2,393","1,213",196,410,425,141,25,16,11554
0,0,0,0,0,0,0,0,0,0,0,0,0,0,0,11556
"2,624","2,480",46,289,825,512,507,301,144,0,48,74,16,3,3,11557
"3,133","1,996",91,200,319,457,381,548,"1,137",73,361,526,70,60,47,11558
"2,630","1,980",100,234,395,412,428,411,650,96,136,303,106,0,9,11559
"2,418","1,994",64,120,446,464,379,521,424,17,119,136,114,18,20,11560
"16,554","10,639",726,"1,080","2,701","2,015","2,163","1,954","5,915",953,"1,949","1,813",786,266,148,11561
"7,644","5,705",222,614,"1,528","1,021",762,"1,558","1,939",189,751,578,288,40,93,11563
"3,239","3,082",99,551,688,506,444,794,157,29,13,14,32,69,0,11565
"11,563","11,046",320,"1,148","2,438","2,374","2,048","2,718",517,68,205,156,57,11,20,11566
"1,011",951,25,50,256,250,173,197,60,29,12,10,0,9,0,11568
509,431,0,16,53,88,89,185,78,0,15,63,0,0,0,11569
"10,724","8,113",403,"1,068","2,108","1,832","1,445","1,257","2,611",675,364,690,507,149,226,11570
"10,460","9,601",435,855,"1,919","2,154","1,678","2,560",859,55,124,205,355,56,64,11572
"4,442","3,386",230,559,692,910,543,452,"1,056",131,115,292,395,123,0,11575
"4,441","4,007",145,442,891,"1,064",704,761,434,69,112,177,20,22,34,11576
"4,287","3,979",249,496,861,"1,050",539,784,308,8,52,205,19,15,9,11577
"1,759","1,441",74,262,273,227,185,420,318,35,53,138,66,0,26,11579
"12,912","10,801",425,872,"2,401","3,653","1,750","1,700","2,111",229,375,902,409,120,76,11580
"7,108","5,886",343,466,"1,688","1,480",839,"1,070","1,222",22,340,408,357,28,67,11581
"15,146","11,710",489,"1,069","2,359","2,997","2,181","2,615","3,436",362,"1,206","1,255",438,144,31,11590
"3,375","2,809",72,356,774,491,427,689,566,62,89,307,68,7,33,11596
"3,806","3,368",203,284,906,786,532,657,438,9,230,55,82,0,62,11598
"22,382","6,465",128,569,"1,469","1,764","1,195","1,340","15,917","1,533","2,501","6,056","3,069","1,619","1,139",11691
"7,981","2,654",87,305,943,946,169,204,"5,327",482,"1,020","1,511","1,351",635,328,11692
"5,405","2,491",39,116,544,"1,097",315,380,"2,914",112,537,695,629,560,381,11693
"8,046","4,062",258,317,"1,035",920,562,970,"3,984",473,824,"1,635",589,223,240,11694
"1,668","1,626",70,178,465,227,320,366,42,0,0,33,0,0,9,11697
"9,033","6,090",168,636,"1,351","1,964",905,"1,066","2,943",362,974,"1,056",388,86,77,11701
"5,470","4,557",187,513,921,816,843,"1,277",913,95,379,272,108,29,30,11702
"5,516","4,704",82,520,737,"1,134",828,"1,403",812,113,166,355,98,51,29,11703
"12,924","9,524",329,882,"1,898","1,802","1,552","3,061","3,400",356,975,"1,174",600,144,151,11704
"2,948","2,522",109,343,614,506,484,466,426,92,157,141,17,0,19,11705
"19,324","14,458",652,"1,949","2,993","3,594","1,994","3,276","4,866",784,"1,544","1,213",910,372,43,11706
"2,580","2,231",68,186,382,541,478,576,349,49,79,85,104,32,0,11709
"11,301","10,246",384,688,"2,336","2,340","2,033","2,465","1,055",21,267,472,189,67,39,11710
"3,136","2,121",38,353,418,542,212,558,"1,015",219,356,299,113,22,6,11713
"7,828","7,059",212,645,"1,254","1,410","1,248","2,290",769,277,123,261,48,23,37,11714
"1,650","1,435",54,241,409,244,304,183,215,14,99,46,0,56,0,11715
"3,359","2,828",153,363,658,552,357,745,531,156,205,129,41,0,0,11716
"1,033",994,38,136,289,185,150,196,39,5,12,22,0,0,0,11718
"1,120",810,12,53,106,177,125,337,310,0,82,122,20,86,0,11719
"8,734","7,489",231,636,"1,744","1,638","1,536","1,704","1,245",110,549,333,154,34,65,11720
"2,436","2,338",105,252,449,640,509,383,98,6,71,21,0,0,0,11721
"9,877","7,606",502,"1,133","2,182","1,867",738,"1,184","2,271",156,711,854,341,158,51,11722
977,926,59,206,175,184,184,118,51,11,12,0,8,0,20,11724
"9,189","8,525",223,833,"1,751","2,004","1,703","2,011",664,49,270,230,29,30,56,11725
"6,102","4,521",255,521,"1,048","1,161",767,769,"1,581",188,532,546,79,226,10,11726
"11,266","7,493",350,"1,056","1,787","1,443","1,625","1,232","3,773",509,"1,602","1,165",446,20,31,11727
"8,661","7,324",265,780,"1,397","1,828","1,304","1,750","1,337",334,248,442,225,55,33,11729
"5,070","4,312",288,278,837,967,761,"1,181",758,110,219,285,78,66,0,11730
"10,717","9,786",319,810,"1,923","1,857","1,978","2,899",931,15,197,559,67,0,93,11731
"1,465",964,17,73,188,313,187,186,501,34,48,335,54,30,0,11732
"6,073","5,147",231,679,"1,112","1,254",881,990,926,106,465,216,47,0,92,11733
"11,167","9,145",318,756,"1,750","1,760","2,005","2,556","2,022",166,664,815,263,65,49,11735
"5,585","4,438",136,426,"1,158","1,072",884,762,"1,147",180,468,267,210,22,0,11738
462,443,0,32,54,58,139,160,19,0,0,6,13,0,0,11739
"3,650","2,942",122,371,598,546,498,807,708,44,203,342,74,15,30,11740
"8,998","6,969",201,967,"1,337","1,417","1,332","1,715","2,029",435,762,629,163,14,26,11741
"4,508","3,675",156,499,876,823,650,671,833,95,256,410,58,14,0,11742
"15,665","13,931",855,"1,923","3,104","2,657","2,658","2,734","1,734",228,613,691,121,60,21,11743
"21,661","18,416",650,"1,834","4,339","4,375","3,335","3,883","3,245",498,814,"1,179",232,399,123,11746
"7,575","6,664",185,947,"1,756","2,174",823,779,911,156,279,294,155,14,13,11747
"1,241","1,195",56,246,237,214,285,157,46,0,0,17,24,0,5,11749
"5,010","4,177",147,472,617,958,602,"1,381",833,157,292,273,80,16,15,11751
"3,048","2,647",156,331,384,508,564,704,401,64,153,133,36,0,15,11752
"3,938","3,329",144,479,906,712,383,705,609,186,227,113,64,19,0,11753
"6,821","5,869",262,598,"1,248","1,258",766,"1,737",952,34,210,477,177,44,10,11754
"4,052","3,246",92,342,566,"1,061",604,581,806,135,394,136,134,7,0,11755
"13,933","13,093",412,"1,134","2,545","2,412","2,927","3,663",840,99,307,205,127,56,46,11756
"14,350","12,096",530,"1,595","1,966","2,238","2,098","3,669","2,254",166,666,763,459,62,138,11757
"18,802","17,588",607,"1,604","3,546","3,658","3,347","4,826","1,214",312,400,263,83,85,71,11758
"7,627","7,510",253,623,"1,442","1,441","1,297","2,454",117,0,41,22,28,16,10,11762
"9,602","8,599",268,"1,295","2,241","2,071","1,066","1,658","1,003",300,119,401,140,0,43,11763
"4,212","3,348",133,317,619,807,873,599,864,109,60,236,406,53,0,11764
255,215,0,35,55,42,51,32,40,11,9,13,4,3,0,11765
"3,863","3,743",207,414,823,"1,134",607,558,120,13,56,43,0,0,8,11766
"4,898","4,458",86,476,941,"1,406",828,721,440,0,156,190,57,22,15,11767
"8,213","7,559",384,884,"1,566","1,338","1,340","2,047",654,9,271,248,42,84,0,11768
"3,357","2,895",133,354,535,714,485,674,462,73,94,182,113,0,0,11769
52,44,0,0,7,10,11,16,8,0,0,0,8,0,0,11770
"3,700","2,658",124,462,524,529,494,525,"1,042",128,336,257,197,123,1,11771
"17,246","12,116",781,"1,509","2,699","2,529","1,909","2,689","5,130",828,"1,618","2,068",398,190,28,11772
"8,065","6,323",371,512,"1,857","1,086","1,365","1,132","1,742",221,523,412,522,64,0,11776
"3,628","2,694",111,324,675,557,373,654,934,167,343,372,38,0,14,11777
"4,768","4,481",277,935,933,"1,115",690,531,287,33,67,131,28,28,0,11778
"13,091","9,915",511,975,"2,075","2,075","1,644","2,635","3,176",480,"1,001","1,209",362,53,71,11779
"5,576","4,833",314,615,871,"1,098","1,107",828,743,62,399,237,34,11,0,11780
"5,387","4,111",82,248,821,936,884,"1,140","1,276",124,400,571,105,52,24,11782
"7,090","6,614",126,798,"1,401","1,519",784,"1,986",476,65,108,161,101,6,35,11783
"8,441","7,218",367,753,"1,578","1,533","1,303","1,684","1,223",215,413,274,252,37,32,11784
"1,895","1,815",28,179,327,650,327,304,80,2,0,41,37,0,0,11786
"11,834","10,223",273,"1,054","1,945","2,704","1,785","2,462","1,611",141,500,683,111,49,127,11787
"5,581","4,661",260,358,967,"1,044","1,075",957,920,240,389,224,18,15,34,11788
"2,802","2,372",203,254,437,553,435,490,430,115,171,109,35,0,0,11789
"4,503","4,036",215,368,719,925,857,952,467,70,260,73,61,0,3,11790
"8,046","7,464",328,848,"1,782","1,732","1,195","1,579",582,43,242,243,31,11,12,11791
"3,044","3,008",252,413,692,822,524,305,36,0,0,17,19,0,0,11792
"10,430","9,974",346,812,"2,006","2,128","2,077","2,605",456,35,92,179,104,29,17,11793
0,0,0,0,0,0,0,0,0,0,0,0,0,0,0,11794
"8,026","7,684",247,975,"1,585","1,548","1,355","1,974",342,73,56,88,41,48,36,11795
"1,273","1,071",21,84,226,172,275,293,202,25,87,30,26,34,0,11796
"3,162","2,744",193,409,585,622,507,428,418,167,155,51,29,0,16,11797
"12,871","11,331",319,"1,135","1,819","2,870","2,027","3,161","1,540",187,441,565,224,68,55,11801
"10,324","9,619",410,"1,221","1,979","1,822","1,474","2,713",705,47,289,118,132,98,21,11803
"1,429","1,285",54,169,204,325,142,391,144,0,42,72,18,0,12,11804
"11,404","7,986",346,813,"1,612","2,528","1,317","1,370","3,418",426,962,"1,162",617,251,0,11901
316,267,0,18,16,59,78,96,49,0,12,37,0,0,0,11930
11,0,0,0,0,0,0,0,11,0,0,0,11,0,0,11931
313,265,0,22,122,32,46,43,48,0,48,0,0,0,0,11932
"3,069","2,589",149,424,610,467,733,206,480,0,69,389,22,0,0,11933
"2,750","2,537",142,268,702,459,416,550,213,0,12,192,9,0,0,11934
"1,199","1,064",42,185,179,236,91,331,135,20,19,81,0,0,15,11935
"8,633","6,610",379,728,"1,656","1,463","1,149","1,235","2,023",137,525,"1,046",153,162,0,11937
751,659,0,101,125,141,93,199,92,7,0,52,0,27,6,11939
"2,051","1,386",87,180,287,275,197,360,665,119,339,126,62,19,0,11940
887,784,28,112,212,116,155,161,103,0,26,77,0,0,0,11941
"2,399","2,049",79,250,645,442,346,287,350,0,121,72,28,126,3,11942
"2,043","1,298",37,211,327,296,206,221,745,44,286,203,132,70,10,11944
"6,503","5,083",352,544,"1,186","1,132","1,001",868,"1,420",18,431,718,183,70,0,11946
100,69,0,0,69,0,0,0,31,0,0,31,0,0,0,11947
303,303,26,38,32,85,122,0,0,0,0,0,0,0,0,11948
"4,998","4,329",348,434,972,"1,071",976,528,669,67,280,225,17,63,17,11949
"4,753","3,892",279,446,879,930,547,811,861,45,240,365,96,115,0,11950
"4,953","4,021",238,410,754,"1,414",356,849,932,138,247,439,85,18,5,11951
"2,044","1,908",93,241,319,273,446,536,136,32,0,91,13,0,0,11952
"5,410","3,509",106,486,989,975,572,381,"1,901",237,600,881,154,29,0,11953
"1,618","1,305",25,181,271,391,220,217,313,10,100,151,45,0,7,11954
"1,402",593,78,16,143,187,145,24,809,76,229,434,38,32,0,11955
142,123,5,10,5,44,20,39,19,0,3,3,5,0,8,11956
656,634,0,82,185,94,77,196,22,0,16,6,0,0,0,11957
321,228,0,25,65,12,13,113,93,0,54,0,39,0,0,11958
240,184,0,18,36,31,16,83,56,0,36,20,0,0,0,11959
429,429,0,16,108,158,43,104,0,0,0,0,0,0,0,11960
"5,575","4,972",284,712,"1,477","1,108",574,817,603,34,216,194,57,89,13,11961
265,252,0,3,50,65,98,36,13,0,0,13,0,0,0,11962
"3,543","2,942",118,489,748,512,495,580,601,46,82,418,25,0,30,11963
"1,096","1,029",0,118,344,347,30,190,67,0,0,67,0,0,0,11964
285,225,0,85,35,84,0,21,60,0,0,60,0,0,0,11965
"8,486","7,745",292,"1,118","1,280","2,026","1,385","1,644",741,128,55,420,82,56,0,11967
"5,539","4,753",267,635,813,"1,099",928,"1,011",786,86,217,225,141,61,56,11968
224,224,43,50,24,86,21,0,0,0,0,0,0,0,0,11970
"2,637","2,237",108,181,786,374,477,311,400,5,129,245,9,0,12,11971
125,76,0,0,0,20,0,56,49,0,0,0,49,0,0,11972
0,0,0,0,0,0,0,0,0,0,0,0,0,0,0,11973
210,201,0,20,12,68,38,63,9,0,9,0,0,0,0,11975
"1,140","1,036",44,243,173,108,234,234,104,9,51,0,18,20,6,11976
"1,021",971,38,115,253,338,122,105,50,0,3,3,24,13,7,11977
"1,623","1,373",102,97,478,187,305,204,250,0,75,152,5,7,11,11978
"2,416","1,732",139,308,420,389,151,325,684,275,263,122,19,5,0,11980
136,129,0,0,28,40,24,37,7,0,0,7,0,0,0,12007
201,201,0,14,92,56,10,29,0,0,0,0,0,0,0,12008
"3,122","2,442",88,250,703,407,442,552,680,77,279,244,60,12,8,12009
"11,277","7,196",221,728,"1,765","1,565",973,"1,944","4,081",452,"1,277","1,473",527,181,171,12010
"1,518","1,286",73,142,357,392,205,117,232,24,75,66,30,12,25,12015
214,201,3,18,34,37,80,29,13,0,4,9,0,0,0,12017
"2,836","2,374",69,238,504,557,452,554,462,114,140,97,78,33,0,12018
"6,559","5,302",269,686,"1,729",982,803,833,"1,257",344,316,470,39,59,29,12019
"14,473","10,105",404,"1,339","2,855","2,909","1,419","1,179","4,368","1,108","2,046",850,175,91,98,12020
401,322,26,40,84,32,40,100,79,45,3,21,10,0,0,12022
824,683,40,118,103,253,49,120,141,4,75,36,12,14,0,12023
45,43,0,2,14,16,0,11,2,0,0,0,0,0,2,12024
"2,347","1,877",83,177,507,280,385,445,470,71,215,98,65,13,8,12025
"1,690","1,449",110,153,287,375,173,351,241,0,48,154,29,0,10,12027
387,336,20,61,28,153,9,65,51,0,42,9,0,0,0,12028
492,417,15,43,77,88,56,138,75,15,25,4,26,0,5,12029
86,67,0,11,27,5,4,20,19,0,4,6,9,0,0,12031
354,323,29,23,33,107,15,116,31,0,0,18,13,0,0,12032
"3,507","2,771",170,375,668,501,390,667,736,37,328,350,0,17,4,12033
202,180,0,10,24,33,33,80,22,3,0,15,0,0,4,12035
96,89,4,0,34,23,0,28,7,0,3,0,0,0,4,12036
"1,727","1,225",73,90,437,224,171,230,502,51,229,115,68,18,21,12037
20,20,11,0,3,0,4,2,0,0,0,0,0,0,0,12040
162,132,36,0,21,33,11,31,30,9,0,11,10,0,0,12041
111,78,0,31,18,14,2,13,33,0,0,33,0,0,0,12042
"2,930","1,915",81,186,381,563,224,480,"1,015",151,363,341,124,27,9,12043
138,116,0,0,31,0,52,33,22,0,0,22,0,0,0,12045
272,223,0,0,67,65,19,72,49,0,9,13,0,27,0,12046
"9,756","4,615",183,614,"1,037","1,213",736,832,"5,141","1,314","1,567","1,909",262,20,69,12047
"1,503",971,20,81,272,292,81,225,532,76,134,230,69,16,7,12051
705,649,1,28,155,161,109,195,56,5,5,46,0,0,0,12052
"1,821","1,618",55,318,316,243,368,318,203,0,17,177,7,0,2,12053
"7,030","5,299",254,558,"1,629","1,016",812,"1,030","1,731",427,571,532,95,84,22,12054
789,716,21,59,226,153,48,209,73,17,35,6,15,0,0,12056
773,674,0,97,183,147,149,98,99,0,80,19,0,0,0,12057
588,518,40,78,49,119,183,49,70,16,6,17,31,0,0,12058
672,607,17,61,74,187,125,143,65,4,18,19,8,0,16,12059
787,687,14,74,109,130,295,65,100,5,35,10,14,32,4,12060
"3,984","3,058",134,636,841,589,417,441,926,168,365,313,50,7,23,12061
764,617,34,84,173,96,155,75,147,10,30,89,18,0,0,12062
299,299,0,60,30,65,41,103,0,0,0,0,0,0,0,12063
123,106,10,0,15,29,28,24,17,0,0,17,0,0,0,12064
"18,206","12,936",336,"2,166","3,431","3,016","2,020","1,967","5,270","1,366","1,993","1,555",270,58,28,12065
770,663,43,82,193,123,122,100,107,2,30,32,22,17,4,12066
498,452,10,64,101,107,67,103,46,13,18,15,0,0,0,12067
"1,000",849,45,82,199,233,100,190,151,12,41,57,14,27,0,12068
117,117,5,8,0,37,25,42,0,0,0,0,0,0,0,12069
771,541,2,8,93,196,73,169,230,2,53,169,2,0,4,12070
99,76,0,24,24,21,3,4,23,0,15,4,0,0,4,12071
979,824,32,74,241,206,130,141,155,8,27,83,19,12,6,12072
"1,187","1,081",63,167,193,253,227,178,106,23,20,16,25,11,11,12074
"1,076",887,112,43,239,131,212,150,189,0,81,50,58,0,0,12075
578,543,16,43,89,126,148,121,35,3,6,20,0,0,6,12076
"2,668","2,042",68,385,558,489,273,269,626,68,187,277,63,0,31,12077
"9,845","6,041",412,676,"1,590","1,259",724,"1,380","3,804",258,"1,897","1,060",411,105,73,12078
3,3,0,0,3,0,0,0,0,0,0,0,0,0,0,12082
"1,225",965,26,100,203,248,138,250,260,11,101,98,0,50,0,12083
"2,211",533,9,133,201,78,66,46,"1,678",264,686,536,86,51,55,12084
112,15,0,0,0,0,0,15,97,36,21,40,0,0,0,12085
699,591,9,52,198,131,46,155,108,11,17,64,5,11,0,12086
608,575,0,70,95,192,42,176,33,0,20,13,0,0,0,12087
"2,262","1,646",82,144,272,597,156,395,616,77,310,142,62,25,0,12090
641,451,9,0,63,216,66,97,190,4,106,60,0,3,17,12092
592,533,9,58,139,140,36,151,59,1,16,25,7,3,7,12093
826,800,72,38,258,212,45,175,26,0,0,12,14,0,0,12094
"5,290","3,521",113,540,671,763,628,806,"1,769",314,442,704,139,155,15,12095
952,824,2,103,275,161,74,209,128,15,68,33,4,8,0,12106
170,114,14,13,23,12,25,27,56,0,5,34,3,1,13,12108
"8,014","5,221",383,315,"1,316","1,177",727,"1,303","2,793",620,"1,246",689,168,35,35,12110
41,41,0,11,11,0,8,11,0,0,0,0,0,0,0,12115
616,535,24,28,183,103,116,81,81,0,51,7,12,0,11,12116
"1,281","1,053",42,117,264,156,228,246,228,16,54,115,31,0,12,12117
"7,526","5,158",344,661,"1,503","1,377",620,653,"2,368",416,868,715,173,33,163,12118
241,223,0,54,81,12,25,51,18,8,0,4,6,0,0,12120
722,714,8,50,256,131,118,151,8,0,0,8,0,0,0,12121
"1,737","1,364",150,234,189,286,190,315,373,70,158,109,10,17,9,12122
"2,071","1,713",77,247,400,419,249,321,358,20,74,154,56,21,33,12123
116,116,0,0,10,0,40,66,0,0,0,0,0,0,0,12124
449,345,15,35,57,80,76,82,104,6,32,30,24,12,0,12125
133,116,0,0,70,14,0,32,17,0,0,17,0,0,0,12130
90,74,2,2,5,20,31,14,16,2,0,12,0,2,0,12131
93,93,0,0,52,0,41,0,0,0,0,0,0,0,0,12132
"1,747","1,349",64,211,250,260,281,283,398,30,123,161,70,5,9,12134
370,351,14,64,38,59,58,118,19,0,0,9,10,0,0,12136
847,679,72,57,303,142,10,95,168,119,8,41,0,0,0,12137
"1,173","1,067",38,125,291,208,161,244,106,8,24,35,17,8,14,12138
116,98,2,9,23,13,25,26,18,8,2,8,0,0,0,12139
620,561,33,28,146,180,73,101,59,0,16,43,0,0,0,12140
"2,166","1,699",58,202,394,564,236,245,467,54,153,136,49,62,13,12143
"9,552","5,649",317,792,"1,185","1,457",718,"1,180","3,903",692,"1,421","1,242",446,47,55,12144
227,214,39,39,40,28,33,35,13,7,0,6,0,0,0,12147
"1,810","1,485",81,124,296,403,364,217,325,0,109,150,37,13,16,12148
946,711,56,103,172,184,92,104,235,25,111,86,3,10,0,12149
283,279,28,0,69,1,83,98,4,0,0,0,0,4,0,12150
438,379,26,106,132,42,23,50,59,7,33,19,0,0,0,12151
339,336,75,81,42,13,6,119,3,0,3,0,0,0,0,12153
"1,223","1,091",32,92,147,236,165,419,132,10,57,36,12,7,10,12154
711,627,20,52,152,120,104,179,84,16,17,28,23,0,0,12155
318,280,60,15,102,50,0,53,38,0,14,15,9,0,0,12156
"1,755","1,496",84,159,397,373,267,216,259,57,103,69,23,3,4,12157
"2,767","1,946",61,147,616,474,273,375,821,108,290,318,68,23,14,12158
"3,825","2,758",64,431,694,757,492,320,"1,067",144,276,547,64,34,2,12159
338,268,7,22,45,47,35,112,70,0,32,25,13,0,0,12160
23,11,0,11,0,0,0,0,12,0,0,0,0,12,0,12161
225,170,5,8,37,48,32,40,55,13,13,13,12,4,0,12164
116,109,0,6,18,21,51,13,7,0,0,4,0,0,3,12165
554,511,9,91,111,102,95,103,43,4,0,27,8,2,2,12166
965,701,25,83,163,216,84,130,264,54,49,111,38,3,9,12167
680,561,19,67,91,150,116,118,119,0,30,40,49,0,0,12168
209,170,0,11,94,14,28,23,39,0,0,0,39,0,0,12169
"2,073","1,625",22,275,465,284,267,312,448,71,201,114,31,15,16,12170
56,1,0,0,0,0,1,0,55,0,12,23,0,0,20,12172
734,592,7,64,113,119,117,172,142,0,42,85,0,4,11,12173
250,195,0,9,19,43,0,124,55,0,29,26,0,0,0,12174
296,269,5,16,50,25,136,37,27,8,0,0,0,6,13,12175
155,133,0,0,33,28,10,62,22,0,0,22,0,0,0,12176
146,139,0,6,0,116,0,17,7,0,0,7,0,0,0,12177
"21,967","10,441",456,"1,532","2,303","2,367","1,594","2,189","11,526","1,966","4,257","3,941",706,457,199,12180
"6,604","3,303",108,417,823,827,534,594,"3,301",356,771,"1,457",413,90,214,12182
"1,485",373,56,45,29,31,61,151,"1,112",213,365,349,123,51,11,12183
"2,917","2,299",61,202,602,464,446,524,618,86,69,268,68,118,9,12184
687,543,4,94,73,109,109,154,144,25,74,29,12,3,1,12185
"2,630","2,227",141,289,565,466,313,453,403,38,200,134,31,0,0,12186
292,274,8,10,25,132,26,73,18,18,0,0,0,0,0,12187
"4,916","3,561",88,589,860,762,366,896,"1,355",206,455,510,137,7,40,12188
"8,681","3,593",133,337,968,844,520,791,"5,088",725,"1,797","1,757",467,263,79,12189
239,201,17,26,29,55,27,47,38,13,0,25,0,0,0,12190
491,412,31,10,70,49,49,203,79,25,0,0,54,0,0,12192
887,794,16,26,234,131,137,250,93,52,12,16,13,0,0,12193
70,62,1,6,28,7,9,11,8,0,0,0,0,0,8,12194
81,67,0,56,0,0,0,11,14,0,14,0,0,0,0,12195
"1,301","1,188",49,112,350,321,155,201,113,25,29,34,25,0,0,12196
780,743,27,60,210,143,126,177,37,10,5,21,1,0,0,12197
"2,933","2,206",45,145,514,585,450,467,727,5,367,280,18,0,57,12198
"4,559","1,170",234,102,69,263,321,181,"3,389",469,943,"1,250",581,52,94,12202
"13,472","6,549",449,826,"1,529","1,068","1,000","1,677","6,923","1,509","2,624","1,860",597,237,96,12203
"3,933","1,174",55,143,223,186,233,334,"2,759",580,943,856,262,75,43,12204
"11,496","8,147",269,946,"1,852","1,908",954,"2,218","3,349",461,"1,130","1,260",311,140,47,12205
"6,451","1,681",124,231,318,436,238,334,"4,770",868,"1,932","1,272",354,298,46,12206
"1,288",17,0,0,0,7,0,10,"1,271",311,419,447,14,70,10,12207
"10,596","4,727",159,591,"1,174","1,067",568,"1,168","5,869","1,462","2,564","1,382",199,150,112,12208
"4,485","2,966",226,550,837,718,342,293,"1,519",262,554,289,347,0,67,12209
"5,366","1,293",90,221,321,154,190,317,"4,073",607,"1,268","1,608",398,80,112,12210
"4,321","3,964",265,420,"1,303",638,504,834,357,33,231,63,23,0,7,12211
54,0,0,0,0,0,0,0,54,49,0,0,5,0,0,12222
0,0,0,0,0,0,0,0,0,0,0,0,0,0,0,12226
"11,491","8,559",375,"1,268","1,900","1,748","1,316","1,952","2,932",400,"1,065",935,455,54,23,12302
"11,786","8,503",381,"1,263","1,891","2,235","1,042","1,691","3,283",355,"1,049","1,482",270,119,8,12303
"9,210","5,489",261,610,"1,645",986,791,"1,196","3,721",412,948,"1,738",359,156,108,12304
"3,754",514,0,185,147,110,12,60,"3,240",662,"1,352",840,94,279,13,12305
"11,697","8,151",442,"1,161","1,835","1,830","1,012","1,871","3,546",561,"1,287","1,253",382,56,7,12306
"3,137",849,0,244,71,290,96,148,"2,288",327,"1,208",523,208,0,22,12307
"5,955","2,645",228,343,468,462,418,726,"3,310",809,"1,034","1,063",328,28,48,12308
"12,837","10,616",429,"1,704","2,454","2,444","1,717","1,868","2,221",338,874,688,278,8,35,12309
"15,150","8,599",409,"1,012","2,335","1,752","1,109","1,982","6,551",827,"2,341","2,351",698,217,117,12401
"1,694","1,365",29,122,454,421,146,193,329,12,40,130,96,36,15,12404
210,193,13,40,43,57,20,20,17,0,0,17,0,0,0,12405
328,230,2,12,130,27,15,44,98,56,0,11,31,0,0,12406
66,46,0,4,13,6,9,14,20,0,0,17,3,0,0,12407
442,377,0,86,27,108,37,119,65,0,0,44,21,0,0,12409
253,228,0,33,32,111,29,23,25,0,8,17,0,0,0,12410
157,141,0,43,32,23,18,25,16,0,16,0,0,0,0,12411
260,246,0,0,25,94,43,84,14,0,0,14,0,0,0,12412
"1,416",845,19,157,167,125,228,149,571,37,191,275,68,0,0,12413
"4,108","2,876",200,378,544,723,367,664,"1,232",152,444,501,96,14,25,12414
86,86,0,20,7,24,0,35,0,0,0,0,0,0,0,12416
392,388,0,66,73,69,130,50,4,0,0,0,0,0,4,12417
149,123,0,46,0,21,26,30,26,0,0,17,0,0,9,12418
396,311,59,36,56,89,44,27,85,11,17,36,21,0,0,12419
129,129,0,0,72,28,0,29,0,0,0,0,0,0,0,12420
135,96,0,20,26,7,11,32,39,0,0,0,22,0,17,12421
225,201,9,25,81,35,29,22,24,24,0,0,0,0,0,12422
402,348,0,63,116,41,80,48,54,7,0,21,26,0,0,12423
166,145,0,4,35,29,10,67,21,0,21,0,0,0,0,12424
125,125,0,19,20,35,43,8,0,0,0,0,0,0,0,12427
"2,789","1,732",88,199,357,571,220,297,"1,057",271,141,362,104,152,27,12428
56,0,0,0,0,0,0,0,56,0,56,0,0,0,0,12429
531,479,45,67,57,199,44,67,52,0,5,35,6,6,0,12430
652,567,32,54,93,252,50,86,85,0,42,34,9,0,0,12431
289,92,0,0,0,8,12,72,197,0,140,30,0,0,27,12432
199,189,0,23,82,23,34,27,10,0,10,0,0,0,0,12433
405,328,12,31,108,10,71,96,77,23,38,0,16,0,0,12434
68,68,5,11,6,14,0,32,0,0,0,0,0,0,0,12435
245,199,0,0,42,51,10,96,46,0,9,7,0,30,0,12436
26,26,0,0,0,9,7,10,0,0,0,0,0,0,0,12438
151,140,0,20,15,78,18,9,11,0,0,7,0,4,0,12439
675,565,19,46,168,63,118,151,110,16,54,40,0,0,0,12440
47,18,0,5,0,0,0,13,29,0,0,0,29,0,0,12441
216,152,0,5,30,24,13,80,64,0,1,38,4,21,0,12442
"1,576","1,450",97,76,439,314,158,366,126,12,0,75,27,0,12,12443
164,156,3,10,2,59,29,53,8,0,0,4,0,4,0,12444
"2,180","1,755",92,314,414,443,267,225,425,16,136,233,18,22,0,12446
84,68,15,25,0,20,0,8,16,0,16,0,0,0,0,12448
"1,095",621,0,64,146,180,86,145,474,103,107,154,51,8,51,12449
89,65,0,7,30,19,9,0,24,0,0,0,0,24,0,12450
408,371,27,12,108,48,68,108,37,0,37,0,0,0,0,12451
19,14,0,0,0,0,14,0,5,0,0,0,5,0,0,12452
91,73,0,0,0,0,73,0,18,0,0,18,0,0,0,12453
131,124,0,0,37,56,5,26,7,0,0,7,0,0,0,12454
895,684,38,100,208,171,48,119,211,13,73,97,17,11,0,12455
291,237,0,14,69,74,19,61,54,0,0,39,15,0,0,12456
509,357,0,46,89,30,46,146,152,24,27,30,71,0,0,12457
857,718,9,55,174,160,125,195,139,8,62,30,0,0,39,12458
37,37,0,0,0,10,7,20,0,0,0,0,0,0,0,12459
119,119,0,5,19,23,27,45,0,0,0,0,0,0,0,12460
673,568,29,42,162,107,118,110,105,23,33,19,23,0,7,12461
727,561,27,92,38,139,61,204,166,9,22,88,34,0,13,12463
588,413,36,19,155,126,28,49,175,0,63,86,26,0,0,12464
159,146,0,22,13,7,43,61,13,0,0,6,0,0,7,12465
804,718,26,86,128,202,130,146,86,21,40,8,0,17,0,12466
636,538,22,110,75,80,81,170,98,11,70,0,0,0,17,12468
399,399,51,22,78,159,43,46,0,0,0,0,0,0,0,12469
242,197,0,55,35,37,26,44,45,9,0,36,0,0,0,12470
274,245,0,0,229,0,0,16,29,0,0,29,0,0,0,12471
643,366,0,60,87,73,45,101,277,0,124,66,78,9,0,12472
248,224,14,0,98,69,5,38,24,0,24,0,0,0,0,12473
450,417,18,38,73,105,56,127,33,0,16,11,6,0,0,12474
271,174,0,0,42,96,0,36,97,0,0,9,65,0,23,12475
"8,321","5,547",239,665,881,"1,608",942,"1,212","2,774",246,842,980,486,148,72,12477
207,194,14,0,87,10,31,52,13,0,13,0,0,0,0,12480
555,513,60,18,38,35,117,245,42,9,33,0,0,0,0,12481
229,107,0,14,0,70,8,15,122,15,49,6,52,0,0,12482
38,38,0,0,7,23,8,0,0,0,0,0,0,0,0,12483
"1,371","1,255",26,144,211,337,149,388,116,27,11,66,12,0,0,12484
262,163,24,9,40,63,16,11,99,33,15,32,19,0,0,12485
652,474,27,11,129,80,72,155,178,17,122,27,12,0,0,12486
"1,500","1,160",26,99,95,546,99,295,340,85,15,223,17,0,0,12487
72,47,0,0,0,21,1,25,25,0,25,0,0,0,0,12489
0,0,0,0,0,0,0,0,0,0,0,0,0,0,0,12490
813,787,138,52,234,93,176,94,26,0,0,26,0,0,0,12491
114,110,4,31,27,42,0,6,4,4,0,0,0,0,0,12492
75,56,0,0,16,0,0,40,19,0,0,0,19,0,0,12493
341,332,17,28,21,57,144,65,9,0,0,0,0,9,0,12494
175,148,0,10,11,47,6,74,27,0,0,27,0,0,0,12495
573,503,3,98,133,100,61,108,70,7,11,9,33,3,7,12496
"2,371","1,845",92,141,448,337,421,406,526,65,176,198,10,66,11,12498
"1,002",571,141,53,64,84,84,145,431,82,181,103,54,0,11,12501
423,405,14,54,94,105,73,65,18,0,0,9,6,0,3,12502
282,236,9,26,65,61,36,39,46,5,0,36,3,2,0,12503
0,0,0,0,0,0,0,0,0,0,0,0,0,0,0,12504
86,30,0,0,6,0,0,24,56,0,23,5,22,0,6,12507
"8,367","4,843",361,660,"1,016","1,369",698,739,"3,524",649,"1,235","1,237",260,88,55,12508
115,98,0,0,37,0,61,0,17,17,0,0,0,0,0,12512
144,127,0,12,17,23,0,75,17,0,17,0,0,0,0,12513
"1,358","1,273",81,103,192,321,365,211,85,0,10,59,9,0,7,12514
550,416,0,44,39,105,71,157,134,0,45,46,14,29,0,12515
708,635,24,49,77,220,168,97,73,6,31,29,0,7,0,12516
108,83,0,11,14,30,10,18,25,10,0,15,0,0,0,12517
"2,340","1,642",89,310,342,279,347,275,698,63,189,371,28,47,0,12518
"1,242",932,47,127,286,181,114,177,310,8,99,152,16,24,11,12520
801,740,60,54,201,215,108,102,61,9,7,16,8,0,21,12521
"1,791","1,185",25,110,203,340,233,274,606,40,223,185,121,37,0,12522
"1,032",811,7,135,297,139,108,125,221,43,15,102,38,23,0,12523
"6,437","4,230",179,539,"1,139","1,182",440,751,"2,207",496,844,644,149,67,7,12524
654,433,9,47,55,102,180,40,221,63,59,31,57,11,0,12525
"1,519","1,239",69,170,244,340,172,244,280,65,89,112,0,14,0,12526
19,19,0,0,0,19,0,0,0,0,0,0,0,0,0,12527
"5,771","4,043",122,516,"1,202",927,706,570,"1,728",204,479,854,171,20,0,12528
"1,103",825,42,143,181,181,120,158,278,37,58,83,52,17,31,12529
42,42,0,0,0,0,0,42,0,0,0,0,0,0,0,12530
901,751,9,82,67,228,120,245,150,0,69,34,0,47,0,12531
"8,800","7,915",422,"1,059","2,080","1,874","1,299","1,181",885,64,211,418,13,143,36,12533
"7,855","4,833",206,653,"1,223","1,255",510,986,"3,022",370,"1,116","1,194",295,33,14,12534
"5,382","3,677",113,502,754,623,682,"1,003","1,705",212,607,499,214,163,10,12538
"3,173","2,738",108,355,632,671,529,443,435,10,230,173,22,0,0,12540
"2,265","1,719",61,229,247,505,403,274,546,120,121,258,47,0,0,12542
"1,401",758,0,66,191,284,74,143,643,0,152,299,156,36,0,12543
22,22,0,0,0,22,0,0,0,0,0,0,0,0,0,12544
"2,093","1,216",18,96,281,147,376,298,877,46,266,343,172,3,47,12545
"1,191",976,95,87,125,183,230,256,215,32,58,105,9,11,0,12546
"1,256",880,39,72,131,275,172,191,376,59,92,67,118,40,0,12547
333,270,0,58,36,22,84,70,63,0,38,0,0,25,0,12548
"3,714","2,977",85,398,869,641,428,556,737,153,157,299,106,14,8,12549
"20,116","11,220",569,"1,245","2,628","2,899","1,813","2,066","8,896","1,044","2,320","3,899","1,133",277,223,12550
"10,620","7,482",386,"1,047","1,884","2,091",682,"1,392","3,138",476,891,"1,271",307,190,3,12553
"6,444","3,787",288,412,905,753,641,788,"2,657",542,"1,026",684,286,110,9,12561
"2,197","1,855",170,251,343,395,342,354,342,59,58,73,131,21,0,12563
"2,895","2,226",100,233,553,685,398,257,669,77,230,255,46,56,5,12564
570,338,47,27,27,113,51,73,232,72,46,104,0,10,0,12565
"4,069","3,163",49,544,629,910,422,609,906,197,151,345,131,22,60,12566
"1,083",872,36,116,122,272,116,210,211,32,51,105,19,4,0,12567
"4,043","2,761",91,339,581,714,381,655,"1,282",91,578,309,262,15,27,12569
"2,166","1,901",143,179,361,554,323,341,265,52,46,84,68,0,15,12570
"4,044","3,286",122,399,668,973,573,551,758,164,241,237,74,32,10,12571
"4,273","2,992",176,380,732,583,423,698,"1,281",201,454,435,113,65,13,12572
196,185,12,14,0,46,28,85,11,0,0,11,0,0,0,12574
553,478,0,74,154,96,81,73,75,0,0,75,0,0,0,12575
620,539,44,37,131,93,93,141,81,59,22,0,0,0,0,12577
949,760,50,84,143,122,105,256,189,10,84,84,11,0,0,12578
"1,624","1,450",79,244,269,350,190,318,174,19,34,85,28,0,8,12580
897,678,28,53,98,250,124,125,219,63,38,104,0,8,6,12581
"1,704","1,507",72,288,232,484,262,169,197,34,107,56,0,0,0,12582
805,550,33,50,74,178,116,99,255,83,88,51,30,3,0,12583
478,426,0,21,32,177,125,71,52,0,35,17,0,0,0,12585
"4,367","3,056",243,422,679,835,422,455,"1,311",146,475,589,69,20,12,12586
"5,468","4,218",96,640,897,"1,202",639,744,"1,250",188,332,590,63,28,49,12589
"14,224","9,782",403,"1,226","2,160","2,430","1,455","2,108","4,442",791,"1,425","1,482",535,96,113,12590
426,313,0,36,90,71,67,49,113,12,28,42,31,0,0,12592
"1,485","1,138",239,54,237,163,328,117,347,0,52,139,23,133,0,12594
"17,095","7,554",345,"1,057","1,711","1,793","1,261","1,387","9,541","1,594","3,192","3,147","1,012",397,199,12601
"16,970","12,189",745,"1,490","2,545","2,954","2,042","2,413","4,781",809,"1,381","1,560",471,426,134,12603
59,0,0,0,0,0,0,0,59,59,0,0,0,0,0,12604
"4,859","2,027",50,306,419,427,291,534,"2,832",396,"1,104",803,326,140,63,12701
451,399,13,76,110,95,59,46,52,8,4,26,0,0,14,12719
101,101,0,36,0,53,5,7,0,0,0,0,0,0,0,12720
"2,427","1,846",105,254,388,401,323,375,581,151,273,154,2,1,0,12721
0,0,0,0,0,0,0,0,0,0,0,0,0,0,0,12722
779,634,16,90,233,172,57,66,145,0,37,102,6,0,0,12723
36,33,0,0,0,33,0,0,3,0,3,0,0,0,0,12724
72,64,0,16,19,21,5,3,8,7,1,0,0,0,0,12725
545,495,12,25,116,108,139,95,50,0,28,9,0,3,10,12726
540,378,37,48,23,53,76,141,162,16,96,28,22,0,0,12729
465,440,6,27,86,221,7,93,25,6,0,5,0,0,14,12732
84,12,0,0,0,0,0,12,72,0,0,18,44,0,10,12733
300,190,12,26,38,14,63,37,110,59,0,45,6,0,0,12734
81,74,0,16,5,33,20,0,7,0,0,7,0,0,0,12736
672,626,65,124,150,176,59,52,46,0,29,0,17,0,0,12737
119,52,18,0,6,0,15,13,67,0,31,0,0,36,0,12738
784,602,56,13,67,156,56,254,182,0,117,34,10,16,5,12740
140,75,0,4,19,21,10,21,65,24,3,34,4,0,0,12741
56,46,0,0,16,22,0,8,10,0,0,0,10,0,0,12742
155,155,5,36,26,39,28,21,0,0,0,0,0,0,0,12743
6,6,0,6,0,0,0,0,0,0,0,0,0,0,0,12745
240,209,0,24,53,46,18,68,31,0,10,21,0,0,0,12746
803,543,13,130,74,15,105,206,260,24,41,143,27,25,0,12747
726,565,30,54,172,103,63,143,161,18,78,58,6,0,1,12748
117,97,0,0,58,0,31,8,20,0,20,0,0,0,0,12749
26,24,0,0,0,0,6,18,2,0,2,0,0,0,0,12750
463,245,0,58,8,24,109,46,218,62,53,40,45,18,0,12751
170,112,0,3,7,19,58,25,58,16,15,20,7,0,0,12752
"2,840","1,409",110,166,329,394,149,261,"1,431",137,555,546,69,88,36,12754
"1,978","1,713",128,110,300,348,309,518,265,80,42,71,6,39,27,12758
448,230,32,0,101,77,20,0,218,52,89,77,0,0,0,12759
148,144,5,9,46,37,35,12,4,0,0,0,0,4,0,12760
138,97,4,0,21,56,6,10,41,18,12,0,11,0,0,12762
391,330,0,70,113,51,82,14,61,0,21,33,0,7,0,12763
849,701,51,70,209,134,140,97,148,24,56,59,6,0,3,12764
329,304,15,33,28,25,141,62,25,0,0,0,25,0,0,12765
226,205,0,53,14,37,28,73,21,0,0,21,0,0,0,12766
51,48,0,0,13,4,0,31,3,0,3,0,0,0,0,12767
313,269,49,25,17,110,33,35,44,37,0,7,0,0,0,12768
177,150,0,14,12,56,10,58,27,0,27,0,0,0,0,12769
101,95,0,26,8,39,3,19,6,0,0,6,0,0,0,12770
"5,628","3,479",236,390,674,816,374,989,"2,149",227,783,669,398,59,13,12771
980,825,50,74,291,187,45,178,155,25,14,69,35,0,12,12775
757,673,46,65,128,163,120,151,84,23,10,48,0,3,0,12776
321,314,16,58,65,66,42,67,7,4,0,0,3,0,0,12777
217,175,0,0,34,58,36,47,42,0,42,0,0,0,0,12778
793,393,0,79,94,39,114,67,400,20,205,54,113,8,0,12779
"1,043",750,32,69,140,266,149,94,293,14,123,108,10,29,9,12780
60,60,0,44,0,16,0,0,0,0,0,0,0,0,0,12781
640,506,9,13,94,162,109,119,134,6,59,34,22,13,0,12783
0,0,0,0,0,0,0,0,0,0,0,0,0,0,0,12784
318,318,11,25,0,192,38,52,0,0,0,0,0,0,0,12785
261,235,0,14,22,69,31,99,26,0,0,26,0,0,0,12786
79,77,0,0,28,7,30,12,2,0,0,0,0,2,0,12787
916,635,67,76,57,84,110,241,281,0,139,12,48,0,82,12788
"1,020",549,85,69,63,148,67,117,471,48,203,161,59,0,0,12789
"1,855","1,483",69,154,339,533,180,208,372,123,109,101,21,18,0,12790
213,188,0,0,88,20,66,14,25,0,0,18,0,7,0,12791
101,95,8,0,32,21,4,30,6,6,0,0,0,0,0,12792
"6,819","3,464",120,525,"1,029",724,455,611,"3,355",531,"1,376","1,008",254,93,93,12801
"3,637","2,128",91,180,689,338,296,534,"1,509",235,806,257,165,17,29,12803
"12,458","9,228",298,"1,252","2,336","2,245","1,358","1,739","3,230",496,"1,210","1,074",324,24,102,12804
147,144,11,35,36,14,18,30,3,0,0,3,0,0,0,12808
"1,463","1,287",38,156,168,437,188,300,176,8,50,94,23,0,1,12809
214,208,8,28,51,53,23,45,6,0,0,5,0,0,1,12810
65,65,0,8,0,13,29,15,0,0,0,0,0,0,0,12811
89,89,8,4,6,3,65,3,0,0,0,0,0,0,0,12812
659,571,0,181,119,66,42,163,88,18,58,5,0,0,7,12814
534,430,49,39,100,58,83,101,104,4,82,13,3,0,2,12815
"2,085","1,731",93,234,440,389,290,285,354,28,135,151,25,15,0,12816
964,792,6,120,153,139,135,239,172,43,18,93,18,0,0,12817
122,94,4,5,12,12,20,41,28,0,0,26,0,0,2,12819
7,7,0,0,0,0,0,7,0,0,0,0,0,0,0,12820
132,68,6,0,18,25,10,9,64,0,8,8,48,0,0,12821
"2,426","1,853",79,266,613,207,346,342,573,125,239,131,68,10,0,12822
225,213,4,25,126,24,18,16,12,12,0,0,0,0,0,12823
460,439,8,62,120,92,73,84,21,0,0,14,7,0,0,12824
"1,556","1,313",38,156,364,311,157,287,243,28,45,103,25,12,30,12827
"3,745","3,118",100,355,870,769,386,638,627,147,228,240,12,0,0,12828
"7,050","5,393",231,806,"1,606","1,335",841,574,"1,657",355,598,509,162,0,33,12831
"2,615","2,083",49,209,515,442,333,535,532,48,146,288,46,0,4,12832
"2,184","1,887",120,113,674,350,171,459,297,21,64,199,13,0,0,12833
"2,766","2,258",73,121,535,631,418,480,508,68,318,104,3,12,3,12834
"1,268","1,076",64,51,285,267,238,171,192,27,36,63,28,30,8,12835
264,229,3,55,34,45,56,36,35,0,21,4,9,0,1,12836
341,284,9,56,46,48,75,50,57,8,9,39,1,0,0,12837
297,234,7,41,69,36,40,41,63,0,53,10,0,0,0,12838
"5,779","3,531",115,266,851,823,622,854,"2,248",246,741,778,460,23,0,12839
66,66,0,13,3,39,6,5,0,0,0,0,0,0,0,12841
451,358,15,74,17,89,71,92,93,9,33,39,8,2,2,12842
280,266,0,5,139,41,59,22,14,0,11,0,0,0,3,12843
95,86,0,43,0,12,5,26,9,0,0,0,9,0,0,12844
"1,959","1,491",49,120,454,296,333,239,468,48,79,242,78,13,8,12845
"1,579","1,286",21,151,304,410,186,214,293,9,41,131,76,36,0,12846
280,251,5,23,58,41,47,77,29,9,13,2,5,0,0,12847
118,84,0,13,39,25,0,7,34,0,34,0,0,0,0,12849
978,896,47,70,262,218,121,178,82,5,40,37,0,0,0,12850
133,129,1,9,26,37,27,29,4,0,0,4,0,0,0,12851
164,156,0,11,19,56,12,58,8,0,0,0,0,0,8,12852
585,483,27,44,29,164,65,154,102,20,42,40,0,0,0,12853
40,40,22,0,18,0,0,0,0,0,0,0,0,0,0,12854
98,92,3,0,21,23,16,29,6,0,4,2,0,0,0,12855
170,88,0,0,8,15,30,35,82,0,63,19,0,0,0,12856
319,283,12,34,64,55,47,71,36,20,3,8,5,0,0,12857
87,87,0,25,11,18,16,17,0,0,0,0,0,0,0,12858
657,569,0,70,174,106,165,54,88,0,37,32,19,0,0,12859
147,122,0,19,48,25,22,8,25,15,10,0,0,0,0,12860
210,196,3,38,47,28,39,41,14,0,4,10,0,0,0,12861
95,48,0,10,8,10,20,0,47,0,26,0,0,21,0,12862
309,251,50,10,69,27,5,90,58,0,36,15,7,0,0,12863
4,4,0,0,0,0,0,4,0,0,0,0,0,0,0,12864
"1,359","1,110",18,167,265,322,138,200,249,12,85,89,31,20,12,12865
"18,056","11,293",463,"1,607","3,211","2,699","1,423","1,890","6,763","1,395","2,520","2,298",323,164,63,12866
780,641,29,83,191,182,47,109,139,6,53,69,6,0,5,12870
"1,677","1,229",45,184,293,291,199,217,448,33,172,193,17,14,19,12871
0,0,0,0,0,0,0,0,0,0,0,0,0,0,0,12872
343,229,16,26,58,53,50,26,114,3,0,99,0,12,0,12873
84,65,0,27,8,9,10,11,19,0,19,0,0,0,0,12874
284,243,3,14,51,50,76,49,41,3,4,29,0,5,0,12878
"2,082","1,358",116,76,259,346,211,350,724,15,329,218,76,26,60,12883
222,130,16,10,17,46,23,18,92,0,57,19,13,0,3,12884
"2,165","1,704",58,96,385,271,454,440,461,52,166,167,27,49,0,12885
87,87,7,0,22,48,3,7,0,0,0,0,0,0,0,12886
"1,754","1,241",30,117,235,313,266,280,513,114,188,160,32,0,19,12887
"14,282","7,736",364,"1,174","1,793","2,095",921,"1,389","6,546","1,681","2,351","1,739",570,171,34,12901
874,471,8,23,274,166,0,0,403,122,171,85,18,7,0,12903
670,531,35,16,110,71,134,165,139,0,44,64,31,0,0,12910
33,12,0,0,0,0,12,0,21,0,21,0,0,0,0,12911
758,662,9,40,123,211,109,170,96,19,23,20,22,5,7,12912
473,356,0,31,24,210,61,30,117,16,32,23,16,12,18,12913
358,243,2,18,32,26,83,82,115,30,79,6,0,0,0,12914
36,25,0,0,0,0,0,25,11,0,8,0,0,0,3,12915
916,665,61,75,155,139,86,149,251,40,47,23,45,42,54,12916
450,373,30,52,81,93,53,64,77,18,23,7,21,0,8,12917
"1,191","1,082",64,75,293,365,117,168,109,0,55,21,33,0,0,12918
"1,099",817,33,49,130,224,146,235,282,55,142,65,6,14,0,12919
"1,032",859,27,66,202,227,201,136,173,34,54,47,12,4,22,12920
990,840,45,38,209,291,104,153,150,15,31,96,0,0,8,12921
17,15,1,5,2,2,1,4,2,0,2,0,0,0,0,12922
228,178,6,54,27,26,31,34,50,0,31,7,5,7,0,12923
111,15,0,0,7,0,0,8,96,70,0,26,0,0,0,12924
"1,074",865,50,110,243,242,94,126,209,30,70,93,8,0,8,12926
169,157,9,13,23,52,25,35,12,0,9,3,0,0,0,12927
771,724,11,29,226,138,161,159,47,14,5,6,17,0,5,12928
341,255,10,19,75,37,35,79,86,8,30,48,0,0,0,12929
337,299,3,57,74,71,32,62,38,0,6,11,14,0,7,12930
599,481,30,87,119,69,54,122,118,14,52,52,0,0,0,12932
3,3,0,0,0,0,3,0,0,0,0,0,0,0,0,12933
462,332,25,38,75,46,43,105,130,3,52,57,5,8,5,12934
541,422,18,22,62,113,128,79,119,32,36,8,17,0,26,12935
315,267,15,16,58,79,33,66,48,9,9,13,15,2,0,12936
546,455,0,16,202,65,55,117,91,15,60,13,0,3,0,12937
97,61,2,0,23,15,0,21,36,29,0,7,0,0,0,12939
626,574,25,96,169,160,17,107,52,12,19,14,0,0,7,12941
259,246,7,34,123,69,11,2,13,0,8,5,0,0,0,12942
121,84,6,4,31,16,19,8,37,3,10,16,8,0,0,12943
"1,591","1,223",13,106,305,389,128,282,368,66,124,112,60,6,0,12944
197,197,9,70,38,30,0,50,0,0,0,0,0,0,0,12945
"2,346","1,688",82,246,331,417,282,330,658,206,222,151,22,57,0,12946
339,273,0,28,66,108,22,49,66,0,31,22,0,0,13,12950
107,63,0,6,11,0,8,38,44,0,34,10,0,0,0,12952
"4,796","3,106",184,230,719,675,616,682,"1,690",198,600,558,222,109,3,12953
218,190,5,52,45,41,11,36,28,0,3,25,0,0,0,12955
583,417,49,43,105,71,84,65,166,13,139,0,0,0,14,12956
788,474,0,8,166,159,45,96,314,51,144,108,9,2,0,12957
746,682,22,92,89,104,253,122,64,0,48,16,0,0,0,12958
879,815,0,111,336,161,95,112,64,0,41,23,0,0,0,12959
450,441,31,49,259,13,55,34,9,0,9,0,0,0,0,12960
78,78,0,0,0,65,13,0,0,0,0,0,0,0,0,12961
"2,293","1,951",76,249,503,353,287,483,342,21,172,82,34,33,0,12962
27,24,0,0,0,0,16,8,3,0,0,3,0,0,0,12964
142,120,18,11,27,36,2,26,22,6,4,12,0,0,0,12965
"1,188","1,016",49,144,207,280,131,205,172,5,52,86,16,10,3,12966
461,375,8,46,103,81,63,74,86,15,50,5,0,16,0,12967
129,98,4,18,19,25,10,22,31,11,4,16,0,0,0,12969
180,130,0,2,24,19,32,53,50,11,1,6,18,0,14,12970
"2,804","2,488",67,301,654,852,217,397,316,11,65,131,62,24,23,12972
55,55,2,3,18,10,8,14,0,0,0,0,0,0,0,12973
837,586,29,98,147,80,36,196,251,32,28,154,37,0,0,12974
84,70,5,5,1,30,9,20,14,0,7,7,0,0,0,12975
119,95,0,3,15,37,16,24,24,0,22,0,2,0,0,12976
8,8,0,0,8,0,0,0,0,0,0,0,0,0,0,12977
81,81,0,14,0,20,0,47,0,0,0,0,0,0,0,12978
"1,256",677,12,93,110,192,151,119,579,100,177,161,64,68,9,12979
528,476,4,56,51,112,141,112,52,8,13,21,10,0,0,12980
838,731,8,4,256,215,111,137,107,0,38,67,2,0,0,12981
"3,520","2,007",110,232,438,492,391,344,"1,513",206,562,475,212,35,23,12983
326,278,27,47,13,60,78,53,48,0,4,36,8,0,0,12985
"2,313","1,623",35,75,394,427,284,408,690,123,125,338,104,0,0,12986
95,84,18,5,6,25,15,15,11,0,7,4,0,0,0,12987
482,440,12,54,103,69,120,82,42,0,14,0,24,0,4,12989
"1,706","1,318",15,83,322,290,272,336,388,45,77,195,12,49,10,12992
776,614,12,54,163,95,163,127,162,0,48,51,31,18,14,12993
875,735,20,118,101,98,50,348,140,0,35,61,23,4,17,12996
527,440,12,87,97,51,82,111,87,9,41,21,3,13,0,12997
141,141,0,0,62,36,8,35,0,0,0,0,0,0,0,12998
41,36,0,0,18,9,6,3,5,0,0,5,0,0,0,13020
"16,973","10,652",668,"1,025","2,009","2,267","1,695","2,988","6,321",909,"2,397","2,231",489,122,173,13021
0,0,0,0,0,0,0,0,0,0,0,0,0,0,0,13024
534,408,5,33,111,82,67,110,126,12,48,30,8,28,0,13026
"14,779","10,323",545,"1,413","2,931","2,337","1,483","1,614","4,456",855,"1,505","1,534",440,83,39,13027
334,321,54,0,75,70,66,56,13,0,3,0,0,10,0,13028
"2,961","2,275",122,228,535,581,644,165,686,141,204,316,25,0,0,13029
"1,440","1,258",68,141,298,341,117,293,182,70,19,53,24,0,16,13030
"7,108","5,430",219,696,"1,327","1,062","1,123","1,003","1,678",235,500,680,122,72,69,13031
"5,229","4,222",176,280,"1,066",958,632,"1,110","1,007",142,226,426,176,24,13,13032
"1,320","1,129",30,143,227,271,238,220,191,38,42,68,24,8,11,13033
809,695,48,33,176,197,87,154,114,3,43,41,22,5,0,13034
"3,033","2,576",72,203,699,702,323,577,457,51,159,182,24,3,38,13035
"3,618","2,858",113,294,760,685,538,468,760,45,263,362,55,32,3,13036
"3,701","2,789",113,377,779,621,366,533,912,108,301,242,155,83,23,13037
"6,825","5,750",248,752,"1,369","1,471","1,202",708,"1,075",124,440,317,143,14,37,13039
"1,035",825,43,62,171,222,177,150,210,42,59,78,23,6,2,13040
"4,560","4,076",163,612,"1,170",887,543,701,484,82,147,199,56,0,0,13041
773,699,34,45,186,228,84,122,74,7,39,26,2,0,0,13042
"1,138","1,063",21,102,198,290,158,294,75,1,33,4,25,12,0,13044
"11,238","6,517",404,722,"1,433","1,557","1,130","1,271","4,721","1,036","1,924","1,250",210,191,110,13045
35,35,0,6,0,0,0,29,0,0,0,0,0,0,0,13051
646,541,9,42,133,114,95,148,105,5,34,49,2,4,11,13052
"1,967","1,348",68,135,325,237,308,275,619,126,216,204,53,20,0,13053
476,421,7,11,106,127,73,97,55,6,11,32,0,6,0,13054
"6,504","4,807",160,717,811,"1,056",860,"1,203","1,697",223,657,561,177,45,34,13057
"1,250","1,116",58,256,222,220,203,157,134,10,38,22,46,16,2,13060
319,293,6,62,55,68,62,40,26,6,0,11,7,2,0,13061
122,83,29,0,10,0,0,44,39,16,0,23,0,0,0,13062
796,716,21,23,91,143,185,253,80,5,38,10,21,3,3,13063
74,74,0,51,23,0,0,0,0,0,0,0,0,0,0,13065
"5,455","4,470",171,644,"1,577",743,658,677,985,166,245,369,137,38,30,13066
"1,973","1,410",103,129,270,307,191,410,563,99,166,229,38,13,18,13068
"9,819","6,509",358,733,"1,316","1,451","1,200","1,451","3,310",478,"1,261",961,344,261,5,13069
289,221,4,23,41,37,39,77,68,8,14,34,5,0,7,13071
335,279,0,18,59,58,81,63,56,2,26,11,14,0,3,13072
"2,651","1,964",81,233,449,454,293,454,687,107,293,210,36,41,0,13073
"1,739","1,400",73,139,374,220,262,332,339,64,129,96,6,12,32,13074
987,946,112,80,315,170,211,58,41,10,0,7,12,12,0,13076
"2,981","2,333",140,298,341,385,430,739,648,156,55,167,77,87,106,13077
"3,849","3,251",187,291,955,658,700,460,598,139,177,266,12,0,4,13078
"1,354","1,095",1,118,288,263,151,274,259,62,98,43,31,25,0,13080
491,429,4,62,95,85,112,71,62,0,22,37,3,0,0,13081
"1,627","1,530",52,125,442,278,190,443,97,23,0,26,18,16,14,13082
772,599,8,109,126,128,115,113,173,21,27,45,73,7,0,13083
"1,571","1,195",12,85,220,368,201,309,376,0,255,121,0,0,0,13084
94,94,0,33,26,0,24,11,0,0,0,0,0,0,0,13087
"10,799","6,226",284,507,"1,534","1,713",868,"1,320","4,573","1,027","1,450","1,500",377,92,127,13088
"12,219","8,421",229,957,"2,165","1,896","1,458","1,716","3,798",786,"1,650","1,049",131,68,114,13090
"1,015",836,18,62,288,200,124,144,179,38,31,60,34,12,4,13092
949,734,0,90,186,134,82,242,215,28,85,81,18,3,0,13101
33,33,0,0,17,0,0,16,0,0,0,0,0,0,0,13102
122,106,0,0,7,62,25,12,16,0,8,8,0,0,0,13103
"6,473","5,219",285,595,"1,215","1,476",652,996,"1,254",166,306,673,32,58,19,13104
"2,726","2,149",16,141,505,369,365,753,577,55,273,133,62,9,45,13108
906,816,16,55,223,164,192,166,90,10,49,15,7,9,0,13110
621,560,37,38,182,55,108,140,61,0,0,52,9,0,0,13111
684,561,0,90,150,116,41,164,123,0,28,95,0,0,0,13112
20,20,0,0,2,6,4,8,0,0,0,0,0,0,0,13113
"2,935","2,342",91,304,431,634,422,460,593,47,231,190,50,61,14,13114
81,61,0,4,8,16,8,25,20,0,8,12,0,0,0,13115
"1,408","1,123",71,193,269,82,268,240,285,0,101,69,16,14,85,13116
78,62,0,5,22,13,8,14,16,0,4,10,0,0,2,13117
"2,034","1,689",64,149,448,379,319,330,345,23,195,72,43,12,0,13118
0,0,0,0,0,0,0,0,0,0,0,0,0,0,0,13119
772,701,36,33,142,102,119,269,71,0,37,11,0,17,6,13120
0,0,0,0,0,0,0,0,0,0,0,0,0,0,0,13121
598,523,6,25,168,191,47,86,75,10,14,22,18,11,0,13122
35,35,0,0,0,0,0,35,0,0,0,0,0,0,0,13123
43,40,0,2,16,13,4,5,3,0,3,0,0,0,0,13124
"13,616","9,005",450,860,"2,066","2,206","1,296","2,127","4,611","1,056","1,460","1,567",222,165,141,13126
"1,203","1,023",50,135,216,236,132,254,180,0,65,76,19,0,20,13131
"1,657","1,541",51,208,295,364,392,231,116,55,7,42,12,0,0,13132
27,27,0,4,8,13,2,0,0,0,0,0,0,0,0,13134
"2,387","1,753",69,255,488,330,279,332,634,33,235,245,35,76,10,13135
160,135,4,0,26,34,30,41,25,0,14,9,0,0,2,13136
75,75,0,0,37,38,0,0,0,0,0,0,0,0,0,13138
"1,652","1,301",53,118,261,300,219,350,351,40,147,99,38,25,2,13140
247,223,19,8,62,15,39,80,24,11,2,7,0,4,0,13141
"2,626","1,950",118,327,490,445,227,343,676,169,159,257,86,5,0,13142
889,806,34,113,168,122,156,213,83,19,30,12,7,13,2,13143
441,381,5,48,115,123,38,52,60,3,18,6,0,33,0,13144
810,593,62,62,119,130,62,158,217,5,42,123,43,0,4,13145
743,593,25,63,121,132,118,134,150,32,41,35,35,3,4,13146
379,307,23,34,52,40,57,101,72,0,17,39,13,0,3,13147
"4,966","3,378",159,301,838,723,452,905,"1,588",195,782,396,160,54,1,13148
"3,276","2,560",97,377,514,378,397,797,716,184,171,229,114,11,7,13152
161,161,0,17,101,9,0,34,0,0,0,0,0,0,0,13153
13,13,0,0,0,0,0,13,0,0,0,0,0,0,0,13154
269,222,5,18,30,70,46,53,47,3,18,15,5,6,0,13155
984,844,38,50,180,210,104,262,140,21,49,44,14,12,0,13156
328,234,0,37,59,71,47,20,94,18,39,0,33,4,0,13157
539,400,11,13,103,68,111,94,139,30,37,45,13,6,8,13158
"2,055","1,780",41,243,360,457,318,361,275,65,35,142,22,3,8,13159
839,624,19,49,152,191,101,112,215,39,30,77,39,18,12,13160
115,112,0,38,13,0,0,61,3,3,0,0,0,0,0,13162
118,118,13,7,21,26,24,27,0,0,0,0,0,0,0,13163
916,836,19,102,221,235,69,190,80,13,25,42,0,0,0,13164
"4,153","2,825",75,251,816,617,306,760,"1,328",246,495,292,93,59,143,13165
"2,432","1,973",92,202,559,370,320,430,459,52,174,185,13,12,23,13166
"1,268","1,116",54,87,342,266,160,207,152,12,74,52,0,6,8,13167
"3,249",295,0,28,146,39,46,36,"2,954",750,"1,233",721,135,40,75,13202
"7,974","2,806",64,343,711,827,281,580,"5,168",648,"1,921","1,969",458,104,68,13203
"8,817","2,479",69,225,668,511,369,637,"6,338","1,039","2,500","1,891",624,204,80,13204
"7,330","3,417",130,426,690,555,524,"1,092","3,913",411,"1,183","1,529",569,120,101,13205
"7,815","4,339",374,515,"1,018",925,580,927,"3,476",427,"1,068","1,533",318,101,29,13206
"5,269","3,575",173,418,971,672,370,971,"1,694",108,719,629,159,64,15,13207
"9,188","4,352",131,643,"1,037","1,247",407,887,"4,836",467,"1,675","2,205",339,54,96,13208
"5,877","4,145",96,608,"1,038",812,479,"1,112","1,732",198,533,740,182,56,23,13209
"8,117","2,191",110,365,536,403,367,410,"5,926","1,572","2,409","1,231",496,112,106,13210
"2,512","1,974",75,353,509,465,271,301,538,12,291,202,0,33,0,13211
"8,770","6,836",390,744,"1,824","1,495",803,"1,580","1,934",158,716,827,142,59,32,13212
"3,054","2,172",32,315,428,487,234,676,882,74,378,199,112,119,0,13214
"5,576","4,737",193,374,"1,074","1,321",884,891,839,157,372,180,61,25,44,13215
"6,268","5,302",244,516,"1,319","1,045",946,"1,232",966,211,342,301,53,40,19,13219
"3,630","2,421",146,256,667,432,243,677,"1,209",225,345,320,253,0,66,13224
5,0,0,0,0,0,0,0,5,5,0,0,0,0,0,13244
0,0,0,0,0,0,0,0,0,0,0,0,0,0,0,13290
48,48,0,0,31,17,0,0,0,0,0,0,0,0,0,13301
609,504,32,62,193,53,94,70,105,0,56,35,4,5,5,13302
595,492,2,25,114,87,111,153,103,16,22,26,25,14,0,13303
710,552,50,68,150,74,100,110,158,0,52,69,12,14,11,13304
167,137,0,0,83,28,4,22,30,13,0,0,0,0,17,13305
"1,701","1,471",59,282,339,238,381,172,230,32,81,51,47,15,4,13308
"2,540","1,829",122,138,523,390,287,369,711,85,278,272,35,29,12,13309
278,208,0,0,120,38,19,31,70,0,11,46,0,13,0,13310
157,138,3,12,9,70,23,21,19,0,0,10,0,6,3,13312
249,170,9,16,32,7,58,48,79,5,42,25,7,0,0,13313
34,34,5,12,0,17,0,0,0,0,0,0,0,0,0,13314
485,417,3,35,65,174,47,93,68,23,19,13,6,0,7,13315
"2,774","2,387",41,279,407,469,635,556,387,20,123,178,47,17,2,13316
"1,249","1,015",65,103,258,257,116,216,234,74,48,82,12,12,6,13317
397,369,18,22,83,107,48,91,28,0,5,9,0,0,14,13318
253,159,0,0,135,0,0,24,94,0,24,0,70,0,0,13319
717,648,27,69,173,132,121,126,69,7,21,39,2,0,0,13320
511,298,0,11,67,54,99,67,213,56,85,64,0,8,0,13321
397,361,25,57,87,41,60,91,36,4,4,4,7,0,17,13322
"4,377","3,007",135,411,780,683,438,560,"1,370",235,501,332,188,89,25,13323
793,713,10,148,140,162,128,125,80,8,41,11,13,0,7,13324
413,360,20,28,85,50,42,135,53,7,10,31,5,0,0,13325
"1,913","1,369",65,164,205,340,293,302,544,138,192,164,36,12,2,13326
778,623,17,42,160,99,84,221,155,23,35,54,19,0,24,13327
564,504,18,70,160,93,70,93,60,0,26,8,7,19,0,13328
"1,413",997,17,85,205,220,145,325,416,20,132,164,74,22,4,13329
98,98,26,3,0,7,24,38,0,0,0,0,0,0,0,13331
869,751,49,108,203,125,99,167,118,21,39,31,24,3,0,13332
17,14,0,0,0,0,4,10,3,0,0,1,0,0,2,13333
410,304,4,27,74,71,24,104,106,0,42,31,31,2,0,13334
462,340,12,30,74,111,44,69,122,10,35,55,22,0,0,13335
357,188,0,13,52,63,17,43,169,0,28,87,0,45,9,13337
608,543,17,37,134,107,104,144,65,15,23,0,12,15,0,13338
"2,208","1,708",83,139,339,428,276,443,500,55,257,142,37,9,0,13339
"3,265","2,655",142,367,405,795,431,515,610,123,300,129,40,0,18,13340
83,79,3,10,13,36,11,6,4,0,2,2,0,0,0,13342
693,610,54,95,152,97,90,122,83,16,36,28,0,0,3,13343
83,65,2,3,35,3,5,17,18,9,4,0,0,0,5,13345
"1,737","1,231",23,214,335,278,159,222,506,100,167,185,30,0,24,13346
616,504,5,37,136,178,80,68,112,42,39,13,0,18,0,13348
"4,221","2,585",71,216,594,497,573,634,"1,636",377,465,566,136,60,32,13350
1,1,0,0,0,1,0,0,0,0,0,0,0,0,0,13352
31,28,0,7,7,2,5,7,3,1,0,2,0,0,0,13353
"1,241","1,123",28,149,202,248,163,333,118,13,18,34,38,8,7,13354
318,277,8,95,20,48,49,57,41,0,4,30,7,0,0,13355
"4,488","3,086",164,362,704,606,488,762,"1,402",272,268,349,308,150,55,13357
73,71,14,4,5,5,13,30,2,0,2,0,0,0,0,13360
240,191,16,7,58,59,21,30,49,11,6,23,0,8,1,13361
927,883,33,139,247,193,151,120,44,0,34,0,0,10,0,13363
131,131,0,14,28,0,72,17,0,0,0,0,0,0,0,13364
"3,367","2,633",114,287,797,537,293,605,734,61,293,203,71,60,46,13365
"3,624","2,714",116,428,441,630,371,728,910,55,416,231,127,33,48,13367
420,388,9,19,65,78,74,143,32,7,5,7,4,9,0,13368
541,440,5,36,71,184,76,68,101,18,59,4,2,0,18,13402
"1,952","1,576",56,56,596,145,359,364,376,44,106,183,43,0,0,13403
63,37,0,2,19,3,13,0,26,0,8,3,15,0,0,13404
168,162,19,26,49,34,15,19,6,0,0,4,2,0,0,13406
"2,088","1,660",59,110,425,315,244,507,428,46,195,114,37,30,6,13407
786,658,2,85,171,182,97,121,128,33,30,41,24,0,0,13408
869,768,23,42,163,180,198,162,101,14,29,44,12,2,0,13409
321,204,0,6,42,46,49,61,117,0,73,33,11,0,0,13410
"1,169",913,15,95,191,282,150,180,256,17,97,87,42,3,10,13411
"7,091","5,430",146,758,"1,521","1,326",645,"1,034","1,661",292,745,455,106,42,21,13413
45,45,0,0,15,13,8,9,0,0,0,0,0,0,0,13415
859,723,25,67,116,252,97,166,136,14,29,50,30,4,9,13416
"1,653",759,0,68,113,167,89,322,894,83,324,355,51,48,33,13417
67,34,4,0,10,6,4,10,33,0,23,10,0,0,0,13418
430,375,23,19,41,153,81,58,55,0,0,51,4,0,0,13420
"5,573","3,788",166,551,862,885,430,894,"1,785",218,723,634,148,43,19,13421
956,802,19,73,314,88,119,189,154,16,73,51,14,0,0,13424
741,565,18,40,140,157,92,118,176,29,65,49,26,7,0,13425
650,482,33,58,132,105,37,117,168,14,52,36,18,35,13,13428
742,619,32,56,204,131,55,141,123,43,40,28,5,7,0,13431
691,529,5,50,171,91,72,140,162,36,66,25,35,0,0,13433
122,110,0,15,0,52,19,24,12,0,0,12,0,0,0,13435
48,32,6,2,3,7,4,10,16,4,10,1,1,0,0,13436
131,116,0,8,26,32,21,29,15,7,0,2,1,3,2,13437
"1,412","1,206",15,180,201,228,307,275,206,1,56,113,29,0,7,13438
"1,403","1,104",57,96,265,212,165,309,299,26,106,116,51,0,0,13439
"17,645","11,108",425,"1,235","2,474","2,378","1,994","2,602","6,537",721,"2,710","2,038",760,256,52,13440
92,0,0,0,0,0,0,0,92,42,50,0,0,0,0,13441
68,47,0,6,26,7,8,0,21,0,0,7,14,0,0,13450
"1,878","1,438",37,143,283,325,292,358,440,51,93,212,73,6,5,13452
335,309,4,6,49,157,55,38,26,0,4,19,0,3,0,13454
25,25,0,0,21,0,4,0,0,0,0,0,0,0,0,13455
"1,539","1,246",69,144,416,244,117,256,293,59,67,123,34,0,10,13456
27,14,0,3,3,5,0,3,13,0,0,3,0,10,0,13457
789,595,52,63,127,122,114,117,194,22,71,81,16,3,1,13459
"1,615","1,212",72,75,371,169,316,209,403,47,135,161,50,6,4,13460
"1,378",995,6,80,220,211,204,274,383,34,82,161,45,39,22,13461
495,435,14,12,99,74,104,132,60,3,11,26,5,7,8,13464
115,84,0,7,9,25,13,30,31,0,0,28,0,3,0,13468
441,393,19,12,78,135,33,116,48,32,11,5,0,0,0,13469
263,217,14,19,44,65,16,59,46,2,16,24,2,2,0,13470
"1,041",898,44,97,129,268,90,270,143,12,75,27,21,0,8,13471
115,115,0,0,6,89,20,0,0,0,0,0,0,0,0,13472
411,394,9,25,124,99,40,97,17,5,6,3,0,0,3,13473
27,17,0,3,11,0,3,0,10,8,0,0,0,0,2,13475
"1,191",730,13,83,247,110,157,120,461,57,227,144,12,0,21,13476
600,485,11,40,189,109,67,69,115,0,98,3,8,0,6,13477
"1,436","1,305",46,135,428,274,137,285,131,8,70,46,0,7,0,13478
"1,344",964,39,106,235,204,191,189,380,38,116,126,24,61,15,13480
29,29,0,5,3,0,13,8,0,0,0,0,0,0,0,13482
130,63,0,1,27,22,5,8,67,8,0,57,2,0,0,13483
49,49,0,0,0,26,0,23,0,0,0,0,0,0,0,13484
557,467,20,54,137,81,75,100,90,7,26,24,20,3,10,13485
308,275,11,20,54,44,73,73,33,16,0,17,0,0,0,13486
72,62,0,3,14,22,15,8,10,3,7,0,0,0,0,13488
188,157,27,16,35,8,26,45,31,0,11,11,9,0,0,13489
483,483,7,91,157,78,96,54,0,0,0,0,0,0,0,13490
"1,298","1,061",88,68,242,274,155,234,237,43,88,87,12,5,2,13491
"4,787","3,677",136,319,904,912,552,854,"1,110",78,428,466,83,12,43,13492
828,699,42,85,195,210,84,83,129,20,14,67,18,7,3,13493
127,124,21,21,42,16,15,9,3,0,3,0,0,0,0,13494
918,561,19,29,172,103,70,168,357,84,190,26,35,0,22,13495
"15,230","7,652",360,941,"1,781","1,996","1,035","1,539","7,578","1,165","2,944","2,168",756,266,279,13501
"13,700","8,245",474,900,"1,817","1,798","1,154","2,102","5,455","1,304","1,826","1,478",511,235,101,13502
"16,401","8,134",415,"1,256","2,032","1,762","1,132","1,537","8,267","1,646","3,355","2,249",728,150,139,13601
0,0,0,0,0,0,0,0,0,0,0,0,0,0,0,13602
"5,106",166,47,119,0,0,0,0,"4,940","1,734","2,326",839,0,41,0,13603
"2,013","1,511",64,181,452,266,323,225,502,130,147,180,37,6,2,13605
883,759,27,41,197,162,149,183,124,42,18,36,28,0,0,13606
"1,070",661,31,52,93,238,83,164,409,92,105,114,95,3,0,13607
712,551,17,65,161,148,80,80,161,13,38,86,17,4,3,13608
123,97,0,33,5,15,6,38,26,0,0,17,0,0,9,13611
"1,239",861,62,119,235,161,162,122,378,41,145,172,8,12,0,13612
"1,113",840,18,127,183,205,143,164,273,99,86,65,8,1,14,13613
105,68,0,4,32,26,0,6,37,9,0,28,0,0,0,13614
239,176,8,10,42,19,58,39,63,4,10,15,26,0,8,13615
820,276,0,0,0,198,58,20,544,143,187,173,11,0,30,13616
"4,423","2,559",111,213,574,581,568,512,"1,864",170,658,794,169,16,57,13617
762,663,53,87,177,153,58,135,99,12,37,42,8,0,0,13618
"4,103","2,327",122,488,368,589,316,444,"1,776",332,740,450,225,4,25,13619
815,587,28,71,152,108,59,169,228,60,69,21,0,70,8,13620
255,190,0,19,79,38,30,24,65,0,53,12,0,0,0,13621
762,703,66,98,168,146,99,126,59,5,9,20,19,6,0,13622
43,43,0,6,20,0,0,17,0,0,0,0,0,0,0,13623
"1,856","1,221",126,123,238,331,228,175,635,91,305,129,32,76,2,13624
698,625,5,97,147,135,111,130,73,18,25,19,9,2,0,13625
933,745,10,80,152,138,190,175,188,28,67,61,21,10,1,13626
78,61,2,14,25,7,2,11,17,8,8,1,0,0,0,13628
412,391,0,18,107,107,68,91,21,0,0,17,0,0,4,13630
24,24,14,0,10,0,0,0,0,0,0,0,0,0,0,13632
139,134,16,21,28,29,18,22,5,3,0,2,0,0,0,13633
"1,552","1,276",78,82,393,256,110,357,276,30,62,105,9,59,11,13634
438,359,11,42,57,96,84,69,79,16,8,32,16,3,4,13635
56,40,6,1,7,8,5,13,16,0,4,5,7,0,0,13636
"2,248",675,77,101,169,177,19,132,"1,573",610,695,226,35,1,6,13637
106,71,16,0,0,0,25,30,35,0,22,4,0,1,8,13638
20,20,3,0,0,13,4,0,0,0,0,0,0,0,0,13639
141,141,4,14,26,40,25,32,0,0,0,0,0,0,0,13640
43,43,3,11,0,3,26,0,0,0,0,0,0,0,0,13641
"3,591","2,513",40,295,493,623,285,777,"1,078",212,269,429,57,91,20,13642
10,10,0,0,0,0,10,0,0,0,0,0,0,0,0,13643
0,0,0,0,0,0,0,0,0,0,0,0,0,0,0,13645
851,659,18,111,130,157,96,147,192,33,70,31,32,11,15,13646
68,21,0,0,0,21,0,0,47,0,23,18,6,0,0,13647
956,803,68,99,128,184,113,211,153,23,39,75,10,3,3,13648
22,22,0,0,0,15,7,0,0,0,0,0,0,0,0,13649
584,458,13,31,119,126,96,73,126,6,55,35,24,0,6,13650
74,74,8,4,22,24,0,16,0,0,0,0,0,0,0,13651
643,509,33,51,158,116,52,99,134,11,16,81,18,5,3,13652
870,723,44,38,168,286,86,101,147,38,15,23,31,25,15,13654
"1,305",941,0,147,292,164,226,112,364,0,73,141,23,127,0,13655
"1,042",787,21,58,286,245,54,123,255,60,33,85,34,11,32,13656
912,802,0,84,199,173,168,178,110,40,27,43,0,0,0,13658
140,134,11,14,31,17,30,31,6,0,3,0,0,0,3,13659
688,577,41,51,86,163,83,153,111,15,45,41,5,0,5,13660
743,664,5,42,195,179,94,149,79,28,13,26,7,0,5,13661
"7,067","4,755",262,364,"1,035","1,292",714,"1,088","2,312",496,392,867,466,66,25,13662
152,109,19,9,18,13,13,37,43,22,6,6,5,0,4,13664
287,270,13,7,63,60,26,101,17,10,4,3,0,0,0,13665
89,52,3,0,12,15,1,21,37,5,10,15,0,0,7,13666
"1,379",928,0,52,230,230,227,189,451,94,171,68,81,37,0,13667
"1,333","1,133",6,122,149,332,203,321,200,27,55,85,11,8,14,13668
"5,966","4,394",198,420,"1,049","1,003",593,"1,131","1,572",143,632,567,120,57,53,13669
166,150,5,14,40,26,19,46,16,0,2,14,0,0,0,13670
178,110,0,29,17,11,10,43,68,20,6,10,27,0,5,13672
714,469,23,50,100,142,84,70,245,65,86,65,22,0,7,13673
61,61,24,0,3,0,0,34,0,0,0,0,0,0,0,13674
16,16,0,0,0,11,0,5,0,0,0,0,0,0,0,13675
"5,221","3,108",122,246,972,649,377,742,"2,113",607,632,710,60,33,71,13676
19,0,0,0,0,0,0,0,19,0,0,19,0,0,0,13678
468,410,42,10,123,106,89,40,58,5,0,37,8,2,6,13679
446,386,6,37,84,91,137,31,60,8,9,31,0,12,0,13680
382,315,25,6,131,58,20,75,67,10,10,28,0,15,4,13681
299,251,2,24,41,94,34,56,48,0,20,20,8,0,0,13682
19,0,0,0,0,0,0,0,19,0,0,19,0,0,0,13683
458,395,19,47,98,80,68,83,63,15,32,12,4,0,0,13684
"1,061",638,51,126,88,152,107,114,423,156,146,98,20,0,3,13685
195,190,0,18,51,61,37,23,5,0,0,0,0,0,5,13687
272,225,26,19,56,59,40,25,47,17,12,9,4,0,5,13690
"1,173",872,23,151,240,184,165,109,301,77,166,36,17,0,5,13691
80,74,0,17,15,5,23,14,6,0,0,0,0,6,0,13692
160,155,13,14,77,31,15,5,5,5,0,0,0,0,0,13693
526,416,19,33,120,101,33,110,110,0,35,59,16,0,0,13694
48,48,0,0,30,12,6,0,0,0,0,0,0,0,0,13695
89,36,0,0,0,0,17,19,53,0,0,53,0,0,0,13696
850,684,0,154,190,196,51,93,166,35,33,27,71,0,0,13697
0,0,0,0,0,0,0,0,0,0,0,0,0,0,0,13699
"1,280",940,60,72,252,271,80,205,340,48,154,65,70,0,3,13730
548,478,29,137,48,96,93,75,70,4,30,11,14,0,11,13731
"3,056","2,636",93,262,472,631,448,730,420,35,106,122,136,8,13,13732
"2,315","2,043",127,132,423,678,285,398,272,50,102,70,18,15,17,13733
909,858,34,96,261,156,100,211,51,0,21,30,0,0,0,13734
793,715,16,74,144,184,130,167,78,8,27,27,0,16,0,13736
8,8,0,0,0,0,8,0,0,0,0,0,0,0,0,13738
341,280,0,22,59,69,42,88,61,12,8,32,9,0,0,13739
252,229,10,17,50,62,24,66,23,2,5,8,3,2,3,13740
"1,294",998,39,117,136,175,227,304,296,20,42,163,65,6,0,13743
425,376,0,103,76,61,88,48,49,14,4,13,8,0,10,13744
"1,061",900,38,112,105,190,245,210,161,76,23,32,13,0,17,13746
0,0,0,0,0,0,0,0,0,0,0,0,0,0,0,13747
"1,735","1,334",115,116,365,162,208,368,401,148,18,206,29,0,0,13748
235,223,47,23,31,46,18,58,12,0,6,2,4,0,0,13750
93,93,29,0,8,0,38,18,0,0,0,0,0,0,0,13751
364,276,10,64,20,93,36,53,88,9,60,14,5,0,0,13752
"1,854","1,284",29,141,287,310,270,247,570,80,193,174,82,5,36,13753
"1,205",964,31,62,103,328,188,252,241,63,74,63,17,15,9,13754
346,255,8,28,29,88,67,35,91,5,0,34,20,6,26,13755
295,251,7,44,55,82,37,26,44,25,4,15,0,0,0,13756
511,428,3,93,76,87,64,105,83,39,0,20,4,0,20,13757
"19,350","12,548",453,"1,450","2,899","2,662","1,738","3,346","6,802","1,113","2,312","2,157",891,203,126,13760
95,91,0,0,19,0,53,19,4,0,0,4,0,0,0,13774
794,647,40,56,130,172,136,113,147,26,49,59,9,0,4,13775
170,140,11,19,28,31,13,38,30,0,7,18,5,0,0,13776
166,150,0,0,45,37,22,46,16,0,4,5,3,4,0,13777
"2,244","1,639",65,210,469,329,237,329,605,110,221,163,54,48,9,13778
330,294,5,13,140,46,34,56,36,0,17,19,0,0,0,13780
316,247,3,20,34,87,61,42,69,3,17,11,23,0,15,13782
"1,036",795,42,65,88,200,119,281,241,16,98,101,1,21,4,13783
142,99,14,49,10,10,5,11,43,0,16,27,0,0,0,13784
214,199,0,31,67,45,17,39,15,10,5,0,0,0,0,13786
"1,366","1,158",11,93,308,282,147,317,208,4,90,79,32,3,0,13787
413,332,3,70,110,55,31,63,81,18,42,15,0,6,0,13788
"8,388","4,556",189,483,"1,004",706,801,"1,373","3,832",677,"1,812",951,165,108,119,13790
"1,497","1,207",65,165,148,418,119,292,290,33,69,188,0,0,0,13795
401,304,14,28,68,42,89,63,97,23,40,18,6,5,5,13796
808,623,18,89,137,208,95,76,185,9,29,71,67,5,4,13797
684,591,17,72,152,135,72,143,93,5,25,33,24,0,6,13801
605,479,21,18,276,35,66,63,126,0,0,89,10,27,0,13802
"1,505","1,267",55,175,316,239,252,230,238,92,49,57,29,8,3,13803
110,82,0,5,18,2,31,26,28,11,10,3,4,0,0,13804
66,66,0,14,7,21,8,16,0,0,0,0,0,0,0,13806
471,388,14,35,42,60,113,124,83,23,19,20,21,0,0,13807
586,469,17,48,97,151,57,99,117,16,65,20,12,0,4,13808
670,543,6,84,175,128,78,72,127,8,66,14,0,32,7,13809
510,408,12,29,53,97,88,129,102,3,8,24,25,21,21,13810
"1,716","1,476",102,128,314,360,206,366,240,16,80,102,38,4,0,13811
912,737,28,86,157,235,86,145,175,49,15,100,5,3,3,13812
308,299,0,20,96,56,64,63,9,9,0,0,0,0,0,13813
8,8,0,5,0,3,0,0,0,0,0,0,0,0,0,13814
"5,554","3,638",184,500,913,600,584,857,"1,916",391,639,599,241,26,20,13815
"8,156","5,225",280,544,"1,120",921,"1,080","1,280","2,931",668,"1,274",723,187,63,16,13820
"1,232",942,55,67,224,205,204,187,290,21,82,124,33,30,0,13825
39,33,0,0,0,0,0,33,6,0,0,0,0,0,6,13826
"4,770","3,292",186,312,747,610,343,"1,094","1,478",289,657,355,100,58,19,13827
"1,981","1,673",64,227,334,388,272,388,308,50,69,95,52,14,28,13830
193,181,0,42,51,25,37,26,12,0,12,0,0,0,0,13832
"1,479","1,141",22,135,219,254,244,267,338,50,171,99,0,8,10,13833
65,56,0,9,0,9,0,38,9,0,9,0,0,0,0,13834
527,434,31,34,49,95,128,97,93,9,33,17,26,0,8,13835
"1,705",857,21,66,256,192,117,205,848,89,352,381,26,0,0,13838
528,473,9,20,105,155,52,132,55,3,10,31,3,8,0,13839
188,142,6,15,65,18,12,26,46,11,22,13,0,0,0,13841
218,206,0,23,15,31,47,90,12,6,4,2,0,0,0,13842
738,658,15,58,113,159,189,124,80,23,19,16,19,0,3,13843
195,169,0,11,37,28,34,59,26,0,8,11,7,0,0,13844
145,126,0,12,26,4,14,70,19,0,19,0,0,0,0,13846
12,12,0,0,0,2,0,10,0,0,0,0,0,0,0,13847
"1,897","1,532",42,151,381,433,230,295,365,71,155,94,27,0,18,13849
"9,392","7,286",237,"1,164","1,607","1,393","1,340","1,545","2,106",439,977,435,151,70,34,13850
"2,748","2,026",77,87,552,559,332,419,722,80,293,163,93,55,38,13856
48,32,0,14,0,0,3,15,16,0,0,16,0,0,0,13859
87,65,0,8,34,0,0,23,22,22,0,0,0,0,0,13860
292,168,16,0,52,15,26,59,124,0,5,0,119,0,0,13861
"1,468","1,098",25,168,243,232,247,183,370,51,142,152,5,14,6,13862
177,163,6,16,58,28,11,44,14,0,9,5,0,0,0,13863
763,520,0,13,58,44,142,263,243,0,171,72,0,0,0,13864
"2,584","2,256",155,206,285,501,461,648,328,17,111,16,156,28,0,13865
"8,641","4,780",272,579,"1,012","1,019",694,"1,204","3,861",749,"1,201","1,346",355,118,92,13901
0,0,0,0,0,0,0,0,0,0,0,0,0,0,0,13902
"7,858","5,234",288,594,"1,087","1,014",855,"1,396","2,624",442,845,866,292,48,131,13903
"3,644","2,287",74,199,444,494,558,518,"1,357",219,292,595,188,44,19,13904
"11,572","5,675",234,493,"1,483","1,478",798,"1,189","5,897","1,242","2,423","1,370",562,176,124,13905
"3,994","3,175",131,444,677,677,696,550,819,96,146,197,206,162,12,14001
"4,235","3,617",193,413,749,615,570,"1,077",618,74,189,175,52,107,21,14004
643,564,35,17,112,108,102,190,79,4,37,12,2,14,10,14005
"4,153","3,662",133,350,665,831,591,"1,092",491,69,129,196,56,19,22,14006
632,490,8,18,137,108,64,155,142,29,76,30,0,0,7,14008
"2,727","2,123",185,277,423,543,308,387,604,49,170,293,47,31,14,14009
"2,185","1,733",132,177,283,452,188,501,452,41,129,200,21,20,41,14011
"1,132","1,001",32,135,233,278,136,187,131,28,31,44,7,14,7,14012
631,530,18,86,106,136,86,98,101,4,38,30,1,12,16,14013
"10,371","6,636",300,975,"1,642","1,226","1,119","1,374","3,735",459,"1,218","1,495",378,88,97,14020
620,523,6,52,101,144,115,105,97,7,44,35,0,2,9,14024
"1,529","1,334",70,83,374,356,185,266,195,9,41,109,36,0,0,14025
307,245,22,34,37,34,66,52,62,14,0,30,0,0,18,14026
57,40,5,0,5,19,6,5,17,0,0,17,0,0,0,14027
670,602,21,31,128,116,158,148,68,0,0,0,68,0,0,14028
19,17,0,0,7,4,6,0,2,2,0,0,0,0,0,14029
743,622,6,72,173,115,118,138,121,20,45,28,28,0,0,14030
"4,129","3,303",194,525,651,893,554,486,826,89,307,295,83,52,0,14031
"3,786","3,474",107,212,"1,054","1,149",522,430,312,41,71,144,23,0,33,14032
660,576,13,30,91,179,48,215,84,0,5,42,21,0,16,14033
789,693,45,60,52,211,140,185,96,0,34,33,18,0,11,14034
26,26,0,0,13,0,0,13,0,0,0,0,0,0,0,14035
"2,396","2,045",30,249,412,392,474,488,351,33,69,148,27,16,58,14036
382,340,22,7,48,86,81,96,42,26,8,0,0,0,8,14037
49,39,0,11,4,4,3,17,10,0,0,8,2,0,0,14039
600,576,0,4,82,113,152,225,24,0,24,0,0,0,0,14040
86,55,0,0,8,15,13,19,31,3,3,16,9,0,0,14041
"1,819","1,366",60,163,299,370,183,291,453,62,116,210,27,12,26,14042
"11,224","7,901",233,759,"1,854","1,571","1,463","2,021","3,323",499,994,"1,411",278,56,85,14043
"2,571","2,076",97,256,359,395,380,589,495,86,149,178,49,33,0,14047
"6,775","4,256",235,392,901,857,692,"1,179","2,519",439,469,"1,124",272,130,85,14048
"8,211","6,606",287,902,"1,732","1,560","1,289",836,"1,605",377,698,416,16,50,48,14051
"7,090","6,070",94,728,"1,640",981,"1,153","1,474","1,020",206,215,341,128,106,24,14052
555,421,10,55,96,110,28,122,134,31,58,28,11,6,0,14054
682,605,25,58,42,84,102,294,77,5,64,8,0,0,0,14055
104,104,0,39,56,0,0,9,0,0,0,0,0,0,0,14056
"3,090","2,755",89,341,588,517,603,617,335,51,126,79,18,49,12,14057
865,758,20,73,219,187,97,162,107,1,56,36,8,0,6,14058
"3,630","3,043",217,306,842,553,454,671,587,22,193,194,126,6,46,14059
167,146,3,5,25,51,21,41,21,0,0,0,3,18,0,14060
36,31,0,0,0,3,0,28,5,0,0,5,0,0,0,14061
"1,330","1,127",50,127,296,246,183,225,203,14,15,171,0,0,3,14062
"5,309","3,481",259,337,729,777,473,906,"1,828",487,670,476,77,71,47,14063
670,606,38,100,106,93,170,99,64,3,47,14,0,0,0,14065
471,422,12,12,46,103,89,160,49,9,9,15,12,4,0,14066
"1,750","1,573",31,246,327,344,237,388,177,35,91,21,0,10,20,14067
"3,189","2,118",41,207,551,630,435,254,"1,071",141,438,431,44,17,0,14068
251,197,22,16,37,47,37,38,54,9,0,11,34,0,0,14069
"2,216","1,666",30,275,351,362,224,424,550,44,199,226,36,20,25,14070
"8,874","7,058",258,715,"1,922","1,538","1,278","1,347","1,816",322,829,532,91,42,0,14072
"19,527","14,478",642,"1,900","3,481","3,089","2,208","3,158","5,049",798,"1,172","2,418",434,124,103,14075
"1,931","1,598",11,105,378,391,423,290,333,0,101,155,72,5,0,14080
"1,085",900,26,105,239,190,166,174,185,15,40,83,28,10,9,14081
175,174,0,17,32,83,8,34,1,0,1,0,0,0,0,14082
10,10,0,0,0,10,0,0,0,0,0,0,0,0,0,14083
"3,044","2,978",69,354,796,755,563,441,66,0,0,66,0,0,0,14085
"15,124","12,631",701,"1,390","3,098","2,793","2,005","2,644","2,493",282,"1,003",971,181,32,24,14086
522,444,19,89,99,65,88,84,78,0,36,18,18,6,0,14091
"4,997","3,598",92,256,"1,040",714,657,839,"1,399",285,413,255,193,41,212,14092
"21,548","15,519",505,"1,692","4,087","3,710","2,706","2,819","6,029",877,"2,210","1,992",653,189,108,14094
"1,124",905,27,82,225,253,116,202,219,23,86,97,11,2,0,14098
769,670,33,28,210,150,143,106,99,10,40,40,3,6,0,14101
655,607,73,63,73,108,152,138,48,34,0,0,0,0,14,14102
"4,464","3,212",189,235,786,629,646,727,"1,252",168,383,574,75,30,22,14103
"1,917","1,587",80,116,282,349,150,610,330,34,52,161,70,4,9,14105
"2,165","1,804",110,180,344,427,392,351,361,50,40,271,0,0,0,14108
0,0,0,0,0,0,0,0,0,0,0,0,0,0,0,14109
"1,302",972,64,105,195,259,193,156,330,57,75,67,61,35,35,14111
12,12,0,0,0,0,0,12,0,0,0,0,0,0,0,14112
282,247,30,34,76,42,28,37,35,0,1,12,15,0,7,14113
"19,314","13,821",475,"1,480","3,168","2,906","2,265","3,527","5,493",873,"1,438","2,103",760,228,91,14120
"1,449",927,33,150,192,174,114,264,522,54,95,297,38,20,18,14125
94,72,0,21,7,7,0,37,22,0,0,22,0,0,0,14126
"13,050","9,574",410,"1,218","2,447","1,910","1,903","1,686","3,476",826,"1,002","1,300",208,71,69,14127
467,410,4,68,87,132,53,66,57,16,9,23,0,5,4,14129
40,33,0,0,12,1,0,20,7,0,7,0,0,0,0,14130
"2,007","1,754",20,173,475,461,140,485,253,0,73,102,69,0,9,14131
"2,266","2,017",112,174,392,555,372,412,249,62,109,63,12,3,0,14132
30,30,0,7,9,0,0,14,0,0,0,0,0,0,0,14134
53,45,0,0,7,38,0,0,8,0,8,0,0,0,0,14135
"2,257","1,829",76,134,539,397,295,388,428,83,207,78,9,20,31,14136
790,558,43,24,179,83,106,123,232,27,67,55,62,4,17,14138
837,751,5,71,215,141,130,189,86,9,13,44,13,0,7,14139
"3,216","2,468",92,400,487,524,574,391,748,91,300,221,82,48,6,14141
482,410,19,11,88,144,54,94,72,25,0,36,6,5,0,14143
535,442,6,58,71,52,78,177,93,0,6,61,18,8,0,14145
"19,397","13,743",676,"1,733","3,094","2,606","1,821","3,813","5,654",926,"1,735","2,172",566,114,141,14150
75,75,9,0,66,0,0,0,0,0,0,0,0,0,0,14166
840,740,22,9,136,185,133,255,100,3,7,50,40,0,0,14167
39,39,0,0,21,3,15,0,0,0,0,0,0,0,0,14168
74,74,12,6,0,47,9,0,0,0,0,0,0,0,0,14169
841,719,42,59,98,222,126,172,122,0,9,0,74,33,6,14170
791,745,17,23,209,124,189,183,46,8,13,25,0,0,0,14171
"1,375","1,171",19,151,212,325,224,240,204,54,36,62,17,26,9,14172
87,87,0,0,0,0,15,72,0,0,0,0,0,0,0,14173
"2,425","1,876",33,106,363,456,448,470,549,59,242,208,30,5,5,14174
"5,954","1,200",72,260,292,171,125,280,"4,754",687,"1,569","1,715",472,272,39,14201
"2,204",539,36,91,213,41,120,38,"1,665",301,378,621,307,37,21,14202
"1,690",44,0,23,19,0,2,0,"1,646",237,409,767,116,92,25,14203
"4,326","1,292",11,141,141,334,197,468,"3,034",163,970,938,561,290,112,14204
"9,584","5,892",206,560,"1,581","1,064",951,"1,530","3,692",388,"1,304","1,415",329,94,162,14206
"10,356","3,517",162,541,862,770,291,891,"6,839",772,"2,342","2,304",870,454,97,14207
"4,667","2,551",73,223,848,518,273,616,"2,116",312,784,448,434,93,45,14208
"4,186","1,429",17,351,271,280,240,270,"2,757",642,"1,054",772,224,31,34,14209
"7,140","3,270",76,429,793,611,474,887,"3,870",600,"1,119","1,553",332,159,107,14210
"9,685","4,328",170,232,"1,257","1,006",504,"1,159","5,357",676,"1,871","1,764",549,210,287,14211
"4,924","2,584",217,233,654,630,489,361,"2,340",216,742,968,285,91,38,14212
"9,305","3,476",210,585,"1,090",434,551,606,"5,829",920,"2,451","1,768",480,151,59,14213
"8,422","3,600",107,579,689,845,573,807,"4,822",769,"1,841","1,516",546,58,92,14214
"17,139","8,178",248,927,"1,496","1,221","1,870","2,416","8,961","1,111","3,164","3,467",819,225,175,14215
"11,859","5,496",218,627,"1,414","1,358",848,"1,031","6,363","1,098","2,209","2,190",704,134,28,14216
"10,855","7,283",184,"1,265","1,832","1,397","1,163","1,442","3,572",527,"1,055","1,291",506,76,117,14217
"8,755","4,832",124,320,"1,181","1,084",868,"1,255","3,923",451,"1,519","1,127",480,154,192,14218
"5,298","3,954",168,436,916,784,596,"1,054","1,344",137,373,629,116,55,34,14219
"10,297","7,382",265,820,"1,406","1,807","1,179","1,905","2,915",479,842,955,432,52,155,14220
"24,193","17,956",622,"2,461","4,630","4,441","2,752","3,050","6,237","1,326","2,437","1,907",469,23,75,14221
"6,817","2,598",130,414,626,551,537,340,"4,219",829,"2,034","1,080",201,40,35,14222
"10,247","8,303",414,"1,203","2,116","1,336","1,183","2,051","1,944",235,723,630,159,77,120,14223
"18,448","14,017",512,"1,592","3,476","2,901","1,645","3,891","4,431",674,"1,655","1,422",436,150,94,14224
"15,739","11,544",562,"1,511","2,907","2,620","1,614","2,330","4,195",408,"1,227","1,490",674,239,157,14225
"12,614","9,134",467,"1,238","2,283","2,065","1,576","1,505","3,480",626,"1,584",924,159,78,109,14226
"10,075","6,661",213,736,"1,238","1,557",956,"1,961","3,414",669,993,"1,421",296,30,5,14227
"10,119","5,470",224,698,"1,670","1,251",732,895,"4,649","1,277","1,756","1,299",195,26,96,14228
0,0,0,0,0,0,0,0,0,0,0,0,0,0,0,14260
0,0,0,0,0,0,0,0,0,0,0,0,0,0,0,14261
"5,924","2,554",66,153,476,688,458,713,"3,370",584,"1,166","1,022",298,223,77,14301
115,0,0,0,0,0,0,0,115,0,18,97,0,0,0,14302
"2,871","1,401",11,144,233,265,232,516,"1,470",80,489,802,83,6,10,14303
"12,915","9,477",502,"1,144","2,137","2,182","1,287","2,225","3,438",397,922,"1,395",610,60,54,14304
"7,253","4,420",202,564,"1,089",636,"1,006",923,"2,833",388,963,"1,092",268,82,40,14305
"5,052","3,691",110,377,709,797,687,"1,011","1,361",82,363,472,218,71,155,14411
14,14,0,0,14,0,0,0,0,0,0,0,0,0,0,14413
"2,859","2,078",82,233,463,656,217,427,781,88,332,213,116,24,8,14414
42,28,0,0,5,8,3,12,14,0,7,0,3,4,0,14415
"1,505","1,316",56,95,372,186,262,345,189,22,54,90,23,0,0,14416
450,409,5,14,127,77,35,151,41,0,13,7,21,0,0,14418
"7,657","4,807",245,452,"1,242","1,124",817,927,"2,850",697,"1,124",716,125,154,34,14420
638,571,4,37,124,109,128,169,67,4,6,45,0,12,0,14422
"2,046","1,605",71,125,376,466,234,333,441,57,157,189,25,0,13,14423
"12,896","8,334",404,"1,103","2,155","1,988","1,492","1,192","4,562",795,"2,107","1,248",253,92,67,14424
"5,186","3,741",230,573,"1,083",987,360,508,"1,445",266,408,592,159,12,8,14425
872,661,23,33,129,116,135,225,211,20,43,85,16,35,12,14427
"3,306","2,806",162,272,792,546,548,486,500,53,99,217,113,0,18,14428
"2,126","1,700",125,238,440,413,252,232,426,57,169,128,33,11,28,14432
"1,640","1,315",65,251,326,221,135,317,325,14,87,127,48,49,0,14433
"1,093",971,25,100,238,293,136,179,122,13,38,18,10,2,41,14435
"3,983","3,261",81,302,834,622,654,768,722,52,290,212,132,16,20,14437
108,88,0,3,25,19,19,22,20,0,16,2,0,1,1,14441
"3,486","2,152",67,257,618,380,304,526,"1,334",264,530,397,110,33,0,14445
"18,398","14,255",619,"1,314","4,452","3,257","2,288","2,325","4,143",628,"1,976","1,076",330,83,50,14450
0,0,0,0,0,0,0,0,0,0,0,0,0,0,0,14453
"3,432","1,874",58,161,413,378,447,417,"1,558",327,813,330,39,25,24,14454
"8,183","5,233",238,632,"1,521",927,914,"1,001","2,950",536,955,"1,070",316,29,44,14456
264,230,18,32,60,26,57,37,34,20,6,8,0,0,0,14462
122,122,9,24,12,37,31,9,0,0,0,0,0,0,0,14463
"2,650","2,310",78,321,712,493,249,457,340,74,36,101,101,19,9,14464
643,617,13,68,68,159,201,108,26,0,4,13,4,5,0,14466
"4,490","3,114",175,286,698,857,457,641,"1,376",235,447,559,123,12,0,14467
"6,981","6,167",280,743,"1,672","1,495",816,"1,161",814,172,304,266,65,7,0,14468
"2,623","2,178",111,255,444,498,377,493,445,53,106,129,41,56,60,14469
"3,333","2,756",88,316,744,626,603,379,577,29,218,198,102,10,20,14470
"1,339","1,068",67,149,408,191,112,141,271,86,123,56,6,0,0,14471
"3,466","2,700",101,385,791,617,484,322,766,92,252,345,61,9,7,14472
105,105,0,16,33,34,14,8,0,0,0,0,0,0,0,14475
946,819,36,94,254,159,113,163,127,16,19,56,8,28,0,14476
666,589,35,22,156,112,147,117,77,7,42,14,0,7,7,14477
340,285,0,20,94,69,39,63,55,0,14,32,0,0,9,14478
31,31,0,0,0,14,17,0,0,0,0,0,0,0,0,14479
266,232,0,106,7,77,19,23,34,0,0,16,9,9,0,14480
802,696,52,49,133,187,90,185,106,9,25,44,23,0,5,14481
"3,705","2,804",220,203,536,579,450,816,901,276,161,231,220,0,13,14482
"1,601","1,311",36,106,341,253,234,341,290,33,99,117,31,10,0,14485
133,73,0,0,15,22,9,27,60,0,43,0,17,0,0,14486
"2,260","1,927",143,76,477,519,326,386,333,68,180,63,18,4,0,14487
"2,672","1,962",99,230,533,354,166,580,710,151,278,202,57,14,8,14489
"4,607","3,844",69,331,943,"1,082",535,884,763,208,113,330,90,9,13,14502
710,570,53,59,189,120,68,81,140,24,44,57,10,5,0,14504
"2,095","1,754",122,191,477,511,206,247,341,10,75,124,95,27,10,14505
434,390,55,0,14,147,93,81,44,0,11,18,15,0,0,14506
472,440,17,22,121,81,100,99,32,7,5,11,2,4,3,14507
"1,940","1,523",71,210,440,210,228,364,417,61,243,75,31,0,7,14510
168,150,0,0,14,35,16,85,18,0,0,18,0,0,0,14511
"2,016","1,738",57,286,402,373,347,273,278,49,129,73,13,9,5,14512
"5,876","4,074",220,602,909,"1,048",404,891,"1,802",207,621,451,373,60,90,14513
"2,589","1,633",88,100,485,610,167,183,956,175,428,338,0,0,15,14514
93,93,0,0,0,0,58,35,0,0,0,0,0,0,0,14515
829,726,3,73,142,115,177,216,103,19,20,0,35,6,23,14516
"1,147",854,6,165,199,297,54,133,293,46,129,101,12,0,5,14517
"5,082","4,283",226,740,786,"1,019",724,788,799,112,288,268,104,21,6,14519
"1,186",943,35,171,230,207,129,171,243,6,129,90,12,6,0,14521
"4,023","3,049",57,348,599,676,541,828,974,142,437,281,48,66,0,14522
"1,028",914,44,52,147,272,210,189,114,11,21,53,21,5,3,14525
"7,857","6,513",221,819,"1,741","1,481","1,188","1,063","1,344",410,400,427,64,13,30,14526
"4,836","3,498",109,403,869,773,658,686,"1,338",223,364,538,109,45,59,14527
35,26,0,0,0,0,10,16,9,0,0,9,0,0,0,14529
"2,415","1,660",49,215,357,321,165,553,755,170,191,232,36,44,82,14530
"1,680","1,425",88,114,457,311,154,301,255,68,113,48,12,0,14,14532
707,473,25,46,136,87,58,121,234,10,18,102,18,53,33,14533
"12,699","11,447",558,"1,423","2,988","2,777","1,783","1,918","1,252",246,492,331,131,18,34,14534
307,192,6,13,34,72,25,42,115,39,37,33,4,0,2,14536
126,114,0,71,0,10,0,33,12,0,0,12,0,0,0,14537
47,41,0,0,0,29,0,12,6,0,0,0,6,0,0,14539
845,573,15,101,123,176,61,97,272,79,72,91,12,16,2,14541
20,20,0,0,0,0,0,20,0,0,0,0,0,0,0,14542
"1,368","1,321",38,150,233,343,242,315,47,0,26,0,21,0,0,14543
925,623,27,46,122,139,165,124,302,76,125,66,27,8,0,14544
54,54,0,14,10,15,3,12,0,0,0,0,0,0,0,14545
"1,989","1,242",46,126,360,317,123,270,747,53,234,307,132,8,13,14546
"1,572","1,218",88,133,373,252,200,172,354,25,182,92,40,0,15,14548
148,148,0,5,19,5,0,119,0,0,0,0,0,0,0,14549
571,450,10,73,76,116,39,136,121,13,50,41,8,8,1,14550
"2,344","1,835",77,300,268,383,349,458,509,61,231,123,72,18,4,14551
604,527,17,53,248,64,31,114,77,5,49,6,4,10,3,14555
0,0,0,0,0,0,0,0,0,0,0,0,0,0,0,14556
49,49,0,0,0,5,12,32,0,0,0,0,0,0,0,14557
"7,136","5,574",282,633,"1,270",904,"1,264","1,221","1,562",174,584,616,103,73,12,14559
"1,069",881,39,80,223,209,105,225,188,21,120,36,0,7,4,14560
943,868,22,22,169,252,124,279,75,14,43,18,0,0,0,14561
"6,762","5,356",301,832,"1,532","1,318",791,582,"1,406",225,612,438,121,10,0,14564
"2,593","2,471",38,208,798,663,326,438,122,0,74,36,12,0,0,14568
"2,953","1,945",102,266,192,432,435,518,"1,008",59,522,322,82,23,0,14569
408,408,0,66,139,70,61,72,0,0,0,0,0,0,0,14571
"1,795","1,505",50,151,326,393,276,309,290,31,60,156,22,21,0,14572
"23,728","17,016",684,"2,127","4,349","4,742","2,769","2,345","6,712",966,"2,890","2,063",544,177,72,14580
107,79,4,12,19,39,5,0,28,0,0,6,7,15,0,14585
"4,795","3,646",176,471,"1,236","1,058",429,276,"1,149",227,537,298,87,0,0,14586
0,0,0,0,0,0,0,0,0,0,0,0,0,0,0,14588
"3,093","2,531",108,444,634,452,304,589,562,82,244,204,16,16,0,14589
"2,330","1,859",128,250,430,330,361,360,471,85,92,214,49,16,15,14590
634,564,34,55,129,80,90,176,70,6,35,18,10,1,0,14591
57,57,0,0,5,20,8,24,0,0,0,0,0,0,0,14592
"1,952",64,0,0,39,7,0,18,"1,888",587,853,364,40,44,0,14604
"4,454","1,121",122,192,83,192,256,276,"3,333",393,"1,329","1,034",221,87,269,14605
"10,907","6,799",172,609,"1,653","1,616","1,287","1,462","4,108",482,"1,357","1,629",303,198,139,14606
"10,936","1,843",206,334,555,435,73,240,"9,093","2,259","4,027","2,215",406,133,53,14607
"5,964","1,343",88,265,289,260,216,225,"4,621",652,"1,720","1,381",611,145,112,14608
"17,784","11,053",756,"1,679","2,776","2,638","1,601","1,603","6,731",785,"2,295","2,778",618,169,86,14609
"7,233","3,935",106,615,"1,207","1,073",403,531,"3,298",810,"1,212",977,191,61,47,14610
"7,246","2,360",68,178,491,679,284,660,"4,886",530,"1,645","1,808",697,179,27,14611
"15,328","11,071",660,"1,672","2,502","2,369","1,428","2,440","4,257",440,"1,691","1,632",372,96,26,14612
"5,713","1,745",157,141,294,547,296,310,"3,968",379,"1,477","1,271",636,168,37,14613
140,4,0,0,4,0,0,0,136,26,13,80,17,0,0,14614
"7,880","4,224",322,640,"1,110",982,385,785,"3,656",392,"1,677","1,391",92,59,45,14615
"11,518","7,937",383,"1,307","1,847","1,761","1,037","1,602","3,581",385,942,"1,676",522,28,28,14616
"9,300","8,005",257,"1,136","2,110","1,668","1,041","1,793","1,295",111,348,440,286,62,48,14617
"8,614","6,589",394,732,"2,165","1,346",997,955,"2,025",465,723,629,136,56,16,14618
"5,376","3,276",75,479,541,843,397,941,"2,100",137,713,930,139,101,80,14619
"11,956","3,434",311,441,817,760,465,640,"8,522","1,765","3,375","2,692",517,99,74,14620
"13,090","4,415",312,651,922,"1,013",757,760,"8,675","1,313","3,278","2,661",866,406,151,14621
"5,848","4,738",191,628,"1,092","1,155",753,919,"1,110",142,482,311,114,47,14,14622
"8,877","4,522",91,362,"1,018","1,156",754,"1,141","4,355","1,522","1,715",957,61,72,28,14623
"15,421","12,348",522,"1,373","3,111","2,745","2,205","2,392","3,073",548,"1,057","1,256",101,56,55,14624
"4,834","4,084",33,558,"1,274",874,720,625,750,176,296,204,47,27,0,14625
"12,945","8,834",370,"1,273","2,203","2,260","1,289","1,439","4,111",529,"1,601","1,596",258,63,64,14626
0,0,0,0,0,0,0,0,0,0,0,0,0,0,0,14627
0,0,0,0,0,0,0,0,0,0,0,0,0,0,0,14642
"17,004","9,844",478,"1,149","2,537","2,070","1,518","2,092","7,160",950,"2,733","2,376",740,186,175,14701
"2,576","2,067",67,264,529,453,296,458,509,87,258,110,44,0,10,14706
58,43,0,0,8,7,13,15,15,0,11,0,0,0,4,14707
48,48,0,2,13,2,1,30,0,0,0,0,0,0,0,14708
525,448,27,51,98,98,63,111,77,24,15,27,3,6,2,14709
"1,287","1,136",41,105,249,234,233,274,151,15,40,49,29,4,14,14710
628,527,43,44,133,164,52,91,101,29,12,30,24,2,4,14711
"1,477","1,337",15,124,193,399,291,315,140,5,76,42,7,0,10,14712
195,180,0,24,46,21,21,68,15,0,2,13,0,0,0,14714
985,737,25,123,134,157,108,190,248,48,89,62,27,16,6,14715
714,476,16,35,140,73,95,117,238,27,104,95,4,8,0,14716
327,309,3,43,79,88,21,75,18,0,15,3,0,0,0,14717
726,649,51,56,162,159,115,106,77,13,40,2,15,2,5,14718
"1,399","1,082",22,103,269,266,189,233,317,48,167,72,23,2,5,14719
346,173,5,6,22,57,17,66,173,7,59,19,85,0,3,14720
87,66,0,10,7,31,8,10,21,16,0,4,1,0,0,14721
133,102,0,35,0,67,0,0,31,0,0,31,0,0,0,14722
430,400,11,27,102,98,80,82,30,3,8,15,0,0,4,14723
953,855,45,145,187,237,98,143,98,4,54,25,6,4,5,14724
605,513,10,58,144,151,73,77,92,13,27,34,18,0,0,14726
"2,083","1,634",77,183,390,430,216,338,449,82,173,135,26,30,3,14727
364,298,8,27,52,100,59,52,66,0,14,36,0,9,7,14728
380,315,0,15,121,80,29,70,65,7,27,16,11,0,4,14729
576,435,15,61,128,45,71,115,141,38,57,27,18,0,1,14731
13,8,0,0,4,0,0,4,5,0,0,5,0,0,0,14732
"1,413","1,022",61,134,260,212,129,226,391,32,208,95,32,14,10,14733
916,776,18,68,150,178,154,208,140,18,44,29,33,6,10,14735
84,74,3,7,12,26,9,17,10,0,10,0,0,0,0,14736
"1,697","1,486",65,157,520,240,263,241,211,41,44,61,38,7,20,14737
"1,390","1,191",37,101,316,194,237,306,199,0,52,119,7,0,21,14738
"1,030",858,26,107,150,257,129,189,172,31,84,25,32,0,0,14739
470,363,21,55,85,62,37,103,107,10,41,38,14,0,4,14740
813,765,53,100,207,207,84,114,48,0,13,21,9,0,5,14741
59,31,0,0,14,8,0,9,28,16,0,12,0,0,0,14742
839,626,22,58,166,124,117,139,213,10,126,30,22,2,23,14743
442,287,16,44,38,86,50,53,155,39,76,32,0,8,0,14744
861,656,7,47,126,130,174,172,205,50,45,58,43,3,6,14747
232,186,0,0,37,69,18,62,46,11,8,24,3,0,0,14748
"1,954","1,269",59,143,322,290,157,298,685,188,285,119,70,23,0,14750
77,77,6,8,9,9,0,45,0,0,0,0,0,0,0,14752
436,319,9,24,68,50,70,98,117,32,10,72,3,0,0,14753
294,246,6,24,43,52,55,66,48,5,12,28,0,3,0,14754
"1,154",876,23,79,213,192,130,239,278,50,107,35,38,14,34,14755
0,0,0,0,0,0,0,0,0,0,0,0,0,0,0,14756
"1,338","1,053",50,54,287,194,222,246,285,13,137,75,39,9,12,14757
"7,987","4,876",230,374,"1,088","1,186",660,"1,338","3,111",335,"1,096","1,165",412,50,53,14760
792,676,23,83,216,162,70,122,116,44,13,33,20,0,6,14767
322,276,9,52,26,52,38,99,46,0,32,6,8,0,0,14769
"1,242","1,044",141,56,199,339,137,172,198,38,48,50,36,0,26,14770
"1,671","1,459",61,99,375,413,181,330,212,9,68,45,52,26,12,14772
70,50,2,3,8,5,24,8,20,0,4,15,0,1,0,14774
898,698,13,80,175,146,139,145,200,35,50,80,18,11,6,14775
169,153,5,16,32,63,14,23,16,0,6,4,6,0,0,14777
0,0,0,0,0,0,0,0,0,0,0,0,0,0,0,14778
"2,851","1,664",51,130,341,407,272,463,"1,187",101,457,437,133,35,24,14779
753,617,24,96,116,129,103,149,136,15,13,49,45,0,14,14781
901,730,13,53,166,168,166,164,171,11,68,77,1,8,6,14782
49,40,0,4,14,13,0,9,9,0,9,0,0,0,0,14783
352,275,9,18,79,61,23,85,77,0,19,20,15,16,7,14784
0,0,0,0,0,0,0,0,0,0,0,0,0,0,0,14785
"2,338","1,690",56,279,372,366,135,482,648,19,178,422,14,9,6,14787
26,10,0,0,0,0,10,0,16,0,0,0,0,16,0,14788
"1,922","1,558",76,222,439,237,219,365,364,33,69,183,40,16,23,14801
583,309,21,73,42,80,46,47,274,90,154,22,5,0,3,14802
574,461,32,29,147,73,59,121,113,34,65,8,0,6,0,14803
542,487,5,46,104,141,76,115,55,8,18,6,7,8,8,14804
339,313,28,10,68,71,39,97,26,0,8,13,4,0,1,14805
769,634,35,43,138,130,105,183,135,15,52,32,19,3,14,14806
"1,168","1,046",29,131,317,239,149,181,122,10,62,26,6,13,5,14807
240,219,7,23,58,52,28,51,21,11,10,0,0,0,0,14808
993,742,28,73,188,139,170,144,251,49,87,83,8,15,9,14809
"5,351","3,707",205,504,842,846,572,738,"1,644",274,560,597,114,76,23,14810
"1,221","1,087",41,97,236,260,209,244,134,4,55,32,33,3,7,14812
953,783,19,57,158,241,124,184,170,12,53,57,41,0,7,14813
737,602,47,53,206,119,56,121,135,0,77,58,0,0,0,14814
321,268,0,23,81,79,23,62,53,0,33,10,7,0,3,14815
225,210,4,8,52,52,52,42,15,0,0,0,0,0,15,14816
"1,301",776,9,145,277,141,86,118,525,63,218,187,54,0,3,14817
815,714,104,53,199,162,109,87,101,28,45,1,20,7,0,14818
234,179,0,26,42,18,41,52,55,0,11,32,0,0,12,14819
215,177,0,8,73,33,35,28,38,12,8,7,11,0,0,14820
"1,143",978,35,71,254,272,133,213,165,11,50,88,2,5,9,14821
360,311,14,29,43,42,73,110,49,22,6,12,4,3,2,14822
"1,439","1,154",42,106,207,271,174,354,285,37,59,94,50,24,21,14823
309,262,25,44,42,40,46,65,47,3,19,6,19,0,0,14824
332,241,10,42,7,88,19,75,91,7,16,43,0,0,25,14825
847,753,28,106,191,126,157,145,94,7,26,35,20,2,4,14826
0,0,0,0,0,0,0,0,0,0,0,0,0,0,0,14827
"8,493","5,622",301,653,"1,404","1,283",875,"1,106","2,871",513,"1,193",705,301,79,80,14830
483,460,7,79,99,91,99,85,23,0,6,14,0,0,3,14836
"2,030","1,659",109,162,443,338,309,298,371,64,99,123,67,7,11,14837
834,769,34,76,180,145,154,180,65,0,11,20,15,2,17,14838
250,212,6,11,36,68,21,70,38,12,16,3,2,3,2,14839
"1,203","1,050",51,116,362,230,158,133,153,35,53,61,3,0,1,14840
352,246,29,4,125,22,22,44,106,24,28,31,0,12,11,14841
306,210,0,15,101,63,0,31,96,15,52,29,0,0,0,14842
"5,540","3,361",158,302,756,688,616,841,"2,179",343,830,634,256,107,9,14843
"8,890","6,551",234,694,"1,370","1,546",904,"1,803","2,339",305,"1,023",721,224,45,21,14845
355,322,18,83,21,100,40,60,33,11,17,3,2,0,0,14846
929,767,38,80,175,177,134,163,162,20,70,40,19,0,13,14847
"28,527","12,600",675,"1,809","2,966","3,085","2,062","2,003","15,927","4,207","7,210","3,062",897,320,231,14850
0,0,0,0,0,0,0,0,0,0,0,0,0,0,0,14853
58,58,0,0,29,25,0,4,0,0,0,0,0,0,0,14854
300,247,7,24,71,37,27,81,53,5,23,12,10,0,3,14855
0,0,0,0,0,0,0,0,0,0,0,0,0,0,0,14856
525,464,51,50,101,81,80,101,61,7,0,22,17,13,2,14858
414,376,11,38,117,102,41,67,38,4,19,9,6,0,0,14859
480,307,15,42,56,77,54,63,173,0,33,119,6,8,7,14860
556,451,3,32,128,75,70,143,105,25,45,30,2,0,3,14861
522,478,0,24,134,156,52,112,44,10,2,19,7,0,6,14864
"1,020",767,66,101,196,135,175,94,253,7,42,191,13,0,0,14865
"2,304","1,777",13,52,522,369,377,444,527,33,241,146,88,19,0,14867
446,335,8,55,79,58,69,66,111,15,23,58,13,2,0,14869
"4,157","3,112",226,281,787,821,483,514,"1,045",245,312,314,92,26,56,14870
"1,829","1,576",16,111,441,423,186,399,253,19,48,151,8,4,23,14871
254,167,0,9,56,27,24,51,87,0,23,59,5,0,0,14872
777,678,17,107,118,203,87,146,99,13,42,19,10,15,0,14873
56,45,5,0,18,5,3,14,11,2,9,0,0,0,0,14874
219,172,0,23,39,40,25,45,47,0,26,7,0,10,4,14877
248,238,29,24,58,35,64,28,10,6,0,0,0,4,0,14878
861,721,27,83,143,208,92,168,140,12,46,32,22,12,16,14879
700,620,4,52,182,127,87,168,80,0,20,36,19,5,0,14880
86,28,0,0,5,7,0,16,58,0,14,26,18,0,0,14881
"1,576","1,196",4,168,309,237,209,269,380,94,127,142,17,0,0,14882
"1,849","1,332",32,216,259,248,245,332,517,120,251,126,11,5,4,14883
160,148,14,26,36,21,19,32,12,5,0,2,3,0,2,14884
264,216,6,25,44,59,34,48,48,0,12,14,0,11,11,14885
"2,945","2,364",64,175,827,568,280,450,581,78,165,224,96,18,0,14886
535,449,18,29,85,121,87,109,86,23,28,29,4,0,2,14889
"2,057","1,296",60,145,304,343,137,307,761,99,243,299,72,17,31,14891
"3,346","2,344",54,232,682,538,406,432,"1,002",252,363,220,87,72,8,14892
6,6,0,0,6,0,0,0,0,0,0,0,0,0,0,14893
480,392,36,60,73,84,77,62,88,14,12,48,2,12,0,14894
"3,819","2,891",92,318,617,745,433,686,928,198,319,284,116,7,4,14895
300,249,9,38,40,99,36,27,51,3,5,20,2,15,6,14897
521,396,11,35,78,97,102,73,125,28,45,25,3,4,20,14898
"5,550","2,950",125,321,530,976,353,645,"2,600",431,982,720,304,131,32,14901
"3,071","2,053",77,221,714,188,330,523,"1,018",249,265,240,168,69,27,14903
"6,419","4,111",257,468,867,896,526,"1,097","2,308",418,839,779,213,21,38,14904
"3,859","2,617",200,340,785,598,283,411,"1,242",182,559,373,88,12,28,14905
